termino,impact_score,periodo,interes,score_lag_1,score_lag_2,score_lag_3,score_mean_last_3m,social_diff,social_growth,trends_lag_0,trends_lag_1,trends_lag_2,trends_mean_last_3m,mes_num,sin_mes,cos_mes,cat_accesorio,cat_calzado,cat_color,cat_estilo,cat_material,cat_patron,cat_prenda,TARGET_NEXT_3M_AVG,TARGET_NEXT_6M_AVG,mes
animal print,3.518513939877888,2020-05,1.0,2.146128035678238,0.3,2.146128035678238,1.5307520237854921,1.8461280356782381,6.153760118927461,1.0,1.0,1.0,1.0,5,0.49999999999999994,-0.8660254037844387,0,0,0,0,0,1,0,1.7666666666666666,1.5333333333333332,2020-05
animal print,1.845098040014257,2020-07,1.5,3.518513939877888,2.146128035678238,0.3,1.988213991852042,1.3723859041996498,0.6394706566357939,1.5,1.0,1.0,1.1666666666666667,7,-0.4999999999999997,-0.8660254037844388,0,0,0,0,0,1,0,1.7666666666666666,1.4916666666666665,2020-07
animal print,4.136589637610663,2020-09,2.0,1.845098040014257,3.518513939877888,2.146128035678238,2.5032466718567945,-1.673415899863631,-0.47560303254666314,2.0,1.5,1.0,1.5,9,-1.0,-1.8369701987210297e-16,0,0,0,0,0,1,0,1.5666666666666664,1.4249999999999998,2020-09
animal print,3.9461280356782384,2020-11,1.8,4.136589637610663,1.845098040014257,3.518513939877888,3.1667338725009357,2.291491597596406,1.2419348716985792,1.8,2.0,1.5,1.7666666666666666,11,-0.5000000000000004,0.8660254037844384,0,0,0,0,0,1,0,1.3,1.3333333333333333,2020-11
animal print,2.0387640052032223,2020-12,1.5,3.9461280356782384,4.136589637610663,1.845098040014257,3.309271904434386,-0.19046160193242434,-0.04604314631567785,1.5,1.8,2.0,1.7666666666666666,12,-2.4492935982947064e-16,1.0,0,0,0,0,0,1,0,1.2166666666666666,1.3333333333333333,2020-12
animal print,0.3,2021-01,1.4,2.0387640052032223,3.9461280356782384,4.136589637610663,3.373827226164041,-1.9073640304750161,-0.4833507714980133,1.4,1.5,1.8,1.5666666666666667,1,0.49999999999999994,0.8660254037844387,0,0,0,0,0,1,0,1.2833333333333334,1.4000000000000001,2021-01
animal print,2.3010299956639813,2021-02,1.0,0.3,2.0387640052032223,3.9461280356782384,2.0949640136271537,-1.7387640052032223,-0.8528520224830552,1.0,1.4,1.5,1.3,2,0.8660254037844386,0.5000000000000001,0,0,0,0,0,1,0,1.3666666666666665,1.5249999999999997,2021-02
animal print,3.3802112417116064,2021-04,1.25,2.3010299956639813,0.3,2.0387640052032223,1.5465980002890678,2.0010299956639814,6.670099985546605,1.25,1.0,1.4,1.2166666666666668,4,0.8660254037844387,-0.4999999999999998,0,0,0,0,0,1,0,1.45,1.6499999999999997,2021-04
animal print,4.87978359661681,2021-05,1.6,3.3802112417116064,2.3010299956639813,0.3,1.9937470791251959,1.079181246047625,0.46899920821597907,1.6,1.25,1.0,1.2833333333333332,5,0.49999999999999994,-0.8660254037844387,0,0,0,0,0,1,0,1.5166666666666666,1.7166666666666668,2021-05
animal print,0.3,2021-06,1.25,4.87978359661681,3.3802112417116064,2.3010299956639813,3.5203416113307995,1.4995723549052036,0.4436327340731163,1.25,1.6,1.25,1.3666666666666665,6,1.2246467991473532e-16,-1.0,0,0,0,0,0,1,0,1.6833333333333333,1.8,2021-06
animal print,3.0149733479708183,2021-07,1.5,0.3,4.87978359661681,3.3802112417116064,2.8533316127761386,-4.57978359661681,-0.9385218639187213,1.5,1.25,1.6,1.45,7,-0.4999999999999997,-0.8660254037844388,0,0,0,0,0,1,0,1.8499999999999999,1.8500000000000003,2021-07
animal print,4.079181246047625,2021-08,1.8,3.0149733479708183,0.3,4.87978359661681,2.731585648195876,2.7149733479708185,9.049911159902727,1.8,1.5,1.25,1.5166666666666668,8,-0.8660254037844385,-0.5000000000000004,0,0,0,0,0,1,0,1.9166666666666667,1.8,2021-08
animal print,10.853240522668289,2021-09,1.75,4.079181246047625,3.0149733479708183,0.3,2.4647181980061474,1.0642078980768068,0.3529742306986081,1.75,1.8,1.5,1.6833333333333336,9,-1.0,-1.8369701987210297e-16,0,0,0,0,0,1,0,1.9166666666666667,1.741666666666667,2021-09
animal print,6.877413634141848,2021-10,2.0,10.853240522668289,4.079181246047625,3.0149733479708183,5.982465038895577,6.7740592766206635,1.6606418955235545,2.0,1.75,1.8,1.8500000000000003,10,-0.8660254037844386,0.5000000000000001,0,0,0,0,0,1,0,1.8499999999999999,1.575,2021-10
animal print,5.202059991327962,2021-11,2.0,6.877413634141848,10.853240522668289,4.079181246047625,7.26994513428592,-3.9758268885264405,-0.36632624884912957,2.0,2.0,1.75,1.9166666666666667,11,-0.5000000000000004,0.8660254037844384,0,0,0,0,0,1,0,1.6833333333333333,1.4083333333333332,2021-11
animal print,4.301029995663981,2021-12,1.75,5.202059991327962,6.877413634141848,10.853240522668289,7.644238049379367,-1.675353642813886,-0.2436022801503248,1.75,2.0,2.0,1.9166666666666667,12,-2.4492935982947064e-16,1.0,0,0,0,0,0,1,0,1.5666666666666664,1.2833333333333332,2021-12
animal print,0.3,2022-01,1.8,4.301029995663981,5.202059991327962,6.877413634141848,5.4601678737112636,-0.9010299956639809,-0.17320638308017078,1.8,1.75,2.0,1.8499999999999999,1,0.49999999999999994,0.8660254037844387,0,0,0,0,0,1,0,1.3,1.1500000000000001,2022-01
animal print,0.3,2022-02,1.5,0.3,4.301029995663981,5.202059991327962,3.2676966623306476,-4.001029995663981,-0.9302492658032051,1.5,1.8,1.75,1.6833333333333333,2,0.8660254037844386,0.5000000000000001,0,0,0,0,0,1,0,1.1333333333333333,1.0666666666666667,2022-02
animal print,0.3,2022-05,1.4,0.3,0.3,4.301029995663981,1.633676665221327,0.0,0.0,1.4,1.5,1.8,1.5666666666666667,5,0.49999999999999994,-0.8660254037844387,0,0,0,0,0,1,0,1.0,1.0,2022-05
animal print,2.078151250383644,2022-06,1.0,0.3,0.3,0.3,0.3,0.0,0.0,1.0,1.4,1.5,1.3,6,1.2246467991473532e-16,-1.0,0,0,0,0,0,1,0,1.0,1.0,2022-06
animal print,2.341392685158225,2022-07,1.0,2.078151250383644,0.3,0.3,0.8927170834612147,1.778151250383644,5.927170834612148,1.0,1.0,1.4,1.1333333333333335,7,-0.4999999999999997,-0.8660254037844388,0,0,0,0,0,1,0,1.0,1.0,2022-07
animal print,10.03663032852213,2022-09,1.0,2.341392685158225,2.078151250383644,0.3,1.57318131184729,0.26324143477458106,0.12667097003934846,1.0,1.0,1.0,1.0,9,-1.0,-1.8369701987210297e-16,0,0,0,0,0,1,0,1.0,1.0,2022-09
animal print,18.89214967279164,2022-10,1.0,10.03663032852213,2.341392685158225,2.078151250383644,4.818724754688,7.695237643363904,3.2866070233083864,1.0,1.0,1.0,1.0,10,-0.8660254037844386,0.5000000000000001,0,0,0,0,0,1,0,1.0,1.0,2022-10
animal print,5.408600171761917,2022-11,1.0,18.89214967279164,10.03663032852213,2.341392685158225,10.423390895490664,8.85551934426951,0.8823199674002007,1.0,1.0,1.0,1.0,11,-0.5000000000000004,0.8660254037844384,0,0,0,0,0,1,0,1.0,1.0,2022-11
animal print,4.7612359947967775,2022-12,1.0,5.408600171761917,18.89214967279164,10.03663032852213,11.445793391025228,-13.48354950102972,-0.7137117657102119,1.0,1.0,1.0,1.0,12,-2.4492935982947064e-16,1.0,0,0,0,0,0,1,0,1.0,1.0,2022-12
animal print,1.0,2023-02,1.0,4.7612359947967775,5.408600171761917,18.89214967279164,9.687328613116778,-0.6473641769651399,-0.11969163118120696,1.0,1.0,1.0,1.0,2,0.8660254037844386,0.5000000000000001,0,0,0,0,0,1,0,1.0,1.0,2023-02
animal print,1.845098040014257,2023-03,1.0,1.0,4.7612359947967775,5.408600171761917,3.723278722186232,-3.7612359947967775,-0.789970503227979,1.0,1.0,1.0,1.0,3,1.0,6.123233995736766e-17,0,0,0,0,0,1,0,1.0,1.0,2023-03
animal print,1.7781512503836436,2023-04,1.0,1.845098040014257,1.0,4.7612359947967775,2.535444678270345,0.8450980400142569,0.8450980400142569,1.0,1.0,1.0,1.0,4,0.8660254037844387,-0.4999999999999998,0,0,0,0,0,1,0,1.0,1.0,2023-04
animal print,3.924279286061882,2023-05,1.0,1.7781512503836436,1.845098040014257,1.0,1.5410830967993003,-0.06694678963061329,-0.03628359478941079,1.0,1.0,1.0,1.0,5,0.49999999999999994,-0.8660254037844387,0,0,0,0,0,1,0,1.0,1.0,2023-05
animal print,7.778151250383644,2023-08,1.0,3.924279286061882,1.7781512503836436,1.845098040014257,2.5158428588199278,2.146128035678238,1.2069434673879416,1.0,1.0,1.0,1.0,8,-0.8660254037844385,-0.5000000000000004,0,0,0,0,0,1,0,1.0,1.0,2023-08
animal print,5.470805425989315,2023-09,1.0,7.778151250383644,3.924279286061882,1.7781512503836436,4.49352726227639,3.853871964321762,0.9820585344192523,1.0,1.0,1.0,1.0,9,-1.0,-1.8369701987210297e-16,0,0,0,0,0,1,0,1.0,1.0,2023-09
animal print,13.490501934308062,2023-10,1.0,5.470805425989315,7.778151250383644,3.924279286061882,5.72441198747828,-2.3073458243943286,-0.29664450460262304,1.0,1.0,1.0,1.0,10,-0.8660254037844386,0.5000000000000001,0,0,0,0,0,1,0,1.0,1.0,2023-10
animal print,3.1224719895935547,2023-11,1.0,13.490501934308062,5.470805425989315,7.778151250383644,8.913152870227007,8.019696508318747,1.4659078296261105,1.0,1.0,1.0,1.0,11,-0.5000000000000004,0.8660254037844384,0,0,0,0,0,1,0,1.0,1.0,2023-11
animal print,3.3508700273979044,2023-12,1.0,3.1224719895935547,13.490501934308062,5.470805425989315,7.361259783296977,-10.368029944714507,-0.768542934518047,1.0,1.0,1.0,1.0,12,-2.4492935982947064e-16,1.0,0,0,0,0,0,1,0,1.0,1.0,2023-12
animal print,7.1931805832035645,2024-09,1.0,3.3508700273979044,3.1224719895935547,13.490501934308062,6.654614650433174,0.22839803780434975,0.07314654496999351,1.0,1.0,1.0,1.0,9,-1.0,-1.8369701987210297e-16,0,0,0,0,0,1,0,1.0,1.0,2024-09
animal print,22.42495668933048,2024-10,1.0,7.1931805832035645,3.3508700273979044,3.1224719895935547,4.555507533398341,3.84231055580566,1.146660576026394,1.0,1.0,1.0,1.0,10,-0.8660254037844386,0.5000000000000001,0,0,0,0,0,1,0,1.0,1.0,2024-10
animal print,4.22938377768521,2024-11,1.0,22.42495668933048,7.1931805832035645,3.3508700273979044,10.989669099977315,15.231776106126915,2.1175300591916004,1.0,1.0,1.0,1.0,11,-0.5000000000000004,0.8660254037844384,0,0,0,0,0,1,0,1.0,1.0,2024-11
animal print,10.173933398303523,2024-12,1.0,4.22938377768521,22.42495668933048,7.1931805832035645,11.28250701673975,-18.195572911645268,-0.811398352457131,1.0,1.0,1.0,1.0,12,-2.4492935982947064e-16,1.0,0,0,0,0,0,1,0,1.0,1.0,2024-12
animal print,3.0,2025-01,1.0,10.173933398303523,4.22938377768521,22.42495668933048,12.276091288439737,5.9445496206183135,1.4055356366529201,1.0,1.0,1.0,1.0,1,0.49999999999999994,0.8660254037844387,0,0,0,0,0,1,0,1.0,1.0,2025-01
animal print,10.9,2025-03,1.0,3.0,10.173933398303523,4.22938377768521,5.8011057253295775,-7.173933398303523,-0.7051287950734726,1.0,1.0,1.0,1.0,3,1.0,6.123233995736766e-17,0,0,0,0,0,1,0,1.0,1.125,2025-03
animal print,3.6989700043360183,2025-04,1.0,10.9,3.0,10.173933398303523,8.024644466101174,7.9,2.6333333333333333,1.0,1.0,1.0,1.0,4,0.8660254037844387,-0.4999999999999998,0,0,0,0,0,1,0,1.0,1.2916666666666667,2025-04
animal print,13.077147467613711,2025-05,1.0,3.6989700043360183,10.9,3.0,5.866323334778673,-7.201029995663982,-0.6606449537306405,1.0,1.0,1.0,1.0,5,0.49999999999999994,-0.8660254037844387,0,0,0,0,0,1,0,1.0,1.375,2025-05
animal print,6.556302500767288,2025-06,1.0,13.077147467613711,3.6989700043360183,10.9,9.22537249064991,9.378177463277693,2.535348340831198,1.0,1.0,1.0,1.0,6,1.2246467991473532e-16,-1.0,0,0,0,0,0,1,0,1.25,1.375,2025-06
animal print,4.903089986991944,2025-07,1.0,6.556302500767288,13.077147467613711,3.6989700043360183,7.777473324239007,-6.520844966846424,-0.4986442940247987,1.0,1.0,1.0,1.0,7,-0.4999999999999997,-0.8660254037844388,0,0,0,0,0,1,0,1.5833333333333333,1.6607142857142858,2025-07
animal print,4.204119982655925,2025-08,1.0,4.903089986991944,6.556302500767288,13.077147467613711,8.178846651790982,-1.653212513775344,-0.25215622884726074,1.0,1.0,1.0,1.0,8,-0.8660254037844385,-0.5000000000000004,0,0,0,0,0,1,0,1.75,1.6660906298003073,2025-08
animal print,4.431363764158987,2025-09,1.75,4.204119982655925,4.903089986991944,6.556302500767288,5.221170823471719,-0.6989700043360187,-0.14255704182268913,1.75,1.0,1.0,1.25,9,-1.0,-1.8369701987210297e-16,0,0,0,0,0,1,0,1.5,1.6493087557603687,2025-09
animal print,7.178879540474629,2025-11,2.0,4.431363764158987,4.204119982655925,4.903089986991944,4.512857911268952,0.2272437815030619,0.054052639420510085,2.0,1.75,1.0,1.5833333333333333,11,-0.5000000000000004,0.8660254037844384,0,0,0,0,0,1,0,1.7380952380952381,1.5616359447004609,2025-11
animal print,45.82412907386327,2025-12,1.5,7.178879540474629,4.431363764158987,4.204119982655925,5.271454429096514,2.747515776315642,0.6200158512234175,1.5,2.0,1.75,1.75,12,-2.4492935982947064e-16,1.0,0,0,0,0,0,1,0,1.5821812596006144,1.5821812596006144,2025-12
athleisure,31.56381968781357,2020-04,0.0,30.21355823194225,16.806179973983888,26.840175665715115,24.619971290547085,13.407378257958364,0.797764767407769,0.0,0.0,0.0,0.0,4,0.8660254037844387,-0.4999999999999998,0,0,0,1,0,0,0,0.0,0.0,2020-04
athleisure,39.34606985584739,2020-05,0.0,31.56381968781357,30.21355823194225,16.806179973983888,26.194519297913235,1.350261455871319,0.044690580483956355,0.0,0.0,0.0,0.0,5,0.49999999999999994,-0.8660254037844387,0,0,0,1,0,0,0,0.0,0.0,2020-05
athleisure,27.63380263272909,2020-06,0.0,39.34606985584739,31.56381968781357,30.21355823194225,33.70781592520107,7.782250168033819,0.24655603298350037,0.0,0.0,0.0,0.0,6,1.2246467991473532e-16,-1.0,0,0,0,1,0,0,0,0.0,0.0,2020-06
athleisure,36.012975546652136,2020-07,0.0,27.63380263272909,39.34606985584739,31.56381968781357,32.847897392130015,-11.7122672231183,-0.2976731161721782,0.0,0.0,0.0,0.0,7,-0.4999999999999997,-0.8660254037844388,0,0,0,1,0,0,0,0.0,0.0,2020-07
athleisure,74.78273764841286,2020-08,0.0,36.012975546652136,27.63380263272909,39.34606985584739,34.330949345076206,8.379172913923046,0.303221855684779,0.0,0.0,0.0,0.0,8,-0.8660254037844385,-0.5000000000000004,0,0,0,1,0,0,0,0.0,0.0,2020-08
athleisure,75.87377037088535,2020-09,0.0,74.78273764841286,36.012975546652136,27.63380263272909,46.14317194259803,38.769762101760726,1.0765498133176297,0.0,0.0,0.0,0.0,9,-1.0,-1.8369701987210297e-16,0,0,0,1,0,0,0,0.0,0.0,2020-09
athleisure,69.6540459133456,2020-10,0.0,75.87377037088535,74.78273764841286,36.012975546652136,62.223161188650124,1.091032722472491,0.014589365898878048,0.0,0.0,0.0,0.0,10,-0.8660254037844386,0.5000000000000001,0,0,0,1,0,0,0,0.0,0.0,2020-10
athleisure,111.59457619474304,2020-11,0.0,69.6540459133456,75.87377037088535,74.78273764841286,73.43685131088127,-6.219724457539755,-0.08197463269765781,0.0,0.0,0.0,0.0,11,-0.5000000000000004,0.8660254037844384,0,0,0,1,0,0,0,0.0,0.0,2020-11
athleisure,85.29389046330118,2020-12,0.0,111.59457619474304,69.6540459133456,75.87377037088535,85.707464159658,41.94053028139744,0.6021262617475851,0.0,0.0,0.0,0.0,12,-2.4492935982947064e-16,1.0,0,0,0,1,0,0,0,0.0,0.0,2020-12
athleisure,23.836471516384425,2021-01,0.0,85.29389046330118,111.59457619474304,69.6540459133456,88.84750419046327,-26.30068573144186,-0.23568068116092566,0.0,0.0,0.0,0.0,1,0.49999999999999994,0.8660254037844387,0,0,0,1,0,0,0,0.0,0.0,2021-01
athleisure,16.47624238496926,2021-02,0.0,23.836471516384425,85.29389046330118,111.59457619474304,73.57497939147622,-61.45741894691676,-0.7205371757940813,0.0,0.0,0.0,0.0,2,0.8660254037844386,0.5000000000000001,0,0,0,1,0,0,0,0.0,0.0,2021-02
athleisure,15.605797083235682,2021-03,0.0,16.47624238496926,23.836471516384425,85.29389046330118,41.86886812155162,-7.3602291314151636,-0.3087801450124855,0.0,0.0,0.0,0.0,3,1.0,6.123233995736766e-17,0,0,0,1,0,0,0,0.0,0.0,2021-03
athleisure,34.2522330016463,2021-04,0.0,15.605797083235682,16.47624238496926,23.836471516384425,18.63950366152979,-0.8704453017335787,-0.05283032874823801,0.0,0.0,0.0,0.0,4,0.8660254037844387,-0.4999999999999998,0,0,0,1,0,0,0,0.0,0.0,2021-04
athleisure,29.77159146711428,2021-05,0.0,34.2522330016463,15.605797083235682,16.47624238496926,22.11142415661708,18.64643591841062,1.194840341634411,0.0,0.0,0.0,0.0,5,0.49999999999999994,-0.8660254037844387,0,0,0,1,0,0,0,0.0,0.0,2021-05
athleisure,25.1986693680952,2021-06,0.0,29.77159146711428,34.2522330016463,15.605797083235682,26.543207183998756,-4.4806415345320225,-0.13081312200336437,0.0,0.0,0.0,0.0,6,1.2246467991473532e-16,-1.0,0,0,0,1,0,0,0,0.0,0.0,2021-06
athleisure,24.23310086956655,2021-07,0.0,25.1986693680952,29.77159146711428,34.2522330016463,29.74083127895193,-4.572922099019081,-0.15360018976715883,0.0,0.0,0.0,0.0,7,-0.4999999999999997,-0.8660254037844388,0,0,0,1,0,0,0,0.0,0.0,2021-07
athleisure,49.204468546496585,2021-08,0.0,24.23310086956655,25.1986693680952,29.77159146711428,26.401120568258676,-0.9655684985286506,-0.038318233571141946,0.0,0.0,0.0,0.0,8,-0.8660254037844385,-0.5000000000000004,0,0,0,1,0,0,0,0.0,0.0,2021-08
athleisure,148.02278155121675,2021-09,0.0,49.204468546496585,24.23310086956655,25.1986693680952,32.87874626138611,24.971367676930036,1.0304652223971322,0.0,0.0,0.0,0.0,9,-1.0,-1.8369701987210297e-16,0,0,0,1,0,0,0,0.0,0.0,2021-09
athleisure,152.4147868267518,2021-10,0.0,148.02278155121675,49.204468546496585,24.23310086956655,73.8201169890933,98.81831300472017,2.008319892965415,0.0,0.0,0.0,0.0,10,-0.8660254037844386,0.5000000000000001,0,0,0,1,0,0,0,0.0,0.0,2021-10
athleisure,114.04181500323972,2021-11,0.0,152.4147868267518,148.02278155121675,49.204468546496585,116.54734564148839,4.392005275535041,0.029671144059777,0.0,0.0,0.0,0.0,11,-0.5000000000000004,0.8660254037844384,0,0,0,1,0,0,0,0.0,0.0,2021-11
athleisure,72.4709855310945,2021-12,0.0,114.04181500323972,152.4147868267518,148.02278155121675,138.15979446040274,-38.372971823512074,-0.25176672567295066,0.0,0.0,0.0,0.0,12,-2.4492935982947064e-16,1.0,0,0,0,1,0,0,0,0.0,0.0,2021-12
athleisure,20.093058771594144,2022-01,0.0,72.4709855310945,114.04181500323972,152.4147868267518,112.97586245369534,-41.57082947214522,-0.3645226925839813,0.0,0.0,0.0,0.0,1,0.49999999999999994,0.8660254037844387,0,0,0,1,0,0,0,0.0,0.0,2022-01
athleisure,9.4,2022-02,0.0,20.093058771594144,72.4709855310945,114.04181500323972,68.86861976864279,-52.377926759500355,-0.7227434038002286,0.0,0.0,0.0,0.0,2,0.8660254037844386,0.5000000000000001,0,0,0,1,0,0,0,0.0,0.0,2022-02
athleisure,6.0,2022-03,0.0,9.4,20.093058771594144,72.4709855310945,33.98801476756288,-10.693058771594144,-0.5321767528352169,0.0,0.0,0.0,0.0,3,1.0,6.123233995736766e-17,0,0,0,1,0,0,0,0.0,0.0,2022-03
athleisure,7.199999999999999,2022-04,0.0,6.0,9.4,20.093058771594144,11.831019590531382,-3.4000000000000004,-0.36170212765957455,0.0,0.0,0.0,0.0,4,0.8660254037844387,-0.4999999999999998,0,0,0,1,0,0,0,0.0,0.0,2022-04
athleisure,7.0,2022-05,0.0,7.199999999999999,6.0,9.4,7.533333333333334,1.1999999999999993,0.19999999999999996,0.0,0.0,0.0,0.0,5,0.49999999999999994,-0.8660254037844387,0,0,0,1,0,0,0,0.0,0.0,2022-05
athleisure,17.459484416757288,2022-06,0.0,7.0,7.199999999999999,6.0,6.733333333333333,-0.1999999999999993,-0.02777777777777768,0.0,0.0,0.0,0.0,6,1.2246467991473532e-16,-1.0,0,0,0,1,0,0,0,0.0,0.0,2022-06
athleisure,24.872445659009323,2022-07,0.0,17.459484416757288,7.0,7.199999999999999,10.553161472252429,10.459484416757288,1.4942120595367556,0.0,0.0,0.0,0.0,7,-0.4999999999999997,-0.8660254037844388,0,0,0,1,0,0,0,0.0,0.0,2022-07
athleisure,12.586490725172482,2022-08,0.0,24.872445659009323,17.459484416757288,7.0,16.443976691922202,7.412961242252035,0.4245807645463582,0.0,0.0,0.0,0.0,8,-0.8660254037844385,-0.5000000000000004,0,0,0,1,0,0,0,0.0,0.0,2022-08
athleisure,109.14791319624732,2022-09,0.0,12.586490725172482,24.872445659009323,17.459484416757288,18.306140266979696,-12.285954933836841,-0.49395845918298786,0.0,0.0,0.0,0.0,9,-1.0,-1.8369701987210297e-16,0,0,0,1,0,0,0,0.0,0.0,2022-09
athleisure,118.3831221267218,2022-10,0.0,109.14791319624732,12.586490725172482,24.872445659009323,48.86894986014304,96.56142247107483,7.671830423547354,0.0,0.0,0.0,0.0,10,-0.8660254037844386,0.5000000000000001,0,0,0,1,0,0,0,0.0,0.0,2022-10
athleisure,105.10191461738629,2022-11,0.0,118.3831221267218,109.14791319624732,12.586490725172482,80.03917534938053,9.235208930474485,0.0846118689770059,0.0,0.0,0.0,0.0,11,-0.5000000000000004,0.8660254037844384,0,0,0,1,0,0,0,0.0,0.0,2022-11
athleisure,88.02933616359482,2022-12,0.0,105.10191461738629,118.3831221267218,109.14791319624732,110.87764998011846,-13.281207509335516,-0.11218835312620667,0.0,0.0,0.0,0.0,12,-2.4492935982947064e-16,1.0,0,0,0,1,0,0,0,0.0,0.0,2022-12
athleisure,14.030704313612569,2023-01,0.0,88.02933616359482,105.10191461738629,118.3831221267218,103.83812430256762,-17.072578453791465,-0.1624383201385302,0.0,0.0,0.0,0.0,1,0.49999999999999994,0.8660254037844387,0,0,0,1,0,0,0,0.0,0.0,2023-01
athleisure,8.1,2023-02,0.0,14.030704313612569,88.02933616359482,105.10191461738629,69.05398503153123,-73.99863184998225,-0.840613312276515,0.0,0.0,0.0,0.0,2,0.8660254037844386,0.5000000000000001,0,0,0,1,0,0,0,0.0,0.0,2023-02
athleisure,12.45836249209525,2023-03,0.0,8.1,14.030704313612569,88.02933616359482,36.720013492402465,-5.930704313612569,-0.4226946973616006,0.0,0.0,0.0,0.0,3,1.0,6.123233995736766e-17,0,0,0,1,0,0,0,0.0,0.0,2023-03
athleisure,14.854971441544471,2023-04,0.0,12.45836249209525,8.1,14.030704313612569,11.529688935235939,4.3583624920952495,0.5380694434685493,0.0,0.0,0.0,0.0,4,0.8660254037844387,-0.4999999999999998,0,0,0,1,0,0,0,0.0,0.0,2023-04
athleisure,22.423746417051422,2023-05,0.0,14.854971441544471,12.45836249209525,8.1,11.804444644546573,2.396608949449222,0.1923694988783522,0.0,0.0,0.0,0.0,5,0.49999999999999994,-0.8660254037844387,0,0,0,1,0,0,0,0.0,0.0,2023-05
athleisure,16.927369273053827,2023-06,0.0,22.423746417051422,14.854971441544471,12.45836249209525,16.579026783563716,7.568774975506951,0.5095112437806226,0.0,0.0,0.0,0.0,6,1.2246467991473532e-16,-1.0,0,0,0,1,0,0,0,0.0,0.0,2023-06
athleisure,16.00758160475063,2023-07,0.0,16.927369273053827,22.423746417051422,14.854971441544471,18.068695710549907,-5.496377143997595,-0.24511413221378786,0.0,0.0,0.0,0.0,7,-0.4999999999999997,-0.8660254037844388,0,0,0,1,0,0,0,0.0,0.0,2023-07
athleisure,26.59075625191822,2023-08,0.0,16.00758160475063,16.927369273053827,22.423746417051422,18.452899098285297,-0.9197876683031971,-0.05433730743780607,0.0,0.0,0.0,0.0,8,-0.8660254037844385,-0.5000000000000004,0,0,0,1,0,0,0,0.0,0.0,2023-08
athleisure,114.62826129293887,2023-09,0.0,26.59075625191822,16.00758160475063,16.927369273053827,19.841902376574225,10.583174647167588,0.6611351363673061,0.0,0.0,0.0,0.0,9,-1.0,-1.8369701987210297e-16,0,0,0,1,0,0,0,0.0,0.0,2023-09
athleisure,101.95160615244994,2023-10,0.0,114.62826129293887,26.59075625191822,16.00758160475063,52.40886638320257,88.03750504102065,3.310831185354864,0.0,0.0,0.0,0.0,10,-0.8660254037844386,0.5000000000000001,0,0,0,1,0,0,0,0.0,0.0,2023-10
athleisure,104.43754236222304,2023-11,0.0,101.95160615244994,114.62826129293887,26.59075625191822,81.05687456576901,-12.676655140488933,-0.11058926478953601,0.0,0.0,0.0,0.0,11,-0.5000000000000004,0.8660254037844384,0,0,0,1,0,0,0,0.0,0.0,2023-11
athleisure,89.84018871538458,2023-12,0.0,104.43754236222304,101.95160615244994,114.62826129293887,107.00580326920395,2.485936209773101,0.024383492360638526,0.0,0.0,0.0,0.0,12,-2.4492935982947064e-16,1.0,0,0,0,1,0,0,0,0.0,0.0,2023-12
athleisure,13.701029995663982,2024-01,0.0,89.84018871538458,104.43754236222304,101.95160615244994,98.7431124100192,-14.597353646838457,-0.13977113322152035,0.0,0.0,0.0,0.0,1,0.49999999999999994,0.8660254037844387,0,0,0,1,0,0,0,0.0,0.0,2024-01
athleisure,10.40848501887865,2024-02,0.0,13.701029995663982,89.84018871538458,104.43754236222304,69.32625369109054,-76.1391587197206,-0.8474955341081362,0.0,0.0,0.0,0.0,2,0.8660254037844386,0.5000000000000001,0,0,0,1,0,0,0,0.0,0.0,2024-02
athleisure,4.3,2024-03,0.0,10.40848501887865,13.701029995663982,89.84018871538458,37.98323457664241,-3.292544976785331,-0.24031368282730103,0.0,0.0,0.0,0.0,3,1.0,6.123233995736766e-17,0,0,0,1,0,0,0,0.0,0.0,2024-03
athleisure,30.08779175647704,2024-04,0.0,4.3,10.40848501887865,13.701029995663982,9.469838338180876,-6.108485018878651,-0.5868755162542131,0.0,0.0,0.0,0.0,4,0.8660254037844387,-0.4999999999999998,0,0,0,1,0,0,0,0.0,0.0,2024-04
athleisure,29.189071908347398,2024-05,0.0,30.08779175647704,4.3,10.40848501887865,14.932092258451895,25.787791756477038,5.997160873599311,0.0,0.0,0.0,0.0,5,0.49999999999999994,-0.8660254037844387,0,0,0,1,0,0,0,0.0,0.0,2024-05
athleisure,3.9,2024-06,0.0,29.189071908347398,30.08779175647704,4.3,21.19228788827481,-0.898719848129641,-0.029869917187796635,0.0,0.0,0.0,0.0,6,1.2246467991473532e-16,-1.0,0,0,0,1,0,0,0,0.0,0.0,2024-06
athleisure,8.402059991327963,2024-07,0.0,3.9,29.189071908347398,30.08779175647704,21.05895455494148,-25.2890719083474,-0.8663883520433313,0.0,0.0,0.0,0.0,7,-0.4999999999999997,-0.8660254037844388,0,0,0,1,0,0,0,0.0,0.0,2024-07
athleisure,22.8313351948826,2024-08,0.0,8.402059991327963,3.9,29.189071908347398,13.830377299891785,4.502059991327963,1.1543743567507598,0.0,0.0,0.0,0.0,8,-0.8660254037844385,-0.5000000000000004,0,0,0,1,0,0,0,0.0,0.0,2024-08
athleisure,164.87415883426823,2024-09,0.0,22.8313351948826,8.402059991327963,3.9,11.711131728736854,14.429275203554639,1.7173496997697657,0.0,0.0,0.0,0.0,9,-1.0,-1.8369701987210297e-16,0,0,0,1,0,0,0,0.0,0.0,2024-09
athleisure,162.02387604795047,2024-10,0.0,164.87415883426823,22.8313351948826,8.402059991327963,65.36918467349294,142.04282363938563,6.221398022802582,0.0,0.0,0.0,0.0,10,-0.8660254037844386,0.5000000000000001,0,0,0,1,0,0,0,0.0,0.0,2024-10
athleisure,131.62295703886426,2024-11,0.0,162.02387604795047,164.87415883426823,22.8313351948826,116.5764566923671,-2.850282786317763,-0.017287625947392193,0.0,0.0,0.0,0.0,11,-0.5000000000000004,0.8660254037844384,0,0,0,1,0,0,0,0.0,0.0,2024-11
athleisure,119.71759651529536,2024-12,0.0,131.62295703886426,162.02387604795047,164.87415883426823,152.840330640361,-30.40091900908621,-0.18763234006381346,0.0,0.0,0.0,0.0,12,-2.4492935982947064e-16,1.0,0,0,0,1,0,0,0,0.0,0.0,2024-12
athleisure,43.7,2025-01,0.0,119.71759651529536,131.62295703886426,162.02387604795047,137.78814320070336,-11.905360523568902,-0.09045048668868316,0.0,0.0,0.0,0.0,1,0.49999999999999994,0.8660254037844387,0,0,0,1,0,0,0,0.0,0.0,2025-01
athleisure,6.301029995663981,2025-02,0.0,43.7,119.71759651529536,131.62295703886426,98.34685118471987,-76.01759651529535,-0.6349742955755313,0.0,0.0,0.0,0.0,2,0.8660254037844386,0.5000000000000001,0,0,0,1,0,0,0,0.0,0.03333333333333333,2025-02
athleisure,23.885899849092223,2025-03,0.0,6.301029995663981,43.7,119.71759651529536,56.57287550365311,-37.39897000433602,-0.8558116705797716,0.0,0.0,0.0,0.0,3,1.0,6.123233995736766e-17,0,0,0,1,0,0,0,0.0,0.075,2025-03
athleisure,42.84784369478269,2025-04,0.0,23.885899849092223,6.301029995663981,43.7,24.628976614918738,17.58486985342824,2.7907929125125848,0.0,0.0,0.0,0.0,4,0.8660254037844387,-0.4999999999999998,0,0,0,1,0,0,0,0.0,0.075,2025-04
athleisure,30.68624590242596,2025-05,0.0,42.84784369478269,23.885899849092223,6.301029995663981,24.34492451317963,18.961943845690467,0.793855118102704,0.0,0.0,0.0,0.0,5,0.49999999999999994,-0.8660254037844387,0,0,0,1,0,0,0,0.06666666666666667,0.1416666666666667,2025-05
athleisure,76.81720129777233,2025-06,0.0,30.68624590242596,42.84784369478269,23.885899849092223,32.47332981543362,-12.16159779235673,-0.2838322011951694,0.0,0.0,0.0,0.0,6,1.2246467991473532e-16,-1.0,0,0,0,1,0,0,0,0.15,0.1416666666666667,2025-06
athleisure,29.467116594683983,2025-07,0.0,76.81720129777233,30.68624590242596,42.84784369478269,50.11709696499366,46.13095539534637,1.5033104910268413,0.0,0.0,0.0,0.0,7,-0.4999999999999997,-0.8660254037844388,0,0,0,1,0,0,0,0.15,0.1416666666666667,2025-07
athleisure,75.0366936967722,2025-08,0.2,29.467116594683983,76.81720129777233,30.68624590242596,45.65685459829408,-47.35008470308834,-0.6163995030167999,0.2,0.0,0.0,0.06666666666666667,8,-0.8660254037844385,-0.5000000000000004,0,0,0,1,0,0,0,0.21666666666666667,0.10833333333333334,2025-08
athleisure,230.7746377943185,2025-09,0.25,75.0366936967722,29.467116594683983,76.81720129777233,60.44033719640951,45.56957710208822,1.5464552480275318,0.25,0.2,0.0,0.15,9,-1.0,-1.8369701987210297e-16,0,0,0,1,0,0,0,0.13333333333333333,0.06666666666666667,2025-09
athleisure,120.74681422856708,2025-10,0.0,230.7746377943185,75.0366936967722,29.467116594683983,111.75948269525823,155.7379440975463,2.075490489051832,0.0,0.25,0.2,0.15,10,-0.8660254037844386,0.5000000000000001,0,0,0,1,0,0,0,0.13333333333333333,0.08,2025-10
athleisure,222.9999863418197,2025-11,0.4,120.74681422856708,230.7746377943185,75.0366936967722,142.18604857321927,-110.02782356575142,-0.47677606437764375,0.4,0.0,0.25,0.21666666666666667,11,-0.5000000000000004,0.8660254037844384,0,0,0,1,0,0,0,0.0,0.0,2025-11
athleisure,141.23794676891032,2025-12,0.0,222.9999863418197,120.74681422856708,230.7746377943185,191.50714612156844,102.25317211325262,0.8468395026943982,0.0,0.4,0.0,0.13333333333333333,12,-2.4492935982947064e-16,1.0,0,0,0,1,0,0,0,0.0,0.0,2025-12
avant-garde,3.201029995663981,2020-04,0.0,4.454242509439325,2.9,7.698310553789601,5.017517687742975,1.5542425094393253,0.5359456929101123,0.0,0.0,0.0,0.0,4,0.8660254037844387,-0.4999999999999998,0,0,0,1,0,0,0,0.0,0.0,2020-04
avant-garde,9.01664050733828,2020-05,0.0,3.201029995663981,4.454242509439325,2.9,3.5184241683677686,-1.253212513775344,-0.28135255570830864,0.0,0.0,0.0,0.0,5,0.49999999999999994,-0.8660254037844387,0,0,0,1,0,0,0,0.0,0.0,2020-05
avant-garde,5.362397997898956,2020-06,0.0,9.01664050733828,3.201029995663981,4.454242509439325,5.557304337480528,5.815610511674299,1.816793506949935,0.0,0.0,0.0,0.0,6,1.2246467991473532e-16,-1.0,0,0,0,1,0,0,0,0.0,0.0,2020-06
avant-garde,2.6989700043360187,2020-07,0.0,5.362397997898956,9.01664050733828,3.201029995663981,5.860022833633739,-3.6542425094393245,-0.4052776093784912,0.0,0.0,0.0,0.0,7,-0.4999999999999997,-0.8660254037844388,0,0,0,1,0,0,0,0.0,0.0,2020-07
avant-garde,16.904888979158713,2020-08,0.0,2.6989700043360187,5.362397997898956,9.01664050733828,5.692669503191084,-2.6634279935629372,-0.49668599656468926,0.0,0.0,0.0,0.0,8,-0.8660254037844385,-0.5000000000000004,0,0,0,1,0,0,0,0.0,0.0,2020-08
avant-garde,33.64872304186558,2020-09,0.0,16.904888979158713,2.6989700043360187,5.362397997898956,8.32208566046456,14.205918974822694,5.263459375984259,0.0,0.0,0.0,0.0,9,-1.0,-1.8369701987210297e-16,0,0,0,1,0,0,0,0.0,0.0,2020-09
avant-garde,46.8413592109488,2020-10,0.0,33.64872304186558,16.904888979158713,2.6989700043360187,17.750860675120105,16.743834062706867,0.9904728793752859,0.0,0.0,0.0,0.0,10,-0.8660254037844386,0.5000000000000001,0,0,0,1,0,0,0,0.0,0.0,2020-10
avant-garde,58.97381472528628,2020-11,0.0,46.8413592109488,33.64872304186558,16.904888979158713,32.4649904106577,13.192636169083222,0.3920694450326987,0.0,0.0,0.0,0.0,11,-0.5000000000000004,0.8660254037844384,0,0,0,1,0,0,0,0.0,0.06666666666666667,2020-11
avant-garde,30.14601884516508,2020-12,0.0,58.97381472528628,46.8413592109488,33.64872304186558,46.487965659366886,12.13245551433748,0.25901160253910005,0.0,0.0,0.0,0.0,12,-2.4492935982947064e-16,1.0,0,0,0,1,0,0,0,0.0,0.10833333333333334,2020-12
avant-garde,3.855272505103306,2021-01,0.0,30.14601884516508,58.97381472528628,46.8413592109488,45.32039759380006,-28.8277958801212,-0.4888236586764442,0.0,0.0,0.0,0.0,1,0.49999999999999994,0.8660254037844387,0,0,0,1,0,0,0,0.0,0.19166666666666665,2021-01
avant-garde,0.8999999999999999,2021-02,0.0,3.855272505103306,30.14601884516508,58.97381472528628,30.99170202518489,-26.290746340061773,-0.8721133783898756,0.0,0.0,0.0,0.0,2,0.8660254037844386,0.5000000000000001,0,0,0,1,0,0,0,0.13333333333333333,0.19166666666666665,2021-02
avant-garde,0.6,2021-03,0.0,0.8999999999999999,3.855272505103306,30.14601884516508,11.633763783422795,-2.955272505103306,-0.7665534670224606,0.0,0.0,0.0,0.0,3,1.0,6.123233995736766e-17,0,0,0,1,0,0,0,0.21666666666666667,0.19166666666666665,2021-03
avant-garde,4.810545010206612,2021-04,0.0,0.6,0.8999999999999999,3.855272505103306,1.7850908350344354,-0.29999999999999993,-0.33333333333333326,0.0,0.0,0.0,0.0,4,0.8660254037844387,-0.4999999999999998,0,0,0,1,0,0,0,0.3833333333333333,0.19166666666666665,2021-04
avant-garde,1.5,2021-05,0.4,4.810545010206612,0.6,0.8999999999999999,2.103515003402204,4.210545010206612,7.017575017011021,0.4,0.0,0.0,0.13333333333333333,5,0.49999999999999994,-0.8660254037844387,0,0,0,1,0,0,0,0.25,0.125,2021-05
avant-garde,5.8848453616444125,2021-06,0.25,1.5,4.810545010206612,0.6,2.303515003402204,-3.310545010206612,-0.6881850191989836,0.25,0.4,0.0,0.21666666666666667,6,1.2246467991473532e-16,-1.0,0,0,0,1,0,0,0,0.16666666666666666,0.08333333333333333,2021-06
avant-garde,5.646885190837709,2021-07,0.5,5.8848453616444125,1.5,4.810545010206612,4.0651301239503415,4.3848453616444125,2.923230241096275,0.5,0.25,0.4,0.3833333333333333,7,-0.4999999999999997,-0.8660254037844388,0,0,0,1,0,0,0,0.0,0.0,2021-07
avant-garde,12.11497334797082,2021-08,0.0,5.646885190837709,5.8848453616444125,1.5,4.343910184160707,-0.23796017080670318,-0.0404360957991613,0.0,0.5,0.25,0.25,8,-0.8660254037844385,-0.5000000000000004,0,0,0,1,0,0,0,0.0,0.0,2021-08
avant-garde,44.69537040806381,2021-09,0.0,12.11497334797082,5.646885190837709,5.8848453616444125,7.882234633484313,6.46808815713311,1.1454258300890965,0.0,0.0,0.5,0.16666666666666666,9,-1.0,-1.8369701987210297e-16,0,0,0,1,0,0,0,0.0,0.0,2021-09
avant-garde,77.32452896118154,2021-10,0.0,44.69537040806381,12.11497334797082,5.646885190837709,20.819076315624113,32.58039706009299,2.6892669198938024,0.0,0.0,0.0,0.0,10,-0.8660254037844386,0.5000000000000001,0,0,0,1,0,0,0,0.0,0.0,2021-10
avant-garde,65.66065622828458,2021-11,0.0,77.32452896118154,44.69537040806381,12.11497334797082,44.71162423907206,32.62915855311773,0.7300344141958577,0.0,0.0,0.0,0.0,11,-0.5000000000000004,0.8660254037844384,0,0,0,1,0,0,0,0.0,0.0,2021-11
avant-garde,53.44750413414811,2021-12,0.0,65.66065622828458,77.32452896118154,44.69537040806381,62.56018519917664,-11.663872732896962,-0.15084311394580185,0.0,0.0,0.0,0.0,12,-2.4492935982947064e-16,1.0,0,0,0,1,0,0,0,0.0,0.0,2021-12
avant-garde,0.3,2022-01,0.0,53.44750413414811,65.66065622828458,77.32452896118154,65.4775631078714,-12.213152094136468,-0.18600411259483296,0.0,0.0,0.0,0.0,1,0.49999999999999994,0.8660254037844387,0,0,0,1,0,0,0,0.0,0.0,2022-01
avant-garde,1.2,2022-02,0.0,0.3,53.44750413414811,65.66065622828458,39.802720120810896,-53.147504134148114,-0.994387015729546,0.0,0.0,0.0,0.0,2,0.8660254037844386,0.5000000000000001,0,0,0,1,0,0,0,0.0,0.0,2022-02
avant-garde,0.3,2022-03,0.0,1.2,0.3,53.44750413414811,18.315834711382703,0.8999999999999999,3.0,0.0,0.0,0.0,0.0,3,1.0,6.123233995736766e-17,0,0,0,1,0,0,0,0.0,0.0,2022-03
avant-garde,0.3,2022-04,0.0,0.3,1.2,0.3,0.6,-0.8999999999999999,-0.75,0.0,0.0,0.0,0.0,4,0.8660254037844387,-0.4999999999999998,0,0,0,1,0,0,0,0.0,0.0,2022-04
avant-garde,2.2,2022-05,0.0,0.3,0.3,1.2,0.6,0.0,0.0,0.0,0.0,0.0,0.0,5,0.49999999999999994,-0.8660254037844387,0,0,0,1,0,0,0,0.0,0.0,2022-05
avant-garde,0.8999999999999999,2022-06,0.0,2.2,0.3,0.3,0.9333333333333332,1.9000000000000001,6.333333333333334,0.0,0.0,0.0,0.0,6,1.2246467991473532e-16,-1.0,0,0,0,1,0,0,0,0.0,0.0,2022-06
avant-garde,32.43374010165448,2022-07,0.0,0.8999999999999999,2.2,0.3,1.1333333333333333,-1.3000000000000003,-0.590909090909091,0.0,0.0,0.0,0.0,7,-0.4999999999999997,-0.8660254037844388,0,0,0,1,0,0,0,0.0,0.0,2022-07
avant-garde,3.978151250383644,2022-08,0.0,32.43374010165448,0.8999999999999999,2.2,11.844580033884826,31.53374010165448,35.03748900183832,0.0,0.0,0.0,0.0,8,-0.8660254037844385,-0.5000000000000004,0,0,0,1,0,0,0,0.0,0.0,2022-08
avant-garde,58.70133919621001,2022-09,0.0,3.978151250383644,32.43374010165448,0.8999999999999999,12.437297117346041,-28.455588851270836,-0.877345281860333,0.0,0.0,0.0,0.0,9,-1.0,-1.8369701987210297e-16,0,0,0,1,0,0,0,0.0,0.0,2022-09
avant-garde,44.91357576809813,2022-10,0.0,58.70133919621001,3.978151250383644,32.43374010165448,31.70441018274938,54.72318794582636,13.755934478496508,0.0,0.0,0.0,0.0,10,-0.8660254037844386,0.5000000000000001,0,0,0,1,0,0,0,0.0,0.0,2022-10
avant-garde,74.43364274672984,2022-11,0.0,44.91357576809813,58.70133919621001,3.978151250383644,35.86435540489726,-13.78776342811188,-0.2348798786689703,0.0,0.0,0.0,0.0,11,-0.5000000000000004,0.8660254037844384,0,0,0,1,0,0,0,0.0,0.0,2022-11
avant-garde,75.67806921789827,2022-12,0.0,74.43364274672984,44.91357576809813,58.70133919621001,59.34951923701266,29.520066978631718,0.6572637888163797,0.0,0.0,0.0,0.0,12,-2.4492935982947064e-16,1.0,0,0,0,1,0,0,0,0.0,0.0,2022-12
avant-garde,1.9542425094393248,2023-01,0.0,75.67806921789827,74.43364274672984,44.91357576809813,65.0084292442421,1.244426471168424,0.016718602304642616,0.0,0.0,0.0,0.0,1,0.49999999999999994,0.8660254037844387,0,0,0,1,0,0,0,0.0,0.0,2023-01
avant-garde,1.5,2023-03,0.0,1.9542425094393248,75.67806921789827,74.43364274672984,50.68865149135581,-73.72382670845894,-0.9741768978828924,0.0,0.0,0.0,0.0,3,1.0,6.123233995736766e-17,0,0,0,1,0,0,0,0.0,0.0,2023-03
avant-garde,8.083903579272736,2023-04,0.0,1.5,1.9542425094393248,75.67806921789827,26.37743724244587,-0.45424250943932476,-0.23243917131331238,0.0,0.0,0.0,0.0,4,0.8660254037844387,-0.4999999999999998,0,0,0,1,0,0,0,0.0,0.0,2023-04
avant-garde,5.750249108319361,2023-05,0.0,8.083903579272736,1.5,1.9542425094393248,3.8460486962373586,6.583903579272736,4.389269052848491,0.0,0.0,0.0,0.0,5,0.49999999999999994,-0.8660254037844387,0,0,0,1,0,0,0,0.0,0.0,2023-05
avant-garde,12.183022865268809,2023-06,0.0,5.750249108319361,8.083903579272736,1.5,5.111384229197371,-2.333654470953375,-0.2886791570519105,0.0,0.0,0.0,0.0,6,1.2246467991473532e-16,-1.0,0,0,0,1,0,0,0,0.0,0.0,2023-06
avant-garde,4.563787827345555,2023-07,0.0,12.183022865268809,5.750249108319361,8.083903579272736,8.67239185095364,6.432773756949448,1.118694796655439,0.0,0.0,0.0,0.0,7,-0.4999999999999997,-0.8660254037844388,0,0,0,1,0,0,0,0.0,0.0,2023-07
avant-garde,2.6979400086720373,2023-08,0.0,4.563787827345555,12.183022865268809,5.750249108319361,7.49901993364458,-7.619235037923254,-0.625397745878329,0.0,0.0,0.0,0.0,8,-0.8660254037844385,-0.5000000000000004,0,0,0,1,0,0,0,0.0,0.0,2023-08
avant-garde,63.55856011050914,2023-09,0.0,2.6979400086720373,4.563787827345555,12.183022865268809,6.4815835670954725,-1.865847818673518,-0.4088375466303732,0.0,0.0,0.0,0.0,9,-1.0,-1.8369701987210297e-16,0,0,0,1,0,0,0,0.0,0.0,2023-09
avant-garde,47.99970791978794,2023-10,0.0,63.55856011050914,2.6979400086720373,4.563787827345555,23.60676264884225,60.86062010183711,22.55818139254828,0.0,0.0,0.0,0.0,10,-0.8660254037844386,0.5000000000000001,0,0,0,1,0,0,0,0.0,0.0,2023-10
avant-garde,41.96507395076526,2023-11,0.0,47.99970791978794,63.55856011050914,2.6979400086720373,38.085402679656376,-15.558852190721204,-0.24479554231041512,0.0,0.0,0.0,0.0,11,-0.5000000000000004,0.8660254037844384,0,0,0,1,0,0,0,0.0,0.0,2023-11
avant-garde,80.78326915575217,2023-12,0.0,41.96507395076526,47.99970791978794,63.55856011050914,51.17444732702078,-6.0346339690226785,-0.12572230604209356,0.0,0.0,0.0,0.0,12,-2.4492935982947064e-16,1.0,0,0,0,1,0,0,0,0.0,0.0,2023-12
avant-garde,1.5,2024-01,0.0,80.78326915575217,41.96507395076526,47.99970791978794,56.916017008768456,38.81819520498691,0.9250119575752358,0.0,0.0,0.0,0.0,1,0.49999999999999994,0.8660254037844387,0,0,0,1,0,0,0,0.0,0.0,2024-01
avant-garde,0.6,2024-02,0.0,1.5,80.78326915575217,41.96507395076526,41.416114368839146,-79.28326915575217,-0.9814317987415443,0.0,0.0,0.0,0.0,2,0.8660254037844386,0.5000000000000001,0,0,0,1,0,0,0,0.0,0.0,2024-02
avant-garde,2.078151250383644,2024-03,0.0,0.6,1.5,80.78326915575217,27.627756385250724,-0.9,-0.6000000000000001,0.0,0.0,0.0,0.0,3,1.0,6.123233995736766e-17,0,0,0,1,0,0,0,0.0,0.0,2024-03
avant-garde,1.3010299956639813,2024-04,0.0,2.078151250383644,0.6,1.5,1.3927170834612195,1.478151250383644,2.463585417306074,0.0,0.0,0.0,0.0,4,0.8660254037844387,-0.4999999999999998,0,0,0,1,0,0,0,0.0,0.0,2024-04
avant-garde,0.3,2024-05,0.0,1.3010299956639813,2.078151250383644,0.6,1.3263937486825466,-0.7771212547196629,-0.3739483613505994,0.0,0.0,0.0,0.0,5,0.49999999999999994,-0.8660254037844387,0,0,0,1,0,0,0,0.0,0.0,2024-05
avant-garde,6.904576688766112,2024-08,0.0,0.3,1.3010299956639813,2.078151250383644,1.2263937486825465,-1.0010299956639812,-0.7694134639479278,0.0,0.0,0.0,0.0,8,-0.8660254037844385,-0.5000000000000004,0,0,0,1,0,0,0,0.0,0.0,2024-08
avant-garde,91.5353734695665,2024-09,0.0,6.904576688766112,0.3,1.3010299956639813,2.8352022281433693,6.604576688766112,22.015255629220373,0.0,0.0,0.0,0.0,9,-1.0,-1.8369701987210297e-16,0,0,0,1,0,0,0,0.0,0.0,2024-09
avant-garde,76.10869931998158,2024-10,0.0,91.5353734695665,6.904576688766112,0.3,32.913316719444204,84.63079678080038,12.257202808464193,0.0,0.0,0.0,0.0,10,-0.8660254037844386,0.5000000000000001,0,0,0,1,0,0,0,0.0,0.0,2024-10
avant-garde,60.17752952662075,2024-11,0.0,76.10869931998158,91.5353734695665,6.904576688766112,58.18288315943806,-15.426674149584912,-0.16853237786497854,0.0,0.0,0.0,0.0,11,-0.5000000000000004,0.8660254037844384,0,0,0,1,0,0,0,0.0,0.0,2024-11
avant-garde,55.76210098613007,2024-12,0.0,60.17752952662075,76.10869931998158,91.5353734695665,75.9405341053896,-15.93116979336083,-0.20932127254444166,0.0,0.0,0.0,0.0,12,-2.4492935982947064e-16,1.0,0,0,0,1,0,0,0,0.0,0.0,2024-12
avant-garde,4.677121254719662,2025-01,0.0,55.76210098613007,60.17752952662075,76.10869931998158,64.01610994424414,-4.41542854049068,-0.07337337666109123,0.0,0.0,0.0,0.0,1,0.49999999999999994,0.8660254037844387,0,0,0,1,0,0,0,0.0,0.0,2025-01
avant-garde,2.0,2025-02,0.0,4.677121254719662,55.76210098613007,60.17752952662075,40.20558392249017,-51.084979731410414,-0.9161236543816198,0.0,0.0,0.0,0.0,2,0.8660254037844386,0.5000000000000001,0,0,0,1,0,0,0,0.0,0.0,2025-02
avant-garde,2.0,2025-03,0.0,2.0,4.677121254719662,55.76210098613007,20.813074080283247,-2.677121254719662,-0.5723865405495294,0.0,0.0,0.0,0.0,3,1.0,6.123233995736766e-17,0,0,0,1,0,0,0,0.0,0.0,2025-03
avant-garde,11.24448267215017,2025-04,0.0,2.0,2.0,4.677121254719662,2.8923737515732255,0.0,0.0,0.0,0.0,0.0,0.0,4,0.8660254037844387,-0.4999999999999998,0,0,0,1,0,0,0,0.0,0.0,2025-04
avant-garde,4.078151250383644,2025-05,0.0,11.24448267215017,2.0,2.0,5.081494224050061,9.24448267215017,4.622241336075085,0.0,0.0,0.0,0.0,5,0.49999999999999994,-0.8660254037844387,0,0,0,1,0,0,0,0.0,0.0,2025-05
avant-garde,98.81570973274926,2025-06,0.0,4.078151250383644,11.24448267215017,2.0,5.774211307511276,-7.166331421766526,-0.6373197976920516,0.0,0.0,0.0,0.0,6,1.2246467991473532e-16,-1.0,0,0,0,1,0,0,0,0.0,0.0,2025-06
avant-garde,1.2,2025-07,0.0,98.81570973274926,4.078151250383644,11.24448267215017,38.04611455176103,94.73755848236561,23.230516149555115,0.0,0.0,0.0,0.0,7,-0.4999999999999997,-0.8660254037844388,0,0,0,1,0,0,0,0.0,0.0,2025-07
avant-garde,23.24042526488413,2025-08,0.0,1.2,98.81570973274926,4.078151250383644,34.6979536610443,-97.61570973274925,-0.9878561819446984,0.0,0.0,0.0,0.0,8,-0.8660254037844385,-0.5000000000000004,0,0,0,1,0,0,0,0.0,0.0,2025-08
avant-garde,164.0546883187092,2025-09,0.0,23.24042526488413,1.2,98.81570973274926,41.085378332544465,22.04042526488413,18.36702105407011,0.0,0.0,0.0,0.0,9,-1.0,-1.8369701987210297e-16,0,0,0,1,0,0,0,0.0,0.0,2025-09
avant-garde,118.80841149636996,2025-10,0.0,164.0546883187092,23.24042526488413,1.2,62.831704527864446,140.81426305382507,6.059022649064556,0.0,0.0,0.0,0.0,10,-0.8660254037844386,0.5000000000000001,0,0,0,1,0,0,0,0.0,0.0,2025-10
avant-garde,156.20363569081223,2025-11,0.0,118.80841149636996,164.0546883187092,23.24042526488413,102.03450835998778,-45.24627682233924,-0.2757999621104351,0.0,0.0,0.0,0.0,11,-0.5000000000000004,0.8660254037844384,0,0,0,1,0,0,0,0.0,0.0,2025-11
avant-garde,310.3273658284781,2025-12,0.0,156.20363569081223,118.80841149636996,164.0546883187092,146.3555785019638,37.39522419444228,0.31475232875733594,0.0,0.0,0.0,0.0,12,-2.4492935982947064e-16,1.0,0,0,0,1,0,0,0,0.0,0.0,2025-12
beige,4.0,2020-06,13.0,0.3,0.3,0.6,0.39999999999999997,0.0,0.0,13.0,13.0,10.0,12.0,6,1.2246467991473532e-16,-1.0,0,0,1,0,0,0,0,14.333333333333334,14.833333333333334,2020-06
beige,4.3,2020-07,13.0,4.0,0.3,0.3,1.5333333333333332,3.7,12.333333333333334,13.0,13.0,13.0,13.0,7,-0.4999999999999997,-0.8660254037844388,0,0,1,0,0,0,0,14.666666666666666,15.333333333333334,2020-07
beige,0.3,2020-09,14.0,4.3,4.0,0.3,2.866666666666667,0.2999999999999998,0.07499999999999996,14.0,13.0,13.0,13.333333333333334,9,-1.0,-1.8369701987210297e-16,0,0,1,0,0,0,0,15.333333333333334,15.666666666666666,2020-09
beige,3.6109027551800335,2020-11,16.0,0.3,4.3,4.0,2.8666666666666667,-4.0,-0.9302325581395349,16.0,14.0,13.0,14.333333333333334,11,-0.5000000000000004,0.8660254037844384,0,0,1,0,0,0,0,15.333333333333334,15.5,2020-11
beige,8.410902755180034,2020-12,14.0,3.6109027551800335,0.3,4.3,2.736967585060011,3.3109027551800336,11.036342517266778,14.0,16.0,14.0,14.666666666666666,12,-2.4492935982947064e-16,1.0,0,0,1,0,0,0,0,16.0,16.0,2020-12
beige,3.4653828514484184,2021-01,16.0,8.410902755180034,3.6109027551800335,0.3,4.107268503453356,4.800000000000001,1.3293074683648411,16.0,14.0,16.0,15.333333333333334,1,0.49999999999999994,0.8660254037844387,0,0,1,0,0,0,0,16.0,16.333333333333332,2021-01
beige,2.903089986991944,2021-02,16.0,3.4653828514484184,8.410902755180034,3.6109027551800335,5.162396120602828,-4.945519903731616,-0.5879891906592085,16.0,16.0,14.0,15.333333333333334,2,0.8660254037844386,0.5000000000000001,0,0,1,0,0,0,0,15.666666666666666,17.166666666666668,2021-02
beige,3.1367205671564067,2021-03,16.0,2.903089986991944,3.4653828514484184,8.410902755180034,4.9264585312068,-0.5622928644564742,-0.16225995468912013,16.0,16.0,16.0,16.0,3,1.0,6.123233995736766e-17,0,0,1,0,0,0,0,16.0,18.0,2021-03
beige,5.806179973983888,2021-04,16.0,3.1367205671564067,2.903089986991944,3.4653828514484184,3.1683978018655896,0.23363058016446248,0.08047652026334196,16.0,16.0,16.0,16.0,4,0.8660254037844387,-0.4999999999999998,0,0,1,0,0,0,0,16.666666666666668,18.333333333333332,2021-04
beige,7.095184589682424,2021-07,15.0,5.806179973983888,3.1367205671564067,2.903089986991944,3.9486635093774134,2.6694594068274817,0.8510351335654611,15.0,16.0,16.0,15.666666666666666,7,-0.4999999999999997,-0.8660254037844388,0,0,1,0,0,0,0,18.666666666666668,19.333333333333332,2021-07
beige,11.879740754827411,2021-08,17.0,7.095184589682424,5.806179973983888,3.1367205671564067,5.346028376940907,1.289004615698536,0.22200562529481682,17.0,15.0,16.0,16.0,8,-0.8660254037844385,-0.5000000000000004,0,0,1,0,0,0,0,20.0,19.666666666666668,2021-08
beige,9.59757037066735,2021-09,18.0,11.879740754827411,7.095184589682424,5.806179973983888,8.260368439497908,4.784556165144987,0.674338504469993,18.0,17.0,15.0,16.666666666666668,9,-1.0,-1.8369701987210297e-16,0,0,1,0,0,0,0,20.0,19.5,2021-09
beige,6.097968017564981,2021-10,21.0,9.59757037066735,11.879740754827411,7.095184589682424,9.524165238392396,-2.282170384160061,-0.1921060763243243,21.0,18.0,17.0,18.666666666666668,10,-0.8660254037844386,0.5000000000000001,0,0,1,0,0,0,0,20.0,18.833333333333332,2021-10
beige,9.368342401324623,2021-11,21.0,6.097968017564981,9.59757037066735,11.879740754827411,9.191759714353248,-3.499602353102369,-0.36463419573333433,21.0,21.0,18.0,20.0,11,-0.5000000000000004,0.8660254037844384,0,0,1,0,0,0,0,19.333333333333332,18.666666666666668,2021-11
beige,0.3,2022-02,18.0,9.368342401324623,6.097968017564981,9.59757037066735,8.35462692985232,3.270374383759642,0.5363055979203966,18.0,21.0,21.0,20.0,2,0.8660254037844386,0.5000000000000001,0,0,1,0,0,0,0,19.0,19.0,2022-02
beige,0.6,2022-04,21.0,0.3,9.368342401324623,6.097968017564981,5.255436806296536,-9.068342401324623,-0.9679772592473155,21.0,18.0,21.0,20.0,4,0.8660254037844387,-0.4999999999999998,0,0,1,0,0,0,0,17.666666666666668,19.0,2022-04
beige,0.3,2022-05,19.0,0.6,0.3,9.368342401324623,3.422780800441542,0.3,1.0,19.0,21.0,18.0,19.333333333333332,5,0.49999999999999994,-0.8660254037844387,0,0,1,0,0,0,0,18.0,19.333333333333332,2022-05
beige,10.6,2022-06,17.0,0.3,0.6,0.3,0.4000000000000012,-0.3,-0.5,17.0,19.0,21.0,19.0,6,1.2246467991473532e-16,-1.0,0,0,1,0,0,0,0,19.0,19.666666666666668,2022-06
beige,0.3,2022-07,17.0,10.6,0.3,0.6,3.8333333333333344,10.299999999999999,34.333333333333336,17.0,17.0,19.0,17.666666666666668,7,-0.4999999999999997,-0.8660254037844388,0,0,1,0,0,0,0,20.333333333333332,20.333333333333332,2022-07
beige,6.804295023688949,2022-09,20.0,0.3,10.6,0.3,3.7333333333333347,-10.299999999999999,-0.9716981132075472,20.0,17.0,17.0,18.0,9,-1.0,-1.8369701987210297e-16,0,0,1,0,0,0,0,20.666666666666668,20.666666666666668,2022-09
beige,8.0,2022-10,20.0,6.804295023688949,0.3,10.6,5.901431674562985,6.504295023688949,21.6809834122965,20.0,20.0,17.0,19.0,10,-0.8660254037844386,0.5000000000000001,0,0,1,0,0,0,0,20.333333333333332,21.0,2022-10
beige,9.786663153680704,2022-11,21.0,8.0,6.804295023688949,0.3,5.0347650078963175,1.1957049763110508,0.1757279736031785,21.0,20.0,20.0,20.333333333333332,11,-0.5000000000000004,0.8660254037844384,0,0,1,0,0,0,0,20.333333333333332,21.5,2022-11
beige,8.327542894748037,2022-12,21.0,9.786663153680704,8.0,6.804295023688949,8.196986059123219,1.7866631536807045,0.22333289421008806,21.0,21.0,20.0,20.666666666666668,12,-2.4492935982947064e-16,1.0,0,0,1,0,0,0,0,20.666666666666668,22.166666666666668,2022-12
beige,4.0,2023-03,19.0,8.327542894748037,9.786663153680704,8.0,8.70473534947625,-1.4591202589326677,-0.14909272302724563,19.0,21.0,21.0,20.333333333333332,3,1.0,6.123233995736766e-17,0,0,1,0,0,0,0,21.666666666666668,23.0,2023-03
beige,1.9542425094393248,2023-04,21.0,4.0,8.327542894748037,9.786663153680704,7.371402016142916,-4.327542894748037,-0.519666238822655,21.0,19.0,21.0,20.333333333333332,4,0.8660254037844387,-0.4999999999999998,0,0,1,0,0,0,0,22.666666666666668,23.166666666666668,2023-04
beige,1.2,2023-07,22.0,1.9542425094393248,4.0,8.327542894748037,4.760595134729122,-2.0457574905606752,-0.5114393726401688,22.0,21.0,19.0,20.666666666666668,7,-0.4999999999999997,-0.8660254037844388,0,0,1,0,0,0,0,23.666666666666668,23.666666666666668,2023-07
beige,13.411309510866817,2023-09,22.0,1.2,1.9542425094393248,4.0,2.384747503146443,-0.7542425094393248,-0.38595133705065,22.0,22.0,21.0,21.666666666666668,9,-1.0,-1.8369701987210297e-16,0,0,1,0,0,0,0,24.333333333333332,24.0,2023-09
beige,9.4,2023-10,24.0,13.411309510866817,1.2,1.9542425094393248,5.521850673435382,12.211309510866817,10.176091259055681,24.0,22.0,22.0,22.666666666666668,10,-0.8660254037844386,0.5000000000000001,0,0,1,0,0,0,0,23.666666666666668,24.0,2023-10
beige,24.05920401236176,2023-11,25.0,9.4,13.411309510866817,1.2,8.003769836955607,-4.011309510866816,-0.29909901845278886,25.0,24.0,22.0,23.666666666666668,11,-0.5000000000000004,0.8660254037844384,0,0,1,0,0,0,0,23.666666666666668,24.166666666666668,2023-11
beige,6.0,2023-12,24.0,24.05920401236176,9.4,13.411309510866817,15.62350450774286,14.65920401236176,1.5594897885491235,24.0,25.0,24.0,24.333333333333332,12,-2.4492935982947064e-16,1.0,0,0,1,0,0,0,0,23.666666666666668,24.5,2023-12
beige,0.3,2024-02,22.0,6.0,24.05920401236176,9.4,13.15306800412059,-18.05920401236176,-0.7506151908883949,22.0,24.0,25.0,23.666666666666668,2,0.8660254037844386,0.5000000000000001,0,0,1,0,0,0,0,24.333333333333332,25.5,2024-02
beige,2.0,2024-04,25.0,0.3,6.0,24.05920401236176,10.119734670787256,-5.7,-0.95,25.0,22.0,24.0,23.666666666666668,4,0.8660254037844387,-0.4999999999999998,0,0,1,0,0,0,0,24.666666666666668,26.166666666666668,2024-04
beige,2.9127838567197357,2024-05,24.0,2.0,0.3,6.0,2.7666666666666693,1.7,5.666666666666667,24.0,25.0,22.0,23.666666666666668,5,0.49999999999999994,-0.8660254037844387,0,0,1,0,0,0,0,25.333333333333332,26.5,2024-05
beige,4.0,2024-08,24.0,2.9127838567197357,2.0,0.3,1.737594618906581,0.9127838567197357,0.45639192835986786,24.0,24.0,25.0,24.333333333333332,8,-0.8660254037844385,-0.5000000000000004,0,0,1,0,0,0,0,26.666666666666668,27.333333333333332,2024-08
beige,5.134504321143394,2024-09,26.0,4.0,2.9127838567197357,2.0,2.9709279522399146,1.0872161432802643,0.37325671823265494,26.0,24.0,24.0,24.666666666666668,9,-1.0,-1.8369701987210297e-16,0,0,1,0,0,0,0,27.666666666666668,27.666666666666668,2024-09
beige,2.2,2024-10,26.0,5.134504321143394,4.0,2.9127838567197357,4.015762725954379,1.1345043211433943,0.28362608028584857,26.0,26.0,24.0,25.333333333333332,10,-0.8660254037844386,0.5000000000000001,0,0,1,0,0,0,0,27.666666666666668,28.166666666666668,2024-10
beige,2.0,2024-11,28.0,2.2,5.134504321143394,4.0,3.778168107047801,-2.934504321143394,-0.5715263124931822,28.0,26.0,26.0,26.666666666666668,11,-0.5000000000000004,0.8660254037844384,0,0,1,0,0,0,0,28.0,28.166666666666668,2024-11
beige,11.087428778815443,2024-12,29.0,2.0,2.2,5.134504321143394,3.1115014403811343,-0.20000000000000018,-0.09090909090909094,29.0,28.0,26.0,27.666666666666668,12,-2.4492935982947064e-16,1.0,0,0,1,0,0,0,0,27.666666666666668,28.0,2024-12
beige,3.0,2025-01,26.0,11.087428778815443,2.0,2.2,5.095809592938484,9.087428778815443,4.543714389407722,26.0,29.0,28.0,27.666666666666668,1,0.49999999999999994,0.8660254037844387,0,0,1,0,0,0,0,28.666666666666668,29.166666666666668,2025-01
beige,10.837543738142877,2025-03,29.0,3.0,11.087428778815443,2.0,5.36247625960515,-8.087428778815443,-0.7294232901200639,29.0,26.0,29.0,28.0,3,1.0,6.123233995736766e-17,0,0,1,0,0,0,0,28.333333333333332,29.833333333333332,2025-03
beige,14.321629908943605,2025-04,28.0,10.837543738142877,3.0,11.087428778815443,8.308324172319443,7.837543738142877,2.6125145793809588,28.0,29.0,26.0,27.666666666666668,4,0.8660254037844387,-0.4999999999999998,0,0,1,0,0,0,0,28.333333333333332,30.666666666666668,2025-04
beige,14.416479930623698,2025-05,29.0,14.321629908943605,10.837543738142877,3.0,9.386391215695497,3.484086170800728,0.3214830089717138,29.0,28.0,29.0,28.666666666666668,5,0.49999999999999994,-0.8660254037844387,0,0,1,0,0,0,0,29.666666666666668,32.0,2025-05
beige,6.072756449317212,2025-06,28.0,14.416479930623698,14.321629908943605,10.837543738142877,13.191884525903395,0.09485002168009338,0.006622851049995493,28.0,29.0,28.0,28.333333333333332,6,1.2246467991473532e-16,-1.0,0,0,1,0,0,0,0,31.333333333333332,32.5,2025-06
beige,4.6020599913279625,2025-07,28.0,6.072756449317212,14.416479930623698,14.321629908943605,11.60362209629484,-8.343723481306487,-0.5787628825801385,28.0,28.0,29.0,28.333333333333332,7,-0.4999999999999997,-0.8660254037844388,0,0,1,0,0,0,0,33.0,32.666666666666664,2025-07
beige,3.0211892990699383,2025-08,33.0,4.6020599913279625,6.072756449317212,14.416479930623698,8.363765457089626,-1.4706964579892494,-0.24217939090157425,33.0,28.0,28.0,29.666666666666668,8,-0.8660254037844385,-0.5000000000000004,0,0,1,0,0,0,0,34.333333333333336,32.6,2025-08
beige,16.846578184434826,2025-09,33.0,3.0211892990699383,4.6020599913279625,6.072756449317212,4.565335246571706,-1.5808706922580242,-0.34351370804313464,33.0,33.0,28.0,31.333333333333332,9,-1.0,-1.8369701987210297e-16,0,0,1,0,0,0,0,33.666666666666664,32.5,2025-09
beige,1.7781512503836436,2025-10,33.0,16.846578184434826,3.0211892990699383,4.6020599913279625,8.156609158277577,13.825388885364887,4.576141220154917,33.0,33.0,33.0,33.0,10,-0.8660254037844386,0.5000000000000001,0,0,1,0,0,0,0,32.333333333333336,32.333333333333336,2025-10
bermuda shorts,5.768482948553935,2020-04,0.0,2.9989700043360186,2.1450980400142567,0.3,1.8146893481167583,0.8538719643217618,0.39805731411515666,0.0,0.0,0.0,0.0,4,0.8660254037844387,-0.4999999999999998,0,0,0,0,0,0,1,0.8666666666666667,0.5,2020-04
bermuda shorts,5.205149978319906,2020-05,0.6,5.768482948553935,2.9989700043360186,2.1450980400142567,3.637516997634737,2.769512944217916,0.9234880442997611,0.6,0.0,0.0,0.19999999999999998,5,0.49999999999999994,-0.8660254037844387,0,0,0,0,0,0,1,0.7999999999999999,0.39999999999999997,2020-05
bermuda shorts,0.8999999999999999,2020-06,1.0,5.205149978319906,5.768482948553935,2.9989700043360186,4.657534310403286,-0.5633329702340291,-0.09765704003255271,1.0,0.6,0.0,0.5333333333333333,6,1.2246467991473532e-16,-1.0,0,0,0,0,0,0,1,0.4666666666666666,0.2333333333333333,2020-06
bermuda shorts,0.8999999999999999,2020-07,1.0,0.8999999999999999,5.205149978319906,5.768482948553935,3.95787764229128,-4.305149978319905,-0.8270943193282401,1.0,1.0,0.6,0.8666666666666667,7,-0.4999999999999997,-0.8660254037844388,0,0,0,0,0,0,1,0.13333333333333333,0.2333333333333333,2020-07
bermuda shorts,1.2,2020-08,0.4,0.8999999999999999,0.8999999999999999,5.205149978319906,2.335049992773302,0.0,0.0,0.4,1.0,1.0,0.7999999999999999,8,-0.8660254037844385,-0.5000000000000004,0,0,0,0,0,0,1,0.0,0.3333333333333333,2020-08
bermuda shorts,1.5,2020-09,0.0,1.2,0.8999999999999999,0.8999999999999999,1.0,0.30000000000000004,0.3333333333333335,0.0,0.4,1.0,0.4666666666666666,9,-1.0,-1.8369701987210297e-16,0,0,0,0,0,0,1,0.0,0.5,2020-09
bermuda shorts,0.3,2020-11,0.0,1.5,1.2,0.8999999999999999,1.2,0.30000000000000004,0.25,0.0,0.0,0.4,0.1333333333333334,11,-0.5000000000000004,0.8660254037844384,0,0,0,0,0,0,1,0.3333333333333333,0.6666666666666666,2020-11
bermuda shorts,0.8999999999999999,2021-01,0.0,0.3,1.5,1.2,1.0,-1.2,-0.8,0.0,0.0,0.0,0.0,1,0.49999999999999994,0.8660254037844387,0,0,0,0,0,0,1,0.6666666666666666,0.6666666666666666,2021-01
bermuda shorts,1.3,2021-02,0.0,0.8999999999999999,0.3,1.5,0.9,0.5999999999999999,2.0,0.0,0.0,0.0,0.0,2,0.8660254037844386,0.5000000000000001,0,0,0,0,0,0,1,1.0,0.6666666666666666,2021-02
bermuda shorts,0.6,2021-04,1.0,1.3,0.8999999999999999,0.3,0.8333333333333334,0.40000000000000013,0.44444444444444464,1.0,0.0,0.0,0.3333333333333333,4,0.8660254037844387,-0.4999999999999998,0,0,0,0,0,0,1,1.0,0.5,2021-04
bermuda shorts,0.6,2021-05,1.0,0.6,1.3,0.8999999999999999,0.9333333333333335,-0.7000000000000001,-0.5384615384615385,1.0,1.0,0.0,0.6666666666666666,5,0.49999999999999994,-0.8660254037844387,0,0,0,0,0,0,1,0.6666666666666666,0.3333333333333333,2021-05
bermuda shorts,2.5989700043360187,2021-06,1.0,0.6,0.6,1.3,0.8333333333333334,0.0,0.0,1.0,1.0,1.0,1.0,6,1.2246467991473532e-16,-1.0,0,0,0,0,0,0,1,0.3333333333333333,0.16666666666666666,2021-06
bermuda shorts,0.8999999999999999,2021-07,1.0,2.5989700043360187,0.6,0.6,1.2663233347786729,1.9989700043360186,3.3316166738933646,1.0,1.0,1.0,1.0,7,-0.4999999999999997,-0.8660254037844388,0,0,0,0,0,0,1,0.0,0.0,2021-07
bermuda shorts,1.0,2021-08,0.0,0.8999999999999999,2.5989700043360187,0.6,1.366323334778673,-1.6989700043360187,-0.6537089699002007,0.0,1.0,1.0,0.6666666666666666,8,-0.8660254037844385,-0.5000000000000004,0,0,0,0,0,0,1,0.0,0.13333333333333333,2021-08
bermuda shorts,6.067415968780664,2021-09,0.0,1.0,0.8999999999999999,2.5989700043360187,1.4996566681120065,0.10000000000000009,0.11111111111111116,0.0,0.0,1.0,0.3333333333333333,9,-1.0,-1.8369701987210297e-16,0,0,0,0,0,0,1,0.0,0.3,2021-09
bermuda shorts,8.218519480514686,2021-11,0.0,6.067415968780664,1.0,0.8999999999999999,2.655805322926888,5.067415968780664,5.067415968780664,0.0,0.0,0.0,0.0,11,-0.5000000000000004,0.8660254037844384,0,0,0,0,0,0,1,0.0,0.4666666666666666,2021-11
bermuda shorts,4.4449439791871095,2021-12,0.0,8.218519480514686,6.067415968780664,1.0,5.095311816431783,2.1511035117340223,0.3545337130011077,0.0,0.0,0.0,0.0,12,-2.4492935982947064e-16,1.0,0,0,0,0,0,0,1,0.26666666666666666,0.4666666666666666,2021-12
bermuda shorts,0.3,2022-01,0.0,4.4449439791871095,8.218519480514686,6.067415968780664,6.24362647616082,-3.773575501327577,-0.4591551447039043,0.0,0.0,0.0,0.0,1,0.49999999999999994,0.8660254037844387,0,0,0,0,0,0,1,0.6,0.4666666666666666,2022-01
bermuda shorts,0.3,2022-02,0.0,0.3,4.4449439791871095,8.218519480514686,4.3211544865672655,-4.14494397918711,-0.9325075858312923,0.0,0.0,0.0,0.0,2,0.8660254037844386,0.5000000000000001,0,0,0,0,0,0,1,0.9333333333333332,0.4666666666666666,2022-02
bermuda shorts,0.3,2022-05,0.8,0.3,0.3,4.4449439791871095,1.6816479930623698,0.0,0.0,0.8,0.0,0.0,0.26666666666666666,5,0.49999999999999994,-0.8660254037844387,0,0,0,0,0,0,1,0.6666666666666666,0.3333333333333333,2022-05
bermuda shorts,0.8999999999999999,2022-06,1.0,0.3,0.3,0.3,0.3,0.0,0.0,1.0,0.8,0.0,0.6,6,1.2246467991473532e-16,-1.0,0,0,0,0,0,0,1,0.3333333333333333,0.16666666666666666,2022-06
bermuda shorts,2.3,2022-07,1.0,0.8999999999999999,0.3,0.3,0.49999999999999994,0.5999999999999999,2.0,1.0,1.0,0.8,0.9333333333333332,7,-0.4999999999999997,-0.8660254037844388,0,0,0,0,0,0,1,0.0,0.0,2022-07
bermuda shorts,0.6,2022-08,0.0,2.3,0.8999999999999999,0.3,1.1666666666666665,1.4,1.5555555555555558,0.0,1.0,1.0,0.6666666666666666,8,-0.8660254037844385,-0.5000000000000004,0,0,0,0,0,0,1,0.0,0.16666666666666666,2022-08
bermuda shorts,1.3010299956639813,2022-09,0.0,0.6,2.3,0.8999999999999999,1.2666666666666666,-1.6999999999999997,-0.7391304347826086,0.0,0.0,1.0,0.3333333333333333,9,-1.0,-1.8369701987210297e-16,0,0,0,0,0,0,1,0.0,0.3333333333333333,2022-09
bermuda shorts,0.3,2022-10,0.0,1.3010299956639813,0.6,2.3,1.4003433318879939,0.7010299956639813,1.1683833261066354,0.0,0.0,0.0,0.0,10,-0.8660254037844386,0.5000000000000001,0,0,0,0,0,0,1,0.0,0.43333333333333335,2022-10
bermuda shorts,0.6,2022-12,0.0,0.3,1.3010299956639813,0.6,0.733676665221327,-1.0010299956639812,-0.7694134639479278,0.0,0.0,0.0,0.0,12,-2.4492935982947064e-16,1.0,0,0,0,0,0,0,1,0.3333333333333333,0.43333333333333335,2022-12
bermuda shorts,0.6,2023-03,0.0,0.6,0.3,1.3010299956639813,0.733676665221327,0.3,1.0,0.0,0.0,0.0,0.0,3,1.0,6.123233995736766e-17,0,0,0,0,0,0,1,0.6666666666666666,0.43333333333333335,2023-03
bermuda shorts,0.3,2023-04,0.0,0.6,0.6,0.3,0.5,0.0,0.0,0.0,0.0,0.0,0.0,4,0.8660254037844387,-0.4999999999999998,0,0,0,0,0,0,1,0.8666666666666667,0.43333333333333335,2023-04
bermuda shorts,1.5,2023-05,1.0,0.3,0.6,0.6,0.49999999999999994,-0.3,-0.5,1.0,0.0,0.0,0.3333333333333333,5,0.49999999999999994,-0.8660254037844387,0,0,0,0,0,0,1,0.5333333333333333,0.26666666666666666,2023-05
bermuda shorts,0.6,2023-06,1.0,1.5,0.3,0.6,0.7999999999999999,1.2,4.0,1.0,1.0,0.0,0.6666666666666666,6,1.2246467991473532e-16,-1.0,0,0,0,0,0,0,1,0.19999999999999998,0.09999999999999999,2023-06
bermuda shorts,1.2,2023-07,0.6,0.6,1.5,0.3,0.7999999999999999,-0.9,-0.6000000000000001,0.6,1.0,1.0,0.8666666666666667,7,-0.4999999999999997,-0.8660254037844388,0,0,0,0,0,0,1,0.0,0.0,2023-07
bermuda shorts,1.2,2023-08,0.0,1.2,0.6,1.5,1.0999999999999999,0.6,1.0,0.0,0.6,1.0,0.5333333333333333,8,-0.8660254037844385,-0.5000000000000004,0,0,0,0,0,0,1,0.0,0.0,2023-08
bermuda shorts,2.7337815004603723,2023-09,0.0,1.2,1.2,0.6,1.0,0.0,0.0,0.0,0.0,0.6,0.19999999999999998,9,-1.0,-1.8369701987210297e-16,0,0,0,0,0,0,1,0.0,0.0,2023-09
bermuda shorts,4.199999999999999,2023-10,0.0,2.7337815004603723,1.2,1.2,1.7112605001534575,1.5337815004603723,1.2781512503836439,0.0,0.0,0.0,0.0,10,-0.8660254037844386,0.5000000000000001,0,0,0,0,0,0,1,0.0,0.041666666666666664,2023-10
bermuda shorts,0.8999999999999999,2023-11,0.0,4.199999999999999,2.7337815004603723,1.2,2.7112605001534575,1.466218499539627,0.5363334631142664,0.0,0.0,0.0,0.0,11,-0.5000000000000004,0.8660254037844384,0,0,0,0,0,0,1,0.0,0.17500000000000002,2023-11
bermuda shorts,2.2,2023-12,0.0,0.8999999999999999,4.199999999999999,2.7337815004603723,2.6112605001534575,-3.2999999999999994,-0.7857142857142857,0.0,0.0,0.0,0.0,12,-2.4492935982947064e-16,1.0,0,0,0,0,0,0,1,0.0,0.17500000000000002,2023-12
bermuda shorts,2.6,2024-01,0.0,2.2,0.8999999999999999,4.199999999999999,2.4333333333333336,1.3000000000000003,1.444444444444445,0.0,0.0,0.0,0.0,1,0.49999999999999994,0.8660254037844387,0,0,0,0,0,0,1,0.08333333333333333,0.17500000000000002,2024-01
bermuda shorts,1.2,2024-02,0.0,2.6,2.2,0.8999999999999999,1.9000000000000004,0.3999999999999999,0.18181818181818166,0.0,0.0,0.0,0.0,2,0.8660254037844386,0.5000000000000001,0,0,0,0,0,0,1,0.35000000000000003,0.17500000000000002,2024-02
bermuda shorts,2.501029995663981,2024-04,0.0,1.2,2.6,2.2,2.0000000000000004,-1.4000000000000001,-0.5384615384615385,0.0,0.0,0.0,0.0,4,0.8660254037844387,-0.4999999999999998,0,0,0,0,0,0,1,0.35000000000000003,0.17500000000000002,2024-04
bermuda shorts,5.190196080028514,2024-05,0.25,2.501029995663981,1.2,2.6,2.1003433318879936,1.301029995663981,1.0841916630533177,0.25,0.0,0.0,0.08333333333333333,5,0.49999999999999994,-0.8660254037844387,0,0,0,0,0,0,1,0.26666666666666666,0.13333333333333333,2024-05
bermuda shorts,0.6,2024-06,0.8,5.190196080028514,2.501029995663981,1.2,2.963742025230832,2.689166084364533,1.0752234435519457,0.8,0.25,0.0,0.35000000000000003,6,1.2246467991473532e-16,-1.0,0,0,0,0,0,0,1,0.0,0.0,2024-06
bermuda shorts,1.2,2024-07,0.0,0.6,5.190196080028514,2.501029995663981,2.763742025230832,-4.590196080028514,-0.884397431089597,0.0,0.8,0.25,0.35000000000000003,7,-0.4999999999999997,-0.8660254037844388,0,0,0,0,0,0,1,0.0,0.0,2024-07
bermuda shorts,2.4,2024-08,0.0,1.2,0.6,5.190196080028514,2.3300653600095047,0.6,1.0,0.0,0.0,0.8,0.26666666666666666,8,-0.8660254037844385,-0.5000000000000004,0,0,0,0,0,0,1,0.0,0.03333333333333333,2024-08
bermuda shorts,4.594055524126484,2024-09,0.0,2.4,1.2,0.6,1.4000000000000004,1.2,1.0,0.0,0.0,0.0,0.0,9,-1.0,-1.8369701987210297e-16,0,0,0,0,0,0,1,0.0,0.075,2024-09
bermuda shorts,17.814117648017106,2024-10,0.0,4.594055524126484,2.4,1.2,2.731351841375495,2.1940555241264845,0.9141898017193686,0.0,0.0,0.0,0.0,10,-0.8660254037844386,0.5000000000000001,0,0,0,0,0,0,1,0.0,0.15833333333333333,2024-10
bermuda shorts,0.6,2024-11,0.0,17.814117648017106,4.594055524126484,2.4,8.269391057381197,13.22006212389062,2.8776452645082666,0.0,0.0,0.0,0.0,11,-0.5000000000000004,0.8660254037844384,0,0,0,0,0,0,1,0.06666666666666667,0.325,2024-11
bermuda shorts,0.8999999999999999,2025-01,0.0,0.6,17.814117648017106,4.594055524126484,7.6693910573811985,-17.214117648017105,-0.9663188482385044,0.0,0.0,0.0,0.0,1,0.49999999999999994,0.8660254037844387,0,0,0,0,0,0,1,0.15,0.4916666666666667,2025-01
bermuda shorts,0.3,2025-02,0.0,0.8999999999999999,0.6,17.814117648017106,6.438039216005703,0.29999999999999993,0.5,0.0,0.0,0.0,0.0,2,0.8660254037844386,0.5000000000000001,0,0,0,0,0,0,1,0.31666666666666665,0.525,2025-02
bermuda shorts,0.8999999999999999,2025-03,0.2,0.3,0.8999999999999999,0.6,0.6000000000000011,-0.5999999999999999,-0.6666666666666666,0.2,0.0,0.0,0.06666666666666667,3,1.0,6.123233995736766e-17,0,0,0,0,0,0,1,0.5833333333333334,0.4916666666666667,2025-03
bermuda shorts,1.3,2025-04,0.25,0.8999999999999999,0.3,0.8999999999999999,0.7000000000000011,0.5999999999999999,2.0,0.25,0.2,0.0,0.15,4,0.8660254037844387,-0.4999999999999998,0,0,0,0,0,0,1,0.8333333333333334,0.45,2025-04
bermuda shorts,6.1,2025-05,0.5,1.3,0.8999999999999999,0.3,0.8333333333333345,0.40000000000000013,0.44444444444444464,0.5,0.25,0.2,0.31666666666666665,5,0.49999999999999994,-0.8660254037844387,0,0,0,0,0,0,1,0.7333333333333334,0.3666666666666667,2025-05
bermuda shorts,3.0,2025-06,1.0,6.1,1.3,0.8999999999999999,2.766666666666668,4.8,3.6923076923076916,1.0,0.5,0.25,0.5833333333333334,6,1.2246467991473532e-16,-1.0,0,0,0,0,0,0,1,0.39999999999999997,0.19999999999999998,2025-06
bermuda shorts,3.3,2025-07,1.0,3.0,6.1,1.3,3.4666666666666672,-3.0999999999999996,-0.5081967213114753,1.0,1.0,0.5,0.8333333333333334,7,-0.4999999999999997,-0.8660254037844388,0,0,0,0,0,0,1,0.06666666666666667,0.03333333333333333,2025-07
bermuda shorts,1.5,2025-08,0.2,3.3,3.0,6.1,4.133333333333335,0.2999999999999998,0.09999999999999987,0.2,1.0,1.0,0.7333333333333334,8,-0.8660254037844385,-0.5000000000000004,0,0,0,0,0,0,1,0.0,0.01785714285714285,2025-08
bermuda shorts,0.8999999999999999,2025-09,0.0,1.5,3.3,3.0,2.600000000000001,-1.7999999999999998,-0.5454545454545454,0.0,0.2,1.0,0.39999999999999997,9,-1.0,-1.8369701987210297e-16,0,0,0,0,0,0,1,0.0,0.05549155145929338,2025-09
bermuda shorts,1.7999999999999998,2025-10,0.0,0.8999999999999999,1.5,3.3,1.900000000000001,-0.6000000000000001,-0.4,0.0,0.0,0.2,0.06666666666666667,10,-0.8660254037844386,0.5000000000000001,0,0,0,0,0,0,1,0.0,0.06658986175115206,2025-10
bermuda shorts,3.9496712221898704,2025-11,0.0,1.7999999999999998,0.8999999999999999,1.5,1.400000000000001,0.8999999999999999,1.0,0.0,0.0,0.0,0.0,11,-0.5000000000000004,0.8660254037844384,0,0,0,0,0,0,1,0.0357142857142857,0.08323732718894007,2025-11
bermuda shorts,3.175353642813886,2025-12,0.0,3.9496712221898704,1.7999999999999998,0.8999999999999999,2.216557074063291,2.1496712221898706,1.1942617901054837,0.0,0.0,0.0,0.0,12,-2.4492935982947064e-16,1.0,0,0,0,0,0,0,1,0.11098310291858676,0.11098310291858676,2025-12
black,7.138302698166282,2020-05,55.0,13.100844770065308,2.7323937598229686,1.6989700043360187,5.844069511408098,10.368451010242339,3.7946401293619223,55.0,49.0,49.0,51.0,5,0.49999999999999994,-0.8660254037844387,0,0,1,0,0,0,0,56.0,61.333333333333336,2020-05
black,2.641392685158225,2020-07,57.0,7.138302698166282,13.100844770065308,2.7323937598229686,7.657180409351519,-5.962542071899026,-0.45512653394100955,57.0,55.0,49.0,53.666666666666664,7,-0.4999999999999997,-0.8660254037844388,0,0,1,0,0,0,0,56.0,60.833333333333336,2020-07
black,7.718408024723518,2020-08,58.0,2.641392685158225,7.138302698166282,13.100844770065308,7.626846717796606,-4.496910013008057,-0.6299690841302152,58.0,57.0,55.0,56.666666666666664,8,-0.8660254037844385,-0.5000000000000004,0,0,1,0,0,0,0,65.33333333333333,59.5,2020-08
black,26.30659789343304,2020-09,53.0,7.718408024723518,2.641392685158225,7.138302698166282,5.832701136016008,5.077015339565293,1.9220979024030154,53.0,58.0,57.0,56.0,9,-1.0,-1.8369701987210297e-16,0,0,1,0,0,0,0,66.66666666666667,59.5,2020-09
black,23.25541948344312,2020-10,57.0,26.30659789343304,7.718408024723518,2.641392685158225,12.222132867771593,18.58818986870952,2.408293239897145,57.0,53.0,58.0,56.0,10,-0.8660254037844386,0.5000000000000001,0,0,1,0,0,0,0,65.66666666666667,58.5,2020-10
black,43.7725835000441,2020-11,86.0,23.25541948344312,26.30659789343304,7.718408024723518,19.09347513386656,-3.0511784099899195,-0.11598529092777865,86.0,57.0,53.0,65.33333333333333,11,-0.5000000000000004,0.8660254037844384,0,0,1,0,0,0,0,53.666666666666664,53.333333333333336,2020-11
black,25.57787842142785,2020-12,57.0,43.7725835000441,23.25541948344312,26.30659789343304,31.11153362564009,20.51716401660098,0.8822530176765178,57.0,86.0,57.0,66.66666666666667,12,-2.4492935982947064e-16,1.0,0,0,1,0,0,0,0,52.333333333333336,52.666666666666664,2020-12
black,4.681241237375588,2021-02,54.0,25.57787842142785,43.7725835000441,23.25541948344312,30.86862713497169,-18.19470507861625,-0.4156644096320684,54.0,57.0,86.0,65.66666666666667,2,0.8660254037844386,0.5000000000000001,0,0,1,0,0,0,0,51.333333333333336,52.166666666666664,2021-02
black,8.099542528695332,2021-04,50.0,4.681241237375588,25.57787842142785,43.7725835000441,24.67723438628251,-20.896637184052263,-0.8169808629063667,50.0,54.0,57.0,53.666666666666664,4,0.8660254037844387,-0.4999999999999998,0,0,1,0,0,0,0,53.0,52.833333333333336,2021-04
black,1.0,2021-05,53.0,8.099542528695332,4.681241237375588,25.57787842142785,12.786220729166258,3.418301291319745,0.7302125906325059,53.0,50.0,54.0,52.333333333333336,5,0.49999999999999994,-0.8660254037844387,0,0,1,0,0,0,0,53.0,58.0,2021-05
black,3.1367205671564067,2021-06,51.0,1.0,8.099542528695332,4.681241237375588,4.593594588690307,-7.099542528695332,-0.8765362368976808,51.0,53.0,50.0,51.333333333333336,6,1.2246467991473532e-16,-1.0,0,0,1,0,0,0,0,53.0,58.333333333333336,2021-06
black,8.996161293368008,2021-07,55.0,3.1367205671564067,1.0,8.099542528695332,4.078754365283913,2.1367205671564067,2.1367205671564067,55.0,51.0,53.0,53.0,7,-0.4999999999999997,-0.8660254037844388,0,0,1,0,0,0,0,52.666666666666664,58.0,2021-07
black,2.4,2021-08,53.0,8.996161293368008,3.1367205671564067,1.0,4.377627286841472,5.859440726211601,1.8680148903169518,53.0,55.0,51.0,53.0,8,-0.8660254037844385,-0.5000000000000004,0,0,1,0,0,0,0,63.0,58.0,2021-08
black,109.73130773334198,2021-09,51.0,2.4,8.996161293368008,3.1367205671564067,4.844293953508139,-6.596161293368008,-0.7332195453443808,51.0,53.0,55.0,53.0,9,-1.0,-1.8369701987210297e-16,0,0,1,0,0,0,0,63.666666666666664,57.666666666666664,2021-09
black,77.84628848056822,2021-10,54.0,109.73130773334198,2.4,8.996161293368008,40.37582300890333,107.33130773334197,44.72137822222582,54.0,51.0,53.0,52.666666666666664,10,-0.8660254037844386,0.5000000000000001,0,0,1,0,0,0,0,63.333333333333336,57.166666666666664,2021-10
black,79.31135281935362,2021-11,84.0,77.84628848056822,109.73130773334198,2.4,63.32586540463674,-31.88501925277376,-0.2905735829764968,84.0,54.0,51.0,63.0,11,-0.5000000000000004,0.8660254037844384,0,0,1,0,0,0,0,53.0,51.666666666666664,2021-11
black,106.65427460863904,2021-12,53.0,79.31135281935362,77.84628848056822,109.73130773334198,88.96298301108794,1.465064338785396,0.01881996389784346,53.0,84.0,54.0,63.666666666666664,12,-2.4492935982947064e-16,1.0,0,0,1,0,0,0,0,51.666666666666664,51.666666666666664,2021-12
black,12.954242509439323,2022-01,53.0,106.65427460863904,79.31135281935362,77.84628848056822,87.93730530285363,27.342921789285427,0.34475419744212443,53.0,53.0,84.0,63.333333333333336,1,0.49999999999999994,0.8660254037844387,0,0,1,0,0,0,0,51.0,52.0,2022-01
black,5.6344537511509305,2022-02,53.0,12.954242509439323,106.65427460863904,79.31135281935362,66.30662331247733,-93.70003209919972,-0.8785398657768375,53.0,53.0,53.0,53.0,2,0.8660254037844386,0.5000000000000001,0,0,1,0,0,0,0,50.333333333333336,53.166666666666664,2022-02
black,7.0,2022-03,49.0,5.6344537511509305,12.954242509439323,106.65427460863904,41.74765695640976,-7.319788758288393,-0.5650495390181793,49.0,53.0,53.0,51.666666666666664,3,1.0,6.123233995736766e-17,0,0,1,0,0,0,0,51.666666666666664,60.0,2022-03
black,6.0,2022-05,51.0,7.0,5.6344537511509305,12.954242509439323,8.529565420196752,1.3655462488490695,0.24235645710467213,51.0,49.0,53.0,51.0,5,0.49999999999999994,-0.8660254037844387,0,0,1,0,0,0,0,53.0,60.333333333333336,2022-05
black,1.3010299956639813,2022-06,51.0,6.0,7.0,5.6344537511509305,6.2114845837169765,-1.0,-0.1428571428571429,51.0,51.0,49.0,50.333333333333336,6,1.2246467991473532e-16,-1.0,0,0,1,0,0,0,0,56.0,60.333333333333336,2022-06
black,0.3,2022-08,53.0,1.3010299956639813,6.0,7.0,4.76700999855466,-4.698970004336019,-0.7831616673893365,53.0,51.0,51.0,51.666666666666664,8,-0.8660254037844385,-0.5000000000000004,0,0,1,0,0,0,0,68.33333333333333,59.333333333333336,2022-08
black,15.456976310736948,2022-09,55.0,0.3,1.3010299956639813,6.0,2.533676665221327,-1.0010299956639812,-0.7694134639479278,55.0,53.0,51.0,53.0,9,-1.0,-1.8369701987210297e-16,0,0,1,0,0,0,0,67.66666666666667,58.166666666666664,2022-09
black,28.389061145298214,2022-10,60.0,15.456976310736948,0.3,1.3010299956639813,5.686002102133643,15.156976310736948,50.523254369123165,60.0,55.0,53.0,56.0,10,-0.8660254037844386,0.5000000000000001,0,0,1,0,0,0,0,64.66666666666667,56.333333333333336,2022-10
black,19.747731984088784,2022-11,90.0,28.389061145298214,15.456976310736948,0.3,14.715345818678387,12.932084834561266,0.8366503625665904,90.0,60.0,55.0,68.33333333333333,11,-0.5000000000000004,0.8660254037844384,0,0,1,0,0,0,0,50.333333333333336,50.333333333333336,2022-11
black,11.904774001688144,2022-12,53.0,19.747731984088784,28.389061145298214,15.456976310736948,21.197923146707982,-8.64132916120943,-0.3043893955133703,53.0,90.0,60.0,67.66666666666667,12,-2.4492935982947064e-16,1.0,0,0,1,0,0,0,0,48.666666666666664,50.0,2022-12
black,1.4771212547196624,2023-01,51.0,11.904774001688144,19.747731984088784,28.389061145298214,20.01385571035838,-7.842957982400639,-0.39715740464372806,51.0,53.0,90.0,64.66666666666667,1,0.49999999999999994,0.8660254037844387,0,0,1,0,0,0,0,48.0,49.666666666666664,2023-01
black,0.3,2023-03,47.0,1.4771212547196624,11.904774001688144,19.747731984088784,11.04320908016553,-10.427652746968482,-0.8759219406844514,47.0,51.0,53.0,50.333333333333336,3,1.0,6.123233995736766e-17,0,0,1,0,0,0,0,50.333333333333336,50.0,2023-03
black,39.502238998652025,2023-04,48.0,0.3,1.4771212547196624,11.904774001688144,4.560631752135936,-1.1771212547196623,-0.7969022522413464,48.0,47.0,51.0,48.666666666666664,4,0.8660254037844387,-0.4999999999999998,0,0,1,0,0,0,0,51.333333333333336,51.333333333333336,2023-04
black,30.486544010125503,2023-05,49.0,39.502238998652025,0.3,1.4771212547196624,13.759786751123896,39.20223899865203,130.67412999550675,49.0,48.0,47.0,48.0,5,0.49999999999999994,-0.8660254037844387,0,0,1,0,0,0,0,51.333333333333336,56.333333333333336,2023-05
black,8.449632650470075,2023-06,54.0,30.486544010125503,39.502238998652025,0.3,23.429594336259175,-9.015694988526523,-0.2282325057279455,54.0,49.0,48.0,50.333333333333336,6,1.2246467991473532e-16,-1.0,0,0,1,0,0,0,0,49.666666666666664,56.166666666666664,2023-06
black,34.322170259114536,2023-07,51.0,8.449632650470075,30.486544010125503,39.502238998652025,26.146138553082533,-22.036911359655427,-0.722840586730208,51.0,54.0,49.0,51.333333333333336,7,-0.4999999999999997,-0.8660254037844388,0,0,1,0,0,0,0,51.333333333333336,56.166666666666664,2023-07
black,5.3979400086720375,2023-08,49.0,34.322170259114536,8.449632650470075,30.486544010125503,24.4194489732367,25.87253760864446,3.0619718843286163,49.0,51.0,54.0,51.333333333333336,8,-0.8660254037844385,-0.5000000000000004,0,0,1,0,0,0,0,61.333333333333336,56.833333333333336,2023-08
black,30.68370798439033,2023-09,49.0,5.3979400086720375,34.322170259114536,8.449632650470075,16.05658097275222,-28.9242302504425,-0.8427273110085872,49.0,49.0,51.0,49.666666666666664,9,-1.0,-1.8369701987210297e-16,0,0,1,0,0,0,0,62.666666666666664,57.0,2023-09
black,25.934635661420675,2023-10,56.0,30.68370798439033,5.3979400086720375,34.322170259114536,23.4679394173923,25.285767975718294,4.684336605278227,56.0,49.0,49.0,51.333333333333336,10,-0.8660254037844386,0.5000000000000001,0,0,1,0,0,0,0,61.0,55.833333333333336,2023-10
black,12.647541403504055,2023-11,79.0,25.934635661420675,30.68370798439033,5.3979400086720375,20.67209455149435,-4.749072322969656,-0.1547750462683859,79.0,56.0,49.0,61.333333333333336,11,-0.5000000000000004,0.8660254037844384,0,0,1,0,0,0,0,52.333333333333336,52.0,2023-11
black,50.57469076552744,2023-12,53.0,12.647541403504055,25.934635661420675,30.68370798439033,23.088628349771685,-13.28709425791662,-0.5123300913643436,53.0,79.0,56.0,62.666666666666664,12,-2.4492935982947064e-16,1.0,0,0,1,0,0,0,0,51.333333333333336,52.0,2023-12
black,9.079181246047623,2024-01,51.0,50.57469076552744,12.647541403504055,25.934635661420675,29.71895594348406,37.927149362023385,2.9987764540162334,51.0,53.0,79.0,61.0,1,0.49999999999999994,0.8660254037844387,0,0,1,0,0,0,0,50.666666666666664,53.666666666666664,2024-01
black,0.3,2024-02,53.0,9.079181246047623,50.57469076552744,12.647541403504055,24.10047113835971,-41.49550951947982,-0.8204797477034472,53.0,51.0,53.0,52.333333333333336,2,0.8660254037844386,0.5000000000000001,0,0,1,0,0,0,0,51.666666666666664,60.0,2024-02
black,13.778151250383644,2024-03,50.0,0.3,9.079181246047623,50.57469076552744,19.984624003858354,-8.779181246047623,-0.9669573729315518,50.0,53.0,51.0,51.333333333333336,3,1.0,6.123233995736766e-17,0,0,1,0,0,0,0,52.666666666666664,62.166666666666664,2024-03
black,4.3,2024-05,49.0,13.778151250383644,0.3,9.079181246047623,7.719110832143755,13.478151250383643,44.92717083461215,49.0,50.0,53.0,50.666666666666664,5,0.49999999999999994,-0.8660254037844387,0,0,1,0,0,0,0,56.666666666666664,63.5,2024-05
black,2.544068044350276,2024-08,56.0,4.3,13.778151250383644,0.3,6.126050416794548,-9.478151250383643,-0.6879116855477785,56.0,49.0,50.0,51.666666666666664,8,-0.8660254037844385,-0.5000000000000004,0,0,1,0,0,0,0,68.33333333333333,63.333333333333336,2024-08
black,32.97349573544165,2024-09,53.0,2.544068044350276,4.3,13.778151250383644,6.87407309824464,-1.7559319556497237,-0.4083562687557497,53.0,56.0,49.0,52.666666666666664,9,-1.0,-1.8369701987210297e-16,0,0,1,0,0,0,0,71.66666666666667,63.833333333333336,2024-09
black,21.79022637022566,2024-10,61.0,32.97349573544165,2.544068044350276,4.3,13.272521259930642,30.429427691091377,11.960933104233334,61.0,53.0,56.0,56.666666666666664,10,-0.8660254037844386,0.5000000000000001,0,0,1,0,0,0,0,70.33333333333333,62.666666666666664,2024-10
black,33.81004600455018,2024-11,91.0,21.79022637022566,32.97349573544165,2.544068044350276,19.102596716672533,-11.183269365215992,-0.33915934952555316,91.0,61.0,53.0,68.33333333333333,11,-0.5000000000000004,0.8660254037844384,0,0,1,0,0,0,0,58.333333333333336,56.333333333333336,2024-11
black,56.50145935186284,2024-12,63.0,33.81004600455018,21.79022637022566,32.97349573544165,29.5245893700725,12.01981963432452,0.5516151796728692,63.0,91.0,61.0,71.66666666666667,12,-2.4492935982947064e-16,1.0,0,0,1,0,0,0,0,56.0,55.333333333333336,2024-12
black,16.3,2025-01,57.0,56.50145935186284,33.81004600455018,21.79022637022566,37.367243908879566,22.69141334731266,0.671144113328294,57.0,63.0,91.0,70.33333333333333,1,0.49999999999999994,0.8660254037844387,0,0,1,0,0,0,0,55.0,56.5,2025-01
black,59.0,2025-02,55.0,16.3,56.50145935186284,33.81004600455018,35.53716845213767,-40.20145935186284,-0.711511876206741,55.0,57.0,63.0,58.333333333333336,2,0.8660254037844386,0.5000000000000001,0,0,1,0,0,0,0,54.333333333333336,58.0,2025-02
black,13.079181246047623,2025-04,56.0,59.0,16.3,56.50145935186284,43.93381978395428,42.7,2.6196319018404908,56.0,55.0,57.0,56.0,4,0.8660254037844387,-0.4999999999999998,0,0,1,0,0,0,0,54.666666666666664,59.5,2025-04
black,4.556302500767288,2025-05,54.0,13.079181246047623,59.0,16.3,29.459727082015874,-45.920818753952375,-0.7783189619313962,54.0,56.0,55.0,55.0,5,0.49999999999999994,-0.8660254037844387,0,0,1,0,0,0,0,58.0,67.16666666666667,2025-05
black,47.48900658547723,2025-06,53.0,4.556302500767288,13.079181246047623,59.0,25.545161248938303,-8.522878745280336,-0.6516370241337431,53.0,54.0,56.0,54.333333333333336,6,1.2246467991473532e-16,-1.0,0,0,1,0,0,0,0,61.666666666666664,69.66666666666667,2025-06
black,11.292256071356476,2025-07,57.0,47.48900658547723,4.556302500767288,13.079181246047623,21.70816344409738,42.93270408470994,9.422707135331777,57.0,53.0,54.0,54.666666666666664,7,-0.4999999999999997,-0.8660254037844388,0,0,1,0,0,0,0,64.33333333333333,69.83333333333333,2025-07
black,17.970212632442067,2025-08,64.0,11.292256071356476,47.48900658547723,4.556302500767288,21.11252171920033,-36.19675051412075,-0.7622132597987468,64.0,57.0,53.0,58.0,8,-0.8660254037844385,-0.5000000000000004,0,0,1,0,0,0,0,76.33333333333333,71.0,2025-08
black,163.32104386288086,2025-09,64.0,17.970212632442067,11.292256071356476,47.48900658547723,25.583825096425258,6.67795656108559,0.5913748784022574,64.0,64.0,57.0,61.666666666666664,9,-1.0,-1.8369701987210297e-16,0,0,1,0,0,0,0,77.66666666666667,72.75,2025-09
black,52.89048352931764,2025-10,65.0,163.32104386288086,17.970212632442067,11.292256071356476,64.19450418889313,145.35083123043879,8.08843135044676,65.0,64.0,64.0,64.33333333333333,10,-0.8660254037844386,0.5000000000000001,0,0,1,0,0,0,0,75.33333333333333,75.33333333333333,2025-10
blazer,6.116292015609667,2020-09,17.0,17.111083639267324,6.0,8.0,10.370361213089108,11.111083639267324,1.8518472732112206,17.0,13.75,12.8,14.516666666666666,9,-1.0,-1.8369701987210297e-16,0,0,0,0,0,0,1,18.849999999999998,21.075,2020-09
blazer,6.116292015609667,2020-11,18.8,6.116292015609667,17.111083639267324,6.0,9.742458551625663,-10.994791623657658,-0.6425537888451605,18.8,17.0,13.75,16.516666666666666,11,-0.5000000000000004,0.8660254037844384,0,0,0,0,0,0,1,20.0,22.066666666666666,2020-11
blazer,6.116292015609667,2020-12,19.0,6.116292015609667,6.116292015609667,17.111083639267324,9.781222556828887,0.0,0.0,19.0,18.8,17.0,18.266666666666666,12,-2.4492935982947064e-16,1.0,0,0,0,0,0,0,1,22.083333333333332,22.608333333333334,2020-12
blazer,5.784189205380961,2021-07,18.75,6.116292015609667,6.116292015609667,6.116292015609667,6.116292015609667,0.0,0.0,18.75,19.0,18.8,18.849999999999998,7,-0.4999999999999997,-0.8660254037844388,0,0,0,0,0,0,1,23.3,23.083333333333332,2021-07
blazer,6.0,2021-09,22.25,5.784189205380961,6.116292015609667,6.116292015609667,6.005591078866765,-0.33210281022870625,-0.05429806316983088,22.25,18.75,19.0,20.0,9,-1.0,-1.8369701987210297e-16,0,0,0,0,0,0,1,24.133333333333336,23.474999999999998,2021-09
blazer,4.0,2021-12,25.25,6.0,5.784189205380961,6.116292015609667,5.966827073663542,0.2158107946190393,0.03731046598860788,25.25,22.25,18.75,22.083333333333332,12,-2.4492935982947064e-16,1.0,0,0,0,0,0,0,1,23.133333333333336,23.849999999999998,2021-12
blazer,20.0,2022-01,22.4,4.0,6.0,5.784189205380961,5.261396401793654,-2.0,-0.33333333333333337,22.4,25.25,22.25,23.3,1,0.49999999999999994,0.8660254037844387,0,0,0,0,0,0,1,22.866666666666664,24.116666666666664,2022-01
blazer,3.779062935186456,2022-02,24.75,20.0,4.0,6.0,10.0,16.0,4.0,24.75,22.4,25.25,24.133333333333336,2,0.8660254037844386,0.5000000000000001,0,0,0,0,0,0,1,22.816666666666666,23.15833333333333,2022-02
blazer,4.0,2022-06,22.25,3.779062935186456,20.0,4.0,9.259687645062153,-16.220937064813544,-0.8110468532406772,22.25,24.75,22.4,23.133333333333336,6,1.2246467991473532e-16,-1.0,0,0,0,0,0,0,1,24.566666666666666,22.95,2022-06
blazer,0.3,2022-07,21.6,4.0,3.779062935186456,20.0,9.259687645062153,0.22093706481354403,0.05846345207866799,21.6,22.25,24.75,22.866666666666664,7,-0.4999999999999997,-0.8660254037844388,0,0,0,0,0,0,1,25.366666666666664,23.308333333333334,2022-07
blazer,0.6,2022-10,24.6,0.3,4.0,3.779062935186456,2.6930209783954857,-3.7,-0.925,24.6,21.6,22.25,22.816666666666666,10,-0.8660254037844386,0.5000000000000001,0,0,0,0,0,0,1,23.5,22.941666666666666,2022-10
blazer,0.3,2022-11,27.5,0.6,0.3,4.0,1.6333333333333335,0.3,1.0,27.5,24.6,21.6,24.566666666666666,11,-0.5000000000000004,0.8660254037844384,0,0,0,0,0,0,1,21.333333333333332,21.150000000000002,2022-11
blazer,4.0,2023-04,24.0,0.3,0.6,0.3,0.39999999999999997,-0.3,-0.5,24.0,27.5,24.6,25.36666666666667,4,0.8660254037844387,-0.4999999999999998,0,0,0,0,0,0,1,21.25,19.883333333333336,2023-04
blazer,6.0,2023-07,19.0,4.0,0.3,0.6,1.6333333333333335,3.7,12.333333333333334,19.0,24.0,27.5,23.5,7,-0.4999999999999997,-0.8660254037844388,0,0,0,0,0,0,1,22.383333333333336,19.175,2023-07
blazer,9.2,2023-10,21.0,6.0,4.0,0.3,3.4333333333333336,2.0,0.5,21.0,19.0,24.0,21.333333333333332,10,-0.8660254037844386,0.5000000000000001,0,0,0,0,0,0,1,20.966666666666665,17.875,2023-10
blazer,1.2,2023-11,23.75,9.2,6.0,4.0,6.3999999999999995,3.1999999999999993,0.5333333333333332,23.75,21.0,19.0,21.25,11,-0.5000000000000004,0.8660254037844384,0,0,0,0,0,0,1,18.516666666666666,16.516666666666666,2023-11
blazer,5.473321660378868,2023-12,22.4,1.2,9.2,6.0,5.466666666666666,-7.999999999999999,-0.8695652173913043,22.4,23.75,21.0,22.38333333333333,12,-2.4492935982947064e-16,1.0,0,0,0,0,0,0,1,15.966666666666667,15.658333333333331,2023-12
blazer,0.3,2024-02,16.75,5.473321660378868,1.2,9.2,5.291107220126289,4.273321660378868,3.5611013836490573,16.75,22.4,23.75,20.966666666666665,2,0.8660254037844386,0.5000000000000001,0,0,0,0,0,0,1,14.783333333333331,15.949999999999998,2024-02
blazer,7.778151250383644,2024-03,16.4,0.3,5.473321660378868,1.2,2.3244405534596226,-5.1733216603788685,-0.945188677257599,16.4,16.75,22.4,18.516666666666666,3,1.0,6.123233995736766e-17,0,0,0,0,0,0,1,14.516666666666666,16.150000000000002,2024-03
blazer,0.6,2024-05,14.75,7.778151250383644,0.3,5.473321660378868,4.517157636920838,7.478151250383644,24.92717083461215,14.75,16.4,16.75,15.966666666666669,5,0.49999999999999994,-0.8660254037844387,0,0,0,0,0,0,1,15.35,16.400000000000002,2024-05
blazer,6.0,2024-06,13.2,0.6,7.778151250383644,0.3,2.8927170834612146,-7.178151250383644,-0.9228608469177806,13.2,14.75,16.4,14.783333333333331,6,1.2246467991473532e-16,-1.0,0,0,0,0,0,0,1,17.116666666666667,16.900000000000002,2024-06
blazer,1.2,2024-09,15.6,6.0,0.6,7.778151250383644,4.792717083461214,5.4,9.0,15.6,13.2,14.75,14.516666666666666,9,-1.0,-1.8369701987210297e-16,0,0,0,0,0,0,1,17.783333333333335,16.966666666666665,2024-09
blazer,4.4,2024-10,17.25,1.2,6.0,0.6,2.6,-4.8,-0.8,17.25,15.6,13.2,15.35,10,-0.8660254037844386,0.5000000000000001,0,0,0,0,0,0,1,17.45,16.383333333333333,2024-10
blazer,10.0,2024-11,18.5,4.4,1.2,6.0,3.866666666666667,3.2,2.666666666666667,18.5,17.25,15.6,17.116666666666664,11,-0.5000000000000004,0.8660254037844384,0,0,0,0,0,0,1,16.683333333333334,16.0,2024-11
blazer,4.0,2024-12,17.6,10.0,4.4,1.2,5.2,5.6,1.2727272727272725,17.6,18.5,17.25,17.783333333333335,12,-2.4492935982947064e-16,1.0,0,0,0,0,0,0,1,16.150000000000002,16.066666666666666,2024-12
blazer,6.0,2025-01,16.25,4.0,10.0,4.4,6.133333333333334,-6.0,-0.6,16.25,17.6,18.5,17.45,1,0.49999999999999994,0.8660254037844387,0,0,0,0,0,0,1,15.316666666666668,16.650000000000002,2025-01
blazer,4.0,2025-03,16.2,6.0,4.0,10.0,6.666666666666667,2.0,0.5,16.2,16.25,17.6,16.683333333333334,3,1.0,6.123233995736766e-17,0,0,0,0,0,0,1,15.316666666666668,17.883333333333336,2025-03
blazer,12.051279103983342,2025-04,16.0,4.0,6.0,4.0,4.666666666666667,-2.0,-0.33333333333333337,16.0,16.2,16.25,16.150000000000002,4,0.8660254037844387,-0.4999999999999998,0,0,0,0,0,0,1,15.983333333333334,18.258333333333336,2025-04
blazer,4.0,2025-07,13.75,12.051279103983342,4.0,6.0,7.350426367994447,8.051279103983342,2.0128197759958355,13.75,16.0,16.2,15.316666666666668,7,-0.4999999999999997,-0.8660254037844388,0,0,0,0,0,0,1,17.983333333333334,17.708602150537637,2025-07
blazer,4.0,2025-08,16.2,4.0,12.051279103983342,4.0,6.68375970132778,-8.051279103983342,-0.6680850252088287,16.2,13.75,16.0,15.316666666666668,8,-0.8660254037844385,-0.5000000000000004,0,0,0,0,0,0,1,20.45,17.25264976958525,2025-08
blazer,3.122471989593555,2025-09,18.0,4.0,4.0,12.051279103983342,6.68375970132778,0.0,0.0,18.0,16.2,13.75,15.983333333333334,9,-1.0,-1.8369701987210297e-16,0,0,0,0,0,0,1,20.533333333333335,16.973079877112134,2025-09
blazer,2.0,2025-10,19.75,3.122471989593555,4.0,4.0,3.7074906631978517,-0.8775280104064449,-0.21938200260161123,19.75,18.0,16.2,17.983333333333334,10,-0.8660254037844386,0.5000000000000001,0,0,0,0,0,0,1,17.433870967741935,16.417695852534564,2025-10
blazer,7.602059991327962,2025-11,23.6,2.0,3.122471989593555,4.0,3.0408239965311847,-1.122471989593555,-0.35948184429979935,23.6,19.75,18.0,20.45,11,-0.5000000000000004,0.8660254037844384,0,0,0,0,0,0,1,14.055299539170507,14.622119815668203,2025-11
blazer,7.477121254719663,2025-12,18.25,7.602059991327962,2.0,3.122471989593555,4.241510660307172,5.602059991327962,2.801029995663981,18.25,23.6,19.75,20.53333333333333,12,-2.4492935982947064e-16,1.0,0,0,0,0,0,0,1,13.412826420890937,13.412826420890937,2025-12
blouse,33.52253312673732,2020-04,5.0,25.39450044865784,35.4413486024759,23.583105032343063,28.139651361158936,-10.046848153818058,-0.28347815616463856,5.0,7.0,10.0,7.333333333333333,4,0.8660254037844387,-0.4999999999999998,0,0,0,0,0,0,1,7.0,7.833333333333333,2020-04
blouse,25.345594958565385,2020-05,6.0,33.52253312673732,25.39450044865784,35.4413486024759,31.45279405929035,8.128032678079482,0.3200705875082126,6.0,5.0,7.0,6.0,5,0.49999999999999994,-0.8660254037844387,0,0,0,0,0,0,1,7.666666666666667,8.666666666666666,2020-05
blouse,14.13217028649592,2020-06,7.0,25.345594958565385,33.52253312673732,25.39450044865784,28.087542844653512,-8.176938168171937,-0.2439236359990371,7.0,6.0,5.0,6.0,6,1.2246467991473532e-16,-1.0,0,0,0,0,0,0,1,8.0,9.0,2020-06
blouse,31.462844508953594,2020-07,8.0,14.13217028649592,25.345594958565385,33.52253312673732,24.333432790599545,-11.213424672069465,-0.44242104753906986,8.0,7.0,6.0,7.0,7,-0.4999999999999997,-0.8660254037844388,0,0,0,0,0,0,1,8.666666666666666,9.166666666666666,2020-07
blouse,26.861587826123166,2020-08,8.0,31.462844508953594,14.13217028649592,25.345594958565385,23.646869918004967,17.330674222457674,1.2263278655096665,8.0,8.0,7.0,7.666666666666667,8,-0.8660254037844385,-0.5000000000000004,0,0,0,0,0,0,1,9.666666666666666,9.333333333333334,2020-08
blouse,54.95091680010808,2020-09,8.0,26.861587826123166,31.462844508953594,14.13217028649592,24.152200873857556,-4.601256682830428,-0.14624414145138775,8.0,8.0,8.0,8.0,9,-1.0,-1.8369701987210297e-16,0,0,0,0,0,0,1,10.0,9.5,2020-09
blouse,32.8405329406021,2020-10,10.0,54.95091680010808,26.861587826123166,31.462844508953594,37.75844971172828,28.089328973984916,1.0457062015770995,10.0,8.0,8.0,8.666666666666666,10,-0.8660254037844386,0.5000000000000001,0,0,0,0,0,0,1,9.666666666666666,9.5,2020-10
blouse,48.78220929142533,2020-11,11.0,32.8405329406021,54.95091680010808,26.861587826123166,38.21767918894445,-22.11038385950598,-0.4023660595133599,11.0,10.0,8.0,9.666666666666666,11,-0.5000000000000004,0.8660254037844384,0,0,0,0,0,0,1,9.0,8.833333333333334,2020-11
blouse,70.66385784870218,2020-12,9.0,48.78220929142533,32.8405329406021,54.95091680010808,45.524553010711834,15.94167635082323,0.48542684674626213,9.0,11.0,10.0,10.0,12,-2.4492935982947064e-16,1.0,0,0,0,0,0,0,1,9.0,8.666666666666666,2020-12
blouse,20.79568098210405,2021-01,9.0,70.66385784870218,48.78220929142533,32.8405329406021,50.76220002690987,21.881648557276847,0.4485579656008545,9.0,9.0,11.0,9.666666666666666,1,0.49999999999999994,0.8660254037844387,0,0,0,0,0,0,1,9.333333333333334,8.5,2021-01
blouse,30.241866013614107,2021-02,9.0,20.79568098210405,70.66385784870218,48.78220929142533,46.74724937407719,-49.868176866598134,-0.7057097982588283,9.0,9.0,9.0,9.0,2,0.8660254037844386,0.5000000000000001,0,0,0,0,0,0,1,8.666666666666666,8.5,2021-02
blouse,18.12259906828752,2021-03,9.0,30.241866013614107,20.79568098210405,70.66385784870218,40.567134948140115,9.446185031510058,0.4542378313861939,9.0,9.0,9.0,9.0,3,1.0,6.123233995736766e-17,0,0,0,0,0,0,1,8.333333333333334,8.666666666666666,2021-03
blouse,23.480935742545253,2021-04,10.0,18.12259906828752,30.241866013614107,20.79568098210405,23.053382021335224,-12.119266945326586,-0.4007446808960401,10.0,9.0,9.0,9.333333333333334,4,0.8660254037844387,-0.4999999999999998,0,0,0,0,0,0,1,7.666666666666667,8.833333333333334,2021-04
blouse,23.577687194168597,2021-05,7.0,23.480935742545253,18.12259906828752,30.241866013614107,23.948466941482295,5.358336674257732,0.295671534423239,7.0,10.0,9.0,8.666666666666666,5,0.49999999999999994,-0.8660254037844387,0,0,0,0,0,0,1,8.333333333333334,9.333333333333334,2021-05
blouse,32.085965102564195,2021-06,8.0,23.577687194168597,23.480935742545253,18.12259906828752,21.72707400166712,0.09675145162334431,0.004120425722559329,8.0,7.0,10.0,8.333333333333334,6,1.2246467991473532e-16,-1.0,0,0,0,0,0,0,1,9.0,9.666666666666666,2021-06
blouse,51.35789661046451,2021-07,8.0,32.085965102564195,23.577687194168597,23.480935742545253,26.381529346426017,8.508277908395598,0.3608614296358943,8.0,8.0,7.0,7.666666666666667,7,-0.4999999999999997,-0.8660254037844388,0,0,0,0,0,0,1,10.0,10.166666666666666,2021-07
blouse,29.190177791429004,2021-08,9.0,51.35789661046451,32.085965102564195,23.577687194168597,35.67384963573243,19.271931507900312,0.6006343099326057,9.0,8.0,8.0,8.333333333333334,8,-0.8660254037844385,-0.5000000000000004,0,0,0,0,0,0,1,10.333333333333334,10.5,2021-08
blouse,89.16070892913534,2021-09,10.0,29.190177791429004,51.35789661046451,32.085965102564195,37.544679834819235,-22.167718819035503,-0.43163213998368233,10.0,9.0,8.0,9.0,9,-1.0,-1.8369701987210297e-16,0,0,0,0,0,0,1,10.333333333333334,10.833333333333334,2021-09
blouse,82.579906584588,2021-10,11.0,89.16070892913534,29.190177791429004,51.35789661046451,56.56959444367629,59.97053113770633,2.0544763915523405,11.0,10.0,9.0,10.0,10,-0.8660254037844386,0.5000000000000001,0,0,0,0,0,0,1,10.333333333333334,11.166666666666666,2021-10
blouse,89.11627334078925,2021-11,10.0,82.579906584588,89.16070892913534,29.190177791429004,66.97693110171745,-6.580802344547337,-0.07380832233823686,10.0,11.0,10.0,10.333333333333334,11,-0.5000000000000004,0.8660254037844384,0,0,0,0,0,0,1,10.666666666666666,11.5,2021-11
blouse,74.97172959125552,2021-12,10.0,89.11627334078925,82.579906584588,89.16070892913534,86.95229628483753,6.536366756201247,0.07915202410051081,10.0,10.0,11.0,10.333333333333334,12,-2.4492935982947064e-16,1.0,0,0,0,0,0,0,1,11.333333333333334,11.666666666666666,2021-12
blouse,1.9,2022-01,11.0,74.97172959125552,89.11627334078925,82.579906584588,82.22263650554426,-14.144543749533725,-0.15872009925104946,11.0,10.0,10.0,10.333333333333334,1,0.49999999999999994,0.8660254037844387,0,0,0,0,0,0,1,12.0,11.5,2022-01
blouse,3.9853298350107673,2022-02,11.0,1.9,74.97172959125552,89.11627334078925,55.32933431068159,-73.07172959125552,-0.9746571139500347,11.0,11.0,10.0,10.666666666666666,2,0.8660254037844386,0.5000000000000001,0,0,0,0,0,0,1,12.333333333333334,11.666666666666666,2022-02
blouse,3.2,2022-03,12.0,3.9853298350107673,1.9,74.97172959125552,26.952353142088764,2.0853298350107674,1.09754201842672,12.0,11.0,11.0,11.333333333333334,3,1.0,6.123233995736766e-17,0,0,0,0,0,0,1,12.0,11.666666666666666,2022-03
blouse,2.2,2022-04,13.0,3.2,3.9853298350107673,1.9,3.0284432783369226,-0.7853298350107671,-0.197055166704576,13.0,12.0,11.0,12.0,4,0.8660254037844387,-0.4999999999999998,0,0,0,0,0,0,1,11.0,11.666666666666666,2022-04
blouse,2.641392685158225,2022-05,12.0,2.2,3.2,3.9853298350107673,3.1284432783369223,-1.0,-0.3125,12.0,13.0,12.0,12.333333333333334,5,0.49999999999999994,-0.8660254037844387,0,0,0,0,0,0,1,11.0,11.666666666666666,2022-05
blouse,9.243610573045608,2022-06,11.0,2.641392685158225,2.2,3.2,2.680464228386075,0.44139268515822483,0.20063303870828397,11.0,12.0,13.0,12.0,6,1.2246467991473532e-16,-1.0,0,0,0,0,0,0,1,11.333333333333334,11.666666666666666,2022-06
blouse,15.79715950581964,2022-07,10.0,9.243610573045608,2.641392685158225,2.2,4.695001086067944,6.602217887887383,2.4995215308139223,10.0,11.0,12.0,11.0,7,-0.4999999999999997,-0.8660254037844388,0,0,0,0,0,0,1,12.333333333333334,12.0,2022-07
blouse,10.980515819267804,2022-08,12.0,15.79715950581964,9.243610573045608,2.641392685158225,9.227387588007824,6.5535489327740315,0.7089815046821852,12.0,10.0,11.0,11.0,8,-0.8660254037844385,-0.5000000000000004,0,0,0,0,0,0,1,12.333333333333334,11.833333333333334,2022-08
blouse,121.02348445658072,2022-09,12.0,10.980515819267804,15.79715950581964,9.243610573045608,12.007095299377683,-4.816643686551835,-0.3049056816054426,12.0,12.0,10.0,11.333333333333334,9,-1.0,-1.8369701987210297e-16,0,0,0,0,0,0,1,12.0,11.666666666666666,2022-09
blouse,97.68029036386925,2022-10,13.0,121.02348445658072,10.980515819267804,15.79715950581964,49.267053260556054,110.04296863731291,10.021657493012995,13.0,12.0,12.0,12.333333333333334,10,-0.8660254037844386,0.5000000000000001,0,0,0,0,0,0,1,11.666666666666666,11.5,2022-10
blouse,95.64347515206988,2022-11,12.0,97.68029036386925,121.02348445658072,10.980515819267804,76.56143021323925,-23.34319409271147,-0.19288152375984724,12.0,13.0,12.0,12.333333333333334,11,-0.5000000000000004,0.8660254037844384,0,0,0,0,0,0,1,11.333333333333334,11.333333333333334,2022-11
blouse,103.95389373946784,2022-12,11.0,95.64347515206988,97.68029036386925,121.02348445658072,104.78241665750663,-2.0368152117993645,-0.020851854598425312,11.0,12.0,13.0,12.0,12,-2.4492935982947064e-16,1.0,0,0,0,0,0,0,1,11.333333333333334,11.166666666666666,2022-12
blouse,0.8999999999999999,2023-01,12.0,103.95389373946784,95.64347515206988,97.68029036386925,99.09255308513566,8.310418587397962,0.08688955074232374,12.0,11.0,12.0,11.666666666666666,1,0.49999999999999994,0.8660254037844387,0,0,0,0,0,0,1,11.333333333333334,10.666666666666666,2023-01
blouse,2.2,2023-02,11.0,0.8999999999999999,103.95389373946784,95.64347515206988,66.83245629717925,-103.05389373946784,-0.991342315639897,11.0,12.0,11.0,11.333333333333334,2,0.8660254037844386,0.5000000000000001,0,0,0,0,0,0,1,11.333333333333334,10.5,2023-02
blouse,2.7,2023-03,11.0,2.2,0.8999999999999999,103.95389373946784,35.68463124648928,1.3000000000000003,1.444444444444445,11.0,11.0,12.0,11.333333333333334,3,1.0,6.123233995736766e-17,0,0,0,0,0,0,1,11.0,10.333333333333334,2023-03
blouse,15.481241237375588,2023-04,12.0,2.7,2.2,0.8999999999999999,1.9333333333333336,0.5,0.2272727272727273,12.0,11.0,11.0,11.333333333333334,4,0.8660254037844387,-0.4999999999999998,0,0,0,0,0,0,1,10.0,10.333333333333334,2023-04
blouse,11.55836249209525,2023-05,11.0,15.481241237375588,2.7,2.2,6.793747079125197,12.781241237375589,4.733793050879847,11.0,12.0,11.0,11.333333333333334,5,0.49999999999999994,-0.8660254037844387,0,0,0,0,0,0,1,9.666666666666666,10.5,2023-05
blouse,9.321603926869832,2023-06,10.0,11.55836249209525,15.481241237375588,2.7,9.913201243156946,-3.9228787452803378,-0.2533956215222283,10.0,11.0,12.0,11.0,6,1.2246467991473532e-16,-1.0,0,0,0,0,0,0,1,9.666666666666666,10.666666666666666,2023-06
blouse,19.69230038485908,2023-07,9.0,9.321603926869832,11.55836249209525,15.481241237375588,12.120402552113559,-2.2367585652254185,-0.1935186378481497,9.0,10.0,11.0,10.0,7,-0.4999999999999997,-0.8660254037844388,0,0,0,0,0,0,1,10.666666666666666,10.833333333333334,2023-07
blouse,7.596910013008056,2023-08,10.0,19.69230038485908,9.321603926869832,11.55836249209525,13.524088934608054,10.370696457989249,1.1125442079871442,10.0,9.0,10.0,9.666666666666666,8,-0.8660254037844385,-0.5000000000000004,0,0,0,0,0,0,1,11.333333333333334,10.833333333333334,2023-08
blouse,31.22501396021571,2023-09,10.0,7.596910013008056,19.69230038485908,9.321603926869832,12.203604774912323,-12.095390371851025,-0.6142192702458911,10.0,10.0,9.0,9.666666666666666,9,-1.0,-1.8369701987210297e-16,0,0,0,0,0,0,1,11.666666666666666,10.833333333333334,2023-09
blouse,36.13090165741079,2023-10,12.0,31.22501396021571,7.596910013008056,19.69230038485908,19.50474145269428,23.628103947207652,3.1102255926093187,12.0,10.0,10.0,10.666666666666666,10,-0.8660254037844386,0.5000000000000001,0,0,0,0,0,0,1,11.0,10.333333333333334,2023-10
blouse,38.07146271150108,2023-11,12.0,36.13090165741079,31.22501396021571,7.596910013008056,24.984275210211518,4.90588769719508,0.15711402734505575,12.0,12.0,10.0,11.333333333333334,11,-0.5000000000000004,0.8660254037844384,0,0,0,0,0,0,1,10.333333333333334,9.833333333333334,2023-11
blouse,33.238484676233895,2023-12,11.0,38.07146271150108,36.13090165741079,31.22501396021571,35.142459443042526,1.9405610540902885,0.053709178710525274,11.0,12.0,12.0,11.666666666666666,12,-2.4492935982947064e-16,1.0,0,0,0,0,0,0,1,10.0,9.333333333333334,2023-12
blouse,3.378151250383644,2024-01,10.0,33.238484676233895,38.07146271150108,36.13090165741079,35.81361634838192,-4.832978035267182,-0.1269449002233155,10.0,11.0,12.0,11.0,1,0.49999999999999994,0.8660254037844387,0,0,0,0,0,0,1,9.666666666666666,9.0,2024-01
blouse,2.5020599913279624,2024-02,10.0,3.378151250383644,33.238484676233895,38.07146271150108,24.89603287937287,-29.86033342585025,-0.8983662677980299,10.0,10.0,11.0,10.333333333333334,2,0.8660254037844386,0.5000000000000001,0,0,0,0,0,0,1,9.333333333333334,8.833333333333334,2024-02
blouse,2.3781512503836435,2024-03,10.0,2.5020599913279624,3.378151250383644,33.238484676233895,13.039565305981833,-0.8760912590556815,-0.25934044810935775,10.0,10.0,10.0,10.0,3,1.0,6.123233995736766e-17,0,0,0,0,0,0,1,8.666666666666666,8.666666666666666,2024-03
blouse,48.308738013334576,2024-04,9.0,2.3781512503836435,2.5020599913279624,3.378151250383644,2.7527874973650834,-0.12390874094431892,-0.04952268985307373,9.0,10.0,10.0,9.666666666666666,4,0.8660254037844387,-0.4999999999999998,0,0,0,0,0,0,1,8.333333333333334,8.833333333333334,2024-04
blouse,67.30193949398426,2024-05,9.0,48.308738013334576,2.3781512503836435,2.5020599913279624,17.72964975168206,45.93058676295093,19.313568367672747,9.0,9.0,10.0,9.333333333333334,5,0.49999999999999994,-0.8660254037844387,0,0,0,0,0,0,1,8.333333333333334,8.833333333333334,2024-05
blouse,46.88503473779252,2024-06,8.0,67.30193949398426,48.308738013334576,2.3781512503836435,39.32960958590083,18.993201480649688,0.3931628575229398,8.0,9.0,9.0,8.666666666666666,6,1.2246467991473532e-16,-1.0,0,0,0,0,0,0,1,8.666666666666666,9.0,2024-06
blouse,58.53948619259859,2024-07,8.0,46.88503473779252,67.30193949398426,48.308738013334576,54.165237415037126,-20.41690475619174,-0.303362799195656,8.0,8.0,9.0,8.333333333333334,7,-0.4999999999999997,-0.8660254037844388,0,0,0,0,0,0,1,9.333333333333334,9.166666666666666,2024-07
blouse,80.10531282439703,2024-08,9.0,58.53948619259859,46.88503473779252,67.30193949398426,57.57548680812513,11.654451454806065,0.2485750841389862,9.0,8.0,8.0,8.333333333333334,8,-0.8660254037844385,-0.5000000000000004,0,0,0,0,0,0,1,9.333333333333334,9.0,2024-08
blouse,86.98867557511828,2024-09,9.0,80.10531282439703,58.53948619259859,46.88503473779252,61.843277918262714,21.565826631798444,0.36839794870842435,9.0,9.0,8.0,8.666666666666666,9,-1.0,-1.8369701987210297e-16,0,0,0,0,0,0,1,9.333333333333334,9.0,2024-09
blouse,73.40961190043113,2024-10,10.0,86.98867557511828,80.10531282439703,58.53948619259859,75.21115819737129,6.883362750721247,0.08592891667261338,10.0,9.0,9.0,9.333333333333334,10,-0.8660254037844386,0.5000000000000001,0,0,0,0,0,0,1,9.0,9.0,2024-10
blouse,57.399444301554645,2024-11,9.0,73.40961190043113,86.98867557511828,80.10531282439703,80.16786676664881,-13.579063674687148,-0.15610151074160306,9.0,10.0,9.0,9.333333333333334,11,-0.5000000000000004,0.8660254037844384,0,0,0,0,0,0,1,8.666666666666666,9.0,2024-11
blouse,56.60232706829953,2024-12,9.0,57.399444301554645,73.40961190043113,86.98867557511828,72.59924392570134,-16.010167598876485,-0.2180936145063922,9.0,9.0,10.0,9.333333333333334,12,-2.4492935982947064e-16,1.0,0,0,0,0,0,0,1,8.666666666666666,8.833333333333334,2024-12
blouse,18.48124123737559,2025-01,9.0,56.60232706829953,57.399444301554645,73.40961190043113,62.47046109009509,-0.7971172332551149,-0.013887194256922863,9.0,9.0,9.0,9.0,1,0.49999999999999994,0.8660254037844387,0,0,0,0,0,0,1,9.0,8.666666666666666,2025-01
blouse,4.077121254719662,2025-02,8.0,18.48124123737559,56.60232706829953,57.399444301554645,44.16100420240992,-38.121085830923946,-0.6734897274616449,8.0,9.0,9.0,8.666666666666666,2,0.8660254037844386,0.5000000000000001,0,0,0,0,0,0,1,9.333333333333334,9.0,2025-02
blouse,17.324447370005032,2025-03,9.0,4.077121254719662,18.48124123737559,56.60232706829953,26.386896520131597,-14.404119982655926,-0.7793913729953221,9.0,8.0,9.0,8.666666666666666,3,1.0,6.123233995736766e-17,0,0,0,0,0,0,1,9.0,9.333333333333334,2025-03
blouse,73.10777894628389,2025-04,10.0,17.324447370005032,4.077121254719662,18.48124123737559,13.294269954033426,13.24732611528537,3.2491861996869256,10.0,9.0,8.0,9.0,4,0.8660254037844387,-0.4999999999999998,0,0,0,0,0,0,1,8.333333333333334,9.333333333333334,2025-04
blouse,65.72666320045907,2025-05,9.0,73.10777894628389,17.324447370005032,4.077121254719662,31.503115857002857,55.783331576278854,3.219919826871952,9.0,10.0,9.0,9.333333333333334,5,0.49999999999999994,-0.8660254037844387,0,0,0,0,0,0,1,8.666666666666666,9.666666666666666,2025-05
blouse,72.98554006065147,2025-06,8.0,65.72666320045907,73.10777894628389,17.324447370005032,52.05296317224933,-7.381115745824815,-0.10096211172340641,8.0,9.0,10.0,9.0,6,1.2246467991473532e-16,-1.0,0,0,0,0,0,0,1,9.666666666666666,10.0,2025-06
blouse,42.99026637560489,2025-07,8.0,72.98554006065147,65.72666320045907,73.10777894628389,70.60666073579814,7.258876860192402,0.11044036783144806,8.0,8.0,9.0,8.333333333333334,7,-0.4999999999999997,-0.8660254037844388,0,0,0,0,0,0,1,10.333333333333334,10.333333333333334,2025-07
blouse,59.4215825704802,2025-08,10.0,42.99026637560489,72.98554006065147,65.72666320045907,60.56748987890514,-29.995273685046584,-0.4109755666686896,10.0,8.0,8.0,8.666666666666666,8,-0.8660254037844385,-0.5000000000000004,0,0,0,0,0,0,1,10.666666666666666,10.4,2025-08
blouse,97.03086189072616,2025-09,11.0,59.4215825704802,42.99026637560489,72.98554006065147,58.46579633557885,16.431316194875308,0.38221015081217,11.0,10.0,8.0,9.666666666666666,9,-1.0,-1.8369701987210297e-16,0,0,0,0,0,0,1,10.333333333333334,10.25,2025-09
blouse,110.97674733078225,2025-10,10.0,97.03086189072616,59.4215825704802,42.99026637560489,66.48090361227041,37.60927932024596,0.6329228824499487,10.0,11.0,10.0,10.333333333333334,10,-0.8660254037844386,0.5000000000000001,0,0,0,0,0,0,1,10.333333333333334,10.333333333333334,2025-10
blue,0.3,2020-12,58.0,6.410431161152056,3.0827853703164503,3.6989700043360183,4.397395511934842,3.327645790835606,1.0794283062573444,58.0,57.0,52.0,55.666666666666664,12,-2.4492935982947064e-16,1.0,0,0,1,0,0,0,0,59.0,59.666666666666664,2020-12
blue,4.074084689028243,2021-02,55.0,0.3,6.410431161152056,3.0827853703164503,3.264405510489502,-6.110431161152056,-0.9532012757865596,55.0,58.0,57.0,56.666666666666664,2,0.8660254037844386,0.5000000000000001,0,0,1,0,0,0,0,61.666666666666664,60.666666666666664,2021-02
blue,5.686814954507318,2021-05,62.0,4.074084689028243,0.3,6.410431161152056,3.5948386167267663,3.7740846890282436,12.580282296760812,62.0,55.0,58.0,58.333333333333336,5,0.49999999999999994,-0.8660254037844387,0,0,1,0,0,0,0,61.333333333333336,59.666666666666664,2021-05
blue,2.414973347970818,2021-06,60.0,5.686814954507318,4.074084689028243,0.3,3.3536332145118535,1.6127302654790743,0.395850942868776,60.0,62.0,55.0,59.0,6,1.2246467991473532e-16,-1.0,0,0,1,0,0,0,0,60.333333333333336,59.5,2021-06
blue,1.0,2021-07,63.0,2.414973347970818,5.686814954507318,4.074084689028243,4.058624330502126,-3.2718416065364995,-0.5753381519726201,63.0,60.0,62.0,61.666666666666664,7,-0.4999999999999997,-0.8660254037844388,0,0,1,0,0,0,0,59.666666666666664,60.333333333333336,2021-07
blue,2.414973347970818,2021-08,61.0,1.0,2.414973347970818,5.686814954507318,3.033929434159378,-1.4149733479708182,-0.585916755213779,61.0,63.0,60.0,61.333333333333336,8,-0.8660254037844385,-0.5000000000000004,0,0,1,0,0,0,0,58.0,61.666666666666664,2021-08
blue,9.5594379713414,2021-09,57.0,2.414973347970818,1.0,2.414973347970818,1.9433155653138787,1.4149733479708182,1.4149733479708182,57.0,61.0,63.0,60.333333333333336,9,-1.0,-1.8369701987210297e-16,0,0,1,0,0,0,0,58.666666666666664,63.666666666666664,2021-09
blue,4.34789914847748,2021-10,61.0,9.5594379713414,2.414973347970818,1.0,4.3248037731040725,7.144464623370581,2.9584030935056567,61.0,57.0,61.0,59.666666666666664,10,-0.8660254037844386,0.5000000000000001,0,0,1,0,0,0,0,61.0,64.5,2021-10
blue,1.6020599913279625,2021-11,56.0,4.34789914847748,9.5594379713414,2.414973347970818,5.4407701559299,-5.211538822863919,-0.5451720946867158,56.0,61.0,57.0,58.0,11,-0.5000000000000004,0.8660254037844384,0,0,1,0,0,0,0,65.33333333333333,66.33333333333333,2021-11
blue,3.779062935186456,2022-02,59.0,1.6020599913279625,4.34789914847748,9.5594379713414,5.169799037048947,-2.7458391571495175,-0.6315323937794275,59.0,56.0,61.0,58.666666666666664,2,0.8660254037844386,0.5000000000000001,0,0,1,0,0,0,0,68.66666666666667,67.0,2022-02
blue,7.380392160057028,2022-04,68.0,3.779062935186456,1.6020599913279625,4.34789914847748,3.243007358330633,2.1770029438584935,1.3588772927622736,68.0,59.0,56.0,61.0,4,0.8660254037844387,-0.4999999999999998,0,0,1,0,0,0,0,68.0,66.0,2022-04
blue,23.53529412004277,2022-06,69.0,7.380392160057028,3.779062935186456,1.6020599913279625,4.253838362190482,3.6013292248705717,0.9529688408570749,69.0,68.0,59.0,65.33333333333333,6,1.2246467991473532e-16,-1.0,0,0,1,0,0,0,0,67.33333333333333,65.5,2022-06
blue,7.576686805200996,2022-07,69.0,23.53529412004277,7.380392160057028,3.779062935186456,11.564916405095417,16.154901959985743,2.1888947917180754,69.0,69.0,68.0,68.66666666666667,7,-0.4999999999999997,-0.8660254037844388,0,0,1,0,0,0,0,65.33333333333333,65.33333333333333,2022-07
blue,5.535294120042771,2022-08,66.0,7.576686805200996,23.53529412004277,7.380392160057028,12.8307910284336,-15.958607314841775,-0.6780712929884887,66.0,69.0,69.0,68.0,8,-0.8660254037844385,-0.5000000000000004,0,0,1,0,0,0,0,64.0,65.83333333333333,2022-08
blue,6.577895817530089,2022-09,67.0,5.535294120042771,7.576686805200996,23.53529412004277,12.215758348428844,-2.0413926851582254,-0.26943078652227215,67.0,66.0,69.0,67.33333333333333,9,-1.0,-1.8369701987210297e-16,0,0,1,0,0,0,0,63.666666666666664,66.0,2022-09
blue,6.898755433507394,2022-10,63.0,6.577895817530089,5.535294120042771,7.576686805200996,6.563292247591285,1.042601697487318,0.18835524813616633,63.0,67.0,66.0,65.33333333333333,10,-0.8660254037844386,0.5000000000000001,0,0,1,0,0,0,0,65.33333333333333,67.66666666666667,2022-10
blue,5.577895817530089,2022-11,62.0,6.898755433507394,6.577895817530089,5.535294120042771,6.3373151236934175,0.32085961597730517,0.048778458169284944,62.0,63.0,67.0,64.0,11,-0.5000000000000004,0.8660254037844384,0,0,1,0,0,0,0,67.66666666666667,67.83333333333333,2022-11
blue,1.0,2022-12,66.0,5.577895817530089,6.898755433507394,6.577895817530089,6.351515689522524,-1.3208596159773052,-0.19146346449127094,66.0,62.0,63.0,63.666666666666664,12,-2.4492935982947064e-16,1.0,0,0,1,0,0,0,0,68.33333333333333,67.66666666666667,2022-12
blue,2.672097857935717,2023-05,68.0,1.0,5.577895817530089,6.898755433507394,4.4922170836791615,-4.577895817530089,-0.8207209254684855,68.0,66.0,62.0,65.33333333333333,5,0.49999999999999994,-0.8660254037844387,0,0,1,0,0,0,0,70.0,67.0,2023-05
blue,2.0,2023-07,69.0,2.672097857935717,1.0,5.577895817530089,3.0833312251552685,1.672097857935717,1.672097857935717,69.0,68.0,66.0,67.66666666666667,7,-0.4999999999999997,-0.8660254037844388,0,0,1,0,0,0,0,68.0,66.0,2023-07
blue,1.2,2023-09,68.0,2.0,2.672097857935717,1.0,1.8906992859785723,-0.6720978579357171,-0.2515244177677439,68.0,69.0,68.0,68.33333333333333,9,-1.0,-1.8369701987210297e-16,0,0,1,0,0,0,0,67.0,66.0,2023-09
blue,5.8,2023-10,73.0,1.2,2.0,2.672097857935717,1.9573659526452392,-0.8,-0.4,73.0,68.0,69.0,70.0,10,-0.8660254037844386,0.5000000000000001,0,0,1,0,0,0,0,64.0,64.83333333333333,2023-10
blue,2.2141176480171083,2023-11,63.0,5.8,1.2,2.0,3.0,4.6,3.833333333333333,63.0,73.0,68.0,68.0,11,-0.5000000000000004,0.8660254037844384,0,0,1,0,0,0,0,64.0,66.16666666666667,2023-11
blue,5.301029995663981,2023-12,65.0,2.2141176480171083,5.8,1.2,3.0713725493390363,-3.5858823519828915,-0.6182555779280847,65.0,63.0,73.0,67.0,12,-2.4492935982947064e-16,1.0,0,0,1,0,0,0,0,65.0,67.0,2023-12
blue,1.0,2024-01,64.0,5.301029995663981,2.2141176480171083,5.8,4.4383825478936965,3.086912347646873,1.394195267993736,64.0,65.0,63.0,64.0,1,0.49999999999999994,0.8660254037844387,0,0,1,0,0,0,0,65.66666666666667,67.16666666666667,2024-01
blue,2.7913616938342725,2024-04,63.0,1.0,5.301029995663981,2.2141176480171083,2.8383825478936964,-4.301029995663981,-0.8113574152913758,63.0,64.0,65.0,64.0,4,0.8660254037844387,-0.4999999999999998,0,0,1,0,0,0,0,68.33333333333333,67.66666666666667,2024-04
blue,2.4913616938342726,2024-05,68.0,2.7913616938342725,1.0,5.301029995663981,3.0307972298327512,1.7913616938342725,1.7913616938342725,68.0,63.0,64.0,65.0,5,0.49999999999999994,-0.8660254037844387,0,0,1,0,0,0,0,69.0,67.83333333333333,2024-05
blue,13.08518350805278,2024-06,66.0,2.4913616938342726,2.7913616938342725,1.0,2.094241129222848,-0.2999999999999998,-0.10747442750348613,66.0,68.0,63.0,65.66666666666667,6,1.2246467991473532e-16,-1.0,0,0,1,0,0,0,0,68.66666666666667,68.0,2024-06
blue,8.0,2024-07,71.0,13.08518350805278,2.4913616938342726,2.7913616938342725,6.122635631907109,10.593821814218506,4.252221522244861,71.0,66.0,68.0,68.33333333333333,7,-0.4999999999999997,-0.8660254037844388,0,0,1,0,0,0,0,67.0,68.5,2024-07
blue,20.761025568956928,2024-08,70.0,8.0,13.08518350805278,2.4913616938342726,7.858848400629017,-5.085183508052779,-0.3886214897118788,70.0,71.0,66.0,69.0,8,-0.8660254037844385,-0.5000000000000004,0,0,1,0,0,0,0,66.66666666666667,69.0,2024-08
blue,14.2807518079768,2024-09,65.0,20.761025568956928,8.0,13.08518350805278,13.948736359003236,12.761025568956928,1.595128196119616,65.0,70.0,71.0,68.66666666666667,9,-1.0,-1.8369701987210297e-16,0,0,1,0,0,0,0,67.33333333333333,70.5,2024-09
blue,14.762276223724443,2024-10,66.0,14.2807518079768,20.761025568956928,8.0,14.347259125644577,-6.480273760980127,-0.31213649535068266,66.0,65.0,70.0,67.0,10,-0.8660254037844386,0.5000000000000001,0,0,1,0,0,0,0,70.0,72.16666666666667,2024-10
blue,4.901029995663981,2024-11,69.0,14.762276223724443,14.2807518079768,20.761025568956928,16.601351200219394,0.4815244157476428,0.03371842198662667,69.0,66.0,65.0,66.66666666666667,11,-0.5000000000000004,0.8660254037844384,0,0,1,0,0,0,0,71.33333333333333,73.0,2024-11
blue,19.112605001534572,2024-12,67.0,4.901029995663981,14.762276223724443,14.2807518079768,11.314686009121742,-9.861246228060462,-0.6680030964474477,67.0,69.0,66.0,67.33333333333333,12,-2.4492935982947064e-16,1.0,0,0,1,0,0,0,0,73.66666666666667,73.83333333333333,2024-12
blue,6.806179973983888,2025-01,74.0,19.112605001534572,4.901029995663981,14.762276223724443,12.925303740307667,14.211575005870591,2.8997119010583075,74.0,67.0,69.0,70.0,1,0.49999999999999994,0.8660254037844387,0,0,1,0,0,0,0,74.33333333333333,74.5,2025-01
blue,6.0,2025-02,73.0,6.806179973983888,19.112605001534572,4.901029995663981,10.273271657060814,-12.306425027550684,-0.643890512390257,73.0,74.0,67.0,71.33333333333333,2,0.8660254037844386,0.5000000000000001,0,0,1,0,0,0,0,74.66666666666667,76.16666666666667,2025-02
blue,1.0,2025-03,74.0,6.0,6.806179973983888,19.112605001534572,10.639594991839488,-0.8061799739838884,-0.1184482304413711,74.0,73.0,74.0,73.66666666666667,3,1.0,6.123233995736766e-17,0,0,1,0,0,0,0,74.0,76.66666666666667,2025-03
blue,2.0,2025-04,76.0,1.0,6.0,6.806179973983888,4.6020599913279625,-5.0,-0.8333333333333334,76.0,74.0,73.0,74.33333333333333,4,0.8660254037844387,-0.4999999999999998,0,0,1,0,0,0,0,74.66666666666667,80.66666666666667,2025-04
blue,3.204119982655925,2025-05,74.0,2.0,1.0,6.0,3.0,1.0,1.0,74.0,76.0,74.0,74.66666666666667,5,0.49999999999999994,-0.8660254037844387,0,0,1,0,0,0,0,77.66666666666667,82.5,2025-05
blue,13.547353250875272,2025-06,72.0,3.204119982655925,2.0,1.0,2.068039994218642,1.204119982655925,0.6020599913279625,72.0,74.0,76.0,74.0,6,1.2246467991473532e-16,-1.0,0,0,1,0,0,0,0,79.33333333333333,82.83333333333333,2025-06
blue,15.213389943631755,2025-07,78.0,13.547353250875272,3.204119982655925,2.0,6.250491077843733,10.343233268219347,3.228104229619311,78.0,72.0,74.0,74.66666666666667,7,-0.4999999999999997,-0.8660254037844388,0,0,1,0,0,0,0,86.66666666666667,81.83333333333333,2025-07
blue,9.197115081087269,2025-08,83.0,15.213389943631755,13.547353250875272,3.204119982655925,10.654954392387651,1.6660366927564834,0.12297875916455081,83.0,78.0,72.0,77.66666666666667,8,-0.8660254037844385,-0.5000000000000004,0,0,1,0,0,0,0,87.33333333333333,81.6,2025-08
blue,13.54509101132719,2025-09,77.0,9.197115081087269,15.213389943631755,13.547353250875272,12.652619425198099,-6.016274862544487,-0.3954591898870552,77.0,83.0,78.0,79.33333333333333,9,-1.0,-1.8369701987210297e-16,0,0,1,0,0,0,0,86.33333333333333,82.75,2025-09
blue,2.0,2025-10,100.0,13.54509101132719,9.197115081087269,15.213389943631755,12.651865345348739,4.347975930239921,0.47275432479702206,100.0,77.0,83.0,86.66666666666667,10,-0.8660254037844386,0.5000000000000001,0,0,1,0,0,0,0,77.0,77.0,2025-10
bodysuit,0.3,2020-05,2.4,0.3,0.6,0.3,0.39999999999999997,-0.3,-0.5,2.4,2.25,3.0,2.5500000000000003,5,0.49999999999999994,-0.8660254037844387,0,0,0,0,0,0,1,2.8666666666666667,2.6750000000000003,2020-05
bodysuit,0.6,2020-07,3.0,0.3,0.3,0.6,0.39999999999999997,0.0,0.0,3.0,2.4,2.25,2.5500000000000003,7,-0.4999999999999997,-0.8660254037844388,0,0,0,0,0,0,1,2.8666666666666667,2.5500000000000003,2020-07
bodysuit,3.57978359661681,2020-08,2.6,0.6,0.3,0.3,0.4000000000000001,0.3,1.0,2.6,3.0,2.4,2.6666666666666665,8,-0.8660254037844385,-0.5000000000000004,0,0,0,0,0,0,1,2.75,2.4916666666666667,2020-08
bodysuit,3.9,2020-09,3.0,3.57978359661681,0.6,0.3,1.4932611988722702,2.97978359661681,4.966305994361351,3.0,2.6,3.0,2.8666666666666667,9,-1.0,-1.8369701987210297e-16,0,0,0,0,0,0,1,2.4833333333333334,2.3666666666666667,2020-09
bodysuit,1.9989700043360188,2020-10,3.0,3.9,3.57978359661681,0.6,2.69326119887227,0.3202164033831898,0.0894513298753088,3.0,3.0,2.6,2.8666666666666667,10,-0.8660254037844386,0.5000000000000001,0,0,0,0,0,0,1,2.2333333333333334,2.2416666666666667,2020-10
bodysuit,1.2,2020-12,2.25,1.9989700043360188,3.9,3.57978359661681,3.159584533650943,-1.9010299956639811,-0.48744358863179005,2.25,3.0,3.0,2.75,12,-2.4492935982947064e-16,1.0,0,0,0,0,0,0,1,2.2333333333333334,2.283333333333333,2020-12
bodysuit,13.90108233822995,2021-01,2.2,1.2,1.9989700043360188,3.9,2.366323334778673,-0.7989700043360188,-0.3996908420851498,2.2,2.25,3.0,2.4833333333333334,1,0.49999999999999994,0.8660254037844387,0,0,0,0,0,0,1,2.25,2.4166666666666665,2021-01
bodysuit,0.3,2021-02,2.25,13.90108233822995,1.2,1.9989700043360188,5.700017447521989,12.70108233822995,10.584235281858291,2.25,2.2,2.25,2.2333333333333334,2,0.8660254037844386,0.5000000000000001,0,0,0,0,0,0,1,2.25,2.5416666666666665,2021-02
bodysuit,0.8999999999999999,2021-03,2.25,0.3,13.90108233822995,1.2,5.133694112743316,-13.601082338229949,-0.9784189466186415,2.25,2.25,2.2,2.2333333333333334,3,1.0,6.123233995736766e-17,0,0,0,0,0,0,1,2.3333333333333335,2.8333333333333335,2021-03
bodysuit,3.522716471147583,2021-04,2.25,0.8999999999999999,0.3,13.90108233822995,5.033694112743317,0.5999999999999999,2.0,2.25,2.25,2.25,2.25,4,0.8660254037844387,-0.4999999999999998,0,0,0,0,0,0,1,2.5833333333333335,3.0,2021-04
bodysuit,0.3,2021-06,2.25,3.522716471147583,0.8999999999999999,0.3,1.574238823715861,2.622716471147583,2.914129412386204,2.25,2.25,2.25,2.25,6,1.2246467991473532e-16,-1.0,0,0,0,0,0,0,1,2.8333333333333335,3.125,2021-06
bodysuit,5.784189205380961,2021-07,2.5,0.3,3.522716471147583,0.8999999999999999,1.574238823715861,-3.2227164711475833,-0.9148384485503966,2.5,2.25,2.25,2.3333333333333335,7,-0.4999999999999997,-0.8660254037844388,0,0,0,0,0,0,1,3.3333333333333335,3.2083333333333335,2021-07
bodysuit,8.779448375405225,2021-08,3.0,5.784189205380961,0.3,3.522716471147583,3.2023018921761817,5.484189205380961,18.280630684603203,3.0,2.5,2.25,2.5833333333333335,8,-0.8660254037844385,-0.5000000000000004,0,0,0,0,0,0,1,3.4166666666666665,3.2083333333333335,2021-08
bodysuit,0.8999999999999999,2021-09,3.0,8.779448375405225,5.784189205380961,0.3,4.954545860262062,2.995259170024265,0.5178356142357534,3.0,3.0,2.5,2.8333333333333335,9,-1.0,-1.8369701987210297e-16,0,0,0,0,0,0,1,3.4166666666666665,3.2083333333333335,2021-09
bodysuit,1.5,2021-10,4.0,0.8999999999999999,8.779448375405225,5.784189205380961,5.154545860262062,-7.879448375405225,-0.8974878646679827,4.0,3.0,3.0,3.3333333333333335,10,-0.8660254037844386,0.5000000000000001,0,0,0,0,0,0,1,3.0833333333333335,3.0083333333333333,2021-10
bodysuit,2.554242509439325,2021-11,3.25,1.5,0.8999999999999999,8.779448375405225,3.726482791801742,0.6000000000000001,0.6666666666666667,3.25,4.0,3.0,3.4166666666666665,11,-0.5000000000000004,0.8660254037844384,0,0,0,0,0,0,1,3.0,2.966666666666667,2021-11
bodysuit,2.0771212547196622,2021-12,3.0,2.554242509439325,1.5,0.8999999999999999,1.6514141698131084,1.0542425094393248,0.7028283396262165,3.0,3.25,4.0,3.4166666666666665,12,-2.4492935982947064e-16,1.0,0,0,0,0,0,0,1,3.0,2.966666666666667,2021-12
bodysuit,0.6,2022-01,3.0,2.0771212547196622,2.554242509439325,1.5,2.043787921386329,-0.4771212547196626,-0.18679559711203553,3.0,3.0,3.25,3.0833333333333335,1,0.49999999999999994,0.8660254037844387,0,0,0,0,0,0,1,2.9333333333333336,2.966666666666667,2022-01
bodysuit,1.5,2022-02,3.0,0.6,2.0771212547196622,2.554242509439325,1.743787921386329,-1.4771212547196622,-0.7111386739523886,3.0,3.0,3.0,3.0,2,0.8660254037844386,0.5000000000000001,0,0,0,0,0,0,1,2.9333333333333336,3.1,2022-02
bodysuit,1.845098040014257,2022-04,3.0,1.5,0.6,2.0771212547196622,1.3923737515732206,0.9,1.5,3.0,3.0,3.0,3.0,4,0.8660254037844387,-0.4999999999999998,0,0,0,0,0,0,1,2.9333333333333336,3.1,2022-04
bodysuit,0.3,2022-05,2.8,1.845098040014257,1.5,0.6,1.3150326800047523,0.3450980400142569,0.23006536000950462,2.8,3.0,3.0,2.9333333333333336,5,0.49999999999999994,-0.8660254037844387,0,0,0,0,0,0,1,3.0,3.1750000000000003,2022-05
bodysuit,2.9,2022-07,3.0,0.3,1.845098040014257,1.5,1.2150326800047522,-1.5450980400142569,-0.8374070138854617,3.0,2.8,3.0,2.9333333333333336,7,-0.4999999999999997,-0.8660254037844388,0,0,0,0,0,0,1,3.266666666666667,3.1750000000000003,2022-07
bodysuit,0.6,2022-08,3.0,2.9,0.3,1.845098040014257,1.6816993466714187,2.6,8.666666666666666,3.0,3.0,2.8,2.9333333333333336,8,-0.8660254037844385,-0.5000000000000004,0,0,0,0,0,0,1,3.266666666666667,3.1750000000000003,2022-08
bodysuit,1.5,2022-09,3.0,0.6,2.9,0.3,1.2666666666666666,-2.3,-0.7931034482758621,3.0,3.0,3.0,3.0,9,-1.0,-1.8369701987210297e-16,0,0,0,0,0,0,1,3.35,3.1750000000000003,2022-09
bodysuit,5.25894875062167,2022-10,3.8,1.5,0.6,2.9,1.6666666666666667,0.9,1.5,3.8,3.0,3.0,3.266666666666667,10,-0.8660254037844386,0.5000000000000001,0,0,0,0,0,0,1,3.0833333333333335,3.0416666666666665,2022-10
bodysuit,5.1,2022-11,3.0,5.25894875062167,1.5,0.6,2.4529829168738897,3.75894875062167,2.50596583374778,3.0,3.8,3.0,3.266666666666667,11,-0.5000000000000004,0.8660254037844384,0,0,0,0,0,0,1,3.0833333333333335,3.0416666666666665,2022-11
bodysuit,0.6,2022-12,3.25,5.1,5.25894875062167,1.5,3.9529829168738897,-0.15894875062167024,-0.030224434228015795,3.25,3.0,3.8,3.35,12,-2.4492935982947064e-16,1.0,0,0,0,0,0,0,1,3.0,3.0,2022-12
bodysuit,1.3,2023-01,3.0,0.6,5.1,5.25894875062167,3.65298291687389,-4.5,-0.8823529411764706,3.0,3.25,3.0,3.0833333333333335,1,0.49999999999999994,0.8660254037844387,0,0,0,0,0,0,1,3.0,3.0,2023-01
bodysuit,0.3,2023-02,3.0,1.3,0.6,5.1,2.3333333333333335,0.7000000000000001,1.166666666666667,3.0,3.0,3.25,3.0833333333333335,2,0.8660254037844386,0.5000000000000001,0,0,0,0,0,0,1,3.0,3.0,2023-02
bodysuit,1.9010299956639811,2023-03,3.0,0.3,1.3,0.6,0.7333333333333333,-1.0,-0.7692307692307693,3.0,3.0,3.0,3.0,3,1.0,6.123233995736766e-17,0,0,0,0,0,0,1,3.0,3.0,2023-03
bodysuit,0.8999999999999999,2023-04,3.0,1.9010299956639811,0.3,1.3,1.1670099985546603,1.601029995663981,5.336766652213271,3.0,3.0,3.0,3.0,4,0.8660254037844387,-0.4999999999999998,0,0,0,0,0,0,1,3.0,3.0666666666666664,2023-04
bodysuit,0.3,2023-05,3.0,0.8999999999999999,1.9010299956639811,0.3,1.033676665221327,-1.0010299956639812,-0.5265724359674541,3.0,3.0,3.0,3.0,5,0.49999999999999994,-0.8660254037844387,0,0,0,0,0,0,1,3.0,3.108333333333333,2023-05
bodysuit,1.4771212547196624,2023-06,3.0,0.3,0.8999999999999999,1.9010299956639811,1.033676665221327,-0.5999999999999999,-0.6666666666666666,3.0,3.0,3.0,3.0,6,1.2246467991473532e-16,-1.0,0,0,0,0,0,0,1,3.0,3.108333333333333,2023-06
bodysuit,10.3,2023-07,3.0,1.4771212547196624,0.3,0.8999999999999999,0.8923737515732207,1.1771212547196623,3.923737515732208,3.0,3.0,3.0,3.0,7,-0.4999999999999997,-0.8660254037844388,0,0,0,0,0,0,1,3.1333333333333333,3.0666666666666664,2023-07
bodysuit,0.6,2023-08,3.0,10.3,1.4771212547196624,0.3,4.025707084906554,8.822878745280338,5.97302267304711,3.0,3.0,3.0,3.0,8,-0.8660254037844385,-0.5000000000000004,0,0,0,0,0,0,1,3.216666666666667,3.0666666666666664,2023-08
bodysuit,14.474649000077962,2023-09,3.0,0.6,10.3,1.4771212547196624,4.125707084906554,-9.700000000000001,-0.941747572815534,3.0,3.0,3.0,3.0,9,-1.0,-1.8369701987210297e-16,0,0,0,0,0,0,1,3.216666666666667,2.9333333333333336,2023-09
bodysuit,17.724686343797774,2023-10,3.4,14.474649000077962,0.6,10.3,8.458216333359323,13.874649000077962,23.124415000129936,3.4,3.0,3.0,3.1333333333333333,10,-0.8660254037844386,0.5000000000000001,0,0,0,0,0,0,1,3.0,2.6999999999999997,2023-10
bodysuit,6.65570312020223,2023-11,3.25,17.724686343797774,14.474649000077962,0.6,10.933111781291913,3.2500373437198125,0.22453306768974546,3.25,3.4,3.0,3.216666666666667,11,-0.5000000000000004,0.8660254037844384,0,0,0,0,0,0,1,2.9166666666666665,2.4916666666666667,2023-11
bodysuit,7.852881653220331,2023-12,3.0,6.65570312020223,17.724686343797774,14.474649000077962,12.951679488025988,-11.068983223595545,-0.6244952948049659,3.0,3.25,3.4,3.216666666666667,12,-2.4492935982947064e-16,1.0,0,0,0,0,0,0,1,2.65,2.3249999999999997,2023-12
bodysuit,0.3,2024-01,2.75,7.852881653220331,6.65570312020223,17.724686343797774,10.744423705740111,1.1971785330181008,0.17987258617113988,2.75,3.0,3.25,3.0,1,0.49999999999999994,0.8660254037844387,0,0,0,0,0,0,1,2.4,2.1999999999999997,2024-01
bodysuit,9.162727528317976,2024-02,3.0,0.3,7.852881653220331,6.65570312020223,4.936194924474187,-7.552881653220331,-0.961797463243703,3.0,2.75,3.0,2.9166666666666665,2,0.8660254037844386,0.5000000000000001,0,0,0,0,0,0,1,2.066666666666667,2.1,2024-02
bodysuit,0.6,2024-03,2.2,9.162727528317976,0.3,7.852881653220331,5.7718697271794355,8.862727528317976,29.542425094393256,2.2,3.0,2.75,2.65,3,1.0,6.123233995736766e-17,0,0,0,0,0,0,1,2.0,2.2333333333333334,2024-03
bodysuit,0.6,2024-04,2.0,0.6,9.162727528317976,0.3,3.3542425094393256,-8.562727528317977,-0.9345173150521324,2.0,2.2,3.0,2.4,4,0.8660254037844387,-0.4999999999999998,0,0,0,0,0,0,1,2.0,2.3583333333333334,2024-04
bodysuit,5.5417040232842885,2024-06,2.0,0.6,0.6,9.162727528317976,3.454242509439325,0.0,0.0,2.0,2.0,2.2,2.0666666666666664,6,1.2246467991473532e-16,-1.0,0,0,0,0,0,0,1,2.1333333333333333,2.4916666666666667,2024-06
bodysuit,0.8999999999999999,2024-07,2.0,5.5417040232842885,0.6,0.6,2.247234674428096,4.941704023284289,8.236173372140481,2.0,2.0,2.0,2.0,7,-0.4999999999999997,-0.8660254037844388,0,0,0,0,0,0,1,2.466666666666667,2.4916666666666667,2024-07
bodysuit,80.0,2024-08,2.0,0.8999999999999999,5.5417040232842885,0.6,2.3472346744280963,-4.641704023284289,-0.8375950797410838,2.0,2.0,2.0,2.0,8,-0.8660254037844385,-0.5000000000000004,0,0,0,0,0,0,1,2.716666666666667,2.533333333333333,2024-08
bodysuit,9.9,2024-09,2.4,80.0,0.8999999999999999,5.5417040232842885,28.813901341094763,79.1,87.8888888888889,2.4,2.0,2.0,2.1333333333333333,9,-1.0,-1.8369701987210297e-16,0,0,0,0,0,0,1,2.85,2.466666666666667,2024-09
bodysuit,16.67280709516497,2024-10,3.0,9.9,80.0,0.8999999999999999,30.26666666666667,-70.1,-0.87625,3.0,2.4,2.0,2.466666666666667,10,-0.8660254037844386,0.5000000000000001,0,0,0,0,0,0,1,2.5166666666666666,2.3000000000000003,2024-10
bodysuit,5.271515509999613,2024-11,2.75,16.67280709516497,9.9,80.0,35.52426903172165,6.7728070951649695,0.6841219288045424,2.75,3.0,2.4,2.716666666666667,11,-0.5000000000000004,0.8660254037844384,0,0,0,0,0,0,1,2.35,2.1750000000000003,2024-11
bodysuit,4.0,2024-12,2.8,5.271515509999613,16.67280709516497,9.9,10.614774201721527,-11.401291585165357,-0.6838255561939341,2.8,2.75,3.0,2.8499999999999996,12,-2.4492935982947064e-16,1.0,0,0,0,0,0,0,1,2.0833333333333335,2.0416666666666665,2024-12
bodysuit,3.6,2025-01,2.0,4.0,5.271515509999613,16.67280709516497,8.64810753505486,-1.2715155099996132,-0.24120492628498524,2.0,2.8,2.75,2.516666666666666,1,0.49999999999999994,0.8660254037844387,0,0,0,0,0,0,1,2.0833333333333335,2.0416666666666665,2025-01
bodysuit,0.6,2025-02,2.25,3.6,4.0,5.271515509999613,4.29050516999987,-0.3999999999999999,-0.09999999999999998,2.25,2.0,2.8,2.3499999999999996,2,0.8660254037844386,0.5000000000000001,0,0,0,0,0,0,1,2.0,2.1666666666666665,2025-02
bodysuit,0.6,2025-03,2.0,0.6,3.6,4.0,2.733333333333332,-3.0,-0.8333333333333334,2.0,2.25,2.0,2.0833333333333335,3,1.0,6.123233995736766e-17,0,0,0,0,0,0,1,2.0,2.3333333333333335,2025-03
bodysuit,5.777121254719662,2025-04,2.0,0.6,0.6,3.6,1.5999999999999988,0.0,0.0,2.0,2.0,2.25,2.0833333333333335,4,0.8660254037844387,-0.4999999999999998,0,0,0,0,0,0,1,2.0,2.5416666666666665,2025-04
bodysuit,1.9020599913279623,2025-05,2.0,5.777121254719662,0.6,0.6,2.325707084906553,5.177121254719663,8.628535424532771,2.0,2.0,2.0,2.0,5,0.49999999999999994,-0.8660254037844387,0,0,0,0,0,0,1,2.3333333333333335,2.7083333333333335,2025-05
bodysuit,4.501029995663981,2025-06,2.0,1.9020599913279623,5.777121254719662,0.6,2.7597270820158735,-3.8750612633917,-0.6707598979727039,2.0,2.0,2.0,2.0,6,1.2246467991473532e-16,-1.0,0,0,0,0,0,0,1,2.6666666666666665,2.8333333333333335,2025-06
bodysuit,3.261727836017593,2025-07,2.0,4.501029995663981,1.9020599913279623,5.777121254719662,4.060070413903867,2.598970004336019,1.366397493341677,2.0,2.0,2.0,2.0,7,-0.4999999999999997,-0.8660254037844388,0,0,0,0,0,0,1,3.0833333333333335,2.7043010752688175,2025-07
bodysuit,4.3,2025-08,3.0,3.261727836017593,4.501029995663981,1.9020599913279623,3.2216059410031774,-1.2393021596463885,-0.2753374585017778,3.0,2.0,2.0,2.3333333333333335,8,-0.8660254037844385,-0.5000000000000004,0,0,0,0,0,0,1,3.0833333333333335,2.7340629800307217,2025-08
bodysuit,21.036431547817823,2025-09,3.0,4.3,3.261727836017593,4.501029995663981,4.02091927722719,1.0382721639824068,0.31831968091184626,3.0,3.0,2.0,2.6666666666666665,9,-1.0,-1.8369701987210297e-16,0,0,0,0,0,0,1,3.0,2.5620199692780337,2025-09
bodysuit,18.980069981028603,2025-10,3.25,21.036431547817823,4.3,3.261727836017593,9.532719794611804,16.736431547817823,3.8921933832134474,3.25,3.0,3.0,3.0833333333333335,10,-0.8660254037844386,0.5000000000000001,0,0,0,0,0,0,1,2.325268817204301,2.4244239631336404,2025-10
bodysuit,47.75272452177253,2025-11,3.0,18.980069981028603,21.036431547817823,4.3,14.77216717628214,-2.0563615667892208,-0.09775239503500932,3.0,3.25,3.0,3.0833333333333335,11,-0.5000000000000004,0.8660254037844384,0,0,0,0,0,0,1,2.3847926267281103,2.2805299539170507,2025-11
bodysuit,20.168760470161786,2025-12,2.75,47.75272452177253,18.980069981028603,21.036431547817823,29.25640868353965,28.772654540743925,1.5159403821747461,2.75,3.0,3.25,3.0,12,-2.4492935982947064e-16,1.0,0,0,0,0,0,0,1,2.1240399385560678,2.1240399385560678,2025-12
bohemian,25.23370386667036,2020-12,7.5,18.0274754996972,15.722275892939845,12.760398120916216,15.503383171184419,2.3051996067573555,0.1466199691733252,7.5,6.2,6.75,6.816666666666666,12,-2.4492935982947064e-16,1.0,0,0,0,1,0,0,0,6.333333333333333,6.208333333333333,2020-12
bohemian,0.6,2021-03,6.5,25.23370386667036,18.0274754996972,15.722275892939845,19.66115175310247,7.206228366973161,0.39973585691985547,6.5,7.5,6.2,6.733333333333333,3,1.0,6.123233995736766e-17,0,0,0,1,0,0,0,6.3,6.25,2021-03
bohemian,2.414973347970818,2021-06,6.25,0.6,25.23370386667036,18.0274754996972,14.62039312212252,-24.63370386667036,-0.9762222778245209,6.25,6.5,7.5,6.75,6,1.2246467991473532e-16,-1.0,0,0,0,1,0,0,0,6.3,6.25,2021-06
bohemian,1.9020599913279623,2021-07,6.25,2.414973347970818,0.6,25.23370386667036,9.416225738213727,1.814973347970818,3.0249555799513637,6.25,6.25,6.5,6.333333333333333,7,-0.4999999999999997,-0.8660254037844388,0,0,0,1,0,0,0,6.083333333333333,6.25,2021-07
bohemian,16.06798706921633,2021-08,6.4,1.9020599913279623,2.414973347970818,0.6,1.6390111130995937,-0.5129133566428559,-0.212388827012866,6.4,6.25,6.25,6.300000000000001,8,-0.8660254037844385,-0.5000000000000004,0,0,0,1,0,0,0,6.2,6.216666666666668,2021-08
bohemian,8.622990431535555,2021-09,6.25,16.06798706921633,1.9020599913279623,2.414973347970818,6.79500680283837,14.165927077888366,7.447676278600515,6.25,6.4,6.25,6.300000000000001,9,-1.0,-1.8369701987210297e-16,0,0,0,1,0,0,0,6.2,6.091666666666666,2021-09
bohemian,10.727520030413476,2021-10,5.6,8.622990431535555,16.06798706921633,1.9020599913279623,8.864345830693283,-7.444996637680774,-0.4633434546349733,5.6,6.25,6.4,6.083333333333333,10,-0.8660254037844386,0.5000000000000001,0,0,0,1,0,0,0,6.416666666666667,5.991666666666667,2021-10
bohemian,8.829864567730416,2021-11,6.75,10.727520030413476,8.622990431535555,16.06798706921633,11.806165843721786,2.104529598877921,0.24406029620319925,6.75,5.6,6.25,6.199999999999999,11,-0.5000000000000004,0.8660254037844384,0,0,0,1,0,0,0,6.233333333333333,5.7,2021-11
bohemian,8.67346404553641,2021-12,6.25,8.829864567730416,10.727520030413476,8.622990431535555,9.393458343226483,-1.8976554626830602,-0.17689600739994316,6.25,6.75,5.6,6.199999999999999,12,-2.4492935982947064e-16,1.0,0,0,0,1,0,0,0,5.983333333333333,5.491666666666667,2021-12
bohemian,5.535294120042771,2022-04,6.25,8.67346404553641,8.829864567730416,10.727520030413476,9.410282881226768,-0.1564005221940068,-0.01771267509193597,6.25,6.25,6.75,6.416666666666667,4,0.8660254037844387,-0.4999999999999998,0,0,0,1,0,0,0,5.566666666666666,5.316666666666666,2022-04
bohemian,2.681241237375587,2022-05,6.2,5.535294120042771,8.67346404553641,8.829864567730416,7.6795409111031985,-3.1381699254936386,-0.36181275543634983,6.2,6.25,6.25,6.233333333333334,5,0.49999999999999994,-0.8660254037844387,0,0,0,1,0,0,0,5.166666666666667,5.1499999999999995,2022-05
bohemian,25.894905050159025,2022-09,5.5,2.681241237375587,5.535294120042771,8.67346404553641,5.629999800984923,-2.8540528826671836,-0.5156099785796262,5.5,6.2,6.25,5.983333333333334,9,-1.0,-1.8369701987210297e-16,0,0,0,1,0,0,0,5.0,5.1499999999999995,2022-09
bohemian,8.558948750621669,2022-10,5.0,25.894905050159025,2.681241237375587,5.535294120042771,11.370480135859127,23.213663812783437,8.657805008066001,5.0,5.5,6.2,5.566666666666667,10,-0.8660254037844386,0.5000000000000001,0,0,0,1,0,0,0,5.066666666666666,5.216666666666666,2022-10
bohemian,11.642440587900037,2022-11,5.0,8.558948750621669,25.894905050159025,2.681241237375587,12.37836501271876,-17.335956299537358,-0.6694736383839682,5.0,5.0,5.5,5.166666666666667,11,-0.5000000000000004,0.8660254037844384,0,0,0,1,0,0,0,5.133333333333333,5.216666666666666,2022-11
bohemian,6.0,2022-12,5.0,11.642440587900037,8.558948750621669,25.894905050159025,15.365431462893577,3.083491837278368,0.3602652530258932,5.0,5.0,5.0,5.0,12,-2.4492935982947064e-16,1.0,0,0,0,1,0,0,0,5.3,5.216666666666667,2022-12
bohemian,0.3,2023-01,5.2,6.0,11.642440587900037,8.558948750621669,8.733796446173903,-5.642440587900037,-0.4846441384261143,5.2,5.0,5.0,5.066666666666666,1,0.49999999999999994,0.8660254037844387,0,0,0,1,0,0,0,5.366666666666667,5.016666666666667,2023-01
bohemian,2.672097857935717,2023-04,5.2,0.3,6.0,11.642440587900037,5.980813529300012,-5.7,-0.95,5.2,5.2,5.0,5.133333333333334,4,0.8660254037844387,-0.4999999999999998,0,0,0,1,0,0,0,5.3,4.8999999999999995,2023-04
bohemian,0.6,2023-06,5.5,2.672097857935717,0.3,6.0,2.990699285978572,2.3720978579357173,7.906992859785724,5.5,5.2,5.2,5.3,6,1.2246467991473532e-16,-1.0,0,0,0,1,0,0,0,5.133333333333334,4.85,2023-06
bohemian,2.672097857935717,2023-07,5.4,0.6,2.672097857935717,0.3,1.1906992859785723,-2.072097857935717,-0.7754573253303232,5.4,5.5,5.2,5.366666666666667,7,-0.4999999999999997,-0.8660254037844388,0,0,0,1,0,0,0,4.666666666666667,4.575,2023-07
bohemian,1.9020599913279623,2023-08,5.0,2.672097857935717,0.6,2.672097857935717,1.9813985719571445,2.072097857935717,3.453496429892862,5.0,5.4,5.5,5.3,8,-0.8660254037844385,-0.5000000000000004,0,0,0,1,0,0,0,4.5,4.408333333333333,2023-08
bohemian,7.170122905018013,2023-09,5.0,1.9020599913279623,2.672097857935717,0.6,1.724719283087893,-0.7700378666077548,-0.2881772702750618,5.0,5.0,5.4,5.133333333333334,9,-1.0,-1.8369701987210297e-16,0,0,0,1,0,0,0,4.566666666666666,4.241666666666666,2023-09
bohemian,6.638764005203222,2023-10,4.0,7.170122905018013,1.9020599913279623,2.672097857935717,3.914760251427231,5.26806291369005,2.769661807571087,4.0,5.0,5.0,4.666666666666667,10,-0.8660254037844386,0.5000000000000001,0,0,0,1,0,0,0,4.483333333333333,4.241666666666666,2023-10
bohemian,4.8,2023-11,4.5,6.638764005203222,7.170122905018013,1.9020599913279623,5.236982300516399,-0.5313588998147907,-0.07410736285188624,4.5,4.0,5.0,4.5,11,-0.5000000000000004,0.8660254037844384,0,0,0,1,0,0,0,4.316666666666666,4.125,2023-11
bohemian,16.782208570600105,2023-12,5.2,4.8,6.638764005203222,7.170122905018013,6.202962303407079,-1.8387640052032221,-0.2769738469031383,5.2,4.5,4.0,4.566666666666666,12,-2.4492935982947064e-16,1.0,0,0,0,1,0,0,0,3.9166666666666665,3.7583333333333333,2023-12
bohemian,0.3,2024-01,3.75,16.782208570600105,4.8,6.638764005203222,9.40699085860111,11.982208570600104,2.4962934522083553,3.75,5.2,4.5,4.483333333333333,1,0.49999999999999994,0.8660254037844387,0,0,0,1,0,0,0,4.0,3.6750000000000003,2024-01
bohemian,0.3,2024-04,4.0,0.3,16.782208570600105,4.8,7.29406952353337,-16.482208570600104,-0.9821239261365423,4.0,3.75,5.2,4.316666666666666,4,0.8660254037844387,-0.4999999999999998,0,0,0,1,0,0,0,3.9333333333333336,3.608333333333334,2024-04
bohemian,0.3,2024-06,4.0,0.3,0.3,16.782208570600105,5.79406952353337,0.0,0.0,4.0,4.0,3.75,3.9166666666666665,6,1.2246467991473532e-16,-1.0,0,0,0,1,0,0,0,3.6,3.5250000000000004,2024-06
bohemian,3.1522883443830563,2024-08,4.0,0.3,0.3,0.3,0.3,0.0,0.0,4.0,4.0,4.0,4.0,8,-0.8660254037844385,-0.5000000000000004,0,0,0,1,0,0,0,3.35,3.4249999999999994,2024-08
bohemian,20.961630165857517,2024-09,3.8,3.1522883443830563,0.3,0.3,1.25076278146102,2.8522883443830565,9.507627814610188,3.8,4.0,4.0,3.9333333333333336,9,-1.0,-1.8369701987210297e-16,0,0,0,1,0,0,0,3.283333333333333,3.5,2024-09
bohemian,9.328989419116416,2024-10,3.0,20.961630165857517,3.1522883443830563,0.3,8.13797283674686,17.80934182147446,5.649655068264379,3.0,3.8,4.0,3.6,10,-0.8660254037844386,0.5000000000000001,0,0,0,1,0,0,0,3.4499999999999997,3.625,2024-10
bohemian,6.077528010406445,2024-11,3.25,9.328989419116416,20.961630165857517,3.1522883443830563,11.14763597645233,-11.632640746741101,-0.5549492408127897,3.25,3.0,3.8,3.35,11,-0.5000000000000004,0.8660254037844384,0,0,0,1,0,0,0,3.5,3.65,2024-11
bohemian,4.001344501381117,2024-12,3.6,6.077528010406445,9.328989419116416,20.961630165857517,12.122715865126793,-3.2514614087099716,-0.3485330792687221,3.6,3.25,3.0,3.283333333333333,12,-2.4492935982947064e-16,1.0,0,0,0,1,0,0,0,3.716666666666667,3.716666666666667,2024-12
bohemian,2.1760912590556813,2025-02,3.5,4.001344501381117,6.077528010406445,9.328989419116416,6.469287310301326,-2.076183509025328,-0.3416164442961539,3.5,3.6,3.25,3.4499999999999997,2,0.8660254037844386,0.5000000000000001,0,0,0,1,0,0,0,3.8000000000000003,4.008333333333334,2025-02
bohemian,2.0,2025-03,3.4,2.1760912590556813,4.001344501381117,6.077528010406445,4.084987923614416,-1.8252532423254353,-0.4561599836493522,3.4,3.5,3.6,3.5,3,1.0,6.123233995736766e-17,0,0,0,1,0,0,0,3.8000000000000003,4.108333333333333,2025-03
bohemian,1.0,2025-04,4.25,2.0,2.1760912590556813,4.001344501381117,2.7258119201456004,-0.17609125905568135,-0.08092089811164282,4.25,3.4,3.5,3.716666666666667,4,0.8660254037844387,-0.4999999999999998,0,0,0,1,0,0,0,3.716666666666667,4.066666666666666,2025-04
bohemian,1.7781512503836436,2025-05,3.75,1.0,2.0,2.1760912590556813,1.7253637530185617,-1.0,-0.5,3.75,4.25,3.4,3.8000000000000003,5,0.49999999999999994,-0.8660254037844387,0,0,0,1,0,0,0,4.216666666666667,4.1499999999999995,2025-05
bohemian,1.4771212547196624,2025-06,3.4,1.7781512503836436,1.0,2.0,1.5927170834612159,0.7781512503836436,0.7781512503836436,3.4,3.75,4.25,3.8000000000000003,6,1.2246467991473532e-16,-1.0,0,0,0,1,0,0,0,4.416666666666667,3.75,2025-06
bohemian,10.014442829214888,2025-08,4.0,1.4771212547196624,1.7781512503836436,1.0,1.41842416836777,-0.30102999566398125,-0.16929380759878143,4.0,3.4,3.75,3.716666666666667,8,-0.8660254037844385,-0.5000000000000004,0,0,0,1,0,0,0,4.416666666666667,3.4523809523809526,2025-08
bohemian,6.897825632407441,2025-09,5.25,10.014442829214888,1.4771212547196624,1.7781512503836436,4.423238444772733,8.537321574495225,5.779702612237811,5.25,4.0,3.4,4.216666666666667,9,-1.0,-1.8369701987210297e-16,0,0,0,1,0,0,0,4.083333333333333,2.765552995391705,2025-09
bohemian,13.451584399244345,2025-10,4.0,6.897825632407441,10.014442829214888,1.4771212547196624,6.129796572113999,-3.1166171968074465,-0.31121224115588497,4.0,5.25,4.0,4.416666666666667,10,-0.8660254037844386,0.5000000000000001,0,0,0,1,0,0,0,3.0833333333333335,2.518663594470046,2025-10
bohemian,40.3037225818176,2025-11,4.0,13.451584399244345,6.897825632407441,10.014442829214888,10.121284286955559,6.5537587668369035,0.9501195182502093,4.0,4.0,5.25,4.416666666666667,11,-0.5000000000000004,0.8660254037844384,0,0,0,1,0,0,0,2.488095238095238,2.148329493087558,2025-11
bohemian,55.434009781996885,2025-12,4.25,40.3037225818176,13.451584399244345,6.897825632407441,20.217710871156466,26.852138182573256,1.9962063490514694,4.25,4.0,4.0,4.083333333333333,12,-2.4492935982947064e-16,1.0,0,0,0,1,0,0,0,1.4477726574500769,1.4477726574500769,2025-12
bomber jacket,29.89569248352628,2020-04,1.0,8.899174055588485,4.0,5.104321373782643,6.00116514312371,4.899174055588485,1.2247935138971213,1.0,1.0,2.0,1.3333333333333333,4,0.8660254037844387,-0.4999999999999998,0,0,0,0,0,0,1,1.0,1.5,2020-04
bomber jacket,8.815970345456918,2020-05,1.0,29.89569248352628,8.899174055588485,4.0,14.264955513038254,20.996518427937794,2.3593783307061447,1.0,1.0,1.0,1.0,5,0.49999999999999994,-0.8660254037844387,0,0,0,0,0,0,1,1.3333333333333333,1.6666666666666667,2020-05
bomber jacket,6.910032699065754,2020-06,1.0,8.815970345456918,29.89569248352628,8.899174055588485,15.870278961523894,-21.07972213806936,-0.705109010259091,1.0,1.0,1.0,1.0,6,1.2246467991473532e-16,-1.0,0,0,0,0,0,0,1,1.6666666666666667,2.0,2020-06
bomber jacket,23.51827289519788,2020-07,1.0,6.910032699065754,8.815970345456918,29.89569248352628,15.207231842682981,-1.9059376463911644,-0.21619147657107762,1.0,1.0,1.0,1.0,7,-0.4999999999999997,-0.8660254037844388,0,0,0,0,0,0,1,2.0,2.1666666666666665,2020-07
bomber jacket,12.01887112185984,2020-08,2.0,23.51827289519788,6.910032699065754,8.815970345456918,13.081425313240183,16.60824019613213,2.4034966141878873,2.0,1.0,1.0,1.3333333333333333,8,-0.8660254037844385,-0.5000000000000004,0,0,0,0,0,0,1,2.0,2.1666666666666665,2020-08
bomber jacket,39.10101128444376,2020-09,2.0,12.01887112185984,23.51827289519788,6.910032699065754,14.14905890537449,-11.499401773338041,-0.48895604811550875,2.0,2.0,1.0,1.6666666666666667,9,-1.0,-1.8369701987210297e-16,0,0,0,0,0,0,1,2.3333333333333335,2.1666666666666665,2020-09
bomber jacket,28.175080931527763,2020-10,2.0,39.10101128444376,12.01887112185984,23.51827289519788,24.879385100500496,27.08214016258392,2.253301486304076,2.0,2.0,2.0,2.0,10,-0.8660254037844386,0.5000000000000001,0,0,0,0,0,0,1,2.3333333333333335,2.1666666666666665,2020-10
bomber jacket,43.019688326679066,2020-11,2.0,28.175080931527763,39.10101128444376,12.01887112185984,26.43165444594379,-10.925930352915994,-0.2794283317491292,2.0,2.0,2.0,2.0,11,-0.5000000000000004,0.8660254037844384,0,0,0,0,0,0,1,2.3333333333333335,2.1666666666666665,2020-11
bomber jacket,57.12794336312944,2020-12,3.0,43.019688326679066,28.175080931527763,39.10101128444376,36.76526018088352,14.844607395151304,0.5268700888997364,3.0,2.0,2.0,2.3333333333333335,12,-2.4492935982947064e-16,1.0,0,0,0,0,0,0,1,2.0,1.8333333333333333,2020-12
bomber jacket,6.280211241711607,2021-01,2.0,57.12794336312944,43.019688326679066,28.175080931527763,42.77423754044543,14.108255036450373,0.32794879705581237,2.0,3.0,2.0,2.3333333333333335,1,0.49999999999999994,0.8660254037844387,0,0,0,0,0,0,1,2.0,1.6666666666666667,2021-01
bomber jacket,2.855272505103306,2021-02,2.0,6.280211241711607,57.12794336312944,43.019688326679066,35.47594764384004,-50.847732121417835,-0.8900676118901757,2.0,2.0,3.0,2.3333333333333335,2,0.8660254037844386,0.5000000000000001,0,0,0,0,0,0,1,2.0,1.5,2021-02
bomber jacket,5.6,2021-03,2.0,2.855272505103306,6.280211241711607,57.12794336312944,22.08780903664812,-3.4249387366083006,-0.5453540660958514,2.0,2.0,2.0,2.0,3,1.0,6.123233995736766e-17,0,0,0,0,0,0,1,1.6666666666666667,1.5,2021-03
bomber jacket,3.1,2021-04,2.0,5.6,2.855272505103306,6.280211241711607,4.911827915604971,2.7447274948966935,0.9612839019711665,2.0,2.0,2.0,2.0,4,0.8660254037844387,-0.4999999999999998,0,0,0,0,0,0,1,1.3333333333333333,1.6666666666666667,2021-04
bomber jacket,13.38144856925804,2021-05,2.0,3.1,5.6,2.855272505103306,3.8517575017011016,-2.4999999999999996,-0.4464285714285714,2.0,2.0,2.0,2.0,5,0.49999999999999994,-0.8660254037844387,0,0,0,0,0,0,1,1.0,1.8333333333333333,2021-05
bomber jacket,13.889536629482096,2021-06,1.0,13.38144856925804,3.1,5.6,7.360482856419346,10.28144856925804,3.3165963126638838,1.0,2.0,2.0,1.6666666666666667,6,1.2246467991473532e-16,-1.0,0,0,0,0,0,0,1,1.3333333333333333,2.1666666666666665,2021-06
bomber jacket,17.872285225504253,2021-07,1.0,13.889536629482096,13.38144856925804,3.1,10.123661732913378,0.5080880602240558,0.03796958584822541,1.0,1.0,2.0,1.3333333333333333,7,-0.4999999999999997,-0.8660254037844388,0,0,0,0,0,0,1,2.0,2.3333333333333335,2021-07
bomber jacket,14.201906704040884,2021-08,1.0,17.872285225504253,13.889536629482096,13.38144856925804,15.047756808081465,3.982748596022157,0.2867445259166046,1.0,1.0,1.0,1.0,8,-0.8660254037844385,-0.5000000000000004,0,0,0,0,0,0,1,2.6666666666666665,2.5,2021-08
bomber jacket,41.7813859597693,2021-09,2.0,14.201906704040884,17.872285225504253,13.889536629482096,15.321242853009077,-3.6703785214633697,-0.2053670515634809,2.0,1.0,1.0,1.3333333333333333,9,-1.0,-1.8369701987210297e-16,0,0,0,0,0,0,1,3.0,2.5,2021-09
bomber jacket,38.95325060811624,2021-10,3.0,41.7813859597693,14.201906704040884,17.872285225504253,24.618525963104815,27.57947925572842,1.9419560929717417,3.0,2.0,1.0,2.0,10,-0.8660254037844386,0.5000000000000001,0,0,0,0,0,0,1,2.6666666666666665,2.3333333333333335,2021-10
bomber jacket,46.12356736406094,2021-11,3.0,38.95325060811624,41.7813859597693,14.201906704040884,31.64551442397548,-2.82813535165306,-0.06768888313988031,3.0,3.0,2.0,2.6666666666666665,11,-0.5000000000000004,0.8660254037844384,0,0,0,0,0,0,1,2.3333333333333335,2.1666666666666665,2021-11
bomber jacket,11.715694988526518,2021-12,3.0,46.12356736406094,38.95325060811624,41.7813859597693,42.2860679773155,7.170316755944697,0.1840749268419386,3.0,3.0,3.0,3.0,12,-2.4492935982947064e-16,1.0,0,0,0,0,0,0,1,2.0,1.8333333333333333,2021-12
bomber jacket,1.2,2022-01,2.0,11.715694988526518,46.12356736406094,38.95325060811624,32.264170986901235,-34.407872375534424,-0.7459933032488011,2.0,3.0,3.0,2.6666666666666665,1,0.49999999999999994,0.8660254037844387,0,0,0,0,0,0,1,2.0,1.6666666666666667,2022-01
bomber jacket,4.979062935186455,2022-02,2.0,1.2,11.715694988526518,46.12356736406094,19.679754117529153,-10.51569498852652,-0.897573297941335,2.0,2.0,3.0,2.3333333333333335,2,0.8660254037844386,0.5000000000000001,0,0,0,0,0,0,1,2.0,1.5,2022-02
bomber jacket,1.2,2022-03,2.0,4.979062935186455,1.2,11.715694988526518,5.964919307904324,3.779062935186455,3.1492191126553797,2.0,2.0,2.0,2.0,3,1.0,6.123233995736766e-17,0,0,0,0,0,0,1,1.6666666666666667,1.5,2022-03
bomber jacket,1.2,2022-04,2.0,1.2,4.979062935186455,1.2,2.459687645062152,-3.779062935186455,-0.7589907949305601,2.0,2.0,2.0,2.0,4,0.8660254037844387,-0.4999999999999998,0,0,0,0,0,0,1,1.3333333333333333,1.6666666666666667,2022-04
bomber jacket,1.3,2022-05,2.0,1.2,1.2,4.979062935186455,2.459687645062152,0.0,0.0,2.0,2.0,2.0,2.0,5,0.49999999999999994,-0.8660254037844387,0,0,0,0,0,0,1,1.0,1.8333333333333333,2022-05
bomber jacket,0.3,2022-06,1.0,1.3,1.2,1.2,1.2333333333333334,0.10000000000000009,0.08333333333333348,1.0,2.0,2.0,1.6666666666666667,6,1.2246467991473532e-16,-1.0,0,0,0,0,0,0,1,1.3333333333333333,2.1666666666666665,2022-06
bomber jacket,1.5,2022-07,1.0,0.3,1.3,1.2,0.9333333333333332,-1.0,-0.7692307692307693,1.0,1.0,2.0,1.3333333333333333,7,-0.4999999999999997,-0.8660254037844388,0,0,0,0,0,0,1,2.0,2.3333333333333335,2022-07
bomber jacket,1.2,2022-08,1.0,1.5,0.3,1.3,1.0333333333333334,1.2,4.0,1.0,1.0,1.0,1.0,8,-0.8660254037844385,-0.5000000000000004,0,0,0,0,0,0,1,2.6666666666666665,2.5,2022-08
bomber jacket,44.303758571044014,2022-09,2.0,1.2,1.5,0.3,1.0,-0.30000000000000004,-0.20000000000000007,2.0,1.0,1.0,1.3333333333333333,9,-1.0,-1.8369701987210297e-16,0,0,0,0,0,0,1,3.0,2.5,2022-09
bomber jacket,18.040205007534208,2022-10,3.0,44.303758571044014,1.2,1.5,15.66791952368134,43.10375857104401,35.91979880920335,3.0,2.0,1.0,2.0,10,-0.8660254037844386,0.5000000000000001,0,0,0,0,0,0,1,2.6666666666666665,2.3333333333333335,2022-10
bomber jacket,23.946322335238825,2022-11,3.0,18.040205007534208,44.303758571044014,1.2,21.18132119285941,-26.263553563509806,-0.5928064437556568,3.0,3.0,2.0,2.6666666666666665,11,-0.5000000000000004,0.8660254037844384,0,0,0,0,0,0,1,2.3333333333333335,2.1666666666666665,2022-11
bomber jacket,50.430108125786965,2022-12,3.0,23.946322335238825,18.040205007534208,44.303758571044014,28.763428637939015,5.906117327704617,0.3273863753343169,3.0,3.0,3.0,3.0,12,-2.4492935982947064e-16,1.0,0,0,0,0,0,0,1,2.0,1.8333333333333333,2022-12
bomber jacket,2.898970004336019,2023-01,2.0,50.430108125786965,23.946322335238825,18.040205007534208,30.805545156186668,26.48378579054814,1.1059646412416009,2.0,3.0,3.0,2.6666666666666665,1,0.49999999999999994,0.8660254037844387,0,0,0,0,0,0,1,2.0,1.6666666666666667,2023-01
bomber jacket,3.3,2023-02,2.0,2.898970004336019,50.430108125786965,23.946322335238825,25.75846682178727,-47.531138121450944,-0.942515094413338,2.0,2.0,3.0,2.3333333333333335,2,0.8660254037844386,0.5000000000000001,0,0,0,0,0,0,1,2.0,1.6666666666666667,2023-02
bomber jacket,1.9,2023-03,2.0,3.3,2.898970004336019,50.430108125786965,18.876359376707665,0.4010299956639809,0.13833533809047904,2.0,2.0,2.0,2.0,3,1.0,6.123233995736766e-17,0,0,0,0,0,0,1,1.6666666666666667,1.6666666666666667,2023-03
bomber jacket,1.6,2023-04,2.0,1.9,3.3,2.898970004336019,2.699656668112006,-1.4,-0.4242424242424242,2.0,2.0,2.0,2.0,4,0.8660254037844387,-0.4999999999999998,0,0,0,0,0,0,1,1.3333333333333333,1.8333333333333333,2023-04
bomber jacket,14.377121254719665,2023-05,2.0,1.6,1.9,3.3,2.2666666666666666,-0.2999999999999998,-0.1578947368421052,2.0,2.0,2.0,2.0,5,0.49999999999999994,-0.8660254037844387,0,0,0,0,0,0,1,1.3333333333333333,2.0,2023-05
bomber jacket,4.345098040014257,2023-06,1.0,14.377121254719665,1.6,1.9,5.959040418239888,12.777121254719665,7.985700784199789,1.0,2.0,2.0,1.6666666666666667,6,1.2246467991473532e-16,-1.0,0,0,0,0,0,0,1,1.6666666666666667,2.3333333333333335,2023-06
bomber jacket,0.8999999999999999,2023-07,1.0,4.345098040014257,14.377121254719665,1.6,6.7740730982446395,-10.032023214705408,-0.6977769079753804,1.0,1.0,2.0,1.3333333333333333,7,-0.4999999999999997,-0.8660254037844388,0,0,0,0,0,0,1,2.3333333333333335,2.6666666666666665,2023-07
bomber jacket,11.011575005870592,2023-08,2.0,0.8999999999999999,4.345098040014257,14.377121254719665,6.540739764911307,-3.445098040014257,-0.7928700361391507,2.0,1.0,1.0,1.3333333333333333,8,-0.8660254037844385,-0.5000000000000004,0,0,0,0,0,0,1,2.6666666666666665,2.6666666666666665,2023-08
bomber jacket,21.083150363658586,2023-09,2.0,11.011575005870592,0.8999999999999999,4.345098040014257,5.41889101529495,10.111575005870591,11.235083339856214,2.0,2.0,1.0,1.6666666666666667,9,-1.0,-1.8369701987210297e-16,0,0,0,0,0,0,1,3.0,2.6666666666666665,2023-09
bomber jacket,21.61186693337197,2023-10,3.0,21.083150363658586,11.011575005870592,0.8999999999999999,10.998241789843059,10.071575357787994,0.9146353135149643,3.0,2.0,2.0,2.3333333333333335,10,-0.8660254037844386,0.5000000000000001,0,0,0,0,0,0,1,3.0,2.5,2023-10
bomber jacket,40.37453663156057,2023-11,3.0,21.61186693337197,21.083150363658586,11.011575005870592,17.902197434300383,0.5287165697133851,0.02507768339141303,3.0,3.0,2.0,2.6666666666666665,11,-0.5000000000000004,0.8660254037844384,0,0,0,0,0,0,1,2.6666666666666665,2.3333333333333335,2023-11
bomber jacket,26.601388803886238,2023-12,3.0,40.37453663156057,21.61186693337197,21.083150363658586,27.689851309530372,18.762669698188596,0.8681651500091467,3.0,3.0,3.0,3.0,12,-2.4492935982947064e-16,1.0,0,0,0,0,0,0,1,2.3333333333333335,2.0,2023-12
bomber jacket,3.0,2024-01,3.0,26.601388803886238,40.37453663156057,21.61186693337197,29.529264122939594,-13.773147827674329,-0.34113451142143714,3.0,3.0,3.0,3.0,1,0.49999999999999994,0.8660254037844387,0,0,0,0,0,0,1,2.0,1.6666666666666667,2024-01
bomber jacket,1.7999999999999998,2024-02,2.0,3.0,26.601388803886238,40.37453663156057,23.32530847848227,-23.601388803886238,-0.8872239332270605,2.0,3.0,3.0,2.6666666666666665,2,0.8660254037844386,0.5000000000000001,0,0,0,0,0,0,1,2.0,1.6666666666666667,2024-02
bomber jacket,1.2,2024-03,2.0,1.7999999999999998,3.0,26.601388803886238,10.467129601295413,-1.2000000000000002,-0.4,2.0,2.0,3.0,2.3333333333333335,3,1.0,6.123233995736766e-17,0,0,0,0,0,0,1,1.6666666666666667,1.6666666666666667,2024-03
bomber jacket,3.579181246047625,2024-04,2.0,1.2,1.7999999999999998,3.0,2.0,-0.5999999999999999,-0.33333333333333326,2.0,2.0,2.0,2.0,4,0.8660254037844387,-0.4999999999999998,0,0,0,0,0,0,1,1.3333333333333333,1.8333333333333333,2024-04
bomber jacket,6.3,2024-05,2.0,3.579181246047625,1.2,1.7999999999999998,2.1930604153492084,2.379181246047625,1.982651038373021,2.0,2.0,2.0,2.0,5,0.49999999999999994,-0.8660254037844387,0,0,0,0,0,0,1,1.3333333333333333,2.1666666666666665,2024-05
bomber jacket,2.7,2024-06,1.0,6.3,3.579181246047625,1.2,3.6930604153492084,2.7208187539523747,0.760179093181405,1.0,2.0,2.0,1.6666666666666667,6,1.2246467991473532e-16,-1.0,0,0,0,0,0,0,1,1.6666666666666667,2.6666666666666665,2024-06
bomber jacket,1.7999999999999998,2024-07,1.0,2.7,6.3,3.579181246047625,4.193060415349208,-3.5999999999999996,-0.5714285714285714,1.0,1.0,2.0,1.3333333333333333,7,-0.4999999999999997,-0.8660254037844388,0,0,0,0,0,0,1,2.3333333333333335,3.0,2024-07
bomber jacket,2.554242509439325,2024-08,2.0,1.7999999999999998,2.7,6.3,3.6,-0.9000000000000004,-0.3333333333333335,2.0,1.0,1.0,1.3333333333333333,8,-0.8660254037844385,-0.5000000000000004,0,0,0,0,0,0,1,3.0,3.0,2024-08
bomber jacket,77.03591149946182,2024-09,2.0,2.554242509439325,1.7999999999999998,2.7,2.351414169813108,0.754242509439325,0.4190236163551806,2.0,2.0,1.0,1.6666666666666667,9,-1.0,-1.8369701987210297e-16,0,0,0,0,0,0,1,3.6666666666666665,3.1666666666666665,2024-09
bomber jacket,43.090512348431794,2024-10,3.0,77.03591149946182,2.554242509439325,1.7999999999999998,27.130051336300383,74.4816689900225,29.15998332764878,3.0,2.0,2.0,2.3333333333333335,10,-0.8660254037844386,0.5000000000000001,0,0,0,0,0,0,1,3.6666666666666665,3.0,2024-10
bomber jacket,29.44820900721208,2024-11,4.0,43.090512348431794,77.03591149946182,2.554242509439325,40.89355545244431,-33.945399151030024,-0.44064383078361025,4.0,3.0,2.0,3.0,11,-0.5000000000000004,0.8660254037844384,0,0,0,0,0,0,1,3.0,2.6666666666666665,2024-11
bomber jacket,48.25045113358945,2024-12,4.0,29.44820900721208,43.090512348431794,77.03591149946182,49.85821095170189,-13.642303341219716,-0.3165964523908986,4.0,4.0,3.0,3.6666666666666665,12,-2.4492935982947064e-16,1.0,0,0,0,0,0,0,1,2.6666666666666665,2.3333333333333335,2024-12
bomber jacket,22.1,2025-01,3.0,48.25045113358945,29.44820900721208,43.090512348431794,40.26305749641111,18.802242126377372,0.6384850814449383,3.0,4.0,4.0,3.6666666666666665,1,0.49999999999999994,0.8660254037844387,0,0,0,0,0,0,1,2.3333333333333335,2.1666666666666665,2025-01
bomber jacket,1.2,2025-02,2.0,22.1,48.25045113358945,29.44820900721208,33.266220046933846,-26.15045113358945,-0.5419731944306085,2.0,3.0,4.0,3.0,2,0.8660254037844386,0.5000000000000001,0,0,0,0,0,0,1,2.3333333333333335,2.3333333333333335,2025-02
bomber jacket,15.348356110949352,2025-03,3.0,1.2,22.1,48.25045113358945,23.850150377863148,-20.900000000000002,-0.9457013574660633,3.0,2.0,3.0,2.6666666666666665,3,1.0,6.123233995736766e-17,0,0,0,0,0,0,1,2.0,2.3333333333333335,2025-03
bomber jacket,11.403089986991944,2025-04,2.0,15.348356110949352,1.2,22.1,12.88278537031645,14.148356110949353,11.79029675912446,2.0,3.0,2.0,2.3333333333333335,4,0.8660254037844387,-0.4999999999999998,0,0,0,0,0,0,1,2.0,2.6666666666666665,2025-04
bomber jacket,13.2,2025-05,2.0,11.403089986991944,15.348356110949352,1.2,9.317148699313764,-3.945266123957408,-0.2570481226418051,2.0,2.0,3.0,2.3333333333333335,5,0.49999999999999994,-0.8660254037844387,0,0,0,0,0,0,1,2.3333333333333335,3.0,2025-05
bomber jacket,29.954198498986763,2025-06,2.0,13.2,11.403089986991944,15.348356110949352,13.317148699313764,1.7969100130080555,0.15758097279403027,2.0,2.0,2.0,2.0,6,1.2246467991473532e-16,-1.0,0,0,0,0,0,0,1,2.6666666666666665,3.3333333333333335,2025-06
bomber jacket,5.5,2025-07,2.0,29.954198498986763,13.2,11.403089986991944,18.185762828659566,16.754198498986764,1.2692574620444517,2.0,2.0,2.0,2.0,7,-0.4999999999999997,-0.8660254037844388,0,0,0,0,0,0,1,3.3333333333333335,3.5,2025-07
bomber jacket,7.641392685158225,2025-08,3.0,5.5,29.954198498986763,13.2,16.21806616632892,-24.454198498986763,-0.816386340626472,3.0,2.0,2.0,2.3333333333333335,8,-0.8660254037844385,-0.5000000000000004,0,0,0,0,0,0,1,3.6666666666666665,3.6,2025-08
bomber jacket,51.94584603088036,2025-09,3.0,7.641392685158225,5.5,29.954198498986763,14.365197061381663,2.141392685158225,0.3893441245742226,3.0,3.0,2.0,2.6666666666666665,9,-1.0,-1.8369701987210297e-16,0,0,0,0,0,0,1,4.0,3.75,2025-09
bomber jacket,34.07463768917119,2025-10,4.0,51.94584603088036,7.641392685158225,5.5,21.69574623867953,44.30445334572214,5.7979553166759885,4.0,3.0,3.0,3.3333333333333335,10,-0.8660254037844386,0.5000000000000001,0,0,0,0,0,0,1,3.6666666666666665,3.6666666666666665,2025-10
boots,2.414973347970818,2021-06,35.0,6.116292015609667,6.116292015609667,9.660360059959942,7.297648030393091,0.0,0.0,35.0,76.5,75.8,62.43333333333334,6,1.2246467991473532e-16,-1.0,0,1,0,0,0,0,0,72.61666666666666,64.45833333333333,2021-06
boots,1.0,2021-09,54.5,2.414973347970818,6.116292015609667,6.116292015609667,4.882519126396717,-3.7013186676388488,-0.6051572845430769,54.5,35.0,76.5,55.333333333333336,9,-1.0,-1.8369701987210297e-16,0,1,0,0,0,0,0,82.95,64.45833333333333,2021-09
boots,3.0,2021-10,72.6,1.0,2.414973347970818,6.116292015609667,3.177088454526828,-1.4149733479708182,-0.585916755213779,72.6,54.5,35.0,54.03333333333333,10,-0.8660254037844386,0.5000000000000001,0,1,0,0,0,0,0,72.08333333333333,64.05833333333332,2021-10
boots,3.0,2021-11,90.75,3.0,1.0,2.414973347970818,2.138324449323606,2.0,2.0,90.75,72.6,54.5,72.61666666666666,11,-0.5000000000000004,0.8660254037844384,0,1,0,0,0,0,0,56.300000000000004,62.975,2021-11
boots,1.0,2021-12,85.5,3.0,3.0,1.0,2.3333333333333335,0.0,0.0,85.5,90.75,72.6,82.95,12,-2.4492935982947064e-16,1.0,0,1,0,0,0,0,0,45.96666666666667,61.925000000000004,2021-12
boots,0.3,2023-06,40.0,1.0,3.0,3.0,2.3333333333333335,-2.0,-0.6666666666666667,40.0,85.5,90.75,72.08333333333333,6,1.2246467991473532e-16,-1.0,0,1,0,0,0,0,0,56.03333333333334,64.84166666666667,2023-06
boots,1.845098040014257,2023-07,43.4,0.3,1.0,3.0,1.4333333333333333,-0.7,-0.7,43.4,40.0,85.5,56.300000000000004,7,-0.4999999999999997,-0.8660254037844388,0,1,0,0,0,0,0,69.64999999999999,64.44166666666666,2023-07
boots,8.4,2023-09,54.5,1.845098040014257,0.3,1.0,1.0483660133380857,1.5450980400142569,5.150326800047523,54.5,43.4,40.0,45.96666666666667,9,-1.0,-1.8369701987210297e-16,0,1,0,0,0,0,0,77.88333333333333,68.31666666666666,2023-09
boots,7.703089986991944,2023-10,70.2,8.4,1.845098040014257,0.3,3.515032680004752,6.554901959985743,3.552603611207074,70.2,54.5,43.4,56.03333333333333,10,-0.8660254037844386,0.5000000000000001,0,1,0,0,0,0,0,73.64999999999999,69.95,2023-10
boots,6.8,2023-11,84.25,7.703089986991944,8.4,1.845098040014257,5.9827293423354,-0.6969100130080568,-0.08296547773905438,84.25,70.2,54.5,69.64999999999999,11,-0.5000000000000004,0.8660254037844384,0,1,0,0,0,0,0,59.23333333333333,66.03333333333333,2023-11
boots,4.4,2023-12,79.2,6.8,7.703089986991944,8.4,7.634363328997314,-0.9030899869919438,-0.11723736689003683,79.2,84.25,70.2,77.88333333333333,12,-2.4492935982947064e-16,1.0,0,1,0,0,0,0,0,58.75,61.166666666666664,2023-12
boots,1.0,2024-01,57.5,4.4,6.8,7.703089986991944,6.301029995663981,-2.3999999999999995,-0.3529411764705882,57.5,79.2,84.25,73.64999999999999,1,0.49999999999999994,0.8660254037844387,0,1,0,0,0,0,0,66.25,58.550000000000004,2024-01
boots,2.0,2024-03,41.0,1.0,4.4,6.8,4.066666666666666,-3.4000000000000004,-0.7727272727272727,41.0,57.5,79.2,59.23333333333333,3,1.0,6.123233995736766e-17,0,1,0,0,0,0,0,72.83333333333333,60.31666666666667,2024-03
boots,4.0,2024-11,77.75,2.0,1.0,4.4,2.466666666666667,1.0,1.0,77.75,41.0,57.5,58.75,11,-0.5000000000000004,0.8660254037844384,0,1,0,0,0,0,0,63.583333333333336,57.10833333333334,2024-11
boots,2.0,2024-12,80.0,4.0,2.0,1.0,2.3333333333333335,2.0,1.0,80.0,77.75,41.0,66.25,12,-2.4492935982947064e-16,1.0,0,1,0,0,0,0,0,50.85,56.9,2024-12
boots,8.0,2025-01,60.75,2.0,4.0,2.0,2.6666666666666665,-2.0,-0.5,60.75,80.0,77.75,72.83333333333333,1,0.49999999999999994,0.8660254037844387,0,1,0,0,0,0,0,47.800000000000004,61.708333333333336,2025-01
boots,6.0,2025-02,50.0,8.0,2.0,4.0,4.666666666666667,6.0,3.0,50.0,60.75,80.0,63.583333333333336,2,0.8660254037844386,0.5000000000000001,0,1,0,0,0,0,0,50.63333333333333,67.16666666666667,2025-02
boots,12.343233268219349,2025-06,41.8,6.0,8.0,2.0,5.333333333333333,-2.0,-0.25,41.8,50.0,60.75,50.85,6,1.2246467991473532e-16,-1.0,0,1,0,0,0,0,0,62.949999999999996,69.89892473118279,2025-06
boots,2.0,2025-08,51.6,12.343233268219349,6.0,8.0,8.781077756073117,6.343233268219349,1.057205544703225,51.6,41.8,50.0,47.800000000000004,8,-0.8660254037844385,-0.5000000000000004,0,1,0,0,0,0,0,75.61666666666666,71.12630568356376,2025-08
boots,5.638764005203222,2025-09,58.5,2.0,12.343233268219349,6.0,6.781077756073117,-10.343233268219349,-0.8379679005865112,58.5,51.6,41.8,50.63333333333333,9,-1.0,-1.8369701987210297e-16,0,1,0,0,0,0,0,83.7,70.28490783410139,2025-09
boots,8.077528010406445,2025-10,78.75,5.638764005203222,2.0,12.343233268219349,6.660665757807524,3.638764005203222,1.819382002601611,78.75,58.5,51.6,62.95000000000001,10,-0.8660254037844386,0.5000000000000001,0,1,0,0,0,0,0,76.84784946236559,68.59188940092166,2025-10
boots,10.602059991327964,2025-11,89.6,8.077528010406445,5.638764005203222,2.0,5.238764005203222,2.4387640052032227,0.43249974692199045,89.6,78.75,58.5,75.61666666666667,11,-0.5000000000000004,0.8660254037844384,0,1,0,0,0,0,0,66.63594470046083,63.33986175115207,2025-11
boots,52.0,2025-12,82.75,10.602059991327964,8.077528010406445,5.638764005203222,8.106117335645877,2.5245319809215196,0.31253769441209167,82.75,89.6,78.75,83.7,12,-2.4492935982947064e-16,1.0,0,1,0,0,0,0,0,56.86981566820276,56.86981566820276,2025-12
brown,4.973127853599698,2020-04,11.0,69.2516272620099,2.0,40.1956376081686,37.1490882900595,67.2516272620099,33.62581363100495,11.0,11.0,11.0,11.0,4,0.8660254037844387,-0.4999999999999998,0,0,1,0,0,0,0,12.333333333333334,12.166666666666666,2020-04
brown,73.2516272620099,2020-05,13.0,4.973127853599698,69.2516272620099,2.0,25.4082517052032,-64.27849940841021,-0.9281875668454096,13.0,11.0,11.0,11.666666666666666,5,0.49999999999999994,-0.8660254037844387,0,0,1,0,0,0,0,12.0,12.0,2020-05
brown,32.75495965817733,2020-06,12.0,73.2516272620099,4.973127853599698,69.2516272620099,49.15879412587316,68.27849940841021,13.729488044227175,12.0,13.0,11.0,12.0,6,1.2246467991473532e-16,-1.0,0,0,1,0,0,0,0,12.0,12.0,2020-06
brown,34.1956376081686,2020-07,12.0,32.75495965817733,73.2516272620099,4.973127853599698,36.99323825792897,-40.49666760383258,-0.5528432489148967,12.0,12.0,13.0,12.333333333333334,7,-0.4999999999999997,-0.8660254037844388,0,0,1,0,0,0,0,12.0,11.833333333333334,2020-07
brown,43.38757244716998,2020-08,12.0,34.1956376081686,32.75495965817733,73.2516272620099,46.734074842785276,1.4406779499912759,0.04398350555231434,12.0,12.0,12.0,12.0,8,-0.8660254037844385,-0.5000000000000004,0,0,1,0,0,0,0,12.0,11.666666666666666,2020-08
brown,71.87740693368895,2020-09,12.0,43.38757244716998,34.1956376081686,32.75495965817733,36.7793899045053,9.191934839001377,0.26880431195134724,12.0,12.0,12.0,12.0,9,-1.0,-1.8369701987210297e-16,0,0,1,0,0,0,0,12.0,11.5,2020-09
brown,88.78008995481079,2020-10,12.0,71.87740693368895,43.38757244716998,34.1956376081686,49.820205663009176,28.489834486518966,0.656635826335042,12.0,12.0,12.0,12.0,10,-0.8660254037844386,0.5000000000000001,0,0,1,0,0,0,0,11.666666666666666,11.333333333333334,2020-10
brown,228.13922356004255,2020-11,12.0,88.78008995481079,71.87740693368895,43.38757244716998,68.0150231118899,16.902683021121845,0.23515988879114058,12.0,12.0,12.0,12.0,11,-0.5000000000000004,0.8660254037844384,0,0,1,0,0,0,0,11.333333333333334,11.166666666666666,2020-11
brown,41.854366133387,2020-12,12.0,228.13922356004255,88.78008995481079,71.87740693368895,129.59890681618074,139.35913360523176,1.5697115611863626,12.0,12.0,12.0,12.0,12,-2.4492935982947064e-16,1.0,0,0,1,0,0,0,0,11.0,11.0,2020-12
brown,2.903089986991944,2021-02,11.0,41.854366133387,228.13922356004255,88.78008995481079,119.59122654941346,-186.28485742665555,-0.8165402446792688,11.0,12.0,12.0,11.666666666666666,2,0.8660254037844386,0.5000000000000001,0,0,1,0,0,0,0,11.0,11.0,2021-02
brown,7.183605757994116,2021-03,11.0,2.903089986991944,41.854366133387,228.13922356004255,90.96555989347384,-38.95127614639506,-0.9306383000105654,11.0,11.0,12.0,11.333333333333334,3,1.0,6.123233995736766e-17,0,0,1,0,0,0,0,11.0,11.0,2021-03
brown,9.010299956639813,2021-04,11.0,7.183605757994116,2.903089986991944,41.854366133387,17.31368729279102,4.280515771002172,1.4744688556614314,11.0,11.0,11.0,11.0,4,0.8660254037844387,-0.4999999999999998,0,0,1,0,0,0,0,11.0,11.166666666666666,2021-04
brown,4.2718416065365,2021-05,11.0,9.010299956639813,7.183605757994116,2.903089986991944,6.365665233875291,1.8266941986456962,0.2542865324440864,11.0,11.0,11.0,11.0,5,0.49999999999999994,-0.8660254037844387,0,0,1,0,0,0,0,11.0,11.333333333333334,2021-05
brown,8.142758522153724,2021-06,11.0,4.2718416065365,9.010299956639813,7.183605757994116,6.821915773723476,-4.738458350103312,-0.5258935188513316,11.0,11.0,11.0,11.0,6,1.2246467991473532e-16,-1.0,0,0,1,0,0,0,0,11.0,11.5,2021-06
brown,6.318063334962762,2021-07,11.0,8.142758522153724,4.2718416065365,9.010299956639813,7.141633361776679,3.870916915617223,0.906147107536523,11.0,11.0,11.0,11.0,7,-0.4999999999999997,-0.8660254037844388,0,0,1,0,0,0,0,11.333333333333334,11.5,2021-07
brown,9.159994838328416,2021-08,11.0,6.318063334962762,8.142758522153724,4.2718416065365,6.244221154550995,-1.8246951871909616,-0.2240880878668544,11.0,11.0,11.0,11.0,8,-0.8660254037844385,-0.5000000000000004,0,0,1,0,0,0,0,11.666666666666666,11.666666666666666,2021-08
brown,24.095425424803693,2021-09,11.0,9.159994838328416,6.318063334962762,8.142758522153724,7.8736055651483,2.841931503365654,0.4498105436264044,11.0,11.0,11.0,11.0,9,-1.0,-1.8369701987210297e-16,0,0,1,0,0,0,0,12.0,11.833333333333334,2021-09
brown,13.971081250904566,2021-10,12.0,24.095425424803693,9.159994838328416,6.318063334962762,13.191161199364956,14.935430586475277,1.6305064413334107,12.0,11.0,11.0,11.333333333333334,10,-0.8660254037844386,0.5000000000000001,0,0,1,0,0,0,0,11.666666666666666,12.0,2021-10
brown,33.59658698839425,2021-11,12.0,13.971081250904566,24.095425424803693,9.159994838328416,15.742167171345558,-10.124344173899127,-0.4201770251160283,12.0,12.0,11.0,11.666666666666666,11,-0.5000000000000004,0.8660254037844384,0,0,1,0,0,0,0,11.666666666666666,12.166666666666666,2021-11
brown,15.004152638531409,2021-12,12.0,33.59658698839425,13.971081250904566,24.095425424803693,23.887697888034168,19.625505737489682,1.4047234702195306,12.0,12.0,12.0,12.0,12,-2.4492935982947064e-16,1.0,0,0,1,0,0,0,0,11.666666666666666,12.166666666666666,2021-12
brown,0.6,2022-02,11.0,15.004152638531409,33.59658698839425,13.971081250904566,20.857273625943407,-18.59243434986284,-0.5534024737776337,11.0,12.0,12.0,11.666666666666666,2,0.8660254037844386,0.5000000000000001,0,0,1,0,0,0,0,12.333333333333334,12.333333333333334,2022-02
brown,1.845098040014257,2022-04,12.0,0.6,15.004152638531409,33.59658698839425,16.400246542308555,-14.404152638531409,-0.9600110706379266,12.0,11.0,12.0,11.666666666666666,4,0.8660254037844387,-0.4999999999999998,0,0,1,0,0,0,0,12.666666666666666,12.333333333333334,2022-04
brown,3.981241237375587,2022-05,12.0,1.845098040014257,0.6,15.004152638531409,5.816416892848555,1.2450980400142568,2.0751634000237615,12.0,12.0,11.0,11.666666666666666,5,0.49999999999999994,-0.8660254037844387,0,0,1,0,0,0,0,12.666666666666666,12.333333333333334,2022-05
brown,27.902059991327963,2022-06,13.0,3.981241237375587,1.845098040014257,0.6,2.142113092463281,2.13614319736133,1.1577396707574543,13.0,12.0,12.0,12.333333333333334,6,1.2246467991473532e-16,-1.0,0,0,1,0,0,0,0,12.333333333333334,12.166666666666666,2022-06
brown,1.845098040014257,2022-07,13.0,27.902059991327963,3.981241237375587,1.845098040014257,11.24279975623927,23.920818753952375,6.008382142078095,13.0,13.0,12.0,12.666666666666666,7,-0.4999999999999997,-0.8660254037844388,0,0,1,0,0,0,0,12.0,12.0,2022-07
brown,1.7781512503836436,2022-08,12.0,1.845098040014257,27.902059991327963,3.981241237375587,11.24279975623927,-26.056961951313706,-0.9338723362867215,12.0,13.0,13.0,12.666666666666666,8,-0.8660254037844385,-0.5000000000000004,0,0,1,0,0,0,0,12.0,12.0,2022-08
brown,38.60706452975697,2022-09,12.0,1.7781512503836436,1.845098040014257,27.902059991327963,10.508436427241955,-0.06694678963061329,-0.03628359478941079,12.0,12.0,13.0,12.333333333333334,9,-1.0,-1.8369701987210297e-16,0,0,1,0,0,0,0,12.0,11.833333333333334,2022-09
brown,43.32027655302668,2022-10,12.0,38.60706452975697,1.7781512503836436,1.845098040014257,14.076771273384956,36.828913279373324,20.711912595414667,12.0,12.0,12.0,12.0,10,-0.8660254037844386,0.5000000000000001,0,0,1,0,0,0,0,12.0,11.666666666666666,2022-10
brown,13.907495714126132,2022-11,12.0,43.32027655302668,38.60706452975697,1.7781512503836436,27.901830777722427,4.713212023269712,0.1220815951867289,12.0,12.0,12.0,12.0,11,-0.5000000000000004,0.8660254037844384,0,0,1,0,0,0,0,12.0,11.5,2022-11
brown,22.44316340858306,2022-12,12.0,13.907495714126132,43.32027655302668,38.60706452975697,31.944945598969927,-29.41278083890055,-0.6789610588680683,12.0,12.0,12.0,12.0,12,-2.4492935982947064e-16,1.0,0,0,1,0,0,0,0,11.666666666666666,11.333333333333334,2022-12
brown,1.4771212547196624,2023-01,12.0,22.44316340858306,13.907495714126132,43.32027655302668,26.556978558578624,8.53566769445693,0.6137458439614742,12.0,12.0,12.0,12.0,1,0.49999999999999994,0.8660254037844387,0,0,1,0,0,0,0,11.333333333333334,11.333333333333334,2023-01
brown,2.672097857935717,2023-04,12.0,1.4771212547196624,22.44316340858306,13.907495714126132,12.609260125809618,-20.9660421538634,-0.9341839103593231,12.0,12.0,12.0,12.0,4,0.8660254037844387,-0.4999999999999998,0,0,1,0,0,0,0,11.0,11.333333333333334,2023-04
brown,1.4771212547196624,2023-05,11.0,2.672097857935717,1.4771212547196624,22.44316340858306,8.86412750707948,1.1949766032160547,0.8089901891248901,11.0,12.0,12.0,11.666666666666666,5,0.49999999999999994,-0.8660254037844387,0,0,1,0,0,0,0,11.0,11.5,2023-05
brown,2.679181246047625,2023-06,11.0,1.4771212547196624,2.672097857935717,1.4771212547196624,1.8754467891250142,-1.1949766032160547,-0.44720540442303003,11.0,11.0,12.0,11.333333333333334,6,1.2246467991473532e-16,-1.0,0,0,1,0,0,0,0,11.333333333333334,11.5,2023-06
brown,4.57415784926368,2023-08,11.0,2.679181246047625,1.4771212547196624,2.672097857935717,2.2761334529010013,1.2020599913279628,0.8137855896983199,11.0,11.0,11.0,11.0,8,-0.8660254037844385,-0.5000000000000004,0,0,1,0,0,0,0,11.666666666666666,11.666666666666666,2023-08
brown,10.9234155330615,2023-09,11.0,4.57415784926368,2.679181246047625,1.4771212547196624,2.910153450010322,1.894976603216055,0.7072969049822806,11.0,11.0,11.0,11.0,9,-1.0,-1.8369701987210297e-16,0,0,1,0,0,0,0,12.0,11.833333333333334,2023-09
brown,15.619552288568585,2023-10,12.0,10.9234155330615,4.57415784926368,2.679181246047625,6.058918209457602,6.349257683797819,1.3880713987209434,12.0,11.0,11.0,11.333333333333334,10,-0.8660254037844386,0.5000000000000001,0,0,1,0,0,0,0,11.666666666666666,11.833333333333334,2023-10
brown,10.618041354532378,2023-11,12.0,15.619552288568585,10.9234155330615,4.57415784926368,10.372375223631254,4.696136755507085,0.42991468568539415,12.0,12.0,11.0,11.666666666666666,11,-0.5000000000000004,0.8660254037844384,0,0,1,0,0,0,0,11.666666666666666,11.833333333333334,2023-11
brown,25.10893732011144,2023-12,12.0,10.618041354532378,15.619552288568585,10.9234155330615,12.387003058720822,-5.001510934036206,-0.3202083415474489,12.0,12.0,12.0,12.0,12,-2.4492935982947064e-16,1.0,0,0,1,0,0,0,0,11.666666666666666,12.0,2023-12
brown,2.0,2024-01,11.0,25.10893732011144,10.618041354532378,15.619552288568585,17.1155103210708,14.490895965579062,1.3647428449121204,11.0,12.0,12.0,11.666666666666666,1,0.49999999999999994,0.8660254037844387,0,0,1,0,0,0,0,12.0,12.5,2024-01
brown,0.8999999999999999,2024-02,12.0,2.0,25.10893732011144,10.618041354532378,12.575659558214605,-23.10893732011144,-0.9203470869952722,12.0,11.0,12.0,11.666666666666666,2,0.8660254037844386,0.5000000000000001,0,0,1,0,0,0,0,12.0,12.833333333333334,2024-02
brown,5.112913356642856,2024-05,12.0,0.8999999999999999,2.0,25.10893732011144,9.336312440037146,-1.1,-0.55,12.0,12.0,11.0,11.666666666666666,5,0.49999999999999994,-0.8660254037844387,0,0,1,0,0,0,0,12.333333333333334,13.0,2024-05
brown,2.3781512503836435,2024-07,12.0,5.112913356642856,0.8999999999999999,2.0,2.6709711188809533,4.212913356642856,4.681014840714285,12.0,12.0,12.0,12.0,7,-0.4999999999999997,-0.8660254037844388,0,0,1,0,0,0,0,13.0,13.166666666666666,2024-07
brown,18.69753610001109,2024-09,12.0,2.3781512503836435,5.112913356642856,0.8999999999999999,2.7970215356755013,-2.734762106259213,-0.5348735477213055,12.0,12.0,12.0,12.0,9,-1.0,-1.8369701987210297e-16,0,0,1,0,0,0,0,13.666666666666666,13.333333333333334,2024-09
brown,22.329273686066543,2024-10,13.0,18.69753610001109,2.3781512503836435,5.112913356642856,8.729533569012531,16.319384849627447,6.862214859965194,13.0,12.0,12.0,12.333333333333334,10,-0.8660254037844386,0.5000000000000001,0,0,1,0,0,0,0,13.666666666666666,13.333333333333334,2024-10
brown,11.018555056863596,2024-11,14.0,22.329273686066543,18.69753610001109,2.3781512503836435,14.468320345487092,3.631737586055454,0.19423615853071152,14.0,13.0,12.0,13.0,11,-0.5000000000000004,0.8660254037844384,0,0,1,0,0,0,0,13.333333333333334,13.166666666666666,2024-11
brown,28.604063598076383,2024-12,14.0,11.018555056863596,22.329273686066543,18.69753610001109,17.348454947647074,-11.310718629202947,-0.5065421647037642,14.0,14.0,13.0,13.666666666666666,12,-2.4492935982947064e-16,1.0,0,0,1,0,0,0,0,13.0,12.833333333333334,2024-12
brown,2.9,2025-01,13.0,28.604063598076383,11.018555056863596,22.329273686066543,20.650630780335508,17.58550854121279,1.5959904407119656,13.0,14.0,14.0,13.666666666666666,1,0.49999999999999994,0.8660254037844387,0,0,1,0,0,0,0,13.0,12.833333333333334,2025-01
brown,15.0,2025-02,13.0,2.9,28.604063598076383,11.018555056863596,14.174206218313328,-25.704063598076385,-0.8986158036582248,13.0,13.0,14.0,13.333333333333334,2,0.8660254037844386,0.5000000000000001,0,0,1,0,0,0,0,13.0,13.333333333333334,2025-02
brown,1.0,2025-03,13.0,15.0,2.9,28.604063598076383,15.501354532692128,12.1,4.172413793103448,13.0,13.0,13.0,13.0,3,1.0,6.123233995736766e-17,0,0,1,0,0,0,0,12.666666666666666,13.833333333333334,2025-03
brown,2.0,2025-04,13.0,1.0,15.0,2.9,6.300000000000002,-14.0,-0.9333333333333333,13.0,13.0,13.0,13.0,4,0.8660254037844387,-0.4999999999999998,0,0,1,0,0,0,0,12.666666666666666,14.333333333333334,2025-04
brown,1.3,2025-05,13.0,2.0,1.0,15.0,6.000000000000003,1.0,1.0,13.0,13.0,13.0,13.0,5,0.49999999999999994,-0.8660254037844387,0,0,1,0,0,0,0,13.666666666666666,15.333333333333334,2025-05
brown,82.65441785975848,2025-06,12.0,1.3,2.0,1.0,1.4333333333333356,-0.7,-0.35,12.0,13.0,13.0,12.666666666666666,6,1.2246467991473532e-16,-1.0,0,0,1,0,0,0,0,15.0,16.5,2025-06
brown,15.370367016105558,2025-07,13.0,82.65441785975848,1.3,2.0,28.6514726199195,81.35441785975848,62.580321430583446,13.0,12.0,13.0,12.666666666666666,7,-0.4999999999999997,-0.8660254037844388,0,0,1,0,0,0,0,16.0,16.833333333333332,2025-07
brown,57.06384701893007,2025-08,16.0,15.370367016105558,82.65441785975848,1.3,33.108261625288016,-67.28405084365292,-0.8140405871325016,16.0,13.0,12.0,13.666666666666666,8,-0.8660254037844385,-0.5000000000000004,0,0,1,0,0,0,0,17.0,17.0,2025-08
brown,10.480833729342876,2025-09,16.0,57.06384701893007,15.370367016105558,82.65441785975848,51.696210631598035,41.693480002824515,2.7125884475716657,16.0,16.0,13.0,15.0,9,-1.0,-1.8369701987210297e-16,0,0,1,0,0,0,0,18.0,17.25,2025-09
brown,33.10976132202674,2025-10,16.0,10.480833729342876,57.06384701893007,15.370367016105558,27.63834925479284,-46.58301328958719,-0.8163314554333145,16.0,16.0,16.0,16.0,10,-0.8660254037844386,0.5000000000000001,0,0,1,0,0,0,0,17.666666666666668,17.666666666666668,2025-10
burgundy,10.63295163424893,2020-10,5.0,6.641739615930569,8.978875531903016,1.6020599913279625,5.740891713053849,-2.337135915972447,-0.2602927179097566,5.0,5.0,5.0,5.0,10,-0.8660254037844386,0.5000000000000001,0,0,1,0,0,0,0,5.0,5.333333333333333,2020-10
burgundy,11.974523776602444,2020-11,5.0,10.63295163424893,6.641739615930569,8.978875531903016,8.751188927360838,3.99121201831836,0.6009287098134988,5.0,5.0,5.0,5.0,11,-0.5000000000000004,0.8660254037844384,0,0,1,0,0,0,0,5.0,5.333333333333333,2020-11
burgundy,7.467758834965906,2020-12,5.0,11.974523776602444,10.63295163424893,6.641739615930569,9.749738342260649,1.341572142353515,0.1261711882552241,5.0,5.0,5.0,5.0,12,-2.4492935982947064e-16,1.0,0,0,1,0,0,0,0,5.333333333333333,5.333333333333333,2020-12
burgundy,2.255272505103306,2021-04,5.0,7.467758834965906,11.974523776602444,10.63295163424893,10.025078081939093,-4.506764941636538,-0.3763627703042778,5.0,5.0,5.0,5.0,4,0.8660254037844387,-0.4999999999999998,0,0,1,0,0,0,0,5.666666666666667,5.166666666666667,2021-04
burgundy,2.834073403221112,2021-09,5.0,2.255272505103306,7.467758834965906,11.974523776602444,7.232518372223885,-5.2124863298626,-0.6979987496993665,5.0,5.0,5.0,5.0,9,-1.0,-1.8369701987210297e-16,0,0,1,0,0,0,0,5.666666666666667,5.0,2021-09
burgundy,4.306598070713049,2021-10,6.0,2.834073403221112,2.255272505103306,7.467758834965906,4.185701581096775,0.5788008981178061,0.25664344189364074,6.0,5.0,5.0,5.333333333333333,10,-0.8660254037844386,0.5000000000000001,0,0,1,0,0,0,0,5.333333333333333,4.833333333333333,2021-10
burgundy,1.845098040014257,2021-11,6.0,4.306598070713049,2.834073403221112,2.255272505103306,3.1319813263458225,1.4725246674919368,0.5195788739340044,6.0,6.0,5.0,5.666666666666667,11,-0.5000000000000004,0.8660254037844384,0,0,1,0,0,0,0,4.666666666666667,4.666666666666667,2021-11
burgundy,3.122471989593555,2021-12,5.0,1.845098040014257,4.306598070713049,2.834073403221112,2.9952565046494724,-2.461500030698792,-0.5715648384831136,5.0,6.0,6.0,5.666666666666667,12,-2.4492935982947064e-16,1.0,0,0,1,0,0,0,0,4.333333333333333,4.666666666666667,2021-12
burgundy,0.3,2022-04,5.0,3.122471989593555,1.845098040014257,4.306598070713049,3.0913893667736203,1.2773739495792982,0.6923068161567327,5.0,5.0,6.0,5.333333333333333,4,0.8660254037844387,-0.4999999999999998,0,0,1,0,0,0,0,4.333333333333333,4.666666666666667,2022-04
burgundy,1.6020599913279625,2022-06,4.0,0.3,3.122471989593555,1.845098040014257,1.7558566765359374,-2.8224719895935553,-0.9039222766449699,4.0,5.0,5.0,4.666666666666667,6,1.2246467991473532e-16,-1.0,0,0,1,0,0,0,0,4.666666666666667,4.833333333333333,2022-06
burgundy,2.0413926851582254,2022-07,4.0,1.6020599913279625,0.3,3.122471989593555,1.674843993640506,1.3020599913279625,4.340199971093209,4.0,4.0,5.0,4.333333333333333,7,-0.4999999999999997,-0.8660254037844388,0,0,1,0,0,0,0,5.0,4.833333333333333,2022-07
burgundy,0.3,2022-08,5.0,2.0413926851582254,1.6020599913279625,0.3,1.3144842254953961,0.43933269383026285,0.27422986418011464,5.0,4.0,4.0,4.333333333333333,8,-0.8660254037844385,-0.5000000000000004,0,0,1,0,0,0,0,5.0,4.666666666666667,2022-08
burgundy,22.95319994092559,2022-09,5.0,0.3,2.0413926851582254,1.6020599913279625,1.3144842254953961,-1.7413926851582253,-0.8530415033907367,5.0,5.0,4.0,4.666666666666667,9,-1.0,-1.8369701987210297e-16,0,0,1,0,0,0,0,5.0,4.5,2022-09
burgundy,13.230254096954232,2022-10,5.0,22.95319994092559,0.3,2.0413926851582254,8.431530875361272,22.65319994092559,75.51066646975197,5.0,5.0,5.0,5.0,10,-0.8660254037844386,0.5000000000000001,0,0,1,0,0,0,0,4.666666666666667,4.5,2022-10
burgundy,9.008600171761918,2022-11,5.0,13.230254096954232,22.95319994092559,0.3,12.161151345959942,-9.722945843971358,-0.4235987081973408,5.0,5.0,5.0,5.0,11,-0.5000000000000004,0.8660254037844384,0,0,1,0,0,0,0,4.333333333333333,4.5,2022-11
burgundy,5.161235994796778,2022-12,5.0,9.008600171761918,13.230254096954232,22.95319994092559,15.06401806988058,-4.221653925192314,-0.31909091800165734,5.0,5.0,5.0,5.0,12,-2.4492935982947064e-16,1.0,0,0,1,0,0,0,0,4.0,4.5,2022-12
burgundy,5.15956719323362,2023-04,4.0,5.161235994796778,9.008600171761918,13.230254096954232,9.133363421170976,-3.84736417696514,-0.4270768047876039,4.0,5.0,5.0,4.666666666666667,4,0.8660254037844387,-0.4999999999999998,0,0,1,0,0,0,0,4.333333333333333,4.833333333333333,2023-04
burgundy,1.0,2023-05,4.0,5.15956719323362,5.161235994796778,9.008600171761918,6.443134453264105,-0.0016688015631576292,-0.00032333370627501967,4.0,4.0,5.0,4.333333333333333,5,0.49999999999999994,-0.8660254037844387,0,0,1,0,0,0,0,4.666666666666667,5.166666666666667,2023-05
burgundy,4.87978359661681,2023-06,4.0,1.0,5.15956719323362,5.161235994796778,3.7736010626767995,-4.15956719323362,-0.8061852937371522,4.0,4.0,4.0,4.0,6,1.2246467991473532e-16,-1.0,0,0,1,0,0,0,0,5.0,5.333333333333333,2023-06
burgundy,1.6020599913279625,2023-08,5.0,4.87978359661681,1.0,5.15956719323362,3.67978359661681,3.87978359661681,3.87978359661681,5.0,4.0,4.0,4.333333333333333,8,-0.8660254037844385,-0.5000000000000004,0,0,1,0,0,0,0,5.333333333333333,5.333333333333333,2023-08
burgundy,3.9,2023-09,5.0,1.6020599913279625,4.87978359661681,1.0,2.4939478626482576,-3.2777236052888474,-0.671694459475891,5.0,5.0,4.0,4.666666666666667,9,-1.0,-1.8369701987210297e-16,0,0,1,0,0,0,0,5.666666666666667,5.833333333333333,2023-09
burgundy,3.4,2023-10,5.0,3.9,1.6020599913279625,4.87978359661681,3.460614529314924,2.2979400086720374,1.4343657672689605,5.0,5.0,5.0,5.0,10,-0.8660254037844386,0.5000000000000001,0,0,1,0,0,0,0,5.666666666666667,6.5,2023-10
burgundy,9.253763738249193,2023-11,6.0,3.4,3.9,1.6020599913279625,2.9673533304426543,-0.5,-0.1282051282051282,6.0,5.0,5.0,5.333333333333333,11,-0.5000000000000004,0.8660254037844384,0,0,1,0,0,0,0,5.333333333333333,7.333333333333333,2023-11
burgundy,3.6,2023-12,6.0,9.253763738249193,3.4,3.9,5.517921246083064,5.853763738249192,1.7216952171321154,6.0,6.0,5.0,5.666666666666667,12,-2.4492935982947064e-16,1.0,0,0,1,0,0,0,0,6.0,8.0,2023-12
burgundy,0.3,2024-03,5.0,3.6,9.253763738249193,3.4,5.417921246083064,-5.653763738249193,-0.6109691038339479,5.0,6.0,6.0,5.666666666666667,3,1.0,6.123233995736766e-17,0,0,1,0,0,0,0,7.333333333333333,8.5,2024-03
burgundy,1.5,2024-08,5.0,0.3,3.6,9.253763738249193,4.384587912749731,-3.3000000000000003,-0.9166666666666666,5.0,5.0,6.0,5.333333333333333,8,-0.8660254037844385,-0.5000000000000004,0,0,1,0,0,0,0,9.333333333333334,8.833333333333334,2024-08
burgundy,7.117781387611444,2024-09,8.0,1.5,0.3,3.6,1.7999999999999996,1.2,4.0,8.0,5.0,5.0,6.0,9,-1.0,-1.8369701987210297e-16,0,0,1,0,0,0,0,10.0,8.666666666666666,2024-09
burgundy,6.0,2024-10,9.0,7.117781387611444,1.5,0.3,2.972593795870481,5.617781387611444,3.7451875917409625,9.0,8.0,5.0,7.333333333333333,10,-0.8660254037844386,0.5000000000000001,0,0,1,0,0,0,0,9.666666666666666,8.166666666666666,2024-10
burgundy,4.309277528431799,2024-11,11.0,6.0,7.117781387611444,1.5,4.872593795870481,-1.1177813876114442,-0.15704070225547406,11.0,9.0,8.0,9.333333333333334,11,-0.5000000000000004,0.8660254037844384,0,0,1,0,0,0,0,8.333333333333334,7.333333333333333,2024-11
burgundy,0.6,2024-12,10.0,4.309277528431799,6.0,7.117781387611444,5.80901963868108,-1.6907224715682014,-0.2817870785947002,10.0,11.0,9.0,10.0,12,-2.4492935982947064e-16,1.0,0,0,1,0,0,0,0,7.333333333333333,6.666666666666667,2024-12
burgundy,0.3,2025-01,8.0,0.6,4.309277528431799,6.0,3.636425842810599,-3.7092775284317985,-0.8607655236773883,8.0,10.0,11.0,9.666666666666666,1,0.49999999999999994,0.8660254037844387,0,0,1,0,0,0,0,6.666666666666667,6.833333333333333,2025-01
burgundy,2.1760912590556813,2025-02,7.0,0.3,0.6,4.309277528431799,1.7364258428105994,-0.3,-0.5,7.0,8.0,10.0,8.333333333333334,2,0.8660254037844386,0.5000000000000001,0,0,1,0,0,0,0,6.333333333333333,7.5,2025-02
burgundy,2.1760912590556813,2025-03,7.0,2.1760912590556813,0.3,0.6,1.0253637530185602,1.8760912590556813,6.253637530185605,7.0,7.0,8.0,7.333333333333333,3,1.0,6.123233995736766e-17,0,0,1,0,0,0,0,6.0,8.166666666666666,2025-03
burgundy,1.0,2025-04,6.0,2.1760912590556813,2.1760912590556813,0.3,1.5507275060371206,0.0,0.0,6.0,7.0,7.0,6.666666666666667,4,0.8660254037844387,-0.4999999999999998,0,0,1,0,0,0,0,7.0,9.5,2025-04
burgundy,1.7781512503836436,2025-05,6.0,1.0,2.1760912590556813,2.1760912590556813,1.784060839370454,-1.1760912590556813,-0.5404604490558214,6.0,6.0,7.0,6.333333333333333,5,0.49999999999999994,-0.8660254037844387,0,0,1,0,0,0,0,8.666666666666666,10.666666666666666,2025-05
burgundy,2.1760912590556813,2025-07,6.0,1.7781512503836436,1.0,2.1760912590556813,1.6514141698131082,0.7781512503836436,0.7781512503836436,6.0,6.0,6.0,6.0,7,-0.4999999999999997,-0.8660254037844388,0,0,1,0,0,0,0,10.333333333333334,11.333333333333334,2025-07
burgundy,2.1760912590556813,2025-08,9.0,2.1760912590556813,1.7781512503836436,1.0,1.6514141698131082,0.3979400086720377,0.22379424055528485,9.0,6.0,6.0,7.0,8,-0.8660254037844385,-0.5000000000000004,0,0,1,0,0,0,0,12.0,11.8,2025-08
burgundy,23.69408722241058,2025-09,11.0,2.1760912590556813,2.1760912590556813,1.7781512503836436,2.043444589498335,0.0,0.0,11.0,9.0,6.0,8.666666666666666,9,-1.0,-1.8369701987210297e-16,0,0,1,0,0,0,0,12.666666666666666,12.0,2025-09
burgundy,4.840417240844403,2025-10,11.0,23.69408722241058,2.1760912590556813,2.1760912590556813,9.348756580173982,21.5179959633549,9.888370202218757,11.0,11.0,9.0,10.333333333333334,10,-0.8660254037844386,0.5000000000000001,0,0,1,0,0,0,0,12.333333333333334,12.333333333333334,2025-10
camel,5.593038573604643,2022-09,10.0,2.0,0.3,2.0,1.4333333333333333,1.7,5.666666666666667,10.0,8.0,8.0,8.666666666666666,9,-1.0,-1.8369701987210297e-16,0,0,1,0,0,0,0,9.333333333333334,9.333333333333334,2022-09
camel,4.0,2023-03,9.0,5.593038573604643,2.0,0.3,2.6310128578682144,3.593038573604643,1.7965192868023214,9.0,10.0,8.0,9.0,3,1.0,6.123233995736766e-17,0,0,1,0,0,0,0,9.333333333333334,9.5,2023-03
camel,2.361727836017593,2023-06,9.0,4.0,5.593038573604643,2.0,3.8643461912015478,-1.5930385736046428,-0.28482524349513816,9.0,9.0,10.0,9.333333333333334,6,1.2246467991473532e-16,-1.0,0,0,1,0,0,0,0,9.333333333333334,9.666666666666666,2023-06
camel,3.922471989593555,2023-11,10.0,2.361727836017593,4.0,5.593038573604643,3.9849221365407455,-1.638272163982407,-0.40956804099560173,10.0,9.0,9.0,9.333333333333334,11,-0.5000000000000004,0.8660254037844384,0,0,1,0,0,0,0,9.333333333333334,9.666666666666666,2023-11
camel,8.0,2024-08,9.0,3.922471989593555,2.361727836017593,4.0,3.4280666085370495,1.5607441535759619,0.6608484389156921,9.0,10.0,9.0,9.333333333333334,8,-0.8660254037844385,-0.5000000000000004,0,0,1,0,0,0,0,9.666666666666666,9.666666666666666,2024-08
camel,3.122471989593555,2024-09,9.0,8.0,3.922471989593555,2.361727836017593,4.7613999418703825,4.077528010406445,1.0395301792400962,9.0,9.0,10.0,9.333333333333334,9,-1.0,-1.8369701987210297e-16,0,0,1,0,0,0,0,10.0,9.666666666666666,2024-09
camel,15.392723993276531,2024-10,10.0,3.122471989593555,8.0,3.922471989593555,5.014981326395703,-4.877528010406445,-0.6096910013008057,10.0,9.0,9.0,9.333333333333334,10,-0.8660254037844386,0.5000000000000001,0,0,1,0,0,0,0,10.0,9.833333333333334,2024-10
camel,9.122471989593556,2024-11,10.0,15.392723993276531,3.122471989593555,8.0,8.838398660956695,12.270252003682977,3.929659591687856,10.0,10.0,9.0,9.666666666666666,11,-0.5000000000000004,0.8660254037844384,0,0,1,0,0,0,0,9.666666666666666,10.166666666666666,2024-11
camel,22.3800699810286,2024-12,10.0,9.122471989593556,15.392723993276531,3.122471989593555,9.212555990821214,-6.270252003682975,-0.40735168164009117,10.0,10.0,10.0,10.0,12,-2.4492935982947064e-16,1.0,0,0,1,0,0,0,0,9.333333333333334,10.5,2024-12
camel,2.0,2025-01,10.0,22.3800699810286,9.122471989593556,15.392723993276531,15.631755321299563,13.257597991435045,1.4532900738482537,10.0,10.0,10.0,10.0,1,0.49999999999999994,0.8660254037844387,0,0,1,0,0,0,0,9.666666666666666,10.6,2025-01
camel,4.0,2025-03,9.0,2.0,22.3800699810286,9.122471989593556,11.167513990207388,-20.3800699810286,-0.9106347745250403,9.0,10.0,10.0,9.666666666666666,3,1.0,6.123233995736766e-17,0,0,1,0,0,0,0,10.666666666666666,11.0,2025-03
camel,10.343233268219349,2025-06,9.0,4.0,2.0,22.3800699810286,9.460023327009534,2.0,1.0,9.0,9.0,10.0,9.333333333333334,6,1.2246467991473532e-16,-1.0,0,0,1,0,0,0,0,11.666666666666666,11.666666666666666,2025-06
camouflage,5.535294120042771,2022-04,3.0,3.690196080028514,1.4771212547196624,6.0,3.7224391115827253,2.2130748253088512,1.498235042138679,3.0,3.0,4.0,3.3333333333333335,4,0.8660254037844387,-0.4999999999999998,0,0,0,0,0,1,0,2.0,2.174193548387097,2022-04
camouflage,1.6020599913279625,2025-01,2.0,5.535294120042771,3.690196080028514,1.4771212547196624,3.5675371515969823,1.845098040014257,0.5,2.0,3.0,3.0,2.6666666666666665,1,0.49999999999999994,0.8660254037844387,0,0,0,0,0,1,0,2.3333333333333335,2.217741935483871,2025-01
camouflage,0.3,2025-04,2.0,1.6020599913279625,5.535294120042771,3.690196080028514,3.6091833971330822,-3.9332341287148083,-0.7105736467503947,2.0,2.0,3.0,2.3333333333333335,4,0.8660254037844387,-0.4999999999999998,0,0,0,0,0,1,0,2.2903225806451615,2.2903225806451615,2025-04
cardigan,2.633468455579586,2020-08,9.0,1.3,0.3,2.1450980400142567,1.2483660133380856,1.0,3.333333333333334,9.0,6.0,5.0,6.666666666666667,8,-0.8660254037844385,-0.5000000000000004,0,0,0,0,0,0,1,10.0,9.666666666666666,2020-08
cardigan,3.844068044350276,2020-09,10.0,2.633468455579586,1.3,0.3,1.4111561518598623,1.3334684555795862,1.0257449658304507,10.0,9.0,6.0,8.333333333333334,9,-1.0,-1.8369701987210297e-16,0,0,0,0,0,0,1,10.0,9.5,2020-09
cardigan,0.3,2020-12,10.0,3.844068044350276,2.633468455579586,1.3,2.5925121666432873,1.2105995887706897,0.45969777469928164,10.0,10.0,9.0,9.666666666666666,12,-2.4492935982947064e-16,1.0,0,0,0,0,0,0,1,10.0,9.166666666666666,2020-12
cardigan,3.752525758037769,2021-09,10.0,0.3,3.844068044350276,2.633468455579586,2.259178833309954,-3.544068044350276,-0.9219576769872954,10.0,10.0,10.0,10.0,9,-1.0,-1.8369701987210297e-16,0,0,0,0,0,0,1,9.333333333333334,8.666666666666666,2021-09
cardigan,4.306598070713049,2021-10,10.0,3.752525758037769,0.3,3.844068044350276,2.632197934129348,3.452525758037769,11.50841919345923,10.0,10.0,10.0,10.0,10,-0.8660254037844386,0.5000000000000001,0,0,0,0,0,0,1,9.0,8.166666666666666,2021-10
cardigan,4.972545505663595,2021-12,10.0,4.306598070713049,3.752525758037769,0.3,2.7863746095836057,0.55407231267528,0.1476531670671355,10.0,10.0,10.0,10.0,12,-2.4492935982947064e-16,1.0,0,0,0,0,0,0,1,8.333333333333334,7.666666666666667,2021-12
cardigan,3.779062935186456,2022-02,8.0,4.972545505663595,4.306598070713049,3.752525758037769,4.343889778138137,0.6659474349505459,0.15463422033258944,8.0,10.0,10.0,9.333333333333334,2,0.8660254037844386,0.5000000000000001,0,0,0,0,0,0,1,8.0,8.166666666666666,2022-02
cardigan,1.845098040014257,2022-04,9.0,3.779062935186456,4.972545505663595,4.306598070713049,4.352735503854366,-1.1934825704771388,-0.2400144089416164,9.0,8.0,10.0,9.0,4,0.8660254037844387,-0.4999999999999998,0,0,0,0,0,0,1,7.333333333333333,8.0,2022-04
cardigan,2.0413926851582254,2022-05,8.0,1.845098040014257,3.779062935186456,4.972545505663595,3.5322354936214357,-1.933964895172199,-0.5117577897857313,8.0,9.0,8.0,8.333333333333334,5,0.49999999999999994,-0.8660254037844387,0,0,0,0,0,0,1,7.0,8.333333333333334,2022-05
cardigan,1.845098040014257,2022-06,7.0,2.0413926851582254,1.845098040014257,3.779062935186456,2.5551845534529796,0.19629464514396844,0.10638710837417165,7.0,8.0,9.0,8.0,6,1.2246467991473532e-16,-1.0,0,0,0,0,0,0,1,8.333333333333334,8.833333333333334,2022-06
cardigan,6.882125919770032,2022-07,7.0,1.845098040014257,2.0413926851582254,1.845098040014257,1.9105295883955797,-0.19629464514396844,-0.09615721980935477,7.0,7.0,8.0,7.333333333333333,7,-0.4999999999999997,-0.8660254037844388,0,0,0,0,0,0,1,8.666666666666666,9.166666666666666,2022-07
cardigan,4.186490725172482,2022-08,7.0,6.882125919770032,1.845098040014257,2.0413926851582254,3.589538881647505,5.037027879755775,2.7299513470389107,7.0,7.0,7.0,7.0,8,-0.8660254037844385,-0.5000000000000004,0,0,0,0,0,0,1,9.666666666666666,9.333333333333334,2022-08
cardigan,3.008600171761917,2022-11,11.0,4.186490725172482,6.882125919770032,1.845098040014257,4.304571561652257,-2.69563519459755,-0.3916864099876315,11.0,7.0,7.0,8.333333333333334,11,-0.5000000000000004,0.8660254037844384,0,0,0,0,0,0,1,9.333333333333334,9.666666666666666,2022-11
cardigan,0.3,2023-05,8.0,3.008600171761917,4.186490725172482,6.882125919770032,4.692405605568144,-1.177890553410565,-0.2813551087855417,8.0,11.0,7.0,8.666666666666666,5,0.49999999999999994,-0.8660254037844387,0,0,0,0,0,0,1,9.666666666666666,10.833333333333334,2023-05
cardigan,4.597940008672038,2023-09,10.0,0.3,3.008600171761917,4.186490725172482,2.498363632311466,-2.7086001717619173,-0.9002858529306299,10.0,8.0,11.0,9.666666666666666,9,-1.0,-1.8369701987210297e-16,0,0,0,0,0,0,1,9.0,11.166666666666666,2023-09
cardigan,0.3,2024-01,10.0,4.597940008672038,0.3,3.008600171761917,2.635513393477985,4.297940008672038,14.32646669557346,10.0,10.0,8.0,9.333333333333334,1,0.49999999999999994,0.8660254037844387,0,0,0,0,0,0,1,10.0,11.333333333333334,2024-01
cardigan,1.5,2024-04,9.0,0.3,4.597940008672038,0.3,1.7326466695573457,-4.297940008672038,-0.934753389684472,9.0,10.0,10.0,9.666666666666666,4,0.8660254037844387,-0.4999999999999998,0,0,0,0,0,0,1,12.0,11.333333333333334,2024-04
cardigan,0.6,2024-06,8.0,1.5,0.3,4.597940008672038,2.132646669557346,1.2,4.0,8.0,9.0,10.0,9.0,6,1.2246467991473532e-16,-1.0,0,0,0,0,0,0,1,13.333333333333334,12.0,2024-06
cardigan,0.3,2024-09,13.0,0.6,1.5,0.3,0.7999999999999999,-0.9,-0.6000000000000001,13.0,8.0,9.0,10.0,9,-1.0,-1.8369701987210297e-16,0,0,0,0,0,0,1,12.666666666666666,12.666666666666666,2024-09
cardigan,0.3,2024-11,15.0,0.3,0.6,1.5,0.8000000000000002,-0.3,-0.5,15.0,13.0,8.0,12.0,11,-0.5000000000000004,0.8660254037844384,0,0,0,0,0,0,1,10.666666666666666,12.666666666666666,2024-11
cardigan,1.6020599913279625,2025-01,12.0,0.3,0.3,0.6,0.39999999999999997,0.0,0.0,12.0,15.0,13.0,13.333333333333334,1,0.49999999999999994,0.8660254037844387,0,0,0,0,0,0,1,10.666666666666666,12.666666666666666,2025-01
cardigan,2.0,2025-04,11.0,1.6020599913279625,0.3,0.3,0.7340199971093209,1.3020599913279625,4.340199971093209,11.0,12.0,15.0,12.666666666666666,4,0.8660254037844387,-0.4999999999999998,0,0,0,0,0,0,1,12.666666666666666,13.0,2025-04
cardigan,2.204119982655925,2025-06,9.0,2.0,1.6020599913279625,0.3,1.3006866637759875,0.3979400086720375,0.2483927011635696,9.0,11.0,12.0,10.666666666666666,6,1.2246467991473532e-16,-1.0,0,0,0,0,0,0,1,14.666666666666666,14.0,2025-06
cardigan,0.3,2025-08,12.0,2.204119982655925,2.0,1.6020599913279625,1.9353933246612958,0.20411998265592501,0.10205999132796251,12.0,9.0,11.0,10.666666666666666,8,-0.8660254037844385,-0.5000000000000004,0,0,0,0,0,0,1,14.666666666666666,14.666666666666666,2025-08
cargo pants,7.368482948553934,2020-04,0.0,3.5,6.94830486304816,8.53239375982297,6.326899540957044,-3.4483048630481603,-0.49628001807845534,0.0,0.0,0.0,0.0,4,0.8660254037844387,-0.4999999999999998,0,0,0,0,0,0,1,0.0,0.0,2020-04
cargo pants,13.088384222635348,2020-05,0.0,7.368482948553934,3.5,6.94830486304816,5.9389292705340315,3.8684829485539343,1.1052808424439813,0.0,0.0,0.0,0.0,5,0.49999999999999994,-0.8660254037844387,0,0,0,0,0,0,1,0.0,0.0,2020-05
cargo pants,7.2434526764861875,2020-06,0.0,13.088384222635348,7.368482948553934,3.5,7.9856223903964265,5.719901274081414,0.7762657950106195,0.0,0.0,0.0,0.0,6,1.2246467991473532e-16,-1.0,0,0,0,0,0,0,1,0.0,0.0,2020-06
cargo pants,8.575846436309156,2020-07,0.0,7.2434526764861875,13.088384222635348,7.368482948553934,9.233439949225156,-5.84493154614916,-0.44657395800169153,0.0,0.0,0.0,0.0,7,-0.4999999999999997,-0.8660254037844388,0,0,0,0,0,0,1,0.0,0.0,2020-07
cargo pants,3.1,2020-08,0.0,8.575846436309156,7.2434526764861875,13.088384222635348,9.635894445143563,1.3323937598229687,0.18394456612496501,0.0,0.0,0.0,0.0,8,-0.8660254037844385,-0.5000000000000004,0,0,0,0,0,0,1,0.0,0.0,2020-08
cargo pants,10.911309510866817,2020-09,0.0,3.1,8.575846436309156,7.2434526764861875,6.306433037598448,-5.475846436309157,-0.6385196466584391,0.0,0.0,0.0,0.0,9,-1.0,-1.8369701987210297e-16,0,0,0,0,0,0,1,0.0,0.0,2020-09
cargo pants,9.538102874243014,2020-10,0.0,10.911309510866817,3.1,8.575846436309156,7.529051982391991,7.811309510866817,2.5197772615699408,0.0,0.0,0.0,0.0,10,-0.8660254037844386,0.5000000000000001,0,0,0,0,0,0,1,0.0,0.0,2020-10
cargo pants,15.197950604163632,2020-11,0.0,9.538102874243014,10.911309510866817,3.1,7.849804128369944,-1.3732066366238023,-0.12585168033737792,0.0,0.0,0.0,0.0,11,-0.5000000000000004,0.8660254037844384,0,0,0,0,0,0,1,0.0,0.0,2020-11
cargo pants,24.61992322587285,2020-12,0.0,15.197950604163632,9.538102874243014,10.911309510866817,11.88245432975782,5.659847729920617,0.5933934456929211,0.0,0.0,0.0,0.0,12,-2.4492935982947064e-16,1.0,0,0,0,0,0,0,1,0.0,0.0,2020-12
cargo pants,13.830706787610737,2021-01,0.0,24.61992322587285,15.197950604163632,9.538102874243014,16.45199223475983,9.421972621709218,0.619950206913291,0.0,0.0,0.0,0.0,1,0.49999999999999994,0.8660254037844387,0,0,0,0,0,0,1,0.0,0.0,2021-01
cargo pants,4.618301291319745,2021-02,0.0,13.830706787610737,24.61992322587285,15.197950604163632,17.882860205882405,-10.789216438262113,-0.4382311162905588,0.0,0.0,0.0,0.0,2,0.8660254037844386,0.5000000000000001,0,0,0,0,0,0,1,0.0,0.0,2021-02
cargo pants,0.8999999999999999,2021-03,0.0,4.618301291319745,13.830706787610737,24.61992322587285,14.356310434934443,-9.212405496290991,-0.6660834936174973,0.0,0.0,0.0,0.0,3,1.0,6.123233995736766e-17,0,0,0,0,0,0,1,0.0,0.0,2021-03
cargo pants,13.410176379062545,2021-04,0.0,0.8999999999999999,4.618301291319745,13.830706787610737,6.449669359643494,-3.718301291319745,-0.8051231517329585,0.0,0.0,0.0,0.0,4,0.8660254037844387,-0.4999999999999998,0,0,0,0,0,0,1,0.0,0.16666666666666666,2021-04
cargo pants,11.915996477245258,2021-05,0.0,13.410176379062545,0.8999999999999999,4.618301291319745,6.309492556794097,12.510176379062544,13.900195976736162,0.0,0.0,0.0,0.0,5,0.49999999999999994,-0.8660254037844387,0,0,0,0,0,0,1,0.0,0.3333333333333333,2021-05
cargo pants,5.497940008672037,2021-06,0.0,11.915996477245258,13.410176379062545,0.8999999999999999,8.742057618769268,-1.4941799018172865,-0.11142134596754194,0.0,0.0,0.0,0.0,6,1.2246467991473532e-16,-1.0,0,0,0,0,0,0,1,0.0,0.5,2021-06
cargo pants,3.6149733479708175,2021-07,0.0,5.497940008672037,11.915996477245258,13.410176379062545,10.274704288326612,-6.418056468573221,-0.5386084563577304,0.0,0.0,0.0,0.0,7,-0.4999999999999997,-0.8660254037844388,0,0,0,0,0,0,1,0.3333333333333333,0.6666666666666666,2021-07
cargo pants,5.1,2021-08,0.0,3.6149733479708175,5.497940008672037,11.915996477245258,7.009636611296038,-1.8829666607012197,-0.3424858506515476,0.0,0.0,0.0,0.0,8,-0.8660254037844385,-0.5000000000000004,0,0,0,0,0,0,1,0.6666666666666666,0.8333333333333334,2021-08
cargo pants,15.114970317313553,2021-09,0.0,5.1,3.6149733479708175,5.497940008672037,4.737637785547618,1.4850266520291822,0.4107987830291384,0.0,0.0,0.0,0.0,9,-1.0,-1.8369701987210297e-16,0,0,0,0,0,0,1,1.0,1.0,2021-09
cargo pants,10.660723972141952,2021-10,1.0,15.114970317313553,5.1,3.6149733479708175,7.94331455509479,10.014970317313553,1.9637196700614812,1.0,0.0,0.0,0.3333333333333333,10,-0.8660254037844386,0.5000000000000001,0,0,0,0,0,0,1,1.0,1.0,2021-10
cargo pants,10.423501985257536,2021-11,1.0,10.660723972141952,15.114970317313553,5.1,10.291898096485168,-4.454246345171601,-0.29469104150799763,1.0,1.0,0.0,0.6666666666666666,11,-0.5000000000000004,0.8660254037844384,0,0,0,0,0,0,1,1.0,1.0,2021-11
cargo pants,4.5,2021-12,1.0,10.423501985257536,10.660723972141952,15.114970317313553,12.06639875823768,-0.23722198688441587,-0.022251958450881237,1.0,1.0,1.0,1.0,12,-2.4492935982947064e-16,1.0,0,0,0,0,0,0,1,1.0,1.0,2021-12
cargo pants,6.395169351431755,2022-01,1.0,4.5,10.423501985257536,10.660723972141952,8.528075319133164,-5.923501985257536,-0.5682832884413925,1.0,1.0,1.0,1.0,1,0.49999999999999994,0.8660254037844387,0,0,0,0,0,0,1,1.0,1.0,2022-01
cargo pants,0.6,2022-02,1.0,6.395169351431755,4.5,10.423501985257536,7.106223778896431,1.895169351431755,0.4211487447626121,1.0,1.0,1.0,1.0,2,0.8660254037844386,0.5000000000000001,0,0,0,0,0,0,1,1.0,1.0,2022-02
cargo pants,0.8999999999999999,2022-03,1.0,0.6,6.395169351431755,4.5,3.8317231171439183,-5.795169351431755,-0.9061791850960645,1.0,1.0,1.0,1.0,3,1.0,6.123233995736766e-17,0,0,0,0,0,0,1,1.0,1.0,2022-03
cargo pants,2.2,2022-04,1.0,0.8999999999999999,0.6,6.395169351431755,2.631723117143918,0.29999999999999993,0.5,1.0,1.0,1.0,1.0,4,0.8660254037844387,-0.4999999999999998,0,0,0,0,0,0,1,1.0,1.0,2022-04
cargo pants,3.841392685158225,2022-05,1.0,2.2,0.8999999999999999,0.6,1.2333333333333334,1.3000000000000003,1.444444444444445,1.0,1.0,1.0,1.0,5,0.49999999999999994,-0.8660254037844387,0,0,0,0,0,0,1,1.0,1.0,2022-05
cargo pants,5.22221929473392,2022-06,1.0,3.841392685158225,2.2,0.8999999999999999,2.3137975617194084,1.641392685158225,0.7460875841628294,1.0,1.0,1.0,1.0,6,1.2246467991473532e-16,-1.0,0,0,0,0,0,0,1,1.0,1.0,2022-06
cargo pants,3.045098040014257,2022-07,1.0,5.22221929473392,3.841392685158225,2.2,3.754537326630716,1.3808266095756947,0.3594598945613443,1.0,1.0,1.0,1.0,7,-0.4999999999999997,-0.8660254037844388,0,0,0,0,0,0,1,1.0,1.0,2022-07
cargo pants,3.2771212547196624,2022-08,1.0,3.045098040014257,5.22221929473392,3.841392685158225,4.036236673302134,-2.177121254719663,-0.41689579311904224,1.0,1.0,1.0,1.0,8,-0.8660254037844385,-0.5000000000000004,0,0,0,0,0,0,1,1.0,1.0,2022-08
cargo pants,5.601029995663982,2022-09,1.0,3.2771212547196624,3.045098040014257,5.22221929473392,3.8481461964892802,0.23202321470540532,0.07619564679248203,1.0,1.0,1.0,1.0,9,-1.0,-1.8369701987210297e-16,0,0,0,0,0,0,1,1.0,1.0,2022-09
cargo pants,4.178151250383643,2022-10,1.0,5.601029995663982,3.2771212547196624,3.045098040014257,3.9744164301326337,2.3239087409443195,0.7091311429497642,1.0,1.0,1.0,1.0,10,-0.8660254037844386,0.5000000000000001,0,0,0,0,0,0,1,1.0,1.0,2022-10
cargo pants,2.2,2022-11,1.0,4.178151250383643,5.601029995663982,3.2771212547196624,4.3521008335890965,-1.4228787452803386,-0.25403876543811676,1.0,1.0,1.0,1.0,11,-0.5000000000000004,0.8660254037844384,0,0,0,0,0,0,1,1.0,1.0,2022-11
cargo pants,8.55283902791128,2022-12,1.0,2.2,4.178151250383643,5.601029995663982,3.993060415349209,-1.9781512503836431,-0.47345132615819174,1.0,1.0,1.0,1.0,12,-2.4492935982947064e-16,1.0,0,0,0,0,0,0,1,1.0,1.0,2022-12
cargo pants,3.4542425094393248,2023-01,1.0,8.55283902791128,2.2,4.178151250383643,4.976996759431642,6.352839027911279,2.8876541035960357,1.0,1.0,1.0,1.0,1,0.49999999999999994,0.8660254037844387,0,0,0,0,0,0,1,1.0,1.0,2023-01
cargo pants,0.8999999999999999,2023-02,1.0,3.4542425094393248,8.55283902791128,2.2,4.735693845783536,-5.098596518471954,-0.5961291334764081,1.0,1.0,1.0,1.0,2,0.8660254037844386,0.5000000000000001,0,0,0,0,0,0,1,1.0,1.0,2023-02
cargo pants,0.8999999999999999,2023-03,1.0,0.8999999999999999,3.4542425094393248,8.55283902791128,4.3023605124502025,-2.554242509439325,-0.7394508354463847,1.0,1.0,1.0,1.0,3,1.0,6.123233995736766e-17,0,0,0,0,0,0,1,1.0,1.0,2023-03
cargo pants,1.2,2023-04,1.0,0.8999999999999999,0.8999999999999999,3.4542425094393248,1.7514141698131087,0.0,0.0,1.0,1.0,1.0,1.0,4,0.8660254037844387,-0.4999999999999998,0,0,0,0,0,0,1,1.0,1.0,2023-04
cargo pants,1.5,2023-05,1.0,1.2,0.8999999999999999,0.8999999999999999,1.0000000000000007,0.30000000000000004,0.3333333333333335,1.0,1.0,1.0,1.0,5,0.49999999999999994,-0.8660254037844387,0,0,0,0,0,0,1,1.0,1.0,2023-05
cargo pants,3.1030899869919435,2023-06,1.0,1.5,1.2,0.8999999999999999,1.2000000000000004,0.30000000000000004,0.25,1.0,1.0,1.0,1.0,6,1.2246467991473532e-16,-1.0,0,0,0,0,0,0,1,1.0,1.0,2023-06
cargo pants,3.0,2023-07,1.0,3.1030899869919435,1.5,1.2,1.9343633289973152,1.6030899869919435,1.0687266579946288,1.0,1.0,1.0,1.0,7,-0.4999999999999997,-0.8660254037844388,0,0,0,0,0,0,1,1.0,1.0,2023-07
cargo pants,4.954242509439325,2023-08,1.0,3.0,3.1030899869919435,1.5,2.534363328997315,-0.1030899869919435,-0.033221720099672725,1.0,1.0,1.0,1.0,8,-0.8660254037844385,-0.5000000000000004,0,0,0,0,0,0,1,1.0,1.0,2023-08
cargo pants,7.825024865003755,2023-09,1.0,4.954242509439325,3.0,3.1030899869919435,3.6857774988104235,1.9542425094393252,0.6514141698131084,1.0,1.0,1.0,1.0,9,-1.0,-1.8369701987210297e-16,0,0,0,0,0,0,1,1.0,1.0,2023-09
cargo pants,1.7999999999999998,2023-10,1.0,7.825024865003755,4.954242509439325,3.0,5.259755791481028,2.8707823555644296,0.5794593926507885,1.0,1.0,1.0,1.0,10,-0.8660254037844386,0.5000000000000001,0,0,0,0,0,0,1,1.0,1.0,2023-10
cargo pants,15.857796811237124,2023-11,1.0,1.7999999999999998,7.825024865003755,4.954242509439325,4.859755791481027,-6.025024865003755,-0.7699687820737505,1.0,1.0,1.0,1.0,11,-0.5000000000000004,0.8660254037844384,0,0,0,0,0,0,1,1.0,1.0,2023-11
cargo pants,7.2,2023-12,1.0,15.857796811237124,1.7999999999999998,7.825024865003755,8.494273892080294,14.057796811237125,7.809887117353959,1.0,1.0,1.0,1.0,12,-2.4492935982947064e-16,1.0,0,0,0,0,0,0,1,1.0,1.0,2023-12
cargo pants,2.8,2024-01,1.0,7.2,15.857796811237124,1.7999999999999998,8.285932270412376,-8.657796811237123,-0.5459646705210683,1.0,1.0,1.0,1.0,1,0.49999999999999994,0.8660254037844387,0,0,0,0,0,0,1,1.0,1.0,2024-01
cargo pants,7.4084850188786495,2024-02,1.0,2.8,7.2,15.857796811237124,8.619265603745708,-4.4,-0.6111111111111112,1.0,1.0,1.0,1.0,2,0.8660254037844386,0.5000000000000001,0,0,0,0,0,0,1,1.0,1.0,2024-02
cargo pants,0.6,2024-03,1.0,7.4084850188786495,2.8,7.2,5.802828339626218,4.60848501887865,1.6458875067423748,1.0,1.0,1.0,1.0,3,1.0,6.123233995736766e-17,0,0,0,0,0,0,1,1.0,1.0,2024-03
cargo pants,1.7999999999999998,2024-04,1.0,0.6,7.4084850188786495,2.8,3.602828339626218,-6.80848501887865,-0.9190117819674263,1.0,1.0,1.0,1.0,4,0.8660254037844387,-0.4999999999999998,0,0,0,0,0,0,1,1.0,1.0,2024-04
cargo pants,9.002430536445525,2024-05,1.0,1.7999999999999998,0.6,7.4084850188786495,3.269495006292884,1.1999999999999997,2.0,1.0,1.0,1.0,1.0,5,0.49999999999999994,-0.8660254037844387,0,0,0,0,0,0,1,1.0,1.0,2024-05
cargo pants,0.6,2024-06,1.0,9.002430536445525,1.7999999999999998,0.6,3.8008101788151762,7.202430536445525,4.001350298025292,1.0,1.0,1.0,1.0,6,1.2246467991473532e-16,-1.0,0,0,0,0,0,0,1,1.0,1.0,2024-06
cargo pants,1.9010299956639811,2024-07,1.0,0.6,9.002430536445525,1.7999999999999998,3.800810178815176,-8.402430536445525,-0.9333513324461706,1.0,1.0,1.0,1.0,7,-0.4999999999999997,-0.8660254037844388,0,0,0,0,0,0,1,1.0,1.0,2024-07
cargo pants,5.883707984390332,2024-08,1.0,1.9010299956639811,0.6,9.002430536445525,3.8344868440365025,1.3010299956639813,2.1683833261066354,1.0,1.0,1.0,1.0,8,-0.8660254037844385,-0.5000000000000004,0,0,0,0,0,0,1,1.0,1.0,2024-08
cargo pants,13.697223426941324,2024-09,1.0,5.883707984390332,1.9010299956639811,0.6,2.7949126600181047,3.9826779887263513,2.0950105983652842,1.0,1.0,1.0,1.0,9,-1.0,-1.8369701987210297e-16,0,0,0,0,0,0,1,1.0,1.0,2024-09
cargo pants,30.9,2024-10,1.0,13.697223426941324,5.883707984390332,1.9010299956639811,7.160653802331879,7.813515442550992,1.327991712586774,1.0,1.0,1.0,1.0,10,-0.8660254037844386,0.5000000000000001,0,0,0,0,0,0,1,1.0,1.0,2024-10
cargo pants,55.28857962710239,2024-11,1.0,30.9,13.697223426941324,5.883707984390332,16.82697713711055,17.202776573058674,1.255931661246192,1.0,1.0,1.0,1.0,11,-0.5000000000000004,0.8660254037844384,0,0,0,0,0,0,1,1.0,1.0,2024-11
cargo pants,15.9,2024-12,1.0,55.28857962710239,30.9,13.697223426941324,33.29526768468124,24.388579627102395,0.7892744215890743,1.0,1.0,1.0,1.0,12,-2.4492935982947064e-16,1.0,0,0,0,0,0,0,1,1.0,1.0,2024-12
cargo pants,18.50205999132796,2025-01,1.0,15.9,55.28857962710239,30.9,34.02952654236747,-39.388579627102395,-0.7124180055404092,1.0,1.0,1.0,1.0,1,0.49999999999999994,0.8660254037844387,0,0,0,0,0,0,1,1.0,1.0,2025-01
cargo pants,2.2,2025-02,1.0,18.50205999132796,15.9,55.28857962710239,29.896879872810118,2.6020599913279607,0.1636515717816327,1.0,1.0,1.0,1.0,2,0.8660254037844386,0.5000000000000001,0,0,0,0,0,0,1,1.0,1.0,2025-02
cargo pants,2.4,2025-03,1.0,2.2,18.50205999132796,15.9,12.200686663775988,-16.302059991327962,-0.8810943213333459,1.0,1.0,1.0,1.0,3,1.0,6.123233995736766e-17,0,0,0,0,0,0,1,1.0,1.0,2025-03
cargo pants,10.703089986991944,2025-04,1.0,2.4,2.2,18.50205999132796,7.700686663775987,0.19999999999999973,0.09090909090909083,1.0,1.0,1.0,1.0,4,0.8660254037844387,-0.4999999999999998,0,0,0,0,0,0,1,1.0,1.0,2025-04
cargo pants,10.8,2025-05,1.0,10.703089986991944,2.4,2.2,5.101029995663981,8.303089986991944,3.4596208279133105,1.0,1.0,1.0,1.0,5,0.49999999999999994,-0.8660254037844387,0,0,0,0,0,0,1,1.0,1.0,2025-05
cargo pants,26.4226504411066,2025-06,1.0,10.8,10.703089986991944,2.4,7.967696662330648,0.09691001300805624,0.009054395798394399,1.0,1.0,1.0,1.0,6,1.2246467991473532e-16,-1.0,0,0,0,0,0,0,1,1.0,1.0,2025-06
cargo pants,11.904119982655924,2025-07,1.0,26.4226504411066,10.8,10.703089986991944,15.975246809366183,15.6226504411066,1.44654170750987,1.0,1.0,1.0,1.0,7,-0.4999999999999997,-0.8660254037844388,0,0,0,0,0,0,1,1.0,1.0,2025-07
cargo pants,24.68181795004236,2025-08,1.0,11.904119982655924,26.4226504411066,10.8,16.375590141254175,-14.518530458450677,-0.54947290359122,1.0,1.0,1.0,1.0,8,-0.8660254037844385,-0.5000000000000004,0,0,0,0,0,0,1,1.0,1.0,2025-08
cargo pants,19.40565761302513,2025-09,1.0,24.68181795004236,11.904119982655924,26.4226504411066,21.002862791268296,12.777697967386434,1.0733845077169328,1.0,1.0,1.0,1.0,9,-1.0,-1.8369701987210297e-16,0,0,0,0,0,0,1,1.0,1.0,2025-09
cargo pants,21.351807091577257,2025-10,1.0,19.40565761302513,24.68181795004236,11.904119982655924,18.663865181907806,-5.276160337017227,-0.213767087485068,1.0,1.0,1.0,1.0,10,-0.8660254037844386,0.5000000000000001,0,0,0,0,0,0,1,1.0,1.0,2025-10
casual,2.3,2020-03,13.8,3.3483048630481607,6.504119982655925,10.0,6.617474948568028,-3.155815119607764,-0.48520247597263766,13.8,19.0,18.5,17.099999999999998,3,1.0,6.123233995736766e-17,0,0,0,1,0,0,0,13.716666666666667,14.708333333333334,2020-03
casual,17.61563368433806,2020-04,11.75,2.3,3.3483048630481607,6.504119982655925,4.050808281901362,-1.0483048630481608,-0.3130852493801376,11.75,13.8,19.0,14.85,4,0.8660254037844387,-0.4999999999999998,0,0,0,1,0,0,0,14.966666666666667,15.75,2020-04
casual,11.78896534430034,2020-05,14.4,17.61563368433806,2.3,3.3483048630481607,7.754646182462074,15.31563368433806,6.6589711671035055,14.4,11.75,13.8,13.316666666666668,5,0.49999999999999994,-0.8660254037844387,0,0,0,1,0,0,0,15.366666666666667,16.216666666666665,2020-05
casual,12.277723605288848,2020-06,15.0,11.78896534430034,17.61563368433806,2.3,10.568199676212801,-5.82666834003772,-0.33076688834748935,15.0,14.4,11.75,13.716666666666667,6,1.2246467991473532e-16,-1.0,0,0,0,1,0,0,0,15.700000000000001,16.341666666666665,2020-06
casual,13.032393759822968,2020-07,15.5,12.277723605288848,11.78896534430034,17.61563368433806,13.894107544642416,0.48875826098850794,0.041458961555503215,15.5,15.0,14.4,14.966666666666667,7,-0.4999999999999997,-0.8660254037844388,0,0,0,1,0,0,0,16.533333333333335,16.383333333333333,2020-07
casual,14.083336188934773,2020-08,15.6,13.032393759822968,12.277723605288848,11.78896534430034,12.366360903137386,0.7546701545341197,0.061466618633525094,15.6,15.5,15.0,15.366666666666667,8,-0.8660254037844385,-0.5000000000000004,0,0,0,1,0,0,0,17.066666666666666,16.533333333333335,2020-08
casual,19.425398070511648,2020-09,16.0,14.083336188934773,13.032393759822968,12.277723605288848,13.131151184682196,1.0509424291118048,0.08064078238272021,16.0,15.6,15.5,15.700000000000001,9,-1.0,-1.8369701987210297e-16,0,0,0,1,0,0,0,16.983333333333334,16.7,2020-09
casual,15.320918629333915,2020-10,18.0,19.425398070511648,14.083336188934773,13.032393759822968,15.513709339756462,5.342061881576875,0.3793179265133295,18.0,16.0,15.6,16.533333333333335,10,-0.8660254037844386,0.5000000000000001,0,0,0,1,0,0,0,16.233333333333334,16.666666666666668,2020-10
casual,9.804462609678406,2020-11,17.2,15.320918629333915,19.425398070511648,14.083336188934773,16.27655096292678,-4.104479441177732,-0.21129448293821362,17.2,18.0,16.0,17.066666666666666,11,-0.5000000000000004,0.8660254037844384,0,0,0,1,0,0,0,16.0,16.758333333333333,2020-11
casual,10.828798995717523,2020-12,15.75,9.804462609678406,15.320918629333915,19.425398070511648,14.850259769841323,-5.516456019655509,-0.3600603954056337,15.75,17.2,18.0,16.983333333333334,12,-2.4492935982947064e-16,1.0,0,0,0,1,0,0,0,16.416666666666668,17.091666666666665,2020-12
casual,4.074084689028243,2021-02,15.75,10.828798995717523,9.804462609678406,15.320918629333915,11.984726744909949,1.024336386039117,0.1044765457137804,15.75,15.75,17.2,16.233333333333334,2,0.8660254037844386,0.5000000000000001,0,0,0,1,0,0,0,17.099999999999998,17.53333333333333,2021-02
casual,6.136720567156407,2021-03,16.5,4.074084689028243,10.828798995717523,9.804462609678406,8.23578209814139,-6.75471430668928,-0.6237731727554066,16.5,15.75,15.75,16.0,3,1.0,6.123233995736766e-17,0,0,0,1,0,0,0,17.516666666666666,17.95,2021-03
casual,10.510545010206611,2021-04,17.0,6.136720567156407,4.074084689028243,10.828798995717523,7.013201417300724,2.0626358781281633,0.5062820327920445,17.0,16.5,15.75,16.416666666666668,4,0.8660254037844387,-0.4999999999999998,0,0,0,1,0,0,0,17.766666666666666,18.316666666666666,2021-04
casual,1.0,2021-05,17.8,10.510545010206611,6.136720567156407,4.074084689028243,6.907116755463754,4.3738244430502045,0.712729933713915,17.8,17.0,16.5,17.099999999999998,5,0.49999999999999994,-0.8660254037844387,0,0,0,1,0,0,0,17.966666666666665,18.725,2021-05
casual,5.941870545476313,2021-06,17.75,1.0,10.510545010206611,6.136720567156407,5.882421859121006,-9.510545010206611,-0.9048574551529995,17.75,17.8,17.0,17.516666666666666,6,1.2246467991473532e-16,-1.0,0,0,0,1,0,0,0,18.383333333333333,18.933333333333334,2021-06
casual,4.605995882770805,2021-07,17.75,5.941870545476313,1.0,10.510545010206611,5.817471851894308,4.941870545476313,4.941870545476313,17.75,17.75,17.8,17.766666666666666,7,-0.4999999999999997,-0.8660254037844388,0,0,0,1,0,0,0,18.866666666666664,18.60833333333333,2021-07
casual,5.670245853074125,2021-08,18.4,4.605995882770805,5.941870545476313,1.0,3.849288809415706,-1.3358746627055078,-0.2248239258128134,18.4,17.75,17.75,17.96666666666667,8,-0.8660254037844385,-0.5000000000000004,0,0,0,1,0,0,0,19.483333333333334,18.625,2021-08
casual,20.86199044296765,2021-09,19.0,5.670245853074125,4.605995882770805,5.941870545476313,5.406037427107081,1.0642499703033197,0.23105751663483987,19.0,18.4,17.75,18.383333333333336,9,-1.0,-1.8369701987210297e-16,0,0,0,1,0,0,0,19.483333333333334,18.916666666666668,2021-09
casual,28.97092231981433,2021-10,19.2,20.86199044296765,5.670245853074125,4.605995882770805,10.37941072627086,15.191744589893524,2.6792038623258843,19.2,19.0,18.4,18.866666666666667,10,-0.8660254037844386,0.5000000000000001,0,0,0,1,0,0,0,18.349999999999998,19.150000000000002,2021-10
casual,0.3,2021-11,20.25,28.97092231981433,20.86199044296765,5.670245853074125,18.501052871952037,8.108931876846682,0.38869406536326534,20.25,19.2,19.0,19.483333333333334,11,-0.5000000000000004,0.8660254037844384,0,0,0,1,0,0,0,17.766666666666666,19.150000000000002,2021-11
casual,11.105149978319906,2021-12,19.0,0.3,28.97092231981433,20.86199044296765,16.710970920927327,-28.67092231981433,-0.9896447894655112,19.0,20.25,19.2,19.483333333333334,12,-2.4492935982947064e-16,1.0,0,0,0,1,0,0,0,18.349999999999998,19.183333333333334,2021-12
casual,14.577184927882469,2022-01,15.8,11.105149978319906,0.3,28.97092231981433,13.458690766044747,10.805149978319905,36.01716659439969,15.8,19.0,20.25,18.349999999999998,1,0.49999999999999994,0.8660254037844387,0,0,0,1,0,0,0,19.95,19.8,2022-01
casual,5.294025094095323,2022-02,18.5,14.577184927882469,11.105149978319906,0.3,8.660778302067458,3.4720349495625626,0.3126508832695518,18.5,15.8,19.0,17.766666666666666,2,0.8660254037844386,0.5000000000000001,0,0,0,1,0,0,0,20.533333333333335,20.091666666666665,2022-02
casual,7.380392160057028,2022-04,20.75,5.294025094095323,14.577184927882469,11.105149978319906,10.325453333432565,-9.283159833787145,-0.6368280213027144,20.75,18.5,15.8,18.349999999999998,4,0.8660254037844387,-0.4999999999999998,0,0,0,1,0,0,0,20.016666666666666,19.866666666666664,2022-04
casual,0.3,2022-05,20.6,7.380392160057028,5.294025094095323,14.577184927882469,9.083867394011605,2.0863670659617046,0.39409844662216065,20.6,20.75,18.5,19.950000000000003,5,0.49999999999999994,-0.8660254037844387,0,0,0,1,0,0,0,19.650000000000002,19.808333333333334,2022-05
casual,1.4771212547196624,2022-06,20.25,0.3,7.380392160057028,5.294025094095323,4.324805751384117,-7.080392160057028,-0.9593517534713654,20.25,20.6,20.75,20.533333333333335,6,1.2246467991473532e-16,-1.0,0,0,0,1,0,0,0,19.650000000000002,19.641666666666666,2022-06
casual,4.294025094095323,2022-07,19.2,1.4771212547196624,0.3,7.380392160057028,3.0525044715922305,1.1771212547196623,3.923737515732208,19.2,20.25,20.6,20.01666666666667,7,-0.4999999999999997,-0.8660254037844388,0,0,0,1,0,0,0,19.716666666666665,19.475,2022-07
casual,3.2542425094393246,2022-08,19.5,4.294025094095323,1.4771212547196624,0.3,2.023715449604995,2.8169038393756605,1.9070227514330034,19.5,19.2,20.25,19.650000000000002,8,-0.8660254037844385,-0.5000000000000004,0,0,0,1,0,0,0,19.966666666666665,19.39166666666667,2022-08
casual,27.199635077079886,2022-09,20.25,3.2542425094393246,4.294025094095323,1.4771212547196624,3.0084629527514366,-1.0397825846559985,-0.2421463689361747,20.25,19.5,19.2,19.650000000000002,9,-1.0,-1.8369701987210297e-16,0,0,0,1,0,0,0,19.633333333333333,19.183333333333334,2022-09
casual,12.088491297302523,2022-10,19.4,27.199635077079886,3.2542425094393246,4.294025094095323,11.58263422687151,23.94539256764056,7.358207785124819,19.4,20.25,19.5,19.716666666666665,10,-0.8660254037844386,0.5000000000000001,0,0,0,1,0,0,0,19.233333333333334,19.349999999999998,2022-10
casual,9.44789914847748,2022-11,20.25,12.088491297302523,27.199635077079886,3.2542425094393246,14.180789627940577,-15.111143779777363,-0.5555642102165906,20.25,19.4,20.25,19.966666666666665,11,-0.5000000000000004,0.8660254037844384,0,0,0,1,0,0,0,18.816666666666666,19.474999999999998,2022-11
casual,13.203686592422317,2022-12,19.25,9.44789914847748,12.088491297302523,27.199635077079886,16.245341840953298,-2.640592148825043,-0.2184385200669562,19.25,20.25,19.4,19.633333333333333,12,-2.4492935982947064e-16,1.0,0,0,0,1,0,0,0,18.733333333333334,19.558333333333334,2022-12
casual,1.9,2023-01,18.2,13.203686592422317,9.44789914847748,12.088491297302523,11.580025679400775,3.755787443944836,0.3975261997319348,18.2,19.25,20.25,19.233333333333334,1,0.49999999999999994,0.8660254037844387,0,0,0,1,0,0,0,19.466666666666665,19.725,2023-01
casual,0.3,2023-02,19.0,1.9,13.203686592422317,9.44789914847748,8.183861913633265,-11.303686592422316,-0.8561007952816433,19.0,18.2,19.25,18.816666666666666,2,0.8660254037844386,0.5000000000000001,0,0,0,1,0,0,0,20.133333333333333,19.76666666666667,2023-02
casual,6.3,2023-03,19.0,0.3,1.9,13.203686592422317,5.134562197474105,-1.5999999999999999,-0.8421052631578947,19.0,19.0,18.2,18.733333333333334,3,1.0,6.123233995736766e-17,0,0,0,1,0,0,0,20.383333333333333,19.849999999999998,2023-03
casual,4.781843587944772,2023-04,20.4,6.3,0.3,1.9,2.8333333333333335,6.0,20.0,20.4,19.0,19.0,19.466666666666665,4,0.8660254037844387,-0.4999999999999998,0,0,0,1,0,0,0,19.983333333333334,19.71666666666667,2023-04
casual,15.038096291591058,2023-05,21.0,4.781843587944772,6.3,0.3,3.7939478626482575,-1.5181564120552276,-0.2409772082627345,21.0,20.4,19.0,20.13333333333333,5,0.49999999999999994,-0.8660254037844387,0,0,0,1,0,0,0,19.400000000000002,19.675,2023-05
casual,9.38518350805278,2023-06,19.75,15.038096291591058,4.781843587944772,6.3,8.706646626511944,10.256252703646286,2.144832325654216,19.75,21.0,20.4,20.38333333333333,6,1.2246467991473532e-16,-1.0,0,0,0,1,0,0,0,19.316666666666666,19.583333333333336,2023-06
casual,8.162757831681574,2023-07,19.2,9.38518350805278,15.038096291591058,4.781843587944772,9.735041129196203,-5.652912783538278,-0.3759061435654758,19.2,19.75,21.0,19.983333333333334,7,-0.4999999999999997,-0.8660254037844388,0,0,0,1,0,0,0,19.45,18.925,2023-07
casual,7.776091259055681,2023-08,19.25,8.162757831681574,9.38518350805278,15.038096291591058,10.862012543775137,-1.2224256763712056,-0.13025058863498262,19.25,19.2,19.75,19.400000000000002,8,-0.8660254037844385,-0.5000000000000004,0,0,0,1,0,0,0,19.95,18.416666666666668,2023-08
casual,11.562757831681576,2023-09,19.5,7.776091259055681,8.162757831681574,9.38518350805278,8.441344199596678,-0.3866665726258933,-0.047369599907172266,19.5,19.25,19.2,19.316666666666666,9,-1.0,-1.8369701987210297e-16,0,0,0,1,0,0,0,19.849999999999998,18.0,2023-09
casual,11.33272736730153,2023-10,19.6,11.562757831681576,7.776091259055681,8.162757831681574,9.167202307472943,3.7866665726258955,0.48696272284820674,19.6,19.5,19.25,19.45,10,-0.8660254037844386,0.5000000000000001,0,0,0,1,0,0,0,18.400000000000002,17.566666666666666,2023-10
casual,10.79328206256541,2023-11,20.75,11.33272736730153,11.562757831681576,7.776091259055681,10.223858819346262,-0.2300304643800466,-0.01989408303179807,20.75,19.6,19.5,19.95,11,-0.5000000000000004,0.8660254037844384,0,0,0,1,0,0,0,16.883333333333336,16.875,2023-11
casual,15.319449696057106,2023-12,19.2,10.79328206256541,11.33272736730153,11.562757831681576,11.229589087182838,-0.5394453047361196,-0.04760066021640896,19.2,20.75,19.6,19.849999999999998,12,-2.4492935982947064e-16,1.0,0,0,0,1,0,0,0,16.150000000000002,16.425,2023-12
casual,4.804119982655925,2024-01,15.25,15.319449696057106,10.79328206256541,11.33272736730153,12.481819708641348,4.526167633491696,0.4193504447724856,15.25,19.2,20.75,18.400000000000002,1,0.49999999999999994,0.8660254037844387,0,0,0,1,0,0,0,16.733333333333334,16.84166666666667,2024-01
casual,0.3,2024-03,16.2,4.804119982655925,15.319449696057106,10.79328206256541,10.305617247092814,-10.515329713401181,-0.6864038801672883,16.2,15.25,19.2,16.883333333333333,3,1.0,6.123233995736766e-17,0,0,0,1,0,0,0,16.866666666666667,17.175,2024-03
casual,0.3,2024-04,17.0,0.3,4.804119982655925,15.319449696057106,6.807856559571011,-4.504119982655925,-0.9375535996013682,17.0,16.2,15.25,16.150000000000002,4,0.8660254037844387,-0.4999999999999998,0,0,0,1,0,0,0,16.7,17.3,2024-04
casual,6.3,2024-05,17.0,0.3,0.3,4.804119982655925,1.8013733275519748,0.0,0.0,17.0,17.0,16.2,16.733333333333334,5,0.49999999999999994,-0.8660254037844387,0,0,0,1,0,0,0,16.95,17.508333333333333,2024-05
casual,6.0,2024-06,16.6,6.3,0.3,0.3,2.3,6.0,20.0,16.6,17.0,17.0,16.866666666666664,6,1.2246467991473532e-16,-1.0,0,0,0,1,0,0,0,17.483333333333334,17.675,2024-06
casual,8.1,2024-07,16.5,6.0,6.3,0.3,4.2,-0.2999999999999998,-0.04761904761904756,16.5,16.6,17.0,16.7,7,-0.4999999999999997,-0.8660254037844388,0,0,0,1,0,0,0,17.900000000000002,17.59166666666667,2024-07
casual,17.604576688766112,2024-08,17.75,8.1,6.0,6.3,6.8,2.0999999999999996,0.34999999999999987,17.75,16.5,16.6,16.95,8,-0.8660254037844385,-0.5000000000000004,0,0,0,1,0,0,0,18.066666666666666,17.46666666666667,2024-08
casual,31.032134476512635,2024-09,18.2,17.604576688766112,8.1,6.0,10.568192229588703,9.504576688766113,1.1734045294772981,18.2,17.75,16.5,17.483333333333334,9,-1.0,-1.8369701987210297e-16,0,0,0,1,0,0,0,17.866666666666667,17.5,2024-09
casual,13.540905663120029,2024-10,17.75,31.032134476512635,17.604576688766112,8.1,18.912237055092916,13.427557787746522,0.7627310798285174,17.75,18.2,17.75,17.900000000000002,10,-0.8660254037844386,0.5000000000000001,0,0,0,1,0,0,0,17.283333333333335,17.625,2024-10
casual,18.75331834004704,2024-11,18.25,13.540905663120029,31.032134476512635,17.604576688766112,20.725872276132925,-17.491228813392606,-0.563648911312602,18.25,17.75,18.2,18.066666666666666,11,-0.5000000000000004,0.8660254037844384,0,0,0,1,0,0,0,16.866666666666667,17.791666666666668,2024-11
casual,45.7185497610727,2024-12,17.6,18.75331834004704,13.540905663120029,31.032134476512635,21.10878615989324,5.212412676927013,0.3849382608966492,17.6,18.25,17.75,17.866666666666667,12,-2.4492935982947064e-16,1.0,0,0,0,1,0,0,0,17.133333333333333,17.991666666666667,2024-12
casual,6.2,2025-01,16.0,45.7185497610727,18.75331834004704,13.540905663120029,26.004257921413256,26.96523142102566,1.4378912004838296,16.0,17.6,18.25,17.283333333333335,1,0.49999999999999994,0.8660254037844387,0,0,0,1,0,0,0,17.966666666666665,18.575,2025-01
casual,6.0,2025-02,17.0,6.2,45.7185497610727,18.75331834004704,23.557289367039914,-39.5185497610727,-0.8643876493807985,17.0,16.0,17.6,16.866666666666667,2,0.8660254037844386,0.5000000000000001,0,0,0,1,0,0,0,18.716666666666665,19.608333333333334,2025-02
casual,1.9,2025-03,18.4,6.0,6.2,45.7185497610727,19.3061832536909,-0.20000000000000018,-0.032258064516129115,18.4,17.0,16.0,17.133333333333333,3,1.0,6.123233995736766e-17,0,0,0,1,0,0,0,18.849999999999998,20.333333333333332,2025-03
casual,10.243452676486188,2025-04,18.5,1.9,6.0,6.2,4.7,-4.1,-0.6833333333333333,18.5,18.4,17.0,17.966666666666665,4,0.8660254037844387,-0.4999999999999998,0,0,0,1,0,0,0,19.183333333333334,20.75,2025-04
casual,6.686490725172482,2025-05,19.25,10.243452676486188,1.9,6.0,6.047817558828729,8.343452676486187,4.391290882361152,19.25,18.5,18.4,18.716666666666665,5,0.49999999999999994,-0.8660254037844387,0,0,0,1,0,0,0,20.5,21.40833333333333,2025-05
casual,8.108548551240405,2025-06,18.8,6.686490725172482,10.243452676486188,1.9,6.276647800552889,-3.5569619513137054,-0.3472424839213345,18.8,19.25,18.5,18.849999999999998,6,1.2246467991473532e-16,-1.0,0,0,0,1,0,0,0,21.816666666666666,21.650000000000002,2025-06
casual,6.378151250383644,2025-07,19.5,8.108548551240405,6.686490725172482,10.243452676486188,8.346163984299691,1.422057826067923,0.21267625792320843,19.5,18.8,19.25,19.183333333333334,7,-0.4999999999999997,-0.8660254037844388,0,0,0,1,0,0,0,22.316666666666666,20.459139784946238,2025-07
casual,25.06893781403156,2025-08,23.2,6.378151250383644,8.108548551240405,6.686490725172482,7.057730175598844,-1.7303973008567608,-0.21340407471471,23.2,19.5,18.8,20.5,8,-0.8660254037844385,-0.5000000000000004,0,0,0,1,0,0,0,22.316666666666666,24.24723502304148,2025-08
casual,29.338394357450667,2025-09,22.75,25.06893781403156,6.378151250383644,8.108548551240405,13.185212538551871,18.690786563647915,2.9304395317567407,22.75,23.2,19.5,21.816666666666666,9,-1.0,-1.8369701987210297e-16,0,0,0,1,0,0,0,21.483333333333334,23.444815668202764,2025-09
casual,30.609544475555413,2025-10,21.0,29.338394357450667,25.06893781403156,6.378151250383644,20.261827807288626,4.269456543419107,0.17030863354048487,21.0,22.75,23.2,22.316666666666666,10,-0.8660254037844386,0.5000000000000001,0,0,0,1,0,0,0,18.60161290322581,23.93377880184332,2025-10
casual,67.75726710224578,2025-11,23.2,30.609544475555413,29.338394357450667,25.06893781403156,28.338958882345878,1.271150118104746,0.04332718766464905,23.2,21.0,22.75,22.316666666666666,11,-0.5000000000000004,0.8660254037844384,0,0,0,1,0,0,0,26.177803379416286,24.11722350230415,2025-11
casual,81.71450835387549,2025-12,20.25,67.75726710224578,30.609544475555413,29.338394357450667,42.568401978417285,37.14772262669037,1.2135993286785531,20.25,23.2,21.0,21.483333333333334,12,-2.4492935982947064e-16,1.0,0,0,0,1,0,0,0,25.406298003072198,25.406298003072198,2025-12
cherry red,1.2,2020-12,1.0,3.0211892990699383,2.1450980400142567,1.6989700043360187,2.2884191144734047,0.8760912590556815,0.4084154862450291,1.0,1.0,1.0,1.0,12,-2.4492935982947064e-16,1.0,0,0,1,0,0,0,0,1.0,1.0,2020-12
cherry red,2.681241237375587,2021-04,1.0,1.2,3.0211892990699383,2.1450980400142567,2.1220957796947317,-1.8211892990699383,-0.6028054248803889,1.0,1.0,1.0,1.0,4,0.8660254037844387,-0.4999999999999998,0,0,1,0,0,0,0,1.0,1.0,2021-04
cherry red,4.093071306376063,2021-07,1.0,2.681241237375587,1.2,3.0211892990699383,2.300810178815175,1.4812412373755872,1.2343676978129894,1.0,1.0,1.0,1.0,7,-0.4999999999999997,-0.8660254037844388,0,0,1,0,0,0,0,1.0,1.0,2021-07
cherry red,2.0413926851582254,2022-07,1.0,4.093071306376063,2.681241237375587,1.2,2.65810418125055,1.4118300690004761,0.5265583899427053,1.0,1.0,1.0,1.0,7,-0.4999999999999997,-0.8660254037844388,0,0,1,0,0,0,0,1.0,1.0,2022-07
cherry red,5.517234223110615,2022-09,1.0,2.0413926851582254,4.093071306376063,2.681241237375587,2.938568409636625,-2.051678621217838,-0.5012565058472827,1.0,1.0,1.0,1.0,9,-1.0,-1.8369701987210297e-16,0,0,1,0,0,0,0,1.0,1.0,2022-09
cherry red,2.4,2022-11,1.0,5.517234223110615,2.0413926851582254,4.093071306376063,3.883899404881634,3.4758415379523893,1.7026814895650428,1.0,1.0,1.0,1.0,11,-0.5000000000000004,0.8660254037844384,0,0,1,0,0,0,0,1.0,1.0,2022-11
cherry red,1.9542425094393248,2023-04,1.0,2.4,5.517234223110615,2.0413926851582254,3.3195423027562803,-3.1172342231106147,-0.5649994357776458,1.0,1.0,1.0,1.0,4,0.8660254037844387,-0.4999999999999998,0,0,1,0,0,0,0,1.0,1.0,2023-04
cherry red,4.808577420850824,2023-10,1.0,1.9542425094393248,2.4,5.517234223110615,3.2904922441833135,-0.44575749056067515,-0.1857322877336146,1.0,1.0,1.0,1.0,10,-0.8660254037844386,0.5000000000000001,0,0,1,0,0,0,0,1.0,1.0,2023-10
cherry red,1.2,2023-11,1.0,4.808577420850824,1.9542425094393248,2.4,3.054273310096716,2.8543349114114993,1.4605837799682355,1.0,1.0,1.0,1.0,11,-0.5000000000000004,0.8660254037844384,0,0,1,0,0,0,0,1.0,0.8333333333333334,2023-11
cherry red,4.0,2024-11,1.0,1.2,4.808577420850824,1.9542425094393248,2.654273310096716,-3.608577420850824,-0.7504459437844149,1.0,1.0,1.0,1.0,11,-0.5000000000000004,0.8660254037844384,0,0,1,0,0,0,0,1.0,0.7023809523809524,2024-11
cherry red,1.0,2025-04,1.0,4.0,1.2,4.808577420850824,3.3361924736169413,2.8,2.3333333333333335,1.0,1.0,1.0,1.0,4,0.8660254037844387,-0.4999999999999998,0,0,1,0,0,0,0,1.0,0.5464669738863287,2025-04
cherry red,1.7781512503836436,2025-05,1.0,1.0,4.0,1.2,2.066666666666667,-3.0,-0.75,1.0,1.0,1.0,1.0,5,0.49999999999999994,-0.8660254037844387,0,0,1,0,0,0,0,0.6666666666666666,0.4557603686635945,2025-05
cherry red,2.836732022768204,2025-11,1.0,1.7781512503836436,1.0,4.0,2.2593837501278813,0.7781512503836436,0.7781512503836436,1.0,1.0,1.0,1.0,11,-0.5000000000000004,0.8660254037844384,0,0,1,0,0,0,0,0.4047619047619047,0.31970046082949305,2025-11
cherry red,0.3,2025-12,1.0,2.836732022768204,1.7781512503836436,1.0,1.8716277577172826,1.0585807723845602,0.5953266192379119,1.0,1.0,1.0,1.0,12,-2.4492935982947064e-16,1.0,0,0,1,0,0,0,0,0.0929339477726574,0.0929339477726574,2025-12
chiffon,1.0,2021-11,2.0,2.0,1.0,3.84494397918711,2.28164799306237,1.0,1.0,2.0,2.0,3.0,2.3333333333333335,11,-0.5000000000000004,0.8660254037844384,0,0,0,0,1,0,0,2.3333333333333335,2.1666666666666665,2021-11
chiffon,2.0,2021-12,2.0,1.0,2.0,1.0,1.3333333333333333,-1.0,-0.5,2.0,2.0,2.0,2.0,12,-2.4492935982947064e-16,1.0,0,0,0,0,1,0,0,2.3333333333333335,2.2,2021-12
chiffon,2.5563025007672877,2022-08,3.0,2.0,1.0,2.0,1.6666666666666667,1.0,1.0,3.0,2.0,2.0,2.3333333333333335,8,-0.8660254037844385,-0.5000000000000004,0,0,0,0,1,0,0,2.0,2.0,2022-08
chiffon,2.531478917042256,2022-12,2.0,2.5563025007672877,2.0,1.0,1.8521008335890958,0.5563025007672877,0.27815125038364386,2.0,3.0,2.0,2.3333333333333335,12,-2.4492935982947064e-16,1.0,0,0,0,0,1,0,0,2.0,2.0,2022-12
coat,52.25115976220545,2020-04,11.0,22.03906144968943,17.604119982655924,16.339145592800314,18.660775675048555,4.434941467033507,0.25192633720986546,11.0,13.0,18.0,14.0,4,0.8660254037844387,-0.4999999999999998,0,0,0,0,0,0,1,13.0,15.5,2020-04
coat,37.09601970071581,2020-05,13.0,52.25115976220545,22.03906144968943,17.604119982655924,30.631447064850267,30.212098312516016,1.3708432358376021,13.0,11.0,13.0,12.333333333333334,5,0.49999999999999994,-0.8660254037844387,0,0,0,0,0,0,1,13.333333333333334,17.333333333333332,2020-05
coat,55.18592820889739,2020-06,13.0,37.09601970071581,52.25115976220545,22.03906144968943,37.128746970870225,-15.15514006148964,-0.2900440895562997,13.0,13.0,11.0,12.333333333333334,6,1.2246467991473532e-16,-1.0,0,0,0,0,0,0,1,15.0,19.5,2020-06
coat,36.472678996417656,2020-07,13.0,55.18592820889739,37.09601970071581,52.25115976220545,48.17770255727288,18.08990850818158,0.4876509300493097,13.0,13.0,13.0,13.0,7,-0.4999999999999997,-0.8660254037844388,0,0,0,0,0,0,1,18.0,20.833333333333332,2020-07
coat,41.11407404880386,2020-08,14.0,36.472678996417656,55.18592820889739,37.09601970071581,42.91820896867694,-18.71324921247973,-0.3390945811701084,14.0,13.0,13.0,13.333333333333334,8,-0.8660254037844385,-0.5000000000000004,0,0,0,0,0,0,1,21.333333333333332,21.5,2020-08
coat,68.45583065640936,2020-09,18.0,41.11407404880386,36.472678996417656,55.18592820889739,44.25756041803964,4.641395052386201,0.12725676259871332,18.0,14.0,13.0,15.0,9,-1.0,-1.8369701987210297e-16,0,0,0,0,0,0,1,24.0,21.0,2020-09
coat,61.24418698835402,2020-10,22.0,68.45583065640936,41.11407404880386,36.472678996417656,48.68086123387695,27.341756607605504,0.6650218262279208,22.0,18.0,14.0,18.0,10,-0.8660254037844386,0.5000000000000001,0,0,0,0,0,0,1,23.666666666666668,19.5,2020-10
coat,55.96313408654393,2020-11,24.0,61.24418698835402,68.45583065640936,41.11407404880386,56.938030564522414,-7.211643668055338,-0.10534739844516261,24.0,22.0,18.0,21.333333333333332,11,-0.5000000000000004,0.8660254037844384,0,0,0,0,0,0,1,21.666666666666668,17.666666666666668,2020-11
coat,62.67956554677671,2020-12,26.0,55.96313408654393,61.24418698835402,68.45583065640936,61.887717243769096,-5.281052901810092,-0.0862294555859533,26.0,24.0,22.0,24.0,12,-2.4492935982947064e-16,1.0,0,0,0,0,0,0,1,18.0,15.333333333333334,2020-12
coat,9.78227123303957,2021-01,21.0,62.67956554677671,55.96313408654393,61.24418698835402,59.962295540558216,6.716431460232776,0.12001528452366839,21.0,26.0,24.0,23.666666666666668,1,0.49999999999999994,0.8660254037844387,0,0,0,0,0,0,1,15.333333333333334,13.833333333333334,2021-01
coat,14.002157695941015,2021-02,18.0,9.78227123303957,62.67956554677671,55.96313408654393,42.80832362212007,-52.897294313737135,-0.8439320510966333,18.0,21.0,26.0,21.666666666666668,2,0.8660254037844386,0.5000000000000001,0,0,0,0,0,0,1,13.666666666666666,13.0,2021-02
coat,24.38497564250577,2021-03,15.0,14.002157695941015,9.78227123303957,62.67956554677671,28.821331491919096,4.219886462901446,0.4313810527609172,15.0,18.0,21.0,18.0,3,1.0,6.123233995736766e-17,0,0,0,0,0,0,1,12.666666666666666,13.166666666666666,2021-03
coat,14.993770381675418,2021-04,13.0,24.38497564250577,14.002157695941015,9.78227123303957,16.056468190495448,10.382817946564753,0.7415155701020675,13.0,15.0,18.0,15.333333333333334,4,0.8660254037844387,-0.4999999999999998,0,0,0,0,0,0,1,12.333333333333334,15.0,2021-04
coat,8.855272505103306,2021-05,13.0,14.993770381675418,24.38497564250577,14.002157695941015,17.793634573374064,-9.39120526083035,-0.38512260165888446,13.0,13.0,15.0,13.666666666666666,5,0.49999999999999994,-0.8660254037844387,0,0,0,0,0,0,1,12.333333333333334,18.0,2021-05
coat,25.46490430276998,2021-06,12.0,8.855272505103306,14.993770381675418,24.38497564250577,16.078006176428158,-6.138497876572112,-0.40940322015830355,12.0,13.0,13.0,12.666666666666666,6,1.2246467991473532e-16,-1.0,0,0,0,0,0,0,1,13.666666666666666,20.5,2021-06
coat,64.8563237449593,2021-07,12.0,25.46490430276998,8.855272505103306,14.993770381675418,16.43798239651623,16.609631797666673,1.8756770938550473,12.0,12.0,13.0,12.333333333333334,7,-0.4999999999999997,-0.8660254037844388,0,0,0,0,0,0,1,17.666666666666668,22.333333333333332,2021-07
coat,21.61418439750128,2021-08,13.0,64.8563237449593,25.46490430276998,8.855272505103306,33.05883351761086,39.39141944218932,1.5468905350610118,13.0,12.0,12.0,12.333333333333334,8,-0.8660254037844385,-0.5000000000000004,0,0,0,0,0,0,1,23.666666666666668,23.333333333333332,2021-08
coat,73.20131912812332,2021-09,16.0,21.61418439750128,64.8563237449593,25.46490430276998,37.31180414841018,-43.24213934745802,-0.6667374413249694,16.0,13.0,12.0,13.666666666666666,9,-1.0,-1.8369701987210297e-16,0,0,0,0,0,0,1,27.333333333333332,23.333333333333332,2021-09
coat,68.71029852279327,2021-10,24.0,73.20131912812332,21.61418439750128,64.8563237449593,53.223942423527966,51.58713473062204,2.3867259472712647,24.0,16.0,13.0,17.666666666666668,10,-0.8660254037844386,0.5000000000000001,0,0,0,0,0,0,1,27.0,21.833333333333332,2021-10
coat,90.41866245935216,2021-11,31.0,68.71029852279327,73.20131912812332,21.61418439750128,54.508600682805955,-4.49102060533005,-0.06135163489976836,31.0,24.0,16.0,23.666666666666668,11,-0.5000000000000004,0.8660254037844384,0,0,0,0,0,0,1,23.0,18.833333333333332,2021-11
coat,63.77431215500055,2021-12,27.0,90.41866245935216,68.71029852279327,73.20131912812332,77.44342670342292,21.708363936558897,0.315940468943787,27.0,31.0,24.0,27.333333333333332,12,-2.4492935982947064e-16,1.0,0,0,0,0,0,0,1,19.333333333333332,16.333333333333332,2021-12
coat,3.7,2022-01,23.0,63.77431215500055,90.41866245935216,68.71029852279327,74.30109104571532,-26.64435030435161,-0.29467755416454666,23.0,27.0,31.0,27.0,1,0.49999999999999994,0.8660254037844387,0,0,0,0,0,0,1,16.666666666666668,14.666666666666666,2022-01
coat,9.179062935186456,2022-02,19.0,3.7,63.77431215500055,90.41866245935216,52.63099153811757,-60.07431215500055,-0.9419829101252034,19.0,23.0,27.0,23.0,2,0.8660254037844386,0.5000000000000001,0,0,0,0,0,0,1,14.666666666666666,13.833333333333334,2022-02
coat,3.3,2022-03,16.0,9.179062935186456,3.7,63.77431215500055,25.551125030062337,5.479062935186456,1.480827820320664,16.0,19.0,23.0,19.333333333333332,3,1.0,6.123233995736766e-17,0,0,0,0,0,0,1,13.333333333333334,14.333333333333334,2022-03
coat,4.3,2022-04,15.0,3.3,9.179062935186456,3.7,5.393020978395486,-5.8790629351864565,-0.6404861778047101,15.0,16.0,19.0,16.666666666666668,4,0.8660254037844387,-0.4999999999999998,0,0,0,0,0,0,1,12.666666666666666,15.5,2022-04
coat,1.5,2022-05,13.0,4.3,3.3,9.179062935186456,5.5930209783954865,1.0,0.303030303030303,13.0,15.0,16.0,14.666666666666666,5,0.49999999999999994,-0.8660254037844387,0,0,0,0,0,0,1,13.0,17.833333333333332,2022-05
coat,1.5,2022-06,12.0,1.5,4.3,3.3,3.033333333333333,-2.8,-0.6511627906976745,12.0,13.0,15.0,13.333333333333334,6,1.2246467991473532e-16,-1.0,0,0,0,0,0,0,1,15.333333333333334,20.5,2022-06
coat,11.424178055474677,2022-07,13.0,1.5,1.5,4.3,2.433333333333333,0.0,0.0,13.0,12.0,13.0,12.666666666666666,7,-0.4999999999999997,-0.8660254037844388,0,0,0,0,0,0,1,18.333333333333332,22.0,2022-07
coat,2.4,2022-08,14.0,11.424178055474677,1.5,1.5,4.808059351824892,9.924178055474677,6.616118703649785,14.0,13.0,12.0,13.0,8,-0.8660254037844385,-0.5000000000000004,0,0,0,0,0,0,1,22.666666666666668,22.666666666666668,2022-08
coat,97.5492072038224,2022-09,19.0,2.4,11.424178055474677,1.5,5.108059351824893,-9.024178055474676,-0.7899192407238544,19.0,14.0,13.0,15.333333333333334,9,-1.0,-1.8369701987210297e-16,0,0,0,0,0,0,1,25.666666666666668,22.166666666666668,2022-09
coat,113.73572510958611,2022-10,22.0,97.5492072038224,2.4,11.424178055474677,37.12446175309903,95.1492072038224,39.64550300159267,22.0,19.0,14.0,18.333333333333332,10,-0.8660254037844386,0.5000000000000001,0,0,0,0,0,0,1,25.666666666666668,21.0,2022-10
coat,46.48084244542085,2022-11,27.0,113.73572510958611,97.5492072038224,2.4,71.22831077113618,16.186517905763708,0.16593182425299546,27.0,22.0,19.0,22.666666666666668,11,-0.5000000000000004,0.8660254037844384,0,0,0,0,0,0,1,22.666666666666668,18.833333333333332,2022-11
coat,113.8677851630938,2022-12,28.0,46.48084244542085,113.73572510958611,97.5492072038224,85.9219249196098,-67.25488266416527,-0.5913259233135777,28.0,27.0,22.0,25.666666666666668,12,-2.4492935982947064e-16,1.0,0,0,0,0,0,0,1,18.666666666666668,16.166666666666668,2022-12
coat,4.098970004336019,2023-01,22.0,113.8677851630938,46.48084244542085,113.73572510958611,91.3614509060336,67.38694271767295,1.44977885882341,22.0,28.0,27.0,25.666666666666668,1,0.49999999999999994,0.8660254037844387,0,0,0,0,0,0,1,16.333333333333332,14.666666666666666,2023-01
coat,9.591226075692497,2023-02,18.0,4.098970004336019,113.8677851630938,46.48084244542085,54.815865870950226,-109.76881515875777,-0.9640023734679213,18.0,22.0,28.0,22.666666666666668,2,0.8660254037844386,0.5000000000000001,0,0,0,0,0,0,1,15.0,14.0,2023-02
coat,11.914664992862535,2023-03,16.0,9.591226075692497,4.098970004336019,113.8677851630938,42.51932708104077,5.492256071356477,1.3399112619869373,16.0,18.0,22.0,18.666666666666668,3,1.0,6.123233995736766e-17,0,0,0,0,0,0,1,13.666666666666666,14.666666666666666,2023-03
coat,7.001029995663981,2023-04,15.0,11.914664992862535,9.591226075692497,4.098970004336019,8.534953690963684,2.323438917170039,0.24224628830910788,15.0,16.0,18.0,16.333333333333332,4,0.8660254037844387,-0.4999999999999998,0,0,0,0,0,0,1,13.0,16.166666666666668,2023-04
coat,41.1328897964913,2023-05,14.0,7.001029995663981,11.914664992862535,9.591226075692497,9.502307021406336,-4.913634997198554,-0.4124022790520808,14.0,15.0,16.0,15.0,5,0.49999999999999994,-0.8660254037844387,0,0,0,0,0,0,1,13.0,18.666666666666668,2023-05
coat,14.40823996531185,2023-06,12.0,41.1328897964913,7.001029995663981,11.914664992862535,20.01619492833927,34.131859800827314,4.875262614496231,12.0,14.0,15.0,13.666666666666666,6,1.2246467991473532e-16,-1.0,0,0,0,0,0,0,1,15.666666666666666,21.0,2023-06
coat,4.5,2023-07,13.0,14.40823996531185,41.1328897964913,7.001029995663981,20.847386585822377,-26.72464983117945,-0.649714862325552,13.0,12.0,14.0,13.0,7,-0.4999999999999997,-0.8660254037844388,0,0,0,0,0,0,1,19.333333333333332,22.833333333333332,2023-07
coat,37.79281624324618,2023-08,14.0,4.5,14.40823996531185,41.1328897964913,20.01370992060105,-9.90823996531185,-0.6876787164265832,14.0,13.0,12.0,13.0,8,-0.8660254037844385,-0.5000000000000004,0,0,0,0,0,0,1,24.333333333333332,23.666666666666668,2023-08
coat,105.62233021141442,2023-09,20.0,37.79281624324618,4.5,14.40823996531185,18.900352069519343,33.29281624324618,7.398403609610263,20.0,14.0,13.0,15.666666666666666,9,-1.0,-1.8369701987210297e-16,0,0,0,0,0,0,1,26.333333333333332,23.0,2023-09
coat,69.9395145980594,2023-10,24.0,105.62233021141442,37.79281624324618,4.5,49.3050488182202,67.82951396816824,1.7947726766800507,24.0,20.0,14.0,19.333333333333332,10,-0.8660254037844386,0.5000000000000001,0,0,0,0,0,0,1,26.333333333333332,21.5,2023-10
coat,113.73796834249974,2023-11,29.0,69.9395145980594,105.62233021141442,37.79281624324618,71.11822035090667,-35.68281561335502,-0.33783401239048627,29.0,24.0,20.0,24.333333333333332,11,-0.5000000000000004,0.8660254037844384,0,0,0,0,0,0,1,23.0,18.833333333333332,2023-11
coat,81.63038117678144,2023-12,26.0,113.73796834249974,69.9395145980594,105.62233021141442,96.43327105065786,43.79845374444034,0.6262333102559965,26.0,29.0,24.0,26.333333333333332,12,-2.4492935982947064e-16,1.0,0,0,0,0,0,0,1,19.666666666666668,16.833333333333332,2023-12
coat,10.356302500767288,2024-01,24.0,81.63038117678144,113.73796834249974,69.9395145980594,88.4359547057802,-32.1075871657183,-0.2822943616245417,24.0,26.0,29.0,26.333333333333332,1,0.49999999999999994,0.8660254037844387,0,0,0,0,0,0,1,16.666666666666668,15.166666666666666,2024-01
coat,1.2,2024-02,19.0,10.356302500767288,81.63038117678144,113.73796834249974,68.57488400668282,-71.27407867601416,-0.873131763548435,19.0,24.0,26.0,23.0,2,0.8660254037844386,0.5000000000000001,0,0,0,0,0,0,1,14.666666666666666,14.666666666666666,2024-02
coat,1.9,2024-03,16.0,1.2,10.356302500767288,81.63038117678144,31.062227892516244,-9.15630250076729,-0.8841285294716823,16.0,19.0,24.0,19.666666666666668,3,1.0,6.123233995736766e-17,0,0,0,0,0,0,1,14.0,15.5,2024-03
coat,10.4345689040342,2024-04,15.0,1.9,1.2,10.356302500767288,4.485434166922429,0.7,0.5833333333333333,15.0,16.0,19.0,16.666666666666668,4,0.8660254037844387,-0.4999999999999998,0,0,0,0,0,0,1,13.666666666666666,17.166666666666668,2024-04
coat,12.714471949629305,2024-05,13.0,10.4345689040342,1.9,1.2,4.511522968011399,8.534568904034199,4.491878370544316,13.0,15.0,16.0,14.666666666666666,5,0.49999999999999994,-0.8660254037844387,0,0,0,0,0,0,1,14.666666666666666,20.166666666666668,2024-05
coat,14.432457292184726,2024-06,14.0,12.714471949629305,10.4345689040342,1.9,8.349680284554502,2.2799030455951055,0.2184951833241191,14.0,13.0,15.0,14.0,6,1.2246467991473532e-16,-1.0,0,0,0,0,0,0,1,17.0,23.333333333333332,2024-06
coat,3.879181246047625,2024-07,14.0,14.432457292184726,12.714471949629305,10.4345689040342,12.527166048616076,1.717985342555421,0.1351204634656895,14.0,14.0,13.0,13.666666666666666,7,-0.4999999999999997,-0.8660254037844388,0,0,0,0,0,0,1,20.666666666666668,25.5,2024-07
coat,4.0,2024-08,16.0,3.879181246047625,14.432457292184726,12.714471949629305,10.342036829287219,-10.5532760461371,-0.7312182418063882,16.0,14.0,14.0,14.666666666666666,8,-0.8660254037844385,-0.5000000000000004,0,0,0,0,0,0,1,25.666666666666668,26.333333333333332,2024-08
coat,131.0356164569045,2024-09,21.0,4.0,3.879181246047625,14.432457292184726,7.4372128460774505,0.12081875395237507,0.03114542639003348,21.0,16.0,14.0,17.0,9,-1.0,-1.8369701987210297e-16,0,0,0,0,0,0,1,29.666666666666668,25.833333333333332,2024-09
coat,76.48440811366473,2024-10,25.0,131.0356164569045,4.0,3.879181246047625,46.30493256765072,127.0356164569045,31.758904114226127,25.0,21.0,16.0,20.666666666666668,10,-0.8660254037844386,0.5000000000000001,0,0,0,0,0,0,1,30.333333333333332,24.333333333333332,2024-10
coat,109.2403008619886,2024-11,31.0,76.48440811366473,131.0356164569045,4.0,70.5066748568564,-54.55120834323978,-0.41630825128510607,31.0,25.0,21.0,25.666666666666668,11,-0.5000000000000004,0.8660254037844384,0,0,0,0,0,0,1,27.0,21.666666666666668,2024-11
coat,107.4399839044377,2024-12,33.0,109.2403008619886,76.48440811366473,131.0356164569045,105.58677514418594,32.75589274832387,0.4282688923949678,33.0,31.0,25.0,29.666666666666668,12,-2.4492935982947064e-16,1.0,0,0,0,0,0,0,1,22.0,18.666666666666668,2024-12
coat,42.1,2025-01,27.0,107.4399839044377,109.2403008619886,76.48440811366473,97.72156429336367,-1.8003169575509048,-0.016480336866019574,27.0,33.0,31.0,30.333333333333332,1,0.49999999999999994,0.8660254037844387,0,0,0,0,0,0,1,18.333333333333332,16.666666666666668,2025-01
coat,2.5,2025-02,21.0,42.1,107.4399839044377,109.2403008619886,86.2600949221421,-65.3399839044377,-0.6081533292349917,21.0,27.0,33.0,27.0,2,0.8660254037844386,0.5000000000000001,0,0,0,0,0,0,1,16.333333333333332,16.333333333333332,2025-02
coat,24.58815991029055,2025-03,18.0,2.5,42.1,107.4399839044377,50.679994634812566,-39.6,-0.9406175771971497,18.0,21.0,27.0,22.0,3,1.0,6.123233995736766e-17,0,0,0,0,0,0,1,15.333333333333334,17.333333333333332,2025-03
coat,40.16903408383782,2025-04,16.0,24.58815991029055,2.5,42.1,23.06271997009685,22.08815991029055,8.83526396411622,16.0,18.0,21.0,18.333333333333332,4,0.8660254037844387,-0.4999999999999998,0,0,0,0,0,0,1,15.0,19.5,2025-04
coat,26.692256071356475,2025-05,15.0,40.16903408383782,24.58815991029055,2.5,22.419064664709456,15.580874173547272,0.6336738588976891,15.0,16.0,18.0,16.333333333333332,5,0.49999999999999994,-0.8660254037844387,0,0,0,0,0,0,1,16.333333333333332,22.833333333333332,2025-05
coat,12.982125919770032,2025-06,15.0,26.692256071356475,40.16903408383782,24.58815991029055,30.483150021828283,-13.476778012481347,-0.3355016698771899,15.0,15.0,16.0,15.333333333333334,6,1.2246467991473532e-16,-1.0,0,0,0,0,0,0,1,19.333333333333332,26.5,2025-06
coat,13.155272505103309,2025-07,15.0,12.982125919770032,26.692256071356475,40.16903408383782,26.614472024988107,-13.710130151586442,-0.5136369932513429,15.0,15.0,15.0,15.0,7,-0.4999999999999997,-0.8660254037844388,0,0,0,0,0,0,1,24.0,28.833333333333332,2025-07
coat,15.642378598139876,2025-08,19.0,13.155272505103309,12.982125919770032,26.692256071356475,17.609884832076606,0.1731465853332761,0.013337305954612244,19.0,15.0,15.0,16.333333333333332,8,-0.8660254037844385,-0.5000000000000004,0,0,0,0,0,0,1,29.333333333333332,30.8,2025-08
coat,111.63579679512846,2025-09,24.0,15.642378598139876,13.155272505103309,12.982125919770032,13.926592341004406,2.4871060930365676,0.18905774031452016,24.0,19.0,15.0,19.333333333333332,9,-1.0,-1.8369701987210297e-16,0,0,0,0,0,0,1,33.666666666666664,32.5,2025-09
coat,56.12480917402621,2025-10,29.0,111.63579679512846,15.642378598139876,13.155272505103309,46.81114929945721,95.99341819698859,6.136753281780541,29.0,24.0,19.0,24.0,10,-0.8660254037844386,0.5000000000000001,0,0,0,0,0,0,1,33.666666666666664,33.666666666666664,2025-10
cobalt blue,3.4,2023-10,0.0,2.0413926851582254,1.845098040014257,1.6989700043360187,1.8618202431695003,0.19629464514396844,0.10638710837417165,0.0,1.0,1.25,0.75,10,-0.8660254037844386,0.5000000000000001,0,0,1,0,0,0,0,0.3333333333333333,0.5416666666666666,2023-10
cobalt blue,1.0,2023-12,1.0,3.4,2.0413926851582254,1.845098040014257,2.4288302417241607,1.3586073148417745,0.6655296282383176,1.0,0.0,1.0,0.6666666666666666,12,-2.4492935982947064e-16,1.0,0,0,1,0,0,0,0,0.0,0.4166666666666667,2023-12
cobalt blue,1.0,2024-01,0.0,1.0,3.4,2.0413926851582254,2.147130895052742,-2.4,-0.7058823529411764,0.0,1.0,0.0,0.3333333333333333,1,0.49999999999999994,0.8660254037844387,0,0,1,0,0,0,0,0.4166666666666667,0.4489247311827957,2024-01
cobalt blue,0.3,2024-09,0.0,1.0,1.0,3.4,1.8,0.0,0.0,0.0,0.0,1.0,0.3333333333333333,9,-1.0,-1.8369701987210297e-16,0,0,1,0,0,0,0,0.75,0.5387096774193548,2024-09
cobalt blue,3.204119982655925,2025-01,0.0,0.3,1.0,1.0,0.7666666666666666,-0.7,-0.7,0.0,0.0,0.0,0.0,1,0.49999999999999994,0.8660254037844387,0,0,1,0,0,0,0,0.8333333333333334,0.6733870967741935,2025-01
cobalt blue,0.3,2025-07,1.25,3.204119982655925,0.3,1.0,1.501373327551975,2.904119982655925,9.680399942186417,1.25,0.0,0.0,0.4166666666666667,7,-0.4999999999999997,-0.8660254037844388,0,0,1,0,0,0,0,0.48118279569892475,0.48118279569892475,2025-07
coquette,3.2227164711475837,2021-04,0.0,1.0,2.6989700043360187,0.3,1.3329900014453395,-1.6989700043360187,-0.6294882868674145,0.0,0.2,0.0,0.06666666666666667,4,0.8660254037844387,-0.4999999999999998,0,0,0,1,0,0,0,0.6666666666666666,0.8333333333333334,2021-04
coquette,2.8920946026904804,2021-07,0.25,3.2227164711475837,1.0,2.6989700043360187,2.3072288251612005,2.2227164711475837,2.2227164711475837,0.25,0.0,0.2,0.15,7,-0.4999999999999997,-0.8660254037844388,0,0,0,1,0,0,0,0.9166666666666666,0.9583333333333334,2021-07
coquette,2.972545505663595,2021-11,0.75,2.8920946026904804,3.2227164711475837,1.0,2.3716036912793546,-0.3306218684571034,-0.10259105056777507,0.75,0.25,0.0,0.3333333333333333,11,-0.5000000000000004,0.8660254037844384,0,0,0,1,0,0,0,1.0,1.0,2021-11
coquette,1.0,2021-12,1.0,2.972545505663595,2.8920946026904804,3.2227164711475837,3.0291188598338863,0.08045090297311486,0.02781752121741543,1.0,0.75,0.25,0.6666666666666666,12,-2.4492935982947064e-16,1.0,0,0,0,1,0,0,0,1.0,1.0,2021-12
coquette,0.3,2022-04,1.0,1.0,2.972545505663595,2.8920946026904804,2.2882133694513587,-1.9725455056635952,-0.6635879928180415,1.0,1.0,0.75,0.9166666666666666,4,0.8660254037844387,-0.4999999999999998,0,0,0,1,0,0,0,1.0,1.0,2022-04
coquette,18.331141481265803,2022-07,1.0,0.3,1.0,2.972545505663595,1.4241818352211986,-0.7,-0.7,1.0,1.0,1.0,1.0,7,-0.4999999999999997,-0.8660254037844388,0,0,0,1,0,0,0,1.0,1.0,2022-07
coquette,2.761235994796777,2022-09,1.0,18.331141481265803,0.3,1.0,6.5437138270886015,18.031141481265802,60.10380493755268,1.0,1.0,1.0,1.0,9,-1.0,-1.8369701987210297e-16,0,0,0,1,0,0,0,1.0,1.2666666666666666,2022-09
coquette,4.3589487506216695,2022-10,1.0,2.761235994796777,18.331141481265803,0.3,7.13079249202086,-15.569905486469025,-0.8493691187960812,1.0,1.0,1.0,1.0,10,-0.8660254037844386,0.5000000000000001,0,0,0,1,0,0,0,1.0,2.3916666666666666,2022-10
coquette,9.986663153680702,2022-11,1.0,4.3589487506216695,2.761235994796777,18.331141481265803,8.48377540889475,1.5977127558248925,0.5786223121948262,1.0,1.0,1.0,1.0,11,-0.5000000000000004,0.8660254037844384,0,0,0,1,0,0,0,1.0,3.016666666666667,2022-11
coquette,0.3,2022-12,1.0,9.986663153680702,4.3589487506216695,2.761235994796777,5.70228263303305,5.6277144030590325,1.2910714773272827,1.0,1.0,1.0,1.0,12,-2.4492935982947064e-16,1.0,0,0,0,1,0,0,0,1.5333333333333332,3.3083333333333336,2022-12
coquette,11.22673900438956,2023-09,1.0,0.3,9.986663153680702,4.3589487506216695,4.881870634767457,-9.686663153680701,-0.9699599360283389,1.0,1.0,1.0,1.0,9,-1.0,-1.8369701987210297e-16,0,0,0,1,0,0,0,3.783333333333333,3.6,2023-09
coquette,5.6020599913279625,2023-10,1.0,11.22673900438956,0.3,9.986663153680702,7.171134052690088,10.926739004389558,36.4224633479652,1.0,1.0,1.0,1.0,10,-0.8660254037844386,0.5000000000000001,0,0,0,1,0,0,0,5.033333333333333,3.9333333333333336,2023-10
coquette,6.097979693234588,2023-12,2.6,5.6020599913279625,11.22673900438956,0.3,5.709599665239175,-5.624679013061597,-0.5010073727430908,2.6,1.0,1.0,1.5333333333333332,12,-2.4492935982947064e-16,1.0,0,0,0,1,0,0,0,5.083333333333333,3.9,2023-12
coquette,2.0,2024-01,7.75,6.097979693234588,5.6020599913279625,11.22673900438956,7.642259562984037,0.49591970190662593,0.08852452538428968,7.75,2.6,1.0,3.783333333333333,1,0.49999999999999994,0.8660254037844387,0,0,0,1,0,0,0,3.4166666666666665,2.9416666666666664,2024-01
coquette,1.4771212547196624,2024-02,4.75,2.0,6.097979693234588,5.6020599913279625,4.566679894854183,-4.097979693234588,-0.6720225221118885,4.75,7.75,2.6,5.033333333333333,2,0.8660254037844386,0.5000000000000001,0,0,0,1,0,0,0,2.8333333333333335,2.4833333333333334,2024-02
coquette,2.653212513775344,2024-05,2.75,1.4771212547196624,2.0,6.097979693234588,3.1917003159847503,-0.5228787452803376,-0.2614393726401688,2.75,4.75,7.75,5.083333333333333,5,0.49999999999999994,-0.8660254037844387,0,0,0,1,0,0,0,2.716666666666667,2.3583333333333334,2024-05
coquette,5.0,2024-07,2.75,2.653212513775344,1.4771212547196624,2.0,2.0434445894983355,1.1760912590556816,0.7962049529094941,2.75,2.75,4.75,3.4166666666666665,7,-0.4999999999999997,-0.8660254037844388,0,0,0,1,0,0,0,2.466666666666667,2.15,2024-07
coquette,1.2,2024-08,3.0,5.0,2.653212513775344,1.4771212547196624,3.0434445894983355,2.346787486224656,0.8845079216384875,3.0,2.75,2.75,2.8333333333333335,8,-0.8660254037844385,-0.5000000000000004,0,0,0,1,0,0,0,2.1333333333333333,1.8166666666666667,2024-08
coquette,2.4,2024-09,2.4,1.2,5.0,2.653212513775344,2.9510708379251143,-3.8,-0.76,2.4,3.0,2.75,2.716666666666667,9,-1.0,-1.8369701987210297e-16,0,0,0,1,0,0,0,2.0,1.5833333333333333,2024-09
coquette,19.83909079618064,2024-10,2.0,2.4,1.2,5.0,2.8666666666666667,1.2,1.0,2.0,2.4,3.0,2.466666666666667,10,-0.8660254037844386,0.5000000000000001,0,0,0,1,0,0,0,1.8333333333333333,1.4166666666666667,2024-10
coquette,1.9020599913279623,2025-01,2.0,19.83909079618064,2.4,1.2,7.813030265393546,17.43909079618064,7.266287831741932,2.0,2.0,2.4,2.1333333333333333,1,0.49999999999999994,0.8660254037844387,0,0,0,1,0,0,0,1.5,1.25,2025-01
coquette,7.322833992404172,2025-03,2.0,1.9020599913279623,19.83909079618064,2.4,8.047050262502868,-17.937030804852675,-0.904125647144367,2.0,2.0,2.0,2.0,3,1.0,6.123233995736766e-17,0,0,0,1,0,0,0,1.1666666666666667,1.0833333333333333,2025-03
coquette,4.997940008672037,2025-04,1.5,7.322833992404172,1.9020599913279623,19.83909079618064,9.687994926637591,5.42077400107621,2.8499490162198224,1.5,2.0,2.0,1.8333333333333333,4,0.8660254037844387,-0.4999999999999998,0,0,0,1,0,0,0,1.0,1.0,2025-04
coquette,0.3,2025-06,1.0,4.997940008672037,7.322833992404172,1.9020599913279623,4.740944664134726,-2.324893983732135,-0.3174855508323281,1.0,1.5,2.0,1.5,6,1.2246467991473532e-16,-1.0,0,0,0,1,0,0,0,1.0,1.0,2025-06
coquette,1.9010299956639811,2025-07,1.0,0.3,4.997940008672037,7.322833992404172,4.206924667025404,-4.697940008672037,-0.9399752699153124,1.0,1.0,1.5,1.1666666666666667,7,-0.4999999999999997,-0.8660254037844388,0,0,0,1,0,0,0,1.0,1.0,2025-07
coquette,3.6020599913279625,2025-08,1.0,1.9010299956639811,0.3,4.997940008672037,2.3996566681120073,1.601029995663981,5.336766652213271,1.0,1.0,1.0,1.0,8,-0.8660254037844385,-0.5000000000000004,0,0,0,1,0,0,0,1.0,1.0476190476190477,2025-08
coquette,3.714117648017108,2025-09,1.0,3.6020599913279625,1.9010299956639811,0.3,1.934363328997316,1.7010299956639814,0.8947938746594344,1.0,1.0,1.0,1.0,9,-1.0,-1.8369701987210297e-16,0,0,0,1,0,0,0,1.0,1.0476190476190477,2025-09
coquette,11.712506980107854,2025-10,1.0,3.714117648017108,3.6020599913279625,1.9010299956639811,3.0724025450030186,0.11205765668914536,0.031109325485674022,1.0,1.0,1.0,1.0,10,-0.8660254037844386,0.5000000000000001,0,0,0,1,0,0,0,1.0,1.0571428571428572,2025-10
coquette,40.26617623431789,2025-11,1.0,11.712506980107854,3.714117648017108,3.6020599913279625,6.342894873150976,7.9983893320907455,2.153509955819769,1.0,1.0,1.0,1.0,11,-0.5000000000000004,0.8660254037844384,0,0,0,1,0,0,0,1.0952380952380951,1.0714285714285714,2025-11
coquette,20.207794736619302,2025-12,1.0,40.26617623431789,11.712506980107854,3.714117648017108,18.564266954147616,28.553669254210035,2.4378785261519735,1.0,1.0,1.0,1.0,12,-2.4492935982947064e-16,1.0,0,0,0,1,0,0,0,1.0952380952380951,1.0952380952380951,2025-12
corduroy,0.3,2020-05,1.0,0.3,0.3,0.3,0.3,0.0,0.0,1.0,1.0,1.0,1.0,5,0.49999999999999994,-0.8660254037844387,0,0,0,0,1,0,0,1.0,1.5,2020-05
corduroy,0.6,2020-06,1.0,0.3,0.3,0.3,0.3,0.0,0.0,1.0,1.0,1.0,1.0,6,1.2246467991473532e-16,-1.0,0,0,0,0,1,0,0,1.3333333333333333,1.5,2020-06
corduroy,0.8999999999999999,2020-07,1.0,0.6,0.3,0.3,0.39999999999999997,0.3,1.0,1.0,1.0,1.0,1.0,7,-0.4999999999999997,-0.8660254037844388,0,0,0,0,1,0,0,1.6666666666666667,1.6666666666666667,2020-07
corduroy,4.14494397918711,2020-08,1.0,0.8999999999999999,0.6,0.3,0.6,0.29999999999999993,0.5,1.0,1.0,1.0,1.0,8,-0.8660254037844385,-0.5000000000000004,0,0,0,0,1,0,0,2.0,2.0,2020-08
corduroy,3.728798995717522,2020-10,2.0,4.14494397918711,0.8999999999999999,0.6,1.88164799306237,3.2449439791871098,3.6054933102079003,2.0,1.0,1.0,1.3333333333333333,10,-0.8660254037844386,0.5000000000000001,0,0,0,0,1,0,0,1.6666666666666667,1.8333333333333333,2020-10
corduroy,5.5753536428138855,2020-12,2.0,3.728798995717522,4.14494397918711,0.8999999999999999,2.9245809916348775,-0.4161449834695876,-0.10039821661261639,2.0,2.0,1.0,1.6666666666666667,12,-2.4492935982947064e-16,1.0,0,0,0,0,1,0,0,1.6666666666666667,1.6666666666666667,2020-12
corduroy,0.3,2021-01,2.0,5.5753536428138855,3.728798995717522,4.14494397918711,4.483032205906173,1.8465546470963634,0.4952143167859431,2.0,2.0,2.0,2.0,1,0.49999999999999994,0.8660254037844387,0,0,0,0,1,0,0,2.0,1.6666666666666667,2021-01
corduroy,0.3,2021-03,1.0,0.3,5.5753536428138855,3.728798995717522,3.2013842128438026,-5.275353642813886,-0.9461917540626912,1.0,2.0,2.0,1.6666666666666667,3,1.0,6.123233995736766e-17,0,0,0,0,1,0,0,2.0,1.8333333333333333,2021-03
corduroy,1.5,2021-09,2.0,0.3,0.3,5.5753536428138855,2.058451214271295,0.0,0.0,2.0,1.0,2.0,1.6666666666666667,9,-1.0,-1.8369701987210297e-16,0,0,0,0,1,0,0,1.6666666666666667,2.0,2021-09
corduroy,3.1979680175649814,2021-10,3.0,1.5,0.3,0.3,0.7000000000000001,1.2,4.0,3.0,2.0,1.0,2.0,10,-0.8660254037844386,0.5000000000000001,0,0,0,0,1,0,0,1.3333333333333333,2.0,2021-10
corduroy,0.3,2022-04,1.0,3.1979680175649814,1.5,0.3,1.6659893391883271,1.6979680175649814,1.1319786783766541,1.0,3.0,2.0,2.0,4,0.8660254037844387,-0.4999999999999998,0,0,0,0,1,0,0,1.6666666666666667,2.1666666666666665,2022-04
corduroy,0.8999999999999999,2022-05,1.0,0.3,3.1979680175649814,1.5,1.6659893391883271,-2.8979680175649816,-0.9061904314388898,1.0,1.0,3.0,1.6666666666666667,5,0.49999999999999994,-0.8660254037844387,0,0,0,0,1,0,0,2.3333333333333335,2.3333333333333335,2022-05
corduroy,0.3,2022-08,2.0,0.8999999999999999,0.3,3.1979680175649814,1.465989339188327,0.5999999999999999,2.0,2.0,1.0,1.0,1.3333333333333333,8,-0.8660254037844385,-0.5000000000000004,0,0,0,0,1,0,0,2.6666666666666665,2.5,2022-08
corduroy,0.3,2022-09,2.0,0.3,0.8999999999999999,0.3,0.5,-0.5999999999999999,-0.6666666666666666,2.0,2.0,1.0,1.6666666666666667,9,-1.0,-1.8369701987210297e-16,0,0,0,0,1,0,0,2.6666666666666665,2.6666666666666665,2022-09
corduroy,5.983638684242524,2022-10,3.0,0.3,0.3,0.8999999999999999,0.5,0.0,0.0,3.0,2.0,2.0,2.3333333333333335,10,-0.8660254037844386,0.5000000000000001,0,0,0,0,1,0,0,2.3333333333333335,2.6666666666666665,2022-10
corduroy,2.4771212547196626,2022-12,3.0,5.983638684242524,0.3,0.3,2.1945462280808417,5.683638684242524,18.945462280808414,3.0,3.0,2.0,2.6666666666666665,12,-2.4492935982947064e-16,1.0,0,0,0,0,1,0,0,2.3333333333333335,2.6666666666666665,2022-12
corduroy,0.6,2023-04,2.0,2.4771212547196626,5.983638684242524,0.3,2.9202533129873953,-3.5065174295228614,-0.586017574683615,2.0,3.0,3.0,2.6666666666666665,4,0.8660254037844387,-0.4999999999999998,0,0,0,0,1,0,0,2.6666666666666665,3.0,2023-04
corduroy,0.3,2023-09,2.0,0.6,2.4771212547196626,5.983638684242524,3.020253312987395,-1.8771212547196625,-0.7577833548289898,2.0,2.0,3.0,2.3333333333333335,9,-1.0,-1.8369701987210297e-16,0,0,0,0,1,0,0,3.0,3.3333333333333335,2023-09
corduroy,1.2,2023-11,3.0,0.3,0.6,2.4771212547196626,1.1257070849065542,-0.3,-0.5,3.0,2.0,2.0,2.3333333333333335,11,-0.5000000000000004,0.8660254037844384,0,0,0,0,1,0,0,3.0,3.3333333333333335,2023-11
corduroy,1.0,2023-12,3.0,1.2,0.3,0.6,0.6999999999999998,0.8999999999999999,3.0,3.0,3.0,2.0,2.6666666666666665,12,-2.4492935982947064e-16,1.0,0,0,0,0,1,0,0,3.3333333333333335,3.1666666666666665,2023-12
corduroy,0.3,2024-09,3.0,1.0,1.2,0.3,0.8333333333333334,-0.19999999999999996,-0.16666666666666663,3.0,3.0,3.0,3.0,9,-1.0,-1.8369701987210297e-16,0,0,0,0,1,0,0,3.6666666666666665,3.0,2024-09
corduroy,1.9010299956639811,2024-10,3.0,0.3,1.0,1.2,0.8333333333333334,-0.7,-0.7,3.0,3.0,3.0,3.0,10,-0.8660254037844386,0.5000000000000001,0,0,0,0,1,0,0,3.6666666666666665,2.8333333333333335,2024-10
corduroy,4.383855016530412,2024-11,4.0,1.9010299956639811,0.3,1.0,1.0670099985546604,1.601029995663981,5.336766652213271,4.0,3.0,3.0,3.3333333333333335,11,-0.5000000000000004,0.8660254037844384,0,0,0,0,1,0,0,3.0,2.5,2024-11
corduroy,1.5,2024-12,4.0,4.383855016530412,1.9010299956639811,0.3,2.1949616707314643,2.4828250208664313,1.3060420017198329,4.0,4.0,3.0,3.6666666666666665,12,-2.4492935982947064e-16,1.0,0,0,0,0,1,0,0,2.3333333333333335,2.1666666666666665,2024-12
corduroy,1.0,2025-01,3.0,1.5,4.383855016530412,1.9010299956639811,2.5949616707314647,-2.883855016530412,-0.657835399586921,3.0,4.0,4.0,3.6666666666666665,1,0.49999999999999994,0.8660254037844387,0,0,0,0,1,0,0,2.0,2.0,2025-01
corduroy,0.3,2025-02,2.0,1.0,1.5,4.383855016530412,2.294618338843471,-0.5,-0.33333333333333337,2.0,3.0,4.0,3.0,2,0.8660254037844386,0.5000000000000001,0,0,0,0,1,0,0,2.0,2.1666666666666665,2025-02
corduroy,0.3,2025-04,2.0,0.3,1.0,1.5,0.9333333333333332,-0.7,-0.7,2.0,2.0,3.0,2.3333333333333335,4,0.8660254037844387,-0.4999999999999998,0,0,0,0,1,0,0,2.0,2.5,2025-04
corduroy,7.2901960800285135,2025-05,2.0,0.3,0.3,1.0,0.5333333333333333,0.0,0.0,2.0,2.0,2.0,2.0,5,0.49999999999999994,-0.8660254037844387,0,0,0,0,1,0,0,2.0,2.8333333333333335,2025-05
corduroy,2.204119982655925,2025-06,2.0,7.2901960800285135,0.3,0.3,2.6300653600095045,6.990196080028514,23.300653600095046,2.0,2.0,2.0,2.0,6,1.2246467991473532e-16,-1.0,0,0,0,0,1,0,0,2.3333333333333335,3.1666666666666665,2025-06
corduroy,1.0,2025-07,2.0,2.204119982655925,7.2901960800285135,0.3,3.2647720208948123,-5.0860760973725885,-0.6976597119665807,2.0,2.0,2.0,2.0,7,-0.4999999999999997,-0.8660254037844388,0,0,0,0,1,0,0,3.0,3.3333333333333335,2025-07
corduroy,3.321189299069938,2025-08,2.0,1.0,2.204119982655925,7.2901960800285135,3.4981053542281457,-1.204119982655925,-0.5463041903939285,2.0,2.0,2.0,2.0,8,-0.8660254037844385,-0.5000000000000004,0,0,0,0,1,0,0,3.6666666666666665,3.6,2025-08
corduroy,3.0725455056635944,2025-09,3.0,3.321189299069938,1.0,2.204119982655925,2.175103093908621,2.321189299069938,2.321189299069938,3.0,2.0,2.0,2.3333333333333335,9,-1.0,-1.8369701987210297e-16,0,0,0,0,1,0,0,4.0,3.75,2025-09
corduroy,2.072545505663595,2025-10,4.0,3.0725455056635944,3.321189299069938,1.0,2.464578268244511,-0.24864379340634368,-0.07486589020263723,4.0,3.0,2.0,3.0,10,-0.8660254037844386,0.5000000000000001,0,0,0,0,1,0,0,3.6666666666666665,3.6666666666666665,2025-10
corset,3.414117648017108,2020-10,4.0,1.2,1.4771212547196624,0.3,0.9923737515732208,-0.2771212547196624,-0.18760900896538535,4.0,3.25,2.75,3.3333333333333335,10,-0.8660254037844386,0.5000000000000001,0,0,0,0,0,0,1,3.9,4.825,2020-10
corset,4.655603046758464,2020-11,3.2,3.414117648017108,1.2,1.4771212547196624,2.0304129675789233,2.2141176480171083,1.845098040014257,3.2,4.0,3.25,3.483333333333333,11,-0.5000000000000004,0.8660254037844384,0,0,0,0,0,0,1,4.5,5.125,2020-11
corset,3.6,2020-12,3.5,4.655603046758464,3.414117648017108,1.2,3.089906898258524,1.2414853987413559,0.363632869963459,3.5,3.2,4.0,3.5666666666666664,12,-2.4492935982947064e-16,1.0,0,0,0,0,0,0,1,5.083333333333333,5.375,2020-12
corset,1.0,2021-12,5.0,3.6,4.655603046758464,3.414117648017108,3.889906898258524,-1.0556030467584638,-0.22673819828635178,5.0,3.5,3.2,3.9,12,-2.4492935982947064e-16,1.0,0,0,0,0,0,0,1,5.75,5.375,2021-12
corset,1.3010299956639813,2022-06,5.0,1.0,3.6,4.655603046758464,3.0852010155861542,-2.6,-0.7222222222222222,5.0,5.0,3.5,4.5,6,1.2246467991473532e-16,-1.0,0,0,0,0,0,0,1,5.75,5.675,2022-06
corset,2.6020599913279625,2022-09,5.25,1.3010299956639813,1.0,3.6,1.9670099985546603,0.30102999566398125,0.30102999566398125,5.25,5.0,5.0,5.083333333333333,9,-1.0,-1.8369701987210297e-16,0,0,0,0,0,0,1,5.666666666666667,5.633333333333333,2022-09
corset,0.6,2022-10,7.0,2.6020599913279625,1.3010299956639813,1.0,1.6343633289973145,1.3010299956639813,1.0,7.0,5.25,5.0,5.75,10,-0.8660254037844386,0.5000000000000001,0,0,0,0,0,0,1,5.0,5.233333333333333,2022-10
corset,1.0,2022-11,5.0,0.6,2.6020599913279625,1.3010299956639813,1.5010299956639812,-2.0020599913279624,-0.7694134639479278,5.0,7.0,5.25,5.75,11,-0.5000000000000004,0.8660254037844384,0,0,0,0,0,0,1,5.6000000000000005,5.108333333333333,2022-11
corset,2.079181246047625,2023-06,5.0,1.0,0.6,2.6020599913279625,1.4006866637759874,0.4,0.6666666666666667,5.0,5.0,7.0,5.666666666666667,6,1.2246467991473532e-16,-1.0,0,0,0,0,0,0,1,5.6000000000000005,5.175,2023-06
corset,42.909898972410105,2023-09,5.0,2.079181246047625,1.0,0.6,1.2263937486825418,1.079181246047625,1.079181246047625,5.0,5.0,5.0,5.0,9,-1.0,-1.8369701987210297e-16,0,0,0,0,0,0,1,5.466666666666666,5.591666666666666,2023-09
corset,12.406179973983887,2023-10,6.8,42.909898972410105,2.079181246047625,1.0,15.329693406152577,40.83071772636248,19.637882846422723,6.8,5.0,5.0,5.6000000000000005,10,-0.8660254037844386,0.5000000000000001,0,0,0,0,0,0,1,4.616666666666666,5.125,2023-10
corset,13.161418816088547,2023-11,5.0,12.406179973983887,42.909898972410105,2.079181246047625,19.13175339748054,-30.503718998426216,-0.7108783690690876,5.0,6.8,5.0,5.6000000000000005,11,-0.5000000000000004,0.8660254037844384,0,0,0,0,0,0,1,4.75,5.125,2023-11
corset,7.604119982655925,2023-12,4.6,13.161418816088547,12.406179973983887,42.909898972410105,22.82583258749418,0.7552388421046601,0.06087601853982583,4.6,5.0,6.8,5.466666666666666,12,-2.4492935982947064e-16,1.0,0,0,0,0,0,0,1,5.716666666666666,5.058333333333333,2023-12
corset,8.0,2024-08,4.25,7.604119982655925,13.161418816088547,12.406179973983887,11.057239590909454,-5.557298833432622,-0.4222416223575659,4.25,4.6,5.0,4.616666666666666,8,-0.8660254037844385,-0.5000000000000004,0,0,0,0,0,0,1,5.633333333333333,5.391666666666666,2024-08
corset,9.6,2024-09,5.4,8.0,7.604119982655925,13.161418816088547,9.588512932914824,0.39588001734407463,0.05206125340565748,5.4,4.25,4.6,4.75,9,-1.0,-1.8369701987210297e-16,0,0,0,0,0,0,1,5.5,5.908333333333334,2024-09
corset,8.461220865103797,2024-10,7.5,9.6,8.0,7.604119982655925,8.401373327551974,1.5999999999999996,0.19999999999999996,7.5,5.4,4.25,5.716666666666666,10,-0.8660254037844386,0.5000000000000001,0,0,0,0,0,0,1,4.3999999999999995,5.491666666666667,2024-10
corset,16.0,2024-12,4.0,8.461220865103797,9.6,8.0,8.687073621701266,-1.1387791348962022,-0.11862282655168777,4.0,7.5,5.4,5.633333333333333,12,-2.4492935982947064e-16,1.0,0,0,0,0,0,0,1,5.1499999999999995,5.533333333333334,2024-12
corset,4.3,2025-04,5.0,16.0,8.461220865103797,9.6,11.353740288367932,7.5387791348962025,0.8909800671895971,5.0,4.0,7.5,5.5,4,0.8660254037844387,-0.4999999999999998,0,0,0,0,0,0,1,6.316666666666666,5.183870967741935,2025-04
corset,0.3,2025-06,4.2,4.3,16.0,8.461220865103797,9.587073621701267,-11.7,-0.73125,4.2,5.0,4.0,4.3999999999999995,6,1.2246467991473532e-16,-1.0,0,0,0,0,0,0,1,6.583333333333333,5.114823348694316,2025-06
corset,3.2788725117875623,2025-09,6.25,0.3,4.3,16.0,6.866666666666667,-4.0,-0.9302325581395349,6.25,4.2,5.0,5.1499999999999995,9,-1.0,-1.8369701987210297e-16,0,0,0,0,0,0,1,5.916666666666667,4.6806835637480795,2025-09
corset,20.51988442333278,2025-10,8.5,3.2788725117875623,0.3,4.3,2.6262908372625207,2.9788725117875625,9.929575039291874,8.5,6.25,4.2,6.316666666666666,10,-0.8660254037844386,0.5000000000000001,0,0,0,0,0,0,1,4.051075268817204,3.9168202764976954,2025-10
corset,20.277789063949143,2025-11,5.0,20.51988442333278,3.2788725117875623,0.3,8.032918978373447,17.24101191154522,5.258213562608396,5.0,8.5,6.25,6.583333333333333,11,-0.5000000000000004,0.8660254037844384,0,0,0,0,0,0,1,3.6463133640552994,3.64602534562212,2025-11
corset,15.667415968780666,2025-12,4.25,20.277789063949143,20.51988442333278,3.2788725117875623,14.692181999689828,-0.24209535938363658,-0.011798085914575318,4.25,5.0,8.5,5.916666666666667,12,-2.4492935982947064e-16,1.0,0,0,0,0,0,0,1,3.4447004608294933,3.4447004608294933,2025-12
cotton,19.424425060971966,2020-05,37.0,18.02545505663595,5.9084850188786495,12.1169700377573,12.016970037757298,12.116970037757298,2.050774436939663,37.0,26.0,28.0,30.333333333333332,5,0.49999999999999994,-0.8660254037844387,0,0,0,0,1,0,0,38.0,36.5,2020-05
cotton,5.9084850188786495,2020-06,39.0,19.424425060971966,18.02545505663595,5.9084850188786495,14.452788378828856,1.398970004336018,0.0776108009445784,39.0,37.0,26.0,34.0,6,1.2246467991473532e-16,-1.0,0,0,0,0,1,0,0,37.0,35.333333333333336,2020-06
cotton,11.8169700377573,2020-07,40.0,5.9084850188786495,19.424425060971966,18.02545505663595,14.452788378828854,-13.515940042093316,-0.6958218840283658,40.0,39.0,37.0,38.666666666666664,7,-0.4999999999999997,-0.8660254037844388,0,0,0,0,1,0,0,35.333333333333336,34.166666666666664,2020-07
cotton,7.607455023214668,2020-09,35.0,11.8169700377573,5.9084850188786495,19.424425060971966,12.383293372535974,5.908485018878651,1.0000000000000004,35.0,40.0,39.0,38.0,9,-1.0,-1.8369701987210297e-16,0,0,0,0,1,0,0,35.0,34.0,2020-09
cotton,25.332910079850617,2020-10,36.0,7.607455023214668,11.8169700377573,5.9084850188786495,8.444303359950206,-4.2095150145426325,-0.356226257754102,36.0,35.0,40.0,37.0,10,-0.8660254037844386,0.5000000000000001,0,0,0,0,1,0,0,33.666666666666664,33.333333333333336,2020-10
cotton,11.560667536990012,2020-11,35.0,25.332910079850617,7.607455023214668,11.8169700377573,14.91911171360753,17.725455056635948,2.3300111538675568,35.0,36.0,35.0,35.333333333333336,11,-0.5000000000000004,0.8660254037844384,0,0,0,0,1,0,0,33.0,33.166666666666664,2020-11
cotton,11.8169700377573,2020-12,34.0,11.560667536990012,25.332910079850617,7.607455023214668,14.8336775466851,-13.772242542860605,-0.5436502359756459,34.0,35.0,36.0,35.0,12,-2.4492935982947064e-16,1.0,0,0,0,0,1,0,0,33.0,33.333333333333336,2020-12
cotton,0.3,2021-02,32.0,11.8169700377573,11.560667536990012,25.332910079850617,16.23684921819931,0.2563025007672888,0.022170216377835672,32.0,34.0,35.0,33.666666666666664,2,0.8660254037844386,0.5000000000000001,0,0,0,0,1,0,0,33.0,33.5,2021-02
cotton,10.0,2021-03,33.0,0.3,11.8169700377573,11.560667536990012,7.892545858249104,-11.5169700377573,-0.9746127815301683,33.0,32.0,34.0,33.0,3,1.0,6.123233995736766e-17,0,0,0,0,1,0,0,33.333333333333336,34.0,2021-03
cotton,0.3,2021-04,34.0,10.0,0.3,11.8169700377573,7.3723233459191,9.7,32.333333333333336,34.0,33.0,32.0,33.0,4,0.8660254037844387,-0.4999999999999998,0,0,0,0,1,0,0,33.666666666666664,34.166666666666664,2021-04
cotton,2.3,2021-05,32.0,0.3,10.0,0.3,3.5333333333333337,-9.7,-0.97,32.0,34.0,33.0,33.0,5,0.49999999999999994,-0.8660254037844387,0,0,0,0,1,0,0,34.0,34.5,2021-05
cotton,2.414973347970818,2021-06,34.0,2.3,0.3,10.0,4.2,1.9999999999999998,6.666666666666666,34.0,32.0,34.0,33.333333333333336,6,1.2246467991473532e-16,-1.0,0,0,0,0,1,0,0,34.666666666666664,34.833333333333336,2021-06
cotton,2.361727836017593,2021-07,35.0,2.414973347970818,2.3,0.3,1.6716577826569392,0.11497334797081837,0.04998841216122529,35.0,34.0,32.0,33.666666666666664,7,-0.4999999999999997,-0.8660254037844388,0,0,0,0,1,0,0,34.666666666666664,35.333333333333336,2021-07
cotton,7.879874848342628,2021-09,33.0,2.361727836017593,2.414973347970818,2.3,2.3589003946628035,-0.05324551195322513,-0.022048074359894976,33.0,35.0,34.0,34.0,9,-1.0,-1.8369701987210297e-16,0,0,0,0,1,0,0,35.0,35.833333333333336,2021-09
cotton,24.0,2021-10,36.0,7.879874848342628,2.361727836017593,2.414973347970818,4.21885867744368,5.518147012325035,2.3364872650312996,36.0,33.0,35.0,34.666666666666664,10,-0.8660254037844386,0.5000000000000001,0,0,0,0,1,0,0,35.0,36.166666666666664,2021-10
cotton,8.3,2022-06,35.0,24.0,7.879874848342628,2.361727836017593,11.413867561453406,16.120125151657373,2.045733652108436,35.0,36.0,33.0,34.666666666666664,6,1.2246467991473532e-16,-1.0,0,0,0,0,1,0,0,36.0,36.333333333333336,2022-06
cotton,0.6,2022-08,34.0,8.3,24.0,7.879874848342628,13.39329161611421,-15.7,-0.6541666666666666,34.0,35.0,36.0,35.0,8,-0.8660254037844385,-0.5000000000000004,0,0,0,0,1,0,0,36.666666666666664,36.5,2022-08
cotton,10.17093439113473,2022-09,36.0,0.6,8.3,24.0,10.966666666666667,-7.700000000000001,-0.927710843373494,36.0,34.0,35.0,35.0,9,-1.0,-1.8369701987210297e-16,0,0,0,0,1,0,0,37.333333333333336,36.5,2022-09
cotton,1.2,2022-12,38.0,10.17093439113473,0.6,8.3,6.356978130378244,9.570934391134731,15.951557318557885,38.0,36.0,34.0,36.0,12,-2.4492935982947064e-16,1.0,0,0,0,0,1,0,0,36.666666666666664,36.166666666666664,2022-12
cotton,1.0,2023-04,36.0,1.2,10.17093439113473,0.6,3.9903114637115764,-8.970934391134731,-0.8820167396767447,36.0,38.0,36.0,36.666666666666664,4,0.8660254037844387,-0.4999999999999998,0,0,0,0,1,0,0,36.333333333333336,36.5,2023-04
cotton,2.397940008672037,2023-06,38.0,1.0,1.2,10.17093439113473,4.12364479704491,-0.19999999999999996,-0.16666666666666663,38.0,36.0,38.0,37.333333333333336,6,1.2246467991473532e-16,-1.0,0,0,0,0,1,0,0,35.666666666666664,36.333333333333336,2023-06
cotton,1.6020599913279625,2023-08,36.0,2.397940008672037,1.0,1.2,1.5326466695573455,1.397940008672037,1.397940008672037,36.0,38.0,36.0,36.666666666666664,8,-0.8660254037844385,-0.5000000000000004,0,0,0,0,1,0,0,35.666666666666664,37.333333333333336,2023-08
cotton,8.150870027397904,2023-09,35.0,1.6020599913279625,2.397940008672037,1.0,1.6666666666666663,-0.7958800173440745,-0.33190155486201156,35.0,36.0,38.0,36.333333333333336,9,-1.0,-1.8369701987210297e-16,0,0,0,0,1,0,0,36.666666666666664,37.5,2023-09
cotton,2.4,2023-10,36.0,8.150870027397904,1.6020599913279625,2.397940008672037,4.050290009132635,6.548810036069941,4.087743325168224,36.0,35.0,36.0,35.666666666666664,10,-0.8660254037844386,0.5000000000000001,0,0,0,0,1,0,0,37.0,37.5,2023-10
cotton,1.2,2023-11,36.0,2.4,8.150870027397904,1.6020599913279625,4.0509766729086225,-5.750870027397903,-0.705552905158251,36.0,36.0,35.0,35.666666666666664,11,-0.5000000000000004,0.8660254037844384,0,0,0,0,1,0,0,39.0,37.666666666666664,2023-11
cotton,6.0,2023-12,38.0,1.2,2.4,8.150870027397904,3.9169566757993017,-1.2,-0.5,38.0,36.0,36.0,36.666666666666664,12,-2.4492935982947064e-16,1.0,0,0,0,0,1,0,0,38.333333333333336,38.166666666666664,2023-12
cotton,8.3167249841905,2024-04,37.0,6.0,1.2,2.4,3.2000000000000006,4.8,4.0,37.0,38.0,36.0,37.0,4,0.8660254037844387,-0.4999999999999998,0,0,0,0,1,0,0,38.0,38.833333333333336,2024-04
cotton,44.516436166375534,2024-05,42.0,8.3167249841905,6.0,1.2,5.172241661396834,2.3167249841905004,0.38612083069841674,42.0,37.0,38.0,39.0,5,0.49999999999999994,-0.8660254037844387,0,0,0,0,1,0,0,36.333333333333336,39.333333333333336,2024-05
cotton,6.237543738142875,2024-07,36.0,44.516436166375534,8.3167249841905,6.0,19.611053716855345,36.199711182185034,4.352640161962563,36.0,42.0,37.0,38.333333333333336,7,-0.4999999999999997,-0.8660254037844388,0,0,0,0,1,0,0,38.0,40.666666666666664,2024-07
cotton,24.079181246047625,2024-08,36.0,6.237543738142875,44.516436166375534,8.3167249841905,19.69023496290297,-38.27889242823266,-0.8598822305803927,36.0,36.0,42.0,38.0,8,-0.8660254037844385,-0.5000000000000004,0,0,0,0,1,0,0,39.666666666666664,42.166666666666664,2024-08
cotton,1.3010299956639813,2024-11,37.0,24.079181246047625,6.237543738142875,44.516436166375534,24.94438705018868,17.84163750790475,2.860362709571444,37.0,36.0,36.0,36.333333333333336,11,-0.5000000000000004,0.8660254037844384,0,0,0,0,1,0,0,42.333333333333336,44.166666666666664,2024-11
cotton,1.0,2025-03,41.0,1.3010299956639813,24.079181246047625,6.237543738142875,10.539251659951494,-22.778151250383644,-0.9459686779891018,41.0,37.0,36.0,38.0,3,1.0,6.123233995736766e-17,0,0,0,0,1,0,0,43.333333333333336,45.5,2025-03
cotton,2.0,2025-04,41.0,1.0,1.3010299956639813,24.079181246047625,8.793403747237202,-0.30102999566398125,-0.23137821315975926,41.0,41.0,37.0,39.666666666666664,4,0.8660254037844387,-0.4999999999999998,0,0,0,0,1,0,0,44.666666666666664,47.5,2025-04
cotton,1.0,2025-05,45.0,2.0,1.0,1.3010299956639813,1.433676665221327,1.0,1.0,45.0,41.0,41.0,42.333333333333336,5,0.49999999999999994,-0.8660254037844387,0,0,0,0,1,0,0,46.0,49.166666666666664,2025-05
cotton,0.3,2025-06,44.0,1.0,2.0,1.0,1.3333333333333333,-1.0,-0.5,44.0,45.0,41.0,43.333333333333336,6,1.2246467991473532e-16,-1.0,0,0,0,0,1,0,0,47.666666666666664,50.166666666666664,2025-06
cotton,8.6,2025-07,45.0,0.3,1.0,2.0,1.0999999999999999,-0.7,-0.7,45.0,44.0,45.0,44.666666666666664,7,-0.4999999999999997,-0.8660254037844388,0,0,0,0,1,0,0,50.333333333333336,50.166666666666664,2025-07
cotton,1.0,2025-08,49.0,8.6,0.3,1.0,3.2999999999999994,8.299999999999999,27.666666666666668,49.0,45.0,44.0,46.0,8,-0.8660254037844385,-0.5000000000000004,0,0,0,0,1,0,0,52.333333333333336,50.4,2025-08
cotton,2.3,2025-09,49.0,1.0,8.6,0.3,3.3000000000000003,-7.6,-0.8837209302325582,49.0,49.0,45.0,47.666666666666664,9,-1.0,-1.8369701987210297e-16,0,0,0,0,1,0,0,52.666666666666664,50.75,2025-09
cotton,16.810681345387156,2025-10,53.0,2.3,1.0,8.6,3.9666666666666663,1.2999999999999998,1.2999999999999998,53.0,49.0,49.0,50.333333333333336,10,-0.8660254037844386,0.5000000000000001,0,0,0,0,1,0,0,50.0,50.0,2025-10
crop top,5.354242509439325,2020-05,3.6,0.6,5.996910013008057,2.681241237375587,3.0927170834612148,-5.396910013008057,-0.8999484736808583,3.6,3.0,2.6,3.0666666666666664,5,0.49999999999999994,-0.8660254037844387,0,0,0,0,0,0,1,3.9333333333333336,3.691666666666667,2020-05
crop top,1.2,2020-06,4.0,5.354242509439325,0.6,5.996910013008057,3.98371750748246,4.754242509439325,7.923737515732208,4.0,3.6,3.0,3.5333333333333337,6,1.2246467991473532e-16,-1.0,0,0,0,0,0,0,1,3.85,3.525,2020-06
crop top,1.2,2020-07,4.0,1.2,5.354242509439325,0.6,2.3847475031464413,-4.1542425094393245,-0.7758786611020241,4.0,4.0,3.6,3.866666666666667,7,-0.4999999999999997,-0.8660254037844388,0,0,0,0,0,0,1,3.716666666666667,3.4,2020-07
crop top,0.8999999999999999,2020-08,3.8,1.2,1.2,5.354242509439325,2.5847475031464415,0.0,0.0,3.8,4.0,4.0,3.933333333333333,8,-0.8660254037844385,-0.5000000000000004,0,0,0,0,0,0,1,3.4499999999999997,3.4333333333333336,2020-08
crop top,0.6,2020-09,3.75,0.8999999999999999,1.2,1.2,1.0999999999999999,-0.30000000000000004,-0.25,3.75,3.8,4.0,3.85,9,-1.0,-1.8369701987210297e-16,0,0,0,0,0,0,1,3.1999999999999997,3.441666666666667,2020-09
crop top,0.3,2020-11,3.6,0.6,0.8999999999999999,1.2,0.8999999999999999,-0.29999999999999993,-0.33333333333333326,3.6,3.75,3.8,3.716666666666667,11,-0.5000000000000004,0.8660254037844384,0,0,0,0,0,0,1,3.0833333333333335,3.5500000000000003,2020-11
crop top,0.3,2020-12,3.0,0.3,0.6,0.8999999999999999,0.6,-0.3,-0.5,3.0,3.6,3.75,3.4499999999999997,12,-2.4492935982947064e-16,1.0,0,0,0,0,0,0,1,3.4166666666666665,3.716666666666667,2020-12
crop top,15.101082338229949,2021-01,3.0,0.3,0.3,0.6,0.39999999999999997,0.0,0.0,3.0,3.0,3.6,3.1999999999999997,1,0.49999999999999994,0.8660254037844387,0,0,0,0,0,0,1,3.6833333333333336,3.8833333333333333,2021-01
crop top,0.3,2021-02,3.25,15.101082338229949,0.3,0.3,5.233694112743316,14.801082338229948,49.336941127433164,3.25,3.0,3.0,3.0833333333333335,2,0.8660254037844386,0.5000000000000001,0,0,0,0,0,0,1,4.016666666666667,4.008333333333334,2021-02
crop top,4.122716471147584,2021-04,4.0,0.3,15.101082338229949,0.3,5.233694112743316,-14.801082338229948,-0.9801338742958497,4.0,3.25,3.0,3.4166666666666665,4,0.8660254037844387,-0.4999999999999998,0,0,0,0,0,0,1,4.016666666666667,3.975,2021-04
crop top,0.8999999999999999,2021-05,3.8,4.122716471147584,0.3,15.101082338229949,6.507932936459177,3.822716471147584,12.742388237158613,3.8,4.0,3.25,3.6833333333333336,5,0.49999999999999994,-0.8660254037844387,0,0,0,0,0,0,1,4.083333333333333,3.8833333333333333,2021-05
crop top,0.8999999999999999,2021-06,4.25,0.8999999999999999,4.122716471147584,0.3,1.774238823715861,-3.2227164711475837,-0.7816973332271188,4.25,3.8,4.0,4.016666666666667,6,1.2246467991473532e-16,-1.0,0,0,0,0,0,0,1,4.0,3.8000000000000003,2021-06
crop top,0.6,2021-07,4.0,0.8999999999999999,0.8999999999999999,4.122716471147584,1.9742388237158612,0.0,0.0,4.0,4.25,3.8,4.016666666666667,7,-0.4999999999999997,-0.8660254037844388,0,0,0,0,0,0,1,3.9333333333333336,3.9,2021-07
crop top,4.244392273685111,2021-08,4.0,0.6,0.8999999999999999,0.8999999999999999,0.7999999999999999,-0.29999999999999993,-0.33333333333333326,4.0,4.0,4.25,4.083333333333333,8,-0.8660254037844385,-0.5000000000000004,0,0,0,0,0,0,1,3.6833333333333336,4.108333333333333,2021-08
crop top,6.19095493814749,2021-09,4.0,4.244392273685111,0.6,0.8999999999999999,1.9147974245617039,3.6443922736851113,6.07398712280852,4.0,4.0,4.0,4.0,9,-1.0,-1.8369701987210297e-16,0,0,0,0,0,0,1,3.6,4.3999999999999995,2021-09
crop top,4.158459421738102,2021-10,3.8,6.19095493814749,4.244392273685111,0.6,3.678449070610867,1.9465626644623786,0.45861987746300215,3.8,4.0,4.0,3.933333333333333,10,-0.8660254037844386,0.5000000000000001,0,0,0,0,0,0,1,3.8666666666666667,4.766666666666667,2021-10
crop top,5.500623239977198,2021-11,3.25,4.158459421738102,6.19095493814749,4.244392273685111,4.864602211190235,-2.032495516409388,-0.3283008092799281,3.25,3.8,4.0,3.6833333333333336,11,-0.5000000000000004,0.8660254037844384,0,0,0,0,0,0,1,4.533333333333333,5.2250000000000005,2021-11
crop top,2.2224719895935547,2021-12,3.75,5.500623239977198,4.158459421738102,6.19095493814749,5.28334586662093,1.3421638182390963,0.3227550595355131,3.75,3.25,3.8,3.6,12,-2.4492935982947064e-16,1.0,0,0,0,0,0,0,1,5.2,5.6000000000000005,2021-12
crop top,0.8999999999999999,2022-01,4.6,2.2224719895935547,5.500623239977198,4.158459421738102,3.9605182171029516,-3.2781512503836434,-0.5959599680557712,4.6,3.75,3.25,3.8666666666666667,1,0.49999999999999994,0.8660254037844387,0,0,0,0,0,0,1,5.666666666666667,5.8,2022-01
crop top,0.6,2022-02,5.25,0.8999999999999999,2.2224719895935547,5.500623239977198,2.8743650765235844,-1.3224719895935548,-0.5950455149877539,5.25,4.6,3.75,4.533333333333333,2,0.8660254037844386,0.5000000000000001,0,0,0,0,0,0,1,5.916666666666667,5.758333333333333,2022-02
crop top,0.3,2022-03,5.75,0.6,0.8999999999999999,2.2224719895935547,1.240823996531185,-0.29999999999999993,-0.33333333333333326,5.75,5.25,4.6,5.2,3,1.0,6.123233995736766e-17,0,0,0,0,0,0,1,6.0,5.633333333333333,2022-03
crop top,5.69267069915637,2022-04,6.0,0.3,0.6,0.8999999999999999,0.6,-0.3,-0.5,6.0,5.75,5.25,5.666666666666667,4,0.8660254037844387,-0.4999999999999998,0,0,0,0,0,0,1,5.933333333333334,5.433333333333334,2022-04
crop top,0.3,2022-05,6.0,5.69267069915637,0.3,0.6,2.19755689971879,5.39267069915637,17.9755689971879,6.0,6.0,5.75,5.916666666666667,5,0.49999999999999994,-0.8660254037844387,0,0,0,0,0,0,1,5.6000000000000005,5.2250000000000005,2022-05
crop top,0.3,2022-06,6.0,0.3,5.69267069915637,0.3,2.09755689971879,-5.39267069915637,-0.9473006580119839,6.0,6.0,6.0,6.0,6,1.2246467991473532e-16,-1.0,0,0,0,0,0,0,1,5.266666666666667,5.058333333333334,2022-06
crop top,2.341392685158225,2022-07,5.8,0.3,0.3,5.69267069915637,2.0975568997187897,0.0,0.0,5.8,6.0,6.0,5.933333333333334,7,-0.4999999999999997,-0.8660254037844388,0,0,0,0,0,0,1,4.933333333333334,4.925,2022-07
crop top,0.8999999999999999,2022-08,5.0,2.341392685158225,0.3,0.3,0.980464228386075,2.0413926851582254,6.804642283860751,5.0,5.8,6.0,5.6000000000000005,8,-0.8660254037844385,-0.5000000000000004,0,0,0,0,0,0,1,4.8500000000000005,4.958333333333333,2022-08
crop top,2.501029995663981,2022-09,5.0,0.8999999999999999,2.341392685158225,0.3,1.1804642283860751,-1.4413926851582253,-0.615613388687434,5.0,5.0,5.8,5.266666666666667,9,-1.0,-1.8369701987210297e-16,0,0,0,0,0,0,1,4.8500000000000005,4.958333333333333,2022-09
crop top,0.3,2022-10,4.8,2.501029995663981,0.8999999999999999,2.341392685158225,1.914140893607402,1.601029995663981,1.7789222174044235,4.8,5.0,5.0,4.933333333333333,10,-0.8660254037844386,0.5000000000000001,0,0,0,0,0,0,1,4.916666666666667,4.991666666666666,2022-10
crop top,0.6,2022-12,4.75,0.3,2.501029995663981,0.8999999999999999,1.233676665221327,-2.201029995663981,-0.8800494194311512,4.75,4.8,5.0,4.8500000000000005,12,-2.4492935982947064e-16,1.0,0,0,0,0,0,0,1,5.066666666666666,5.033333333333333,2022-12
crop top,0.6,2023-02,5.0,0.6,0.3,2.501029995663981,1.133676665221327,0.3,1.0,5.0,4.75,4.8,4.8500000000000005,2,0.8660254037844386,0.5000000000000001,0,0,0,0,0,0,1,5.066666666666666,5.033333333333333,2023-02
crop top,1.9010299956639811,2023-03,5.0,0.6,0.6,0.3,0.5,0.0,0.0,5.0,5.0,4.75,4.916666666666667,3,1.0,6.123233995736766e-17,0,0,0,0,0,0,1,5.066666666666666,4.866666666666666,2023-03
crop top,0.3,2023-04,5.2,1.9010299956639811,0.6,0.6,1.033676665221327,1.3010299956639813,2.1683833261066354,5.2,5.0,5.0,5.066666666666666,4,0.8660254037844387,-0.4999999999999998,0,0,0,0,0,0,1,5.0,4.666666666666667,2023-04
crop top,0.8999999999999999,2023-05,5.0,0.3,1.9010299956639811,0.6,0.9336766652213271,-1.601029995663981,-0.8421908119891514,5.0,5.2,5.0,5.066666666666666,5,0.49999999999999994,-0.8660254037844387,0,0,0,0,0,0,1,5.0,4.5,2023-05
crop top,0.6,2023-06,5.0,0.8999999999999999,0.3,1.9010299956639811,1.033676665221327,0.5999999999999999,2.0,5.0,5.0,5.2,5.066666666666666,6,1.2246467991473532e-16,-1.0,0,0,0,0,0,0,1,4.666666666666667,4.333333333333333,2023-06
crop top,0.3,2023-07,5.0,0.6,0.8999999999999999,0.3,0.6,-0.29999999999999993,-0.33333333333333326,5.0,5.0,5.0,5.0,7,-0.4999999999999997,-0.8660254037844388,0,0,0,0,0,0,1,4.333333333333333,3.7083333333333335,2023-07
crop top,0.6,2023-08,5.0,0.3,0.6,0.8999999999999999,0.5999999999999999,-0.3,-0.5,5.0,5.0,5.0,5.0,8,-0.8660254037844385,-0.5000000000000004,0,0,0,0,0,0,1,4.0,3.1666666666666665,2023-08
crop top,8.575055755764744,2023-09,4.0,0.6,0.3,0.6,0.49999999999999994,0.3,1.0,4.0,5.0,5.0,4.666666666666667,9,-1.0,-1.8369701987210297e-16,0,0,0,0,0,0,1,4.0,2.8333333333333335,2023-09
crop top,4.2,2023-10,4.0,8.575055755764744,0.6,0.3,3.1583519185882483,7.975055755764744,13.29175959294124,4.0,4.0,5.0,4.333333333333333,10,-0.8660254037844386,0.5000000000000001,0,0,0,0,0,0,1,3.0833333333333335,2.5,2023-10
crop top,10.3583288290966,2023-11,4.0,4.2,8.575055755764744,0.6,4.4583519185882485,-4.375055755764744,-0.5102072663286801,4.0,4.0,4.0,4.0,11,-0.5000000000000004,0.8660254037844384,0,0,0,0,0,0,1,2.3333333333333335,2.1666666666666665,2023-11
crop top,8.11208566558209,2023-12,4.0,10.3583288290966,4.2,8.575055755764744,7.711128194953782,6.158328829096599,1.4662687688325238,4.0,4.0,4.0,4.0,12,-2.4492935982947064e-16,1.0,0,0,0,0,0,0,1,1.6666666666666667,1.8333333333333333,2023-12
crop top,0.8999999999999999,2024-01,1.25,8.11208566558209,10.3583288290966,4.2,7.556804831559563,-2.24624316351451,-0.21685381885201416,1.25,4.0,4.0,3.0833333333333335,1,0.49999999999999994,0.8660254037844387,0,0,0,0,0,0,1,1.9166666666666667,1.9583333333333333,2024-01
crop top,4.431363764158987,2024-02,1.75,0.8999999999999999,8.11208566558209,10.3583288290966,6.456804831559563,-7.212085665582089,-0.8890544260622746,1.75,1.25,4.0,2.3333333333333335,2,0.8660254037844386,0.5000000000000001,0,0,0,0,0,0,1,2.0,1.9000000000000001,2024-02
crop top,0.3,2024-03,2.0,4.431363764158987,0.8999999999999999,8.11208566558209,4.481149809913693,3.531363764158987,3.923737515732208,2.0,1.75,1.25,1.6666666666666667,3,1.0,6.123233995736766e-17,0,0,0,0,0,0,1,2.0,1.7750000000000001,2024-03
crop top,0.8999999999999999,2024-04,2.0,0.3,4.431363764158987,0.8999999999999999,1.8771212547196627,-4.131363764158987,-0.9323007507471155,2.0,2.0,1.75,1.9166666666666667,4,0.8660254037844387,-0.4999999999999998,0,0,0,0,0,0,1,2.0,1.6083333333333334,2024-04
crop top,4.453212513775344,2024-05,2.0,0.8999999999999999,0.3,4.431363764158987,1.877121254719663,0.5999999999999999,2.0,2.0,2.0,2.0,2.0,5,0.49999999999999994,-0.8660254037844387,0,0,0,0,0,0,1,1.8,1.4416666666666667,2024-05
crop top,1.2,2024-07,2.0,4.453212513775344,0.8999999999999999,0.3,1.8844041712584483,3.553212513775344,3.948013904194827,2.0,2.0,2.0,2.0,7,-0.4999999999999997,-0.8660254037844388,0,0,0,0,0,0,1,1.55,1.2750000000000001,2024-07
crop top,0.8999999999999999,2024-08,2.0,1.2,4.453212513775344,0.8999999999999999,2.1844041712584485,-3.2532125137753436,-0.7305316114405095,2.0,2.0,2.0,2.0,8,-0.8660254037844385,-0.5000000000000004,0,0,0,0,0,0,1,1.2166666666666666,1.1083333333333334,2024-08
crop top,5.1,2024-09,1.4,0.8999999999999999,1.2,4.453212513775344,2.184404171258448,-0.30000000000000004,-0.25,1.4,2.0,2.0,1.8,9,-1.0,-1.8369701987210297e-16,0,0,0,0,0,0,1,1.0833333333333333,1.0416666666666667,2024-09
crop top,6.414117648017108,2024-10,1.25,5.1,0.8999999999999999,1.2,2.4,4.199999999999999,4.666666666666667,1.25,1.4,2.0,1.55,10,-0.8660254037844386,0.5000000000000001,0,0,0,0,0,0,1,1.0,1.0416666666666667,2024-10
crop top,1.9989700043360188,2024-11,1.0,6.414117648017108,5.1,0.8999999999999999,4.138039216005702,1.314117648017108,0.25767012706217796,1.0,1.25,1.4,1.2166666666666666,11,-0.5000000000000004,0.8660254037844384,0,0,0,0,0,0,1,1.0,1.125,2024-11
crop top,2.0,2024-12,1.0,1.9989700043360188,6.414117648017108,5.1,4.504362550784376,-4.415147643681089,-0.6883484036258689,1.0,1.0,1.25,1.0833333333333333,12,-2.4492935982947064e-16,1.0,0,0,0,0,0,0,1,1.0,1.2249999999999999,2024-12
crop top,4.554242509439325,2025-01,1.0,2.0,1.9989700043360188,6.414117648017108,3.471029217451042,0.0010299956639812091,0.0005152631914171479,1.0,1.0,1.0,1.0,1,0.49999999999999994,0.8660254037844387,0,0,0,0,0,0,1,1.0833333333333333,1.3916666666666666,2025-01
crop top,0.6,2025-02,1.0,4.554242509439325,2.0,1.9989700043360188,2.8510708379251146,2.554242509439325,1.2771212547196624,1.0,1.0,1.0,1.0,2,0.8660254037844386,0.5000000000000001,0,0,0,0,0,0,1,1.25,1.5583333333333333,2025-02
crop top,1.7999999999999998,2025-03,1.0,0.6,4.554242509439325,2.0,2.384747503146442,-3.9542425094393248,-0.8682547100299527,1.0,1.0,1.0,1.0,3,1.0,6.123233995736766e-17,0,0,0,0,0,0,1,1.45,1.7249999999999999,2025-03
crop top,1.6,2025-04,1.25,1.7999999999999998,0.6,4.554242509439325,2.318080836479775,1.1999999999999997,2.0,1.25,1.0,1.0,1.0833333333333333,4,0.8660254037844387,-0.4999999999999998,0,0,0,0,0,0,1,1.7,1.6833333333333333,2025-04
crop top,15.110299956639812,2025-05,1.5,1.6,1.7999999999999998,0.6,1.3333333333333337,-0.19999999999999973,-0.11111111111111094,1.5,1.25,1.0,1.25,5,0.49999999999999994,-0.8660254037844387,0,0,0,0,0,0,1,1.8666666666666665,1.5999999999999999,2025-05
crop top,4.330448921378274,2025-06,1.6,15.110299956639812,1.6,1.7999999999999998,6.170099985546604,13.510299956639813,8.443937472899883,1.6,1.5,1.25,1.45,6,1.2246467991473532e-16,-1.0,0,0,0,0,0,0,1,2.0,1.5,2025-06
crop top,3.9,2025-07,2.0,4.330448921378274,15.110299956639812,1.6,7.013582959339362,-10.779851035261538,-0.7134107904009295,2.0,1.6,1.5,1.7,7,-0.4999999999999997,-0.8660254037844388,0,0,0,0,0,0,1,1.6666666666666667,1.2849462365591398,2025-07
crop top,2.1,2025-08,2.0,3.9,4.330448921378274,15.110299956639812,7.780249626006029,-0.43044892137827384,-0.09940053079791844,2.0,2.0,1.6,1.8666666666666665,8,-0.8660254037844385,-0.5000000000000004,0,0,0,0,0,0,1,1.3333333333333333,1.1658986175115207,2025-08
crop top,9.574104633266904,2025-09,2.0,2.1,3.9,4.330448921378274,3.443482973792758,-1.7999999999999998,-0.46153846153846145,2.0,2.0,2.0,2.0,9,-1.0,-1.8369701987210297e-16,0,0,0,0,0,0,1,1.0,0.999231950844854,2025-09
crop top,15.367686246998296,2025-10,1.0,9.574104633266904,2.1,3.9,5.191368211088968,7.474104633266904,3.559097444412811,1.0,2.0,2.0,1.6666666666666667,10,-0.8660254037844386,0.5000000000000001,0,0,0,0,0,0,1,0.903225806451613,0.9990783410138249,2025-10
crop top,26.47129714985957,2025-11,1.0,15.367686246998296,9.574104633266904,2.1,9.013930293421733,5.7935816137313925,0.6051303840570719,1.0,1.0,2.0,1.3333333333333333,11,-0.5000000000000004,0.8660254037844384,0,0,0,0,0,0,1,0.9984639016897082,0.9988479262672811,2025-11
crop top,11.98021701316868,2025-12,1.0,26.47129714985957,15.367686246998296,9.574104633266904,17.13769601004159,11.103610902861274,0.7225297760767397,1.0,1.0,1.0,1.0,12,-2.4492935982947064e-16,1.0,0,0,0,0,0,0,1,0.9984639016897082,0.9984639016897082,2025-12
denim,4.704119982655925,2020-04,11.0,3.5,0.3,0.8999999999999999,1.5666666666666667,3.2,10.666666666666668,11.0,10.0,12.0,11.0,4,0.8660254037844387,-0.4999999999999998,0,0,0,0,1,0,0,12.666666666666666,12.333333333333334,2020-04
denim,2.2,2020-05,12.0,4.704119982655925,3.5,0.3,2.8347066608853084,1.204119982655925,0.3440342807588357,12.0,11.0,10.0,11.0,5,0.49999999999999994,-0.8660254037844387,0,0,0,0,1,0,0,12.666666666666666,12.333333333333334,2020-05
denim,8.842422680822207,2020-06,13.0,2.2,4.704119982655925,3.5,3.4680399942186413,-2.504119982655925,-0.5323248539341273,13.0,12.0,11.0,12.0,6,1.2246467991473532e-16,-1.0,0,0,0,0,1,0,0,12.333333333333334,12.0,2020-06
denim,5.542422680822206,2020-07,13.0,8.842422680822207,2.2,4.704119982655925,5.24884755449271,6.642422680822206,3.0192830367373666,13.0,13.0,12.0,12.666666666666666,7,-0.4999999999999997,-0.8660254037844388,0,0,0,0,1,0,0,12.0,11.666666666666666,2020-07
denim,1.9,2020-08,12.0,5.542422680822206,8.842422680822207,2.2,5.528281787214804,-3.3000000000000007,-0.373200888389691,12.0,13.0,13.0,12.666666666666666,8,-0.8660254037844385,-0.5000000000000004,0,0,0,0,1,0,0,12.0,11.5,2020-08
denim,19.115885259922884,2020-09,12.0,1.9,5.542422680822206,8.842422680822207,5.428281787214804,-3.642422680822206,-0.6571896245707952,12.0,12.0,13.0,12.333333333333334,9,-1.0,-1.8369701987210297e-16,0,0,0,0,1,0,0,11.666666666666666,11.5,2020-09
denim,13.18385501653041,2020-10,12.0,19.115885259922884,1.9,5.542422680822206,8.852769313581696,17.215885259922885,9.060992242064676,12.0,12.0,12.0,12.0,10,-0.8660254037844386,0.5000000000000001,0,0,0,0,1,0,0,11.333333333333334,11.666666666666666,2020-10
denim,18.84348678639937,2020-11,12.0,13.18385501653041,19.115885259922884,1.9,11.39991342548443,-5.932030243392473,-0.31031941041355693,12.0,12.0,12.0,12.0,11,-0.5000000000000004,0.8660254037844384,0,0,0,0,1,0,0,11.0,11.833333333333334,2020-11
denim,13.21124467252562,2020-12,11.0,18.84348678639937,13.18385501653041,19.115885259922884,17.04774235428422,5.659631769868961,0.42928504316625915,11.0,12.0,12.0,11.666666666666666,12,-2.4492935982947064e-16,1.0,0,0,0,0,1,0,0,11.333333333333334,12.0,2020-12
denim,3.4653828514484184,2021-01,11.0,13.21124467252562,18.84348678639937,13.18385501653041,15.079528825151803,-5.632242113873751,-0.298895962181422,11.0,11.0,12.0,11.333333333333334,1,0.49999999999999994,0.8660254037844387,0,0,0,0,1,0,0,12.0,12.166666666666666,2021-01
denim,0.6,2021-02,11.0,3.4653828514484184,13.21124467252562,18.84348678639937,11.840038103457806,-9.745861821077202,-0.7376944461065731,11.0,11.0,11.0,11.0,2,0.8660254037844386,0.5000000000000001,0,0,0,0,1,0,0,12.666666666666666,12.333333333333334,2021-02
denim,2.3,2021-03,12.0,0.6,3.4653828514484184,13.21124467252562,5.75887584132468,-2.8653828514484183,-0.8268589573734344,12.0,11.0,11.0,11.333333333333334,3,1.0,6.123233995736766e-17,0,0,0,0,1,0,0,12.666666666666666,12.333333333333334,2021-03
denim,4.618301291319745,2021-04,13.0,2.3,0.6,3.4653828514484184,2.1217942838161394,1.6999999999999997,2.833333333333333,13.0,12.0,11.0,12.0,4,0.8660254037844387,-0.4999999999999998,0,0,0,0,1,0,0,12.333333333333334,12.166666666666666,2021-04
denim,7.0,2021-05,13.0,4.618301291319745,2.3,0.6,2.5061004304399153,2.318301291319745,1.007957083182498,13.0,13.0,12.0,12.666666666666666,5,0.49999999999999994,-0.8660254037844387,0,0,0,0,1,0,0,12.0,12.0,2021-05
denim,20.23967522118984,2021-06,12.0,7.0,4.618301291319745,2.3,4.639433763773249,2.381698708680255,0.5157088198547677,12.0,13.0,13.0,12.666666666666666,6,1.2246467991473532e-16,-1.0,0,0,0,0,1,0,0,12.0,12.0,2021-06
denim,3.79209460269048,2021-07,12.0,20.23967522118984,7.0,4.618301291319745,10.619325504169863,13.239675221189842,1.8913821744556918,12.0,12.0,13.0,12.333333333333334,7,-0.4999999999999997,-0.8660254037844388,0,0,0,0,1,0,0,12.0,11.833333333333334,2021-07
denim,7.906718942787823,2021-08,12.0,3.79209460269048,20.23967522118984,7.0,10.343923274626773,-16.447580618499362,-0.8126405408560923,12.0,12.0,12.0,12.0,8,-0.8660254037844385,-0.5000000000000004,0,0,0,0,1,0,0,12.0,12.0,2021-08
denim,8.000363516430497,2021-09,12.0,7.906718942787823,3.79209460269048,20.23967522118984,10.646162922222716,4.114624340097343,1.0850531885934567,12.0,12.0,12.0,12.0,9,-1.0,-1.8369701987210297e-16,0,0,0,0,1,0,0,12.0,12.0,2021-09
denim,0.3,2021-10,12.0,8.000363516430497,7.906718942787823,3.79209460269048,6.566392353969601,0.09364457364267409,0.011843670468151934,12.0,12.0,12.0,12.0,10,-0.8660254037844386,0.5000000000000001,0,0,0,0,1,0,0,11.666666666666666,12.166666666666666,2021-10
denim,7.070420148784396,2021-11,12.0,0.3,8.000363516430497,7.906718942787823,5.4023608197394415,-7.700363516430497,-0.9625017039058432,12.0,12.0,12.0,12.0,11,-0.5000000000000004,0.8660254037844384,0,0,0,0,1,0,0,12.0,12.333333333333334,2021-11
denim,6.21336950219478,2021-12,12.0,7.070420148784396,0.3,8.000363516430497,5.123594555071632,6.770420148784396,22.568067162614653,12.0,12.0,12.0,12.0,12,-2.4492935982947064e-16,1.0,0,0,0,0,1,0,0,12.0,12.333333333333334,2021-12
denim,0.3,2022-01,11.0,6.21336950219478,7.070420148784396,0.3,4.527929883659726,-0.8570506465896157,-0.12121636742294117,11.0,12.0,12.0,11.666666666666666,1,0.49999999999999994,0.8660254037844387,0,0,0,0,1,0,0,12.666666666666666,12.5,2022-01
denim,0.6,2022-03,13.0,0.3,6.21336950219478,7.070420148784396,4.527929883659726,-5.91336950219478,-0.9517170192608005,13.0,11.0,12.0,12.0,3,1.0,6.123233995736766e-17,0,0,0,0,1,0,0,12.666666666666666,12.333333333333334,2022-03
denim,2.1450980400142567,2022-06,12.0,0.6,0.3,6.21336950219478,2.3711231673982613,0.3,1.0,12.0,13.0,11.0,12.0,6,1.2246467991473532e-16,-1.0,0,0,0,0,1,0,0,12.666666666666666,12.666666666666666,2022-06
denim,4.8,2022-09,13.0,2.1450980400142567,0.6,0.3,1.0150326800047533,1.5450980400142567,2.5751634000237615,13.0,12.0,13.0,12.666666666666666,9,-1.0,-1.8369701987210297e-16,0,0,0,0,1,0,0,12.333333333333334,12.833333333333334,2022-09
denim,5.149671222189871,2022-10,13.0,4.8,2.1450980400142567,0.6,2.515032680004753,2.654901959985743,1.2376599626038995,13.0,13.0,12.0,12.666666666666666,10,-0.8660254037844386,0.5000000000000001,0,0,0,0,1,0,0,12.0,13.333333333333334,2022-10
denim,0.6,2022-11,12.0,5.149671222189871,4.8,2.1450980400142567,4.031589754068044,0.3496712221898708,0.07284817128955634,12.0,13.0,13.0,12.666666666666666,11,-0.5000000000000004,0.8660254037844384,0,0,0,0,1,0,0,12.666666666666666,13.833333333333334,2022-11
denim,0.3,2022-12,12.0,0.6,5.149671222189871,4.8,3.516557074063291,-4.549671222189871,-0.8834877074453593,12.0,12.0,13.0,12.333333333333334,12,-2.4492935982947064e-16,1.0,0,0,0,0,1,0,0,13.333333333333334,14.333333333333334,2022-12
denim,0.8999999999999999,2023-01,12.0,0.3,0.6,5.149671222189871,2.0165570740632917,-0.3,-0.5,12.0,12.0,12.0,12.0,1,0.49999999999999994,0.8660254037844387,0,0,0,0,1,0,0,14.666666666666666,14.833333333333334,2023-01
denim,0.3,2023-02,14.0,0.8999999999999999,0.3,0.6,0.6000000000000014,0.5999999999999999,2.0,14.0,12.0,12.0,12.666666666666666,2,0.8660254037844386,0.5000000000000001,0,0,0,0,1,0,0,15.0,15.0,2023-02
denim,2.6,2023-03,14.0,0.3,0.8999999999999999,0.3,0.5000000000000014,-0.5999999999999999,-0.6666666666666666,14.0,14.0,12.0,13.333333333333334,3,1.0,6.123233995736766e-17,0,0,0,0,1,0,0,15.333333333333334,15.333333333333334,2023-03
denim,3.3222192947339195,2023-05,16.0,2.6,0.3,0.8999999999999999,1.2666666666666682,2.3000000000000003,7.666666666666668,16.0,14.0,14.0,14.666666666666666,5,0.49999999999999994,-0.8660254037844387,0,0,0,0,1,0,0,15.0,15.166666666666666,2023-05
denim,1.845098040014257,2023-06,15.0,3.3222192947339195,2.6,0.3,2.0740730982446416,0.7222192947339194,0.2777766518207383,15.0,16.0,14.0,15.0,6,1.2246467991473532e-16,-1.0,0,0,0,0,1,0,0,15.0,15.0,2023-06
denim,4.0,2023-07,15.0,1.845098040014257,3.3222192947339195,2.6,2.589105778249394,-1.4771212547196626,-0.44461882966638033,15.0,15.0,16.0,15.333333333333334,7,-0.4999999999999997,-0.8660254037844388,0,0,0,0,1,0,0,15.333333333333334,15.166666666666666,2023-07
denim,0.6,2023-08,15.0,4.0,1.845098040014257,3.3222192947339195,3.0557724449160606,2.154901959985743,1.167906481527178,15.0,15.0,15.0,15.0,8,-0.8660254037844385,-0.5000000000000004,0,0,0,0,1,0,0,15.333333333333334,15.666666666666666,2023-08
denim,10.33120238795446,2023-09,15.0,0.6,4.0,1.845098040014257,2.1483660133380873,-3.4,-0.85,15.0,15.0,15.0,15.0,9,-1.0,-1.8369701987210297e-16,0,0,0,0,1,0,0,15.0,16.333333333333332,2023-09
denim,9.881183617030809,2023-10,16.0,10.33120238795446,0.6,4.0,4.977067462651489,9.731202387954461,16.21867064659077,16.0,15.0,15.0,15.333333333333334,10,-0.8660254037844386,0.5000000000000001,0,0,0,0,1,0,0,15.0,16.833333333333332,2023-10
denim,8.602059991327963,2023-11,15.0,9.881183617030809,10.33120238795446,0.6,6.937462001661758,-0.45001877092365206,-0.043559186435873753,15.0,16.0,15.0,15.333333333333334,11,-0.5000000000000004,0.8660254037844384,0,0,0,0,1,0,0,16.0,17.333333333333332,2023-11
denim,14.961264502847456,2023-12,14.0,8.602059991327963,9.881183617030809,10.33120238795446,9.604815332104412,-1.2791236257028462,-0.12945044594639454,14.0,15.0,16.0,15.0,12,-2.4492935982947064e-16,1.0,0,0,0,0,1,0,0,17.666666666666668,18.0,2023-12
denim,0.3,2024-02,16.0,14.961264502847456,8.602059991327963,9.881183617030809,11.148169370402078,6.3592045115194935,0.739265305976758,16.0,14.0,15.0,15.0,2,0.8660254037844386,0.5000000000000001,0,0,0,0,1,0,0,18.666666666666668,18.333333333333332,2024-02
denim,2.078151250383644,2024-03,18.0,0.3,14.961264502847456,8.602059991327963,7.9544414980584754,-14.661264502847455,-0.9799482189528229,18.0,16.0,14.0,16.0,3,1.0,6.123233995736766e-17,0,0,0,0,1,0,0,18.666666666666668,18.5,2024-03
denim,0.3,2024-04,19.0,2.078151250383644,0.3,14.961264502847456,5.779805251077035,1.778151250383644,5.927170834612148,19.0,18.0,16.0,17.666666666666668,4,0.8660254037844387,-0.4999999999999998,0,0,0,0,1,0,0,18.333333333333332,18.333333333333332,2024-04
denim,6.16599637049508,2024-05,19.0,0.3,2.078151250383644,0.3,0.8927170834612164,-1.778151250383644,-0.8556409212541111,19.0,19.0,18.0,18.666666666666668,5,0.49999999999999994,-0.8660254037844387,0,0,0,0,1,0,0,18.0,18.333333333333332,2024-05
denim,7.5,2024-06,18.0,6.16599637049508,0.3,2.078151250383644,2.848049206959576,5.86599637049508,19.5533212349836,18.0,19.0,19.0,18.666666666666668,6,1.2246467991473532e-16,-1.0,0,0,0,0,1,0,0,18.333333333333332,18.333333333333332,2024-06
denim,2.501029995663981,2024-07,18.0,7.5,6.16599637049508,0.3,4.655332123498361,1.3340036295049202,0.2163484292479092,18.0,18.0,19.0,18.333333333333332,7,-0.4999999999999997,-0.8660254037844388,0,0,0,0,1,0,0,18.333333333333332,18.333333333333332,2024-07
denim,0.3,2024-08,18.0,2.501029995663981,7.5,6.16599637049508,5.389008788719689,-4.9989700043360195,-0.6665293339114692,18.0,18.0,18.0,18.0,8,-0.8660254037844385,-0.5000000000000004,0,0,0,0,1,0,0,18.666666666666668,19.0,2024-08
denim,6.807823522094728,2024-09,19.0,0.3,2.501029995663981,7.5,3.433676665221329,-2.201029995663981,-0.8800494194311512,19.0,18.0,18.0,18.333333333333332,9,-1.0,-1.8369701987210297e-16,0,0,0,0,1,0,0,18.333333333333332,19.666666666666668,2024-09
denim,6.361235994796777,2024-10,18.0,6.807823522094728,0.3,2.501029995663981,3.202951172586238,6.5078235220947285,21.692745073649096,18.0,19.0,18.0,18.333333333333332,10,-0.8660254037844386,0.5000000000000001,0,0,0,0,1,0,0,18.333333333333332,20.333333333333332,2024-10
denim,10.3,2024-11,19.0,6.361235994796777,6.807823522094728,0.3,4.4896865056305035,-0.44658752729795115,-0.06559916335206917,19.0,18.0,19.0,18.666666666666668,11,-0.5000000000000004,0.8660254037844384,0,0,0,0,1,0,0,19.333333333333332,20.833333333333332,2024-11
denim,12.994055524126484,2024-12,18.0,10.3,6.361235994796777,6.807823522094728,7.8230198389638375,3.9387640052032236,0.6191821854156907,18.0,19.0,18.0,18.333333333333332,12,-2.4492935982947064e-16,1.0,0,0,0,0,1,0,0,21.0,21.333333333333332,2024-12
denim,10.0,2025-01,18.0,12.994055524126484,10.3,6.361235994796777,9.88509717297442,2.694055524126483,0.26155878875014404,18.0,18.0,19.0,18.333333333333332,1,0.49999999999999994,0.8660254037844387,0,0,0,0,1,0,0,22.333333333333332,22.166666666666668,2025-01
denim,2.9,2025-03,22.0,10.0,12.994055524126484,10.3,11.098018508042164,-2.994055524126484,-0.23041732572000517,22.0,18.0,18.0,19.333333333333332,3,1.0,6.123233995736766e-17,0,0,0,0,1,0,0,22.333333333333332,22.166666666666668,2025-03
denim,13.801815168581438,2025-04,23.0,2.9,10.0,12.994055524126484,8.631351841375496,-7.1,-0.71,23.0,22.0,18.0,21.0,4,0.8660254037844387,-0.4999999999999998,0,0,0,0,1,0,0,21.666666666666668,21.833333333333332,2025-04
denim,4.797940008672038,2025-05,22.0,13.801815168581438,2.9,10.0,8.900605056193815,10.901815168581438,3.7592466098556683,22.0,23.0,22.0,22.333333333333332,5,0.49999999999999994,-0.8660254037844387,0,0,0,0,1,0,0,22.0,22.0,2025-05
denim,25.60498047631658,2025-06,22.0,4.797940008672038,13.801815168581438,2.9,7.166585059084494,-9.0038751599094,-0.652368913069195,22.0,22.0,23.0,22.333333333333332,6,1.2246467991473532e-16,-1.0,0,0,0,0,1,0,0,22.0,21.833333333333332,2025-06
denim,5.9,2025-07,21.0,25.60498047631658,4.797940008672038,13.801815168581438,14.734911884523354,20.80704046764454,4.336661240039861,21.0,22.0,22.0,21.666666666666668,7,-0.4999999999999997,-0.8660254037844388,0,0,0,0,1,0,0,22.0,21.5,2025-07
denim,23.470212632442067,2025-08,23.0,5.9,25.60498047631658,4.797940008672038,12.100973494996206,-19.704980476316578,-0.7695760789406878,23.0,21.0,22.0,22.0,8,-0.8660254037844385,-0.5000000000000004,0,0,0,0,1,0,0,22.0,21.2,2025-08
denim,6.077121254719662,2025-09,22.0,23.470212632442067,5.9,25.60498047631658,18.32506436958622,17.570212632442065,2.9780021410918756,22.0,23.0,21.0,22.0,9,-1.0,-1.8369701987210297e-16,0,0,0,0,1,0,0,21.666666666666668,21.0,2025-09
denim,26.210613457041383,2025-10,21.0,6.077121254719662,23.470212632442067,5.9,11.815777962387244,-17.393091377722406,-0.7410708905841157,21.0,22.0,23.0,22.0,10,-0.8660254037844386,0.5000000000000001,0,0,0,0,1,0,0,21.0,21.0,2025-10
dress,69.06817055234906,2020-04,44.0,58.03897585388003,77.7670925645407,44.81540884058165,60.20715908633414,-19.72811671066067,-0.253682066026679,44.0,50.0,74.0,56.0,4,0.8660254037844387,-0.4999999999999998,0,0,0,0,0,0,1,56.333333333333336,59.333333333333336,2020-04
dress,103.72280309902013,2020-05,52.0,69.06817055234906,58.03897585388003,77.7670925645407,68.2914129902566,11.029194698469027,0.19003082904557655,52.0,44.0,50.0,48.666666666666664,5,0.49999999999999994,-0.8660254037844387,0,0,0,0,0,0,1,60.333333333333336,60.333333333333336,2020-05
dress,57.11098760152606,2020-06,55.0,103.72280309902013,69.06817055234906,58.03897585388003,76.94331650174975,34.65463254667107,0.5017453375343881,55.0,52.0,44.0,50.333333333333336,6,1.2246467991473532e-16,-1.0,0,0,0,0,0,0,1,62.0,60.833333333333336,2020-06
dress,75.99873199600015,2020-07,62.0,57.11098760152606,103.72280309902013,69.06817055234906,76.63398708429843,-46.611815497494064,-0.4493883129343851,62.0,55.0,52.0,56.333333333333336,7,-0.4999999999999997,-0.8660254037844388,0,0,0,0,0,0,1,62.333333333333336,60.0,2020-07
dress,136.43147452019767,2020-08,64.0,75.99873199600015,57.11098760152606,103.72280309902013,78.94417423218212,18.887744394474083,0.3307199750467873,64.0,62.0,55.0,60.333333333333336,8,-0.8660254037844385,-0.5000000000000004,0,0,0,0,0,0,1,60.333333333333336,59.0,2020-08
dress,159.30397367756262,2020-09,60.0,136.43147452019767,75.99873199600015,57.11098760152606,89.84706470590795,60.43274252419752,0.7951809317999954,60.0,64.0,62.0,62.0,9,-1.0,-1.8369701987210297e-16,0,0,0,0,0,0,1,59.666666666666664,59.833333333333336,2020-09
dress,139.31412010807705,2020-10,63.0,159.30397367756262,136.43147452019767,75.99873199600015,123.91139339792016,22.872499157364956,0.1676482588625754,63.0,60.0,64.0,62.333333333333336,10,-0.8660254037844386,0.5000000000000001,0,0,0,0,0,0,1,57.666666666666664,60.666666666666664,2020-10
dress,194.08776822197976,2020-11,58.0,139.31412010807705,159.30397367756262,136.43147452019767,145.01652276861245,-19.989853569485575,-0.1254824541285191,58.0,63.0,60.0,60.333333333333336,11,-0.5000000000000004,0.8660254037844384,0,0,0,0,0,0,1,57.666666666666664,63.0,2020-11
dress,156.0854265141581,2020-12,58.0,194.08776822197976,139.31412010807705,159.30397367756262,164.23528733587315,54.77364811390271,0.3931665223267422,58.0,58.0,63.0,59.666666666666664,12,-2.4492935982947064e-16,1.0,0,0,0,0,0,0,1,60.0,65.5,2020-12
dress,24.85038096284805,2021-01,57.0,156.0854265141581,194.08776822197976,139.31412010807705,163.16243828140497,-38.00234170782167,-0.19579977685331562,57.0,58.0,58.0,57.666666666666664,1,0.49999999999999994,0.8660254037844387,0,0,0,0,0,0,1,63.666666666666664,68.5,2021-01
dress,25.463687175889547,2021-02,58.0,24.85038096284805,156.0854265141581,194.08776822197976,125.00785856632864,-131.23504555131004,-0.8407898705354536,58.0,57.0,58.0,57.666666666666664,2,0.8660254037844386,0.5000000000000001,0,0,0,0,0,0,1,68.33333333333333,71.66666666666667,2021-02
dress,50.98402076262846,2021-03,65.0,25.463687175889547,24.85038096284805,156.0854265141581,68.79983155096524,0.613306213041497,0.024679952148757955,65.0,58.0,57.0,60.0,3,1.0,6.123233995736766e-17,0,0,0,0,0,0,1,71.0,73.5,2021-03
dress,38.86028718735137,2021-04,68.0,50.98402076262846,25.463687175889547,24.85038096284805,33.7660296337887,25.520333586738914,1.002224595772721,68.0,65.0,58.0,63.666666666666664,4,0.8660254037844387,-0.4999999999999998,0,0,0,0,0,0,1,73.33333333333333,76.33333333333333,2021-04
dress,32.298893082640014,2021-05,72.0,38.86028718735137,50.98402076262846,25.463687175889547,38.435998375289806,-12.123733575277093,-0.2377947716544916,72.0,68.0,65.0,68.33333333333333,5,0.49999999999999994,-0.8660254037844387,0,0,0,0,0,0,1,75.0,77.66666666666667,2021-05
dress,57.81587252710764,2021-06,73.0,32.298893082640014,38.86028718735137,50.98402076262846,40.714400344206624,-6.561394104711354,-0.16884574406457353,73.0,72.0,68.0,71.0,6,1.2246467991473532e-16,-1.0,0,0,0,0,0,0,1,76.0,77.66666666666667,2021-06
dress,70.14596624833459,2021-07,75.0,57.81587252710764,32.298893082640014,38.86028718735137,42.99168426569969,25.51697944446763,0.7900264377227986,75.0,73.0,72.0,73.33333333333333,7,-0.4999999999999997,-0.8660254037844388,0,0,0,0,0,0,1,79.33333333333333,77.0,2021-07
dress,74.472177988828,2021-08,77.0,70.14596624833459,57.81587252710764,32.298893082640014,53.4202439526941,12.330093721226945,0.2132648558654171,77.0,75.0,73.0,75.0,8,-0.8660254037844385,-0.5000000000000004,0,0,0,0,0,0,1,80.33333333333333,77.5,2021-08
dress,273.86218604802417,2021-09,76.0,74.472177988828,70.14596624833459,57.81587252710764,67.47800558809008,4.326211740493406,0.06167441938396734,76.0,77.0,75.0,76.0,9,-1.0,-1.8369701987210297e-16,0,0,0,0,0,0,1,79.33333333333333,78.83333333333333,2021-09
dress,240.3601635353237,2021-10,85.0,273.86218604802417,74.472177988828,70.14596624833459,139.4934434283956,199.3900080591962,2.6773758126035716,85.0,76.0,77.0,79.33333333333333,10,-0.8660254037844386,0.5000000000000001,0,0,0,0,0,0,1,74.66666666666667,79.83333333333333,2021-10
dress,225.31895475731383,2021-11,80.0,240.3601635353237,273.86218604802417,74.472177988828,196.2315091907253,-33.50202251270048,-0.12233168439992514,80.0,85.0,76.0,80.33333333333333,11,-0.5000000000000004,0.8660254037844384,0,0,0,0,0,0,1,74.66666666666667,81.5,2021-11
dress,215.8251561175406,2021-12,73.0,225.31895475731383,240.3601635353237,273.86218604802417,246.51376811355388,-15.04120877800986,-0.06257779391050955,73.0,80.0,85.0,79.33333333333333,12,-2.4492935982947064e-16,1.0,0,0,0,0,0,0,1,78.33333333333333,83.5,2021-12
dress,19.988050188190645,2022-01,71.0,215.8251561175406,225.31895475731383,240.3601635353237,227.16809147005938,-9.493798639773246,-0.04213493112463096,71.0,73.0,80.0,74.66666666666667,1,0.49999999999999994,0.8660254037844387,0,0,0,0,0,0,1,85.0,85.83333333333333,2022-01
dress,14.770659670021534,2022-02,80.0,19.988050188190645,215.8251561175406,225.31895475731383,153.71072035434835,-195.83710592934995,-0.9073877644860595,80.0,71.0,73.0,74.66666666666667,2,0.8660254037844386,0.5000000000000001,0,0,0,0,0,0,1,88.33333333333333,86.5,2022-02
dress,11.194025094095323,2022-03,84.0,14.770659670021534,19.988050188190645,215.8251561175406,83.52795532525091,-5.217390518169111,-0.2610254861803206,84.0,80.0,71.0,78.33333333333333,3,1.0,6.123233995736766e-17,0,0,0,0,0,0,1,88.66666666666667,86.33333333333333,2022-03
dress,15.680392160057028,2022-04,91.0,11.194025094095323,14.770659670021534,19.988050188190645,15.317578317435833,-3.57663457592621,-0.24214453895957888,91.0,84.0,80.0,85.0,4,0.8660254037844387,-0.4999999999999998,0,0,0,0,0,0,1,86.66666666666667,85.5,2022-04
dress,31.39114017518259,2022-05,90.0,15.680392160057028,11.194025094095323,14.770659670021534,13.881692308057962,4.486367065961705,0.40078229486265804,90.0,91.0,84.0,88.33333333333333,5,0.49999999999999994,-0.8660254037844387,0,0,0,0,0,0,1,84.66666666666667,83.66666666666667,2022-05
dress,71.53296486405836,2022-06,85.0,31.39114017518259,15.680392160057028,11.194025094095323,19.42185247644498,15.71074801512556,1.0019359117271223,85.0,90.0,91.0,88.66666666666667,6,1.2246467991473532e-16,-1.0,0,0,0,0,0,0,1,84.0,82.0,2022-06
dress,62.85349726961277,2022-07,85.0,71.53296486405836,31.39114017518259,15.680392160057028,39.534832399765996,40.14182468887577,1.2787628759216383,85.0,85.0,90.0,86.66666666666667,7,-0.4999999999999997,-0.8660254037844388,0,0,0,0,0,0,1,84.33333333333333,80.16666666666667,2022-07
dress,24.188050188190644,2022-08,84.0,62.85349726961277,71.53296486405836,31.39114017518259,55.259200769617905,-8.67946759444559,-0.1213352139246584,84.0,85.0,85.0,84.66666666666667,8,-0.8660254037844385,-0.5000000000000004,0,0,0,0,0,0,1,82.66666666666667,79.33333333333333,2022-08
dress,141.9620314632053,2022-09,83.0,24.188050188190644,62.85349726961277,71.53296486405836,52.85817077395393,-38.66544708142212,-0.6151677911503481,83.0,84.0,85.0,84.0,9,-1.0,-1.8369701987210297e-16,0,0,0,0,0,0,1,80.0,79.16666666666667,2022-09
dress,168.63326581673982,2022-10,86.0,141.9620314632053,24.188050188190644,62.85349726961277,76.33452630700292,117.77398127501466,4.8690977717797015,86.0,83.0,84.0,84.33333333333333,10,-0.8660254037844386,0.5000000000000001,0,0,0,0,0,0,1,76.0,78.66666666666667,2022-10
dress,198.38188287980347,2022-11,79.0,168.63326581673982,141.9620314632053,24.188050188190644,111.59444915604526,26.671234353534516,0.18787582904128386,79.0,86.0,83.0,82.66666666666667,11,-0.5000000000000004,0.8660254037844384,0,0,0,0,0,0,1,76.0,79.16666666666667,2022-11
dress,172.3811191898578,2022-12,75.0,198.38188287980347,168.63326581673982,141.9620314632053,169.65906005324953,29.748617063063648,0.17641013425780772,75.0,79.0,86.0,80.0,12,-2.4492935982947064e-16,1.0,0,0,0,0,0,0,1,78.33333333333333,80.16666666666667,2022-12
dress,7.456302500767287,2023-01,74.0,172.3811191898578,198.38188287980347,168.63326581673982,179.7987559621337,-26.00076368994567,-0.1310642046164021,74.0,75.0,79.0,76.0,1,0.49999999999999994,0.8660254037844387,0,0,0,0,0,0,1,81.33333333333333,80.83333333333333,2023-01
dress,18.604119982655924,2023-02,79.0,7.456302500767287,172.3811191898578,198.38188287980347,126.07310152347618,-164.9248166890905,-0.9567452483438454,79.0,74.0,75.0,76.0,2,0.8660254037844386,0.5000000000000001,0,0,0,0,0,0,1,82.33333333333333,80.5,2023-02
dress,9.9,2023-03,82.0,18.604119982655924,7.456302500767287,172.3811191898578,66.14718055776035,11.147817481888637,1.4950865366234103,82.0,79.0,74.0,78.33333333333333,3,1.0,6.123233995736766e-17,0,0,0,0,0,0,1,82.0,80.16666666666667,2023-03
dress,27.57197127639976,2023-04,83.0,9.9,18.604119982655924,7.456302500767287,11.986807494474412,-8.704119982655923,-0.4678598069014025,83.0,82.0,79.0,81.33333333333333,4,0.8660254037844387,-0.4999999999999998,0,0,0,0,0,0,1,80.33333333333333,79.66666666666667,2023-04
dress,22.405149978319905,2023-05,82.0,27.57197127639976,9.9,18.604119982655924,18.69203041968524,17.67197127639976,1.7850476036767433,82.0,83.0,82.0,82.33333333333333,5,0.49999999999999994,-0.8660254037844387,0,0,0,0,0,0,1,78.66666666666667,79.0,2023-05
dress,30.37584643630916,2023-06,81.0,22.405149978319905,27.57197127639976,9.9,19.959040418239898,-5.1668212980798565,-0.18739397507288136,81.0,82.0,83.0,82.0,6,1.2246467991473532e-16,-1.0,0,0,0,0,0,0,1,78.33333333333333,77.83333333333333,2023-06
dress,37.6718530351892,2023-07,78.0,30.37584643630916,22.405149978319905,27.57197127639976,26.784322563676284,7.970696457989256,0.35575287225044305,78.0,81.0,82.0,80.33333333333333,7,-0.4999999999999997,-0.8660254037844388,0,0,0,0,0,0,1,79.0,77.16666666666667,2023-07
dress,19.73445375115093,2023-08,77.0,37.6718530351892,30.37584643630916,22.405149978319905,30.1509498166061,7.296006598880041,0.24019105489547465,77.0,78.0,81.0,78.66666666666667,8,-0.8660254037844385,-0.5000000000000004,0,0,0,0,0,0,1,79.33333333333333,76.5,2023-08
dress,202.10293549806696,2023-09,80.0,19.73445375115093,37.6718530351892,30.37584643630916,29.260717740883106,-17.93739928403827,-0.47614857881514305,80.0,77.0,78.0,78.33333333333333,9,-1.0,-1.8369701987210297e-16,0,0,0,0,0,0,1,77.33333333333333,77.16666666666667,2023-09
dress,140.6952235862298,2023-10,80.0,202.10293549806696,19.73445375115093,37.6718530351892,86.50308076146904,182.36848174691602,9.241121342731878,80.0,80.0,77.0,79.0,10,-0.8660254037844386,0.5000000000000001,0,0,0,0,0,0,1,75.33333333333333,77.5,2023-10
dress,119.17647250199651,2023-11,78.0,140.6952235862298,202.10293549806696,19.73445375115093,120.84420427848256,-61.40771191183717,-0.3038437406191189,78.0,80.0,80.0,79.33333333333333,11,-0.5000000000000004,0.8660254037844384,0,0,0,0,0,0,1,73.66666666666667,79.0,2023-11
dress,234.58367513731173,2023-12,74.0,119.17647250199651,140.6952235862298,202.10293549806696,153.99154386209776,-21.518751084233273,-0.15294585370941738,74.0,78.0,80.0,77.33333333333333,12,-2.4492935982947064e-16,1.0,0,0,0,0,0,0,1,77.0,81.16666666666667,2023-12
dress,5.904119982655924,2024-01,74.0,234.58367513731173,119.17647250199651,140.6952235862298,164.81845707517934,115.40720263531522,0.9683723658911103,74.0,74.0,78.0,75.33333333333333,1,0.49999999999999994,0.8660254037844387,0,0,0,0,0,0,1,79.66666666666667,83.16666666666667,2024-01
dress,6.780211241711607,2024-02,73.0,5.904119982655924,234.58367513731173,119.17647250199651,119.88808920732139,-228.67955515465582,-0.9748314967816921,73.0,74.0,74.0,73.66666666666667,2,0.8660254037844386,0.5000000000000001,0,0,0,0,0,0,1,84.33333333333333,85.83333333333333,2024-02
dress,26.83445375115093,2024-03,84.0,6.780211241711607,5.904119982655924,234.58367513731173,82.42266878722641,0.8760912590556824,0.14838642534862223,84.0,73.0,74.0,77.0,3,1.0,6.123233995736766e-17,0,0,0,0,0,0,1,85.33333333333333,87.5,2024-03
dress,175.67540637334653,2024-04,82.0,26.83445375115093,6.780211241711607,5.904119982655924,13.17292832517282,20.054242509439327,2.9577607237465364,82.0,84.0,73.0,79.66666666666667,4,0.8660254037844387,-0.4999999999999998,0,0,0,0,0,0,1,86.66666666666667,89.5,2024-04
dress,159.8618873750152,2024-05,87.0,175.67540637334653,26.83445375115093,6.780211241711607,69.76335712206969,148.8409526221956,5.546636201447246,87.0,82.0,84.0,84.33333333333333,5,0.49999999999999994,-0.8660254037844387,0,0,0,0,0,0,1,87.33333333333333,89.66666666666667,2024-05
dress,234.40228105370997,2024-06,87.0,159.8618873750152,175.67540637334653,26.83445375115093,120.79058249983756,-15.813518998331347,-0.09001555382615345,87.0,87.0,82.0,85.33333333333333,6,1.2246467991473532e-16,-1.0,0,0,0,0,0,0,1,89.66666666666667,89.16666666666667,2024-06
dress,97.5862099653956,2024-07,86.0,234.40228105370997,159.8618873750152,175.67540637334653,189.97985826735723,74.54039367869478,0.46627995517050747,86.0,87.0,87.0,86.66666666666667,7,-0.4999999999999997,-0.8660254037844388,0,0,0,0,0,0,1,92.33333333333333,89.0,2024-07
dress,195.76702523602304,2024-08,89.0,97.5862099653956,234.40228105370997,159.8618873750152,163.9501261313736,-136.81607108831437,-0.5836806300403062,89.0,86.0,87.0,87.33333333333333,8,-0.8660254037844385,-0.5000000000000004,0,0,0,0,0,0,1,92.0,88.66666666666667,2024-08
dress,217.89891934482148,2024-09,94.0,195.76702523602304,97.5862099653956,234.40228105370997,175.9185054183762,98.18081527062745,1.0060931283778998,94.0,89.0,86.0,89.66666666666667,9,-1.0,-1.8369701987210297e-16,0,0,0,0,0,0,1,88.66666666666667,87.83333333333333,2024-09
dress,264.24601917429584,2024-10,94.0,217.89891934482148,195.76702523602304,97.5862099653956,170.4173848487467,22.131894108798434,0.11305220622377798,94.0,94.0,89.0,92.33333333333333,10,-0.8660254037844386,0.5000000000000001,0,0,0,0,0,0,1,85.66666666666667,86.83333333333333,2024-10
dress,178.68209381888215,2024-11,88.0,264.24601917429584,217.89891934482148,195.76702523602304,225.9706545850468,46.34709982947436,0.2126999985535991,88.0,94.0,94.0,92.0,11,-0.5000000000000004,0.8660254037844384,0,0,0,0,0,0,1,85.33333333333333,87.5,2024-11
dress,212.47640515575,2024-12,84.0,178.68209381888215,264.24601917429584,217.89891934482148,220.27567744599983,-85.56392535541369,-0.32380402786304985,84.0,88.0,94.0,88.66666666666667,12,-2.4492935982947064e-16,1.0,0,0,0,0,0,0,1,87.0,89.0,2024-12
dress,47.302059991327965,2025-01,85.0,212.47640515575,178.68209381888215,264.24601917429584,218.46817271630934,33.79431133686785,0.18913093424527938,85.0,84.0,88.0,85.66666666666667,1,0.49999999999999994,0.8660254037844387,0,0,0,0,0,0,1,88.0,90.0,2025-01
dress,23.7,2025-02,87.0,47.302059991327965,212.47640515575,178.68209381888215,146.15351965532003,-165.17434516442205,-0.7773773518209963,87.0,85.0,84.0,85.33333333333333,2,0.8660254037844386,0.5000000000000001,0,0,0,0,0,0,1,89.66666666666667,92.16666666666667,2025-02
dress,10.922833992404172,2025-03,89.0,23.7,47.302059991327965,212.47640515575,94.49282171569264,-23.602059991327966,-0.4989647384417297,89.0,87.0,85.0,87.0,3,1.0,6.123233995736766e-17,0,0,0,0,0,0,1,91.0,93.66666666666667,2025-03
dress,113.66787773745816,2025-04,88.0,10.922833992404172,23.7,47.302059991327965,27.308297994577376,-12.777166007595827,-0.5391209285905412,88.0,89.0,87.0,88.0,4,0.8660254037844387,-0.4999999999999998,0,0,0,0,0,0,1,92.0,95.66666666666667,2025-04
dress,46.20955036636411,2025-05,92.0,113.66787773745816,10.922833992404172,23.7,49.43023724328744,102.74504374505398,9.40644559978699,92.0,88.0,89.0,89.66666666666667,5,0.49999999999999994,-0.8660254037844387,0,0,0,0,0,0,1,94.66666666666667,96.16666666666667,2025-05
dress,53.24539356743866,2025-06,93.0,46.20955036636411,113.66787773745816,10.922833992404172,56.93342069874215,-67.45832737109404,-0.5934686976993131,93.0,92.0,88.0,91.0,6,1.2246467991473532e-16,-1.0,0,0,0,0,0,0,1,96.33333333333333,95.16666666666667,2025-06
dress,62.340449143794544,2025-07,91.0,53.24539356743866,46.20955036636411,113.66787773745816,71.04094055708697,7.035843201074549,0.1522595036154244,91.0,93.0,92.0,92.0,7,-0.4999999999999997,-0.8660254037844388,0,0,0,0,0,0,1,99.33333333333333,94.66666666666667,2025-07
dress,122.5511573789518,2025-08,100.0,62.340449143794544,53.24539356743866,46.20955036636411,53.931797692532434,9.095055576355882,0.17081394214574486,100.0,91.0,93.0,94.66666666666667,8,-0.8660254037844385,-0.5000000000000004,0,0,0,0,0,0,1,97.66666666666667,93.6,2025-08
dress,410.13367853548834,2025-09,98.0,122.5511573789518,62.340449143794544,53.24539356743866,79.37900003006168,60.210708235157256,0.9658369335176777,98.0,100.0,91.0,96.33333333333333,9,-1.0,-1.8369701987210297e-16,0,0,0,0,0,0,1,94.0,92.5,2025-09
dress,208.1763198291925,2025-10,100.0,410.13367853548834,122.5511573789518,62.340449143794544,198.34176168607823,287.58252115653653,2.346632437483034,100.0,98.0,100.0,99.33333333333333,10,-0.8660254037844386,0.5000000000000001,0,0,0,0,0,0,1,90.0,90.0,2025-10
faux leather,3.5,2020-04,1.0,9.783652108542045,2.8,0.6,4.394550702847348,6.983652108542045,2.4941614673364447,1.0,1.0,1.25,1.0833333333333333,4,0.8660254037844387,-0.4999999999999998,0,0,0,0,1,0,0,1.0,1.2916666666666667,2020-04
faux leather,8.64493154614916,2020-05,1.0,3.5,9.783652108542045,2.8,5.361217369514016,-6.283652108542045,-0.6422603787246102,1.0,1.0,1.0,1.0,5,0.49999999999999994,-0.8660254037844387,0,0,0,0,1,0,0,1.0,1.4916666666666665,2020-05
faux leather,2.6,2020-06,1.0,8.64493154614916,3.5,9.783652108542045,7.309527884897068,5.144931546149159,1.4699804417569027,1.0,1.0,1.0,1.0,6,1.2246467991473532e-16,-1.0,0,0,0,0,1,0,0,1.25,1.6583333333333332,2020-06
faux leather,6.5,2020-07,1.0,2.6,8.64493154614916,3.5,4.91497718204972,-6.04493154614916,-0.6992457388331598,1.0,1.0,1.0,1.0,7,-0.4999999999999997,-0.8660254037844388,0,0,0,0,1,0,0,1.5833333333333333,1.825,2020-07
faux leather,5.2,2020-08,1.0,6.5,2.6,8.64493154614916,5.914977182049721,3.9,1.5,1.0,1.0,1.0,1.0,8,-0.8660254037844385,-0.5000000000000004,0,0,0,0,1,0,0,1.9833333333333334,1.8666666666666665,2020-08
faux leather,28.221088335555248,2020-09,1.75,5.2,6.5,2.6,4.766666666666667,-1.2999999999999998,-0.19999999999999996,1.75,1.0,1.0,1.25,9,-1.0,-1.8369701987210297e-16,0,0,0,0,1,0,0,2.066666666666667,1.7416666666666665,2020-09
faux leather,20.43561273925914,2020-10,2.0,28.221088335555248,5.2,6.5,13.307029445185082,23.02108833555525,4.427132372222163,2.0,1.75,1.0,1.5833333333333333,10,-0.8660254037844386,0.5000000000000001,0,0,0,0,1,0,0,2.066666666666667,1.575,2020-10
faux leather,23.898840309046545,2020-11,2.2,20.43561273925914,28.221088335555248,5.2,17.952233691604796,-7.785475596296109,-0.2758743923595366,2.2,2.0,1.75,1.9833333333333334,11,-0.5000000000000004,0.8660254037844384,0,0,0,0,1,0,0,1.75,1.375,2020-11
faux leather,37.59694717061827,2020-12,2.0,23.898840309046545,20.43561273925914,28.221088335555248,24.185180461286976,3.4632275697874064,0.16947020938276802,2.0,2.2,2.0,2.066666666666667,12,-2.4492935982947064e-16,1.0,0,0,0,0,1,0,0,1.4166666666666667,1.2083333333333333,2020-12
faux leather,10.86997021589286,2021-01,2.0,37.59694717061827,23.898840309046545,20.43561273925914,27.310466739641317,13.698106861571727,0.5731703582448107,2.0,2.0,2.2,2.066666666666667,1,0.49999999999999994,0.8660254037844387,0,0,0,0,1,0,0,1.0833333333333333,1.0416666666666667,2021-01
faux leather,10.40524768293296,2021-02,1.25,10.86997021589286,37.59694717061827,23.898840309046545,24.12191923185256,-26.726976954725412,-0.7108815732680642,1.25,2.0,2.0,1.75,2,0.8660254037844386,0.5000000000000001,0,0,0,0,1,0,0,1.0,1.0333333333333334,2021-02
faux leather,0.8999999999999999,2021-03,1.0,10.40524768293296,10.86997021589286,37.59694717061827,19.62405502314803,-0.4647225329599003,-0.042752880065893395,1.0,1.25,2.0,1.4166666666666667,3,1.0,6.123233995736766e-17,0,0,0,0,1,0,0,1.0,1.1583333333333334,2021-03
faux leather,10.727578349505391,2021-04,1.0,0.8999999999999999,10.40524768293296,10.86997021589286,7.391739299608608,-9.505247682932959,-0.9135051824401825,1.0,1.0,1.25,1.0833333333333333,4,0.8660254037844387,-0.4999999999999998,0,0,0,0,1,0,0,1.0,1.325,2021-04
faux leather,0.3,2021-05,1.0,10.727578349505391,0.8999999999999999,10.40524768293296,7.344275344146119,9.82757834950539,10.919531499450436,1.0,1.0,1.0,1.0,5,0.49999999999999994,-0.8660254037844387,0,0,0,0,1,0,0,1.0666666666666667,1.6166666666666665,2021-05
faux leather,3.878151250383644,2021-06,1.0,0.3,10.727578349505391,0.8999999999999999,3.975859449835133,-10.42757834950539,-0.9720346950424434,1.0,1.0,1.0,1.0,6,1.2246467991473532e-16,-1.0,0,0,0,0,1,0,0,1.3166666666666667,1.825,2021-06
faux leather,13.379320503084989,2021-07,1.0,3.878151250383644,0.3,10.727578349505391,4.968576533296347,3.578151250383644,11.927170834612147,1.0,1.0,1.0,1.0,7,-0.4999999999999997,-0.8660254037844388,0,0,0,0,1,0,0,1.6500000000000001,1.9916666666666665,2021-07
faux leather,6.181241237375588,2021-08,1.2,13.379320503084989,3.878151250383644,0.3,5.852490584489547,9.501169252701345,2.4499223055731636,1.2,1.0,1.0,1.0666666666666667,8,-0.8660254037844385,-0.5000000000000004,0,0,0,0,1,0,0,2.1666666666666665,2.125,2021-08
faux leather,50.19210843726008,2021-09,1.75,6.181241237375588,13.379320503084989,3.878151250383644,7.812904330281409,-7.198079265709401,-0.5380003613823046,1.75,1.2,1.0,1.3166666666666667,9,-1.0,-1.8369701987210297e-16,0,0,0,0,1,0,0,2.3333333333333335,2.0416666666666665,2021-09
faux leather,24.628416381217257,2021-10,2.0,50.19210843726008,6.181241237375588,13.379320503084989,23.25089005924022,44.010867199884494,7.120069498949128,2.0,1.75,1.2,1.6500000000000001,10,-0.8660254037844386,0.5000000000000001,0,0,0,0,1,0,0,2.3333333333333335,1.875,2021-10
faux leather,26.338613768478474,2021-11,2.75,24.628416381217257,50.19210843726008,6.181241237375588,27.00058868528431,-25.563692056042825,-0.5093169594179796,2.75,2.0,1.75,2.1666666666666665,11,-0.5000000000000004,0.8660254037844384,0,0,0,0,1,0,0,2.0833333333333335,1.5833333333333333,2021-11
faux leather,26.83385138498194,2021-12,2.25,26.338613768478474,24.628416381217257,50.19210843726008,33.71971286231861,1.7101973872612177,0.06944000624276803,2.25,2.75,2.0,2.3333333333333335,12,-2.4492935982947064e-16,1.0,0,0,0,0,1,0,0,1.75,1.375,2021-12
faux leather,0.8999999999999999,2022-01,2.0,26.83385138498194,26.338613768478474,24.628416381217257,25.93362717822589,0.4952376165034664,0.01880272139060546,2.0,2.25,2.75,2.3333333333333335,1,0.49999999999999994,0.8660254037844387,0,0,0,0,1,0,0,1.4166666666666667,1.2083333333333333,2022-01
faux leather,0.3,2022-02,2.0,0.8999999999999999,26.83385138498194,26.338613768478474,18.024155051153475,-25.933851384981942,-0.9664602748562697,2.0,2.0,2.25,2.0833333333333335,2,0.8660254037844386,0.5000000000000001,0,0,0,0,1,0,0,1.0833333333333333,1.0416666666666667,2022-02
faux leather,0.8999999999999999,2022-03,1.25,0.3,0.8999999999999999,26.83385138498194,9.344617128327316,-0.5999999999999999,-0.6666666666666666,1.25,2.0,2.0,1.75,3,1.0,6.123233995736766e-17,0,0,0,0,1,0,0,1.0,1.0833333333333333,2022-03
faux leather,2.445098040014257,2022-04,1.0,0.8999999999999999,0.3,0.8999999999999999,0.7000000000000023,0.5999999999999999,2.0,1.0,1.25,2.0,1.4166666666666667,4,0.8660254037844387,-0.4999999999999998,0,0,0,0,1,0,0,1.0,1.25,2022-04
faux leather,1.7999999999999998,2022-05,1.0,2.445098040014257,0.8999999999999999,0.3,1.2150326800047548,1.545098040014257,1.7167756000158412,1.0,1.0,1.25,1.0833333333333333,5,0.49999999999999994,-0.8660254037844387,0,0,0,0,1,0,0,1.0,1.4166666666666667,2022-05
faux leather,1.5,2022-06,1.0,1.7999999999999998,2.445098040014257,0.8999999999999999,1.7150326800047548,-0.6450980400142572,-0.2638331999196628,1.0,1.0,1.0,1.0,6,1.2246467991473532e-16,-1.0,0,0,0,0,1,0,0,1.1666666666666667,1.5833333333333333,2022-06
faux leather,4.982785370316451,2022-07,1.0,1.5,1.7999999999999998,2.445098040014257,1.9150326800047548,-0.2999999999999998,-0.16666666666666663,1.0,1.0,1.0,1.0,7,-0.4999999999999997,-0.8660254037844388,0,0,0,0,1,0,0,1.5,1.75,2022-07
faux leather,0.3,2022-08,1.0,4.982785370316451,1.5,1.7999999999999998,2.760928456772153,3.482785370316451,2.3218569135443006,1.0,1.0,1.0,1.0,8,-0.8660254037844385,-0.5000000000000004,0,0,0,0,1,0,0,1.8333333333333333,1.75,2022-08
faux leather,44.23402499894289,2022-09,1.5,0.3,4.982785370316451,1.5,2.260928456772153,-4.682785370316451,-0.9397927107623045,1.5,1.0,1.0,1.1666666666666667,9,-1.0,-1.8369701987210297e-16,0,0,0,0,1,0,0,2.0,1.6666666666666667,2022-09
faux leather,32.93219855209802,2022-10,2.0,44.23402499894289,0.3,4.982785370316451,16.505603456419784,43.934024998942895,146.4467499964763,2.0,1.5,1.0,1.5,10,-0.8660254037844386,0.5000000000000001,0,0,0,0,1,0,0,2.0,1.5,2022-10
faux leather,18.738274767699966,2022-11,2.0,32.93219855209802,44.23402499894289,0.3,25.822074517013643,-11.30182644684487,-0.25550074737975936,2.0,2.0,1.5,1.8333333333333333,11,-0.5000000000000004,0.8660254037844384,0,0,0,0,1,0,0,1.6666666666666667,1.3333333333333333,2022-11
faux leather,24.795639274461507,2022-12,2.0,18.738274767699966,32.93219855209802,44.23402499894289,31.968166106246965,-14.193923784398056,-0.43100443968062374,2.0,2.0,2.0,2.0,12,-2.4492935982947064e-16,1.0,0,0,0,0,1,0,0,1.3333333333333333,1.1666666666666667,2022-12
faux leather,2.445098040014257,2023-01,2.0,24.795639274461507,18.738274767699966,32.93219855209802,25.4887041980865,6.057364506761541,0.3232615906136087,2.0,2.0,2.0,2.0,1,0.49999999999999994,0.8660254037844387,0,0,0,0,1,0,0,1.0,1.0,2023-01
faux leather,0.6,2023-02,1.0,2.445098040014257,24.795639274461507,18.738274767699966,15.326337360725246,-22.35054123444725,-0.9013899979367498,1.0,2.0,2.0,1.6666666666666667,2,0.8660254037844386,0.5000000000000001,0,0,0,0,1,0,0,1.0,1.0,2023-02
faux leather,3.7993405494535817,2023-03,1.0,0.6,2.445098040014257,24.795639274461507,9.280245771491924,-1.845098040014257,-0.7546110666398875,1.0,1.0,2.0,1.3333333333333333,3,1.0,6.123233995736766e-17,0,0,0,0,1,0,0,1.0,1.0416666666666667,2023-03
faux leather,10.291358602487405,2023-04,1.0,3.7993405494535817,0.6,2.445098040014257,2.281479529822615,3.1993405494535816,5.332234249089303,1.0,1.0,1.0,1.0,4,0.8660254037844387,-0.4999999999999998,0,0,0,0,1,0,0,1.0,1.2083333333333333,2023-04
faux leather,25.221026975177047,2023-05,1.0,10.291358602487405,3.7993405494535817,0.6,4.896899717313665,6.4920180530338225,1.708722334450251,1.0,1.0,1.0,1.0,5,0.49999999999999994,-0.8660254037844387,0,0,0,0,1,0,0,1.0,1.375,2023-05
faux leather,4.803089986991944,2023-06,1.0,25.221026975177047,10.291358602487405,3.7993405494535817,13.103908709039347,14.929668372689642,1.4506994605242078,1.0,1.0,1.0,1.0,6,1.2246467991473532e-16,-1.0,0,0,0,0,1,0,0,1.0833333333333333,1.5416666666666667,2023-06
faux leather,6.802059991327963,2023-07,1.0,4.803089986991944,25.221026975177047,10.291358602487405,13.438491854885468,-20.417936988185104,-0.8095600947685745,1.0,1.0,1.0,1.0,7,-0.4999999999999997,-0.8660254037844388,0,0,0,0,1,0,0,1.4166666666666667,1.5416666666666667,2023-07
faux leather,7.803089986991944,2023-08,1.0,6.802059991327963,4.803089986991944,25.221026975177047,12.27539231783232,1.9989700043360186,0.4161841668071524,1.0,1.0,1.0,1.0,8,-0.8660254037844385,-0.5000000000000004,0,0,0,0,1,0,0,1.75,1.5416666666666667,2023-08
faux leather,62.2836363506648,2023-09,1.25,7.803089986991944,6.802059991327963,4.803089986991944,6.469413321770619,1.0010299956639814,0.14716571111401655,1.25,1.0,1.0,1.0833333333333333,9,-1.0,-1.8369701987210297e-16,0,0,0,0,1,0,0,2.0,1.5,2023-09
faux leather,39.84454840089395,2023-10,2.0,62.2836363506648,7.803089986991944,6.802059991327963,25.6295954429949,54.48054636367286,6.981919528609058,2.0,1.25,1.0,1.4166666666666667,10,-0.8660254037844386,0.5000000000000001,0,0,0,0,1,0,0,1.6666666666666667,1.3333333333333333,2023-10
faux leather,49.28995391793828,2023-11,2.0,39.84454840089395,62.2836363506648,7.803089986991944,36.643758246183566,-22.43908794977085,-0.360272605527332,2.0,2.0,1.25,1.75,11,-0.5000000000000004,0.8660254037844384,0,0,0,0,1,0,0,1.3333333333333333,1.1666666666666667,2023-11
faux leather,45.56638040790892,2023-12,2.0,49.28995391793828,39.84454840089395,62.2836363506648,50.472712889832344,9.445405517044328,0.23705640786814408,2.0,2.0,2.0,2.0,12,-2.4492935982947064e-16,1.0,0,0,0,0,1,0,0,1.0,1.0,2023-12
faux leather,1.5,2024-01,1.0,45.56638040790892,49.28995391793828,39.84454840089395,44.90029424224705,-3.723573510029354,-0.07554426843710682,1.0,2.0,2.0,1.6666666666666667,1,0.49999999999999994,0.8660254037844387,0,0,0,0,1,0,0,1.0,1.0,2024-01
faux leather,5.456302500767288,2024-03,1.0,1.5,45.56638040790892,49.28995391793828,32.118778108615736,-44.06638040790892,-0.9670809929037145,1.0,1.0,2.0,1.3333333333333333,3,1.0,6.123233995736766e-17,0,0,0,0,1,0,0,1.0,1.0,2024-03
faux leather,2.201029995663981,2024-04,1.0,5.456302500767288,1.5,45.56638040790892,17.50756096955874,3.956302500767288,2.6375350005115252,1.0,1.0,1.0,1.0,4,0.8660254037844387,-0.4999999999999998,0,0,0,0,1,0,0,1.0,1.0416666666666667,2024-04
faux leather,0.8999999999999999,2024-05,1.0,2.201029995663981,5.456302500767288,1.5,3.0524441654770924,-3.255272505103307,-0.5966077769048796,1.0,1.0,1.0,1.0,5,0.49999999999999994,-0.8660254037844387,0,0,0,0,1,0,0,1.0,1.1666666666666667,2024-05
faux leather,0.6,2024-06,1.0,0.8999999999999999,2.201029995663981,5.456302500767288,2.852444165477092,-1.3010299956639813,-0.5911005294007825,1.0,1.0,1.0,1.0,6,1.2246467991473532e-16,-1.0,0,0,0,0,1,0,0,1.0,1.3,2024-06
faux leather,0.6,2024-07,1.0,0.6,0.8999999999999999,2.201029995663981,1.2336766652213293,-0.29999999999999993,-0.33333333333333326,1.0,1.0,1.0,1.0,7,-0.4999999999999997,-0.8660254037844388,0,0,0,0,1,0,0,1.0833333333333333,1.3,2024-07
faux leather,0.6,2024-08,1.0,0.6,0.6,0.8999999999999999,0.7000000000000023,0.0,0.0,1.0,1.0,1.0,1.0,8,-0.8660254037844385,-0.5000000000000004,0,0,0,0,1,0,0,1.3333333333333333,1.3,2024-08
faux leather,35.315745294240244,2024-09,1.0,0.6,0.6,0.6,0.6,0.0,0.0,1.0,1.0,1.0,1.0,9,-1.0,-1.8369701987210297e-16,0,0,0,0,1,0,0,1.5999999999999999,1.3,2024-09
faux leather,49.72326486416844,2024-10,1.25,35.315745294240244,0.6,0.6,12.171915098080085,34.71574529424024,57.85957549040041,1.25,1.0,1.0,1.0833333333333333,10,-0.8660254037844386,0.5000000000000001,0,0,0,0,1,0,0,1.5166666666666666,1.2583333333333333,2024-10
faux leather,23.38440681635681,2024-11,1.75,49.72326486416844,35.315745294240244,0.6,28.546336719469565,14.407519569928198,0.4079630615151697,1.75,1.25,1.0,1.3333333333333333,11,-0.5000000000000004,0.8660254037844384,0,0,0,0,1,0,0,1.2666666666666666,1.1333333333333333,2024-11
faux leather,42.79563275306462,2024-12,1.8,23.38440681635681,49.72326486416844,35.315745294240244,36.141138991588505,-26.33885804781163,-0.5297089424791961,1.8,1.75,1.25,1.5999999999999999,12,-2.4492935982947064e-16,1.0,0,0,0,0,1,0,0,1.0,1.0,2024-12
faux leather,13.202059991327962,2025-01,1.0,42.79563275306462,23.38440681635681,49.72326486416844,38.634434811196634,19.41122593670781,0.8300927232898694,1.0,1.8,1.75,1.5166666666666666,1,0.49999999999999994,0.8660254037844387,0,0,0,0,1,0,0,1.0,1.0,2025-01
faux leather,1.0,2025-02,1.0,13.202059991327962,42.79563275306462,23.38440681635681,26.460699853583133,-29.59357276173666,-0.6915091764735608,1.0,1.0,1.8,1.2666666666666666,2,0.8660254037844386,0.5000000000000001,0,0,0,0,1,0,0,1.0,1.0999999999999999,2025-02
faux leather,17.616994298720858,2025-03,1.0,1.0,13.202059991327962,42.79563275306462,18.999230914797533,-12.202059991327962,-0.9242542451210742,1.0,1.0,1.0,1.0,3,1.0,6.123233995736766e-17,0,0,0,0,1,0,0,1.0,1.2666666666666666,2025-03
faux leather,4.5,2025-04,1.0,17.616994298720858,1.0,13.202059991327962,10.606351430016277,16.616994298720858,16.616994298720858,1.0,1.0,1.0,1.0,4,0.8660254037844387,-0.4999999999999998,0,0,0,0,1,0,0,1.0,1.4333333333333333,2025-04
faux leather,12.120844966846423,2025-05,1.0,4.5,17.616994298720858,1.0,7.7056647662402895,-13.116994298720858,-0.7445648262299354,1.0,1.0,1.0,1.0,5,0.49999999999999994,-0.8660254037844387,0,0,0,0,1,0,0,1.2,1.5999999999999999,2025-05
faux leather,7.337027879755775,2025-06,1.0,12.120844966846423,4.5,17.616994298720858,11.412613088522429,7.620844966846423,1.6935211037436497,1.0,1.0,1.0,1.0,6,1.2246467991473532e-16,-1.0,0,0,0,0,1,0,0,1.5333333333333332,1.7666666666666666,2025-06
faux leather,17.934678752178684,2025-07,1.0,7.337027879755775,12.120844966846423,4.5,7.985957615534072,-4.7838170870906485,-0.3946768645400216,1.0,1.0,1.0,1.0,7,-0.4999999999999997,-0.8660254037844388,0,0,0,0,1,0,0,1.8666666666666665,1.7666666666666666,2025-07
faux leather,3.3802112417116064,2025-08,1.6,17.934678752178684,7.337027879755775,12.120844966846423,12.4641838662603,10.597650872422909,1.4444065152953556,1.6,1.0,1.0,1.2,8,-0.8660254037844385,-0.5000000000000004,0,0,0,0,1,0,0,2.0,1.9940476190476193,2025-08
faux leather,65.13759128258296,2025-09,2.0,3.3802112417116064,17.934678752178684,7.337027879755775,9.55063929121536,-14.554467510467077,-0.8115265242037869,2.0,1.6,1.0,1.5333333333333332,9,-1.0,-1.8369701987210297e-16,0,0,0,0,1,0,0,2.0,2.053187403993856,2025-09
faux leather,72.66264840368237,2025-10,2.0,65.13759128258296,3.3802112417116064,17.934678752178684,28.817493758824423,61.757380040871354,18.270272366054805,2.0,2.0,1.6,1.8666666666666665,10,-0.8660254037844386,0.5000000000000001,0,0,0,0,1,0,0,1.6666666666666667,2.0638248847926266,2025-10
faux leather,63.85595662171709,2025-11,2.0,72.66264840368237,65.13759128258296,3.3802112417116064,47.06015030932565,7.525057121099408,0.11552556631168409,2.0,2.0,2.0,2.0,11,-0.5000000000000004,0.8660254037844384,0,0,0,0,1,0,0,1.9880952380952381,2.0797811059907834,2025-11
faux leather,99.4000928947413,2025-12,2.0,63.85595662171709,72.66264840368237,65.13759128258296,67.21873210266081,-8.806691781965277,-0.12119970817797743,2.0,2.0,2.0,2.0,12,-2.4492935982947064e-16,1.0,0,0,0,0,1,0,0,2.106374807987711,2.106374807987711,2025-12
floral,6.124178055474676,2020-04,12.5,4.6020599913279625,1.845098040014257,2.0,2.81571934378074,2.7569619513137056,1.4942089208941995,12.5,11.2,15.0,12.9,4,0.8660254037844387,-0.4999999999999998,0,0,0,0,0,1,0,14.983333333333334,14.133333333333335,2020-04
floral,6.885460729508501,2020-05,15.2,6.124178055474676,4.6020599913279625,1.845098040014257,4.190445362272299,1.5221180641467136,0.33074711477359386,15.2,12.5,11.2,12.966666666666667,5,0.49999999999999994,-0.8660254037844387,0,0,0,0,0,1,0,14.783333333333333,13.533333333333331,2020-05
floral,3.3483048630481607,2020-06,14.75,6.885460729508501,6.124178055474676,4.6020599913279625,5.87056625877038,0.7612826740338248,0.12430773030076758,14.75,15.2,12.5,14.15,6,1.2246467991473532e-16,-1.0,0,0,0,0,0,1,0,14.283333333333333,13.116666666666667,2020-06
floral,9.451393397701688,2020-07,15.0,3.3483048630481607,6.885460729508501,6.124178055474676,5.4526478826771125,-3.53715586646034,-0.5137137521243011,15.0,14.75,15.2,14.983333333333334,7,-0.4999999999999997,-0.8660254037844388,0,0,0,0,0,1,0,13.283333333333333,12.716666666666667,2020-07
floral,7.420559030405672,2020-08,14.6,9.451393397701688,3.3483048630481607,6.885460729508501,6.56171966341945,6.103088534653527,1.8227397994749865,14.6,15.0,14.75,14.783333333333333,8,-0.8660254037844385,-0.5000000000000004,0,0,0,0,0,1,0,12.283333333333333,12.616666666666667,2020-08
floral,8.105920250437185,2020-09,13.25,7.420559030405672,9.451393397701688,3.3483048630481607,6.740085763718507,-2.0308343672960163,-0.21487142496786327,13.25,14.6,15.0,14.283333333333333,9,-1.0,-1.8369701987210297e-16,0,0,0,0,0,1,0,11.950000000000001,12.908333333333333,2020-09
floral,1.0,2020-10,12.0,8.105920250437185,7.420559030405672,9.451393397701688,8.325957559514848,0.6853612200315133,0.09235978276343504,12.0,13.25,14.6,13.283333333333333,10,-0.8660254037844386,0.5000000000000001,0,0,0,0,0,1,0,12.15,13.533333333333333,2020-10
floral,7.0915966208100585,2020-11,11.6,1.0,8.105920250437185,7.420559030405672,5.508826426947619,-7.105920250437185,-0.876633377938049,11.6,12.0,13.25,12.283333333333331,11,-0.5000000000000004,0.8660254037844384,0,0,0,0,0,1,0,12.950000000000001,14.233333333333333,2020-11
floral,10.401400540781545,2020-12,12.25,7.0915966208100585,1.0,8.105920250437185,5.399172290415748,6.0915966208100585,6.0915966208100585,12.25,11.6,12.0,11.949999999999998,12,-2.4492935982947064e-16,1.0,0,0,0,0,0,1,0,13.866666666666667,14.65,2020-12
floral,4.6020599913279625,2021-01,12.6,10.401400540781545,7.0915966208100585,1.0,6.164332387197201,3.309803919971486,0.4667219664269926,12.6,12.25,11.6,12.149999999999999,1,0.49999999999999994,0.8660254037844387,0,0,0,0,0,1,0,14.916666666666666,15.091666666666667,2021-01
floral,5.6344537511509305,2021-02,14.0,4.6020599913279625,10.401400540781545,7.0915966208100585,7.3650190509731885,-5.799340549453582,-0.5575538146729064,14.0,12.6,12.25,12.950000000000001,2,0.8660254037844386,0.5000000000000001,0,0,0,0,0,1,0,15.516666666666666,15.191666666666665,2021-02
floral,5.902059991327962,2021-03,15.0,5.6344537511509305,4.6020599913279625,10.401400540781545,6.879304761086812,1.032393759822968,0.2243329643178038,15.0,14.0,12.6,13.866666666666667,3,1.0,6.123233995736766e-17,0,0,0,0,0,1,0,15.433333333333332,14.983333333333333,2021-03
floral,6.237543738142874,2021-04,15.75,5.902059991327962,5.6344537511509305,4.6020599913279625,5.3795245779356184,0.26760624017703183,0.04749462006363414,15.75,15.0,14.0,14.916666666666666,4,0.8660254037844387,-0.4999999999999998,0,0,0,0,0,1,0,15.266666666666666,14.458333333333334,2021-04
floral,3.0149733479708183,2021-05,15.8,6.237543738142874,5.902059991327962,5.6344537511509305,5.924685826873922,0.3354837468149121,0.05684180562512853,15.8,15.75,15.0,15.516666666666666,5,0.49999999999999994,-0.8660254037844387,0,0,0,0,0,1,0,14.866666666666667,14.033333333333333,2021-05
floral,15.55818120171048,2021-06,14.75,3.0149733479708183,6.237543738142874,5.902059991327962,5.051525692480552,-3.222570390172056,-0.5166409287787253,14.75,15.8,15.75,15.433333333333332,6,1.2246467991473532e-16,-1.0,0,0,0,0,0,1,0,14.533333333333333,13.616666666666667,2021-06
floral,7.713634997198556,2021-07,15.25,15.55818120171048,3.0149733479708183,6.237543738142874,8.270232762608059,12.543207853739663,4.16030472116169,15.25,14.75,15.8,15.266666666666666,7,-0.4999999999999997,-0.8660254037844388,0,0,0,0,0,1,0,13.65,13.783333333333333,2021-07
floral,9.903089986991944,2021-08,14.6,7.713634997198556,15.55818120171048,3.0149733479708183,8.762263182293283,-7.844546204511925,-0.5042071501037337,14.6,15.25,14.75,14.866666666666667,8,-0.8660254037844385,-0.5000000000000004,0,0,0,0,0,1,0,13.200000000000001,14.183333333333332,2021-08
floral,11.959392487759231,2021-09,13.75,9.903089986991944,7.713634997198556,15.55818120171048,11.058302061966993,2.189454989793388,0.28384218213443546,13.75,14.6,15.25,14.533333333333333,9,-1.0,-1.8369701987210297e-16,0,0,0,0,0,1,0,12.700000000000001,14.658333333333331,2021-09
floral,12.081241237375588,2021-10,12.6,11.959392487759231,9.903089986991944,7.713634997198556,9.858705823983243,2.0563025007672877,0.20764251394951616,12.6,13.75,14.6,13.65,10,-0.8660254037844386,0.5000000000000001,0,0,0,0,0,1,0,13.916666666666666,14.924999999999999,2021-10
floral,6.478151250383643,2021-11,13.25,12.081241237375588,11.959392487759231,9.903089986991944,11.31457457070892,0.1218487496163565,0.01018854007350889,13.25,12.6,13.75,13.200000000000001,11,-0.5000000000000004,0.8660254037844384,0,0,0,0,0,1,0,15.166666666666666,15.049999999999999,2021-11
floral,6.722619021733635,2021-12,12.25,6.478151250383643,12.081241237375588,11.959392487759231,10.17292832517282,-5.603089986991945,-0.4637842980618361,12.25,13.25,12.6,12.700000000000001,12,-2.4492935982947064e-16,1.0,0,0,0,0,0,1,0,16.616666666666667,15.216666666666667,2021-12
floral,8.588050188190646,2022-03,16.25,6.722619021733635,6.478151250383643,12.081241237375588,8.427337169830956,0.2444677713499921,0.037737274401475895,16.25,12.25,13.25,13.916666666666666,3,1.0,6.123233995736766e-17,0,0,0,0,0,1,0,15.933333333333332,14.475,2022-03
floral,11.070588240085542,2022-04,17.0,8.588050188190646,6.722619021733635,6.478151250383643,7.2629401534359745,1.865431166457011,0.2774857775557764,17.0,16.25,12.25,15.166666666666666,4,0.8660254037844387,-0.4999999999999998,0,0,0,0,0,1,0,14.933333333333332,13.641666666666666,2022-04
floral,4.594025094095323,2022-05,16.6,11.070588240085542,8.588050188190646,6.722619021733635,8.793752483336608,2.4825380518948954,0.289068880304008,16.6,17.0,16.25,16.616666666666667,5,0.49999999999999994,-0.8660254037844387,0,0,0,0,0,1,0,13.816666666666668,12.833333333333334,2022-05
floral,8.335417779253548,2022-07,14.2,4.594025094095323,11.070588240085542,8.588050188190646,8.084221174123837,-6.476563145990219,-0.5850243009255103,14.2,16.6,17.0,15.933333333333332,7,-0.4999999999999997,-0.8660254037844388,0,0,0,0,0,1,0,13.016666666666666,12.799999999999999,2022-07
floral,2.5563025007672877,2022-08,14.0,8.335417779253548,4.594025094095323,11.070588240085542,8.000010371144805,3.7413926851582255,0.8144040593002024,14.0,14.2,16.6,14.933333333333332,8,-0.8660254037844385,-0.5000000000000004,0,0,0,0,0,1,0,12.35,12.966666666666667,2022-08
floral,26.320353694251487,2022-09,13.25,2.5563025007672877,8.335417779253548,4.594025094095323,5.161915124705387,-5.779115278486261,-0.6933204107501605,13.25,14.0,14.2,13.816666666666668,9,-1.0,-1.8369701987210297e-16,0,0,0,0,0,1,0,11.85,13.424999999999999,2022-09
floral,24.78509890932278,2022-10,11.8,26.320353694251487,2.5563025007672877,8.335417779253548,12.404024658090776,23.7640511934842,9.296259416227654,11.8,13.25,14.0,13.016666666666666,10,-0.8660254037844386,0.5000000000000001,0,0,0,0,0,1,0,12.583333333333334,14.125,2022-10
floral,18.8109859437103,2022-11,12.0,24.78509890932278,26.320353694251487,2.5563025007672877,17.887251701447184,-1.535254784928707,-0.05832956512525955,12.0,11.8,13.25,12.35,11,-0.5000000000000004,0.8660254037844384,0,0,0,0,0,1,0,13.583333333333334,14.541666666666666,2022-11
floral,17.961730965148146,2022-12,11.75,18.8109859437103,24.78509890932278,26.320353694251487,23.305479515761522,-5.9741129656124805,-0.2410364787112207,11.75,12.0,11.8,11.85,12,-2.4492935982947064e-16,1.0,0,0,0,0,0,1,0,15.0,14.950000000000001,2022-12
floral,1.0,2023-02,14.0,17.961730965148146,18.8109859437103,24.78509890932278,20.519271939393743,-0.8492549785621542,-0.045146755257988724,14.0,11.75,12.0,12.583333333333334,2,0.8660254037844386,0.5000000000000001,0,0,0,0,0,1,0,15.666666666666666,14.950000000000001,2023-02
floral,1.6020599913279625,2023-03,15.0,1.0,17.961730965148146,18.8109859437103,12.590905636286147,-16.961730965148146,-0.9443260784865145,15.0,14.0,11.75,13.583333333333334,3,1.0,6.123233995736766e-17,0,0,0,0,0,1,0,15.5,14.658333333333333,2023-03
floral,4.977723605288848,2023-04,16.0,1.6020599913279625,1.0,17.961730965148146,6.854596985492036,0.6020599913279625,0.6020599913279625,16.0,15.0,14.0,15.0,4,0.8660254037844387,-0.4999999999999998,0,0,0,0,0,1,0,14.9,14.025,2023-04
floral,6.644438589467839,2023-05,16.0,4.977723605288848,1.6020599913279625,1.0,2.5265945322056034,3.375663613960885,2.1070769086261034,16.0,16.0,15.0,15.666666666666666,5,0.49999999999999994,-0.8660254037844387,0,0,0,0,0,1,0,14.233333333333334,13.391666666666667,2023-05
floral,11.773603622632924,2023-06,14.5,6.644438589467839,4.977723605288848,1.6020599913279625,4.408074062028216,1.6667149841789914,0.3348347791765902,14.5,16.0,16.0,15.5,6,1.2246467991473532e-16,-1.0,0,0,0,0,0,1,0,13.816666666666668,12.891666666666667,2023-06
floral,4.795880017344075,2023-07,14.2,11.773603622632924,6.644438589467839,4.977723605288848,7.798588605796536,5.129165033165085,0.7719485949189706,14.2,14.5,16.0,14.9,7,-0.4999999999999997,-0.8660254037844388,0,0,0,0,0,1,0,13.15,12.816666666666668,2023-07
floral,3.6989700043360183,2023-08,14.0,4.795880017344075,11.773603622632924,6.644438589467839,7.737974076481613,-6.977723605288849,-0.5926582743005939,14.0,14.2,14.5,14.233333333333334,8,-0.8660254037844385,-0.5000000000000004,0,0,0,0,0,1,0,12.549999999999999,12.983333333333334,2023-08
floral,1.2,2023-09,13.25,3.6989700043360183,4.795880017344075,11.773603622632924,6.756151214771005,-1.0969100130080567,-0.2287192358943787,13.25,14.0,14.2,13.816666666666668,9,-1.0,-1.8369701987210297e-16,0,0,0,0,0,1,0,11.966666666666667,13.316666666666668,2023-09
floral,9.77755601929939,2023-10,12.2,1.2,3.6989700043360183,4.795880017344075,3.2316166738933645,-2.4989700043360186,-0.6755853660361311,12.2,13.25,14.0,13.15,10,-0.8660254037844386,0.5000000000000001,0,0,0,0,0,1,0,12.483333333333334,13.483333333333334,2023-10
floral,4.575496027971426,2023-12,12.2,9.77755601929939,1.2,3.6989700043360183,4.892175341211803,8.57755601929939,7.147963349416159,12.2,12.2,13.25,12.549999999999999,12,-2.4492935982947064e-16,1.0,0,0,0,0,0,1,0,13.416666666666666,13.616666666666667,2023-12
floral,2.0,2024-01,11.5,4.575496027971426,9.77755601929939,1.2,5.184350682423605,-5.202059991327963,-0.5320409293549326,11.5,12.2,12.2,11.966666666666667,1,0.49999999999999994,0.8660254037844387,0,0,0,0,0,1,0,14.666666666666666,13.908333333333333,2024-01
floral,1.0,2024-02,13.75,2.0,4.575496027971426,9.77755601929939,5.451017349090272,-2.5754960279714263,-0.5628889222559958,13.75,11.5,12.2,12.483333333333334,2,0.8660254037844386,0.5000000000000001,0,0,0,0,0,1,0,14.483333333333334,13.616666666666667,2024-02
floral,5.625826713285711,2024-04,15.0,1.0,2.0,4.575496027971426,2.525165342657142,-1.0,-0.5,15.0,13.75,11.5,13.416666666666666,4,0.8660254037844387,-0.4999999999999998,0,0,0,0,0,1,0,13.816666666666668,12.991666666666667,2024-04
floral,29.924602368732813,2024-05,15.25,5.625826713285711,1.0,2.0,2.875275571095237,4.625826713285711,4.625826713285711,15.25,15.0,13.75,14.666666666666666,5,0.49999999999999994,-0.8660254037844387,0,0,0,0,0,1,0,13.15,12.366666666666667,2024-05
floral,2.812913356642856,2024-06,13.2,29.924602368732813,5.625826713285711,1.0,12.183476360672842,24.298775655447102,4.319147548228628,13.2,15.25,15.0,14.483333333333334,6,1.2246467991473532e-16,-1.0,0,0,0,0,0,1,0,12.75,12.1,2024-06
floral,25.516362403420963,2024-07,13.0,2.812913356642856,29.924602368732813,5.625826713285711,12.787780812887128,-27.111689012089958,-0.9059999754722899,13.0,13.2,15.25,13.816666666666668,7,-0.4999999999999997,-0.8660254037844388,0,0,0,0,0,1,0,12.166666666666666,12.641666666666666,2024-07
floral,20.689762591863797,2024-08,13.25,25.516362403420963,2.812913356642856,29.924602368732813,19.417959376265543,22.703449046778108,8.071151211665518,13.25,13.0,13.2,13.15,8,-0.8660254037844385,-0.5000000000000004,0,0,0,0,0,1,0,11.583333333333334,12.866666666666667,2024-08
floral,11.415364127971506,2024-09,12.0,20.689762591863797,25.516362403420963,2.812913356642856,16.33967945064254,-4.826599811557166,-0.18915704892598906,12.0,13.25,13.0,12.75,9,-1.0,-1.8369701987210297e-16,0,0,0,0,0,1,0,11.450000000000001,13.533333333333333,2024-09
floral,23.037613959334237,2024-10,11.25,11.415364127971506,20.689762591863797,25.516362403420963,19.20716304108542,-9.274398463892291,-0.4482602650810227,11.25,12.0,13.25,12.166666666666666,10,-0.8660254037844386,0.5000000000000001,0,0,0,0,0,1,0,13.116666666666667,14.591666666666669,2024-10
floral,2.6,2024-11,11.5,23.037613959334237,11.415364127971506,20.689762591863797,18.38091355972318,11.622249831362732,1.0181234432009298,11.5,11.25,12.0,11.583333333333334,11,-0.5000000000000004,0.8660254037844384,0,0,0,0,0,1,0,14.15,15.425000000000002,2024-11
floral,10.496946778605954,2024-12,11.6,2.6,23.037613959334237,11.415364127971506,12.35099269576858,-20.437613959334236,-0.8871410900195874,11.6,11.5,11.25,11.450000000000001,12,-2.4492935982947064e-16,1.0,0,0,0,0,0,1,0,15.616666666666667,15.950000000000001,2024-12
floral,1.7781512503836436,2025-05,16.25,10.496946778605954,2.6,23.037613959334237,12.044853579313397,7.896946778605955,3.0372872225407512,16.25,11.6,11.5,13.116666666666667,5,0.49999999999999994,-0.8660254037844387,0,0,0,0,0,1,0,16.066666666666666,15.708333333333334,2025-05
floral,3.379181246047625,2025-06,14.6,1.7781512503836436,10.496946778605954,2.6,4.958366009663199,-8.71879552822231,-0.8306030041032759,14.6,16.25,11.6,14.15,6,1.2246467991473532e-16,-1.0,0,0,0,0,0,1,0,16.7,15.524999999999999,2025-06
floral,4.0,2025-07,16.0,3.379181246047625,1.7781512503836436,10.496946778605954,5.218093091679074,1.6010299956639813,0.9003902200774834,16.0,14.6,16.25,15.616666666666667,7,-0.4999999999999997,-0.8660254037844388,0,0,0,0,0,1,0,16.283333333333335,14.347580645161292,2025-07
floral,2.6127838567197355,2025-08,17.6,4.0,3.379181246047625,1.7781512503836436,3.0524441654770897,0.6208187539523751,0.18371869063800594,17.6,16.0,14.6,16.066666666666666,8,-0.8660254037844385,-0.5000000000000004,0,0,0,0,0,1,0,15.35,16.89043778801843,2025-08
floral,10.804462756587736,2025-09,16.5,2.6127838567197355,4.0,3.379181246047625,3.3306550342557864,-1.3872161432802645,-0.34680403582006614,16.5,17.6,16.0,16.7,9,-1.0,-1.8369701987210297e-16,0,0,0,0,0,1,0,14.35,16.586674347158215,2025-09
floral,1.2,2025-10,14.75,10.804462756587736,2.6127838567197355,4.0,5.80574887110249,8.191678899868,3.1352302176852795,14.75,16.5,17.6,16.283333333333335,10,-0.8660254037844386,0.5000000000000001,0,0,0,0,0,1,0,12.411827956989248,16.95400921658986,2025-10
floral,14.0619296355717,2025-11,14.8,1.2,10.804462756587736,2.6127838567197355,4.8724155377691565,-9.604462756587736,-0.8889347830582014,14.8,14.75,16.5,15.35,11,-0.5000000000000004,0.8660254037844384,0,0,0,0,0,1,0,18.430875576036865,17.492511520737327,2025-11
floral,83.27394132930114,2025-12,13.5,14.0619296355717,1.2,10.804462756587736,8.688797464053144,12.8619296355717,10.71827469630975,13.5,14.8,14.75,14.35,12,-2.4492935982947064e-16,1.0,0,0,0,0,0,1,0,18.823348694316437,18.823348694316437,2025-12
gorpcore,7.244537223500327,2021-12,0.0,3.8514180174511568,2.2224719895935547,1.6989700043360187,2.5909533371269102,1.628946027857602,0.7329433331375768,0.0,0.0,0.0,0.0,12,-2.4492935982947064e-16,1.0,0,0,0,1,0,0,0,0.0,0.0,2021-12
gorpcore,3.683947130751512,2023-09,0.0,7.244537223500327,3.8514180174511568,2.2224719895935547,4.439475743515013,3.39311920604917,0.8810051754119159,0.0,0.0,0.0,0.0,9,-1.0,-1.8369701987210297e-16,0,0,0,1,0,0,0,0.0,0.0,2023-09
gorpcore,10.946643320757737,2023-12,0.0,3.683947130751512,7.244537223500327,3.8514180174511568,4.926634123900999,-3.5605900927488148,-0.4914862030384396,0.0,0.0,0.0,0.0,12,-2.4492935982947064e-16,1.0,0,0,0,1,0,0,0,0.0,0.0,2023-12
gorpcore,0.3,2024-04,0.0,10.946643320757737,3.683947130751512,7.244537223500327,7.291709225003192,7.262696190006224,1.9714441961941676,0.0,0.0,0.0,0.0,4,0.8660254037844387,-0.4999999999999998,0,0,0,1,0,0,0,0.0,0.0,2024-04
gorpcore,0.3,2024-06,0.0,0.3,10.946643320757737,3.683947130751512,4.976863483836417,-10.646643320757736,-0.9725943386287995,0.0,0.0,0.0,0.0,6,1.2246467991473532e-16,-1.0,0,0,0,1,0,0,0,0.0,0.0,2024-06
gorpcore,2.4,2024-09,0.0,0.3,0.3,10.946643320757737,3.8488811069192455,0.0,0.0,0.0,0.0,0.0,0.0,9,-1.0,-1.8369701987210297e-16,0,0,0,1,0,0,0,0.0,0.0,2024-09
gorpcore,4.214117648017108,2025-09,0.0,2.4,0.3,0.3,1.0,2.1,7.0,0.0,0.0,0.0,0.0,9,-1.0,-1.8369701987210297e-16,0,0,0,1,0,0,0,0.0,0.0,2025-09
gorpcore,4.097968017564982,2025-11,0.0,4.214117648017108,2.4,0.3,2.3047058826723696,1.8141176480171084,0.7558823533404619,0.0,0.0,0.0,0.0,11,-0.5000000000000004,0.8660254037844384,0,0,0,1,0,0,0,0.0,0.0,2025-11
gorpcore,5.767415968780665,2025-12,0.0,4.097968017564982,4.214117648017108,2.4,3.570695221860697,-0.11614963045212612,-0.027562028437145947,0.0,0.0,0.0,0.0,12,-2.4492935982947064e-16,1.0,0,0,0,1,0,0,0,0.0,0.0,2025-12
gray,6.0100326990657535,2020-07,41.0,8.385332742803936,5.710032699065754,1.0,5.03178848062323,2.675300043738182,0.4685262212554231,41.0,36.0,35.0,37.333333333333336,7,-0.4999999999999997,-0.8660254037844388,0,0,1,0,0,0,0,34.333333333333336,34.166666666666664,2020-07
gray,8.378725479647482,2020-09,36.0,6.0100326990657535,8.385332742803936,5.710032699065754,6.701799380311814,-2.375300043738182,-0.28326843031680526,36.0,41.0,36.0,37.666666666666664,9,-1.0,-1.8369701987210297e-16,0,0,1,0,0,0,0,33.666666666666664,33.5,2020-09
gray,13.45984242890203,2020-10,34.0,8.378725479647482,6.0100326990657535,8.385332742803936,7.591363640505723,2.3686927805817284,0.39412311033681013,34.0,36.0,41.0,37.0,10,-0.8660254037844386,0.5000000000000001,0,0,1,0,0,0,0,33.666666666666664,33.5,2020-10
gray,30.990619695558404,2020-11,33.0,13.45984242890203,8.378725479647482,6.0100326990657535,9.282866869205089,5.0811169492545485,0.6064307705983376,33.0,34.0,36.0,34.333333333333336,11,-0.5000000000000004,0.8660254037844384,0,0,1,0,0,0,0,34.0,33.666666666666664,2020-11
gray,20.98688372457022,2020-12,34.0,30.990619695558404,13.45984242890203,8.378725479647482,17.609729201369305,17.530777266656372,1.3024504082613118,34.0,33.0,34.0,33.666666666666664,12,-2.4492935982947064e-16,1.0,0,0,1,0,0,0,0,33.333333333333336,33.166666666666664,2020-12
gray,5.806179973983888,2021-04,34.0,20.98688372457022,30.990619695558404,13.45984242890203,21.81244861634355,-10.003735970988185,-0.3227988362046832,34.0,34.0,33.0,33.666666666666664,4,0.8660254037844387,-0.4999999999999998,0,0,1,0,0,0,0,33.333333333333336,32.833333333333336,2021-04
gray,1.0,2021-05,34.0,5.806179973983888,20.98688372457022,30.990619695558404,19.261227798037503,-15.180703750586332,-0.7233424433001289,34.0,34.0,34.0,34.0,5,0.49999999999999994,-0.8660254037844387,0,0,1,0,0,0,0,33.333333333333336,32.5,2021-05
gray,3.714973347970818,2021-06,32.0,1.0,5.806179973983888,20.98688372457022,9.264354566184702,-4.806179973983888,-0.8277697204563479,32.0,34.0,34.0,33.333333333333336,6,1.2246467991473532e-16,-1.0,0,0,1,0,0,0,0,33.0,32.333333333333336,2021-06
gray,2.255272505103306,2021-07,34.0,3.714973347970818,1.0,5.806179973983888,3.5070511073182353,2.714973347970818,2.714973347970818,34.0,32.0,34.0,33.333333333333336,7,-0.4999999999999997,-0.8660254037844388,0,0,1,0,0,0,0,32.333333333333336,32.333333333333336,2021-07
gray,3.6149733479708175,2021-08,34.0,2.255272505103306,3.714973347970818,1.0,2.3234152843580413,-1.459700842867512,-0.39292363797571406,34.0,34.0,32.0,33.333333333333336,8,-0.8660254037844385,-0.5000000000000004,0,0,1,0,0,0,0,31.666666666666668,32.166666666666664,2021-08
gray,8.43898048949364,2021-09,31.0,3.6149733479708175,2.255272505103306,3.714973347970818,3.1950730670149805,1.3597008428675115,0.602898691750436,31.0,34.0,34.0,33.0,9,-1.0,-1.8369701987210297e-16,0,0,1,0,0,0,0,31.666666666666668,32.5,2021-09
gray,4.683707984390333,2021-10,32.0,8.43898048949364,3.6149733479708175,2.255272505103306,4.7697421141892535,4.824007141522822,1.3344516479577,32.0,31.0,34.0,32.333333333333336,10,-0.8660254037844386,0.5000000000000001,0,0,1,0,0,0,0,32.333333333333336,36.5,2021-10
gray,12.81414338424971,2021-11,32.0,4.683707984390333,8.43898048949364,3.6149733479708175,5.57922060728493,-3.7552725051033065,-0.44499125336034906,32.0,32.0,31.0,31.666666666666668,11,-0.5000000000000004,0.8660254037844384,0,0,1,0,0,0,0,32.666666666666664,38.0,2021-11
gray,15.018539921951662,2021-12,31.0,12.81414338424971,4.683707984390333,8.43898048949364,8.645610619377894,8.130435399859378,1.7358971624525172,31.0,32.0,32.0,31.666666666666668,12,-2.4492935982947064e-16,1.0,0,0,1,0,0,0,0,33.333333333333336,38.333333333333336,2021-12
gray,1.845098040014257,2022-02,34.0,15.018539921951662,12.81414338424971,4.683707984390333,10.838797096863901,2.2043965377019514,0.17202839640544743,34.0,31.0,32.0,32.333333333333336,2,0.8660254037844386,0.5000000000000001,0,0,1,0,0,0,0,40.666666666666664,38.0,2022-02
gray,5.535294120042771,2022-04,33.0,1.845098040014257,15.018539921951662,12.81414338424971,9.892593782071877,-13.173441881937405,-0.8771453117544807,33.0,34.0,31.0,32.666666666666664,4,0.8660254037844387,-0.4999999999999998,0,0,1,0,0,0,0,43.333333333333336,37.666666666666664,2022-04
gray,0.3,2022-05,33.0,5.535294120042771,1.845098040014257,15.018539921951662,7.466310694002897,3.690196080028514,2.0,33.0,33.0,34.0,33.333333333333336,5,0.49999999999999994,-0.8660254037844387,0,0,1,0,0,0,0,43.333333333333336,37.333333333333336,2022-05
gray,2.0413926851582254,2022-07,56.0,0.3,5.535294120042771,1.845098040014257,2.5601307200190093,-5.235294120042771,-0.9458023379618206,56.0,33.0,33.0,40.666666666666664,7,-0.4999999999999997,-0.8660254037844388,0,0,1,0,0,0,0,35.333333333333336,33.5,2022-07
gray,1.7781512503836436,2022-08,41.0,2.0413926851582254,0.3,5.535294120042771,2.625562268400332,1.7413926851582253,5.804642283860751,41.0,56.0,33.0,43.333333333333336,8,-0.8660254037844385,-0.5000000000000004,0,0,1,0,0,0,0,32.0,31.666666666666668,2022-08
gray,8.09782563240744,2022-09,33.0,1.7781512503836436,2.0413926851582254,0.3,1.3731813118472898,-0.26324143477458173,-0.12895188499912658,33.0,41.0,56.0,43.333333333333336,9,-1.0,-1.8369701987210297e-16,0,0,1,0,0,0,0,31.333333333333332,31.166666666666668,2022-09
gray,3.701029995663981,2022-10,32.0,8.09782563240744,1.7781512503836436,2.0413926851582254,3.97245652264977,6.319674382023797,3.5540702067162737,32.0,33.0,41.0,35.333333333333336,10,-0.8660254037844386,0.5000000000000001,0,0,1,0,0,0,0,31.666666666666668,30.666666666666668,2022-10
gray,2.5,2022-11,31.0,3.701029995663981,8.09782563240744,1.7781512503836436,4.525668959485022,-4.396795636743459,-0.5429600285720545,31.0,32.0,33.0,32.0,11,-0.5000000000000004,0.8660254037844384,0,0,1,0,0,0,0,31.333333333333332,30.666666666666668,2022-11
gray,2.2,2022-12,31.0,2.5,3.701029995663981,8.09782563240744,4.76628520935714,-1.2010299956639812,-0.324512364685256,31.0,31.0,32.0,31.333333333333332,12,-2.4492935982947064e-16,1.0,0,0,1,0,0,0,0,31.0,30.666666666666668,2022-12
gray,0.6,2023-01,33.0,2.2,2.5,3.701029995663981,2.800343331887994,-0.2999999999999998,-0.11999999999999988,33.0,31.0,31.0,31.666666666666668,1,0.49999999999999994,0.8660254037844387,0,0,1,0,0,0,0,29.666666666666668,30.0,2023-01
gray,29.893627398237413,2023-04,30.0,0.6,2.2,2.5,1.7666666666666666,-1.6,-0.7272727272727273,30.0,33.0,31.0,31.333333333333332,4,0.8660254037844387,-0.4999999999999998,0,0,1,0,0,0,0,30.0,29.833333333333332,2023-04
gray,27.2312715050222,2023-05,30.0,29.893627398237413,0.6,2.2,10.89787579941247,29.293627398237412,48.82271233039569,30.0,30.0,33.0,31.0,5,0.49999999999999994,-0.8660254037844387,0,0,1,0,0,0,0,30.333333333333332,30.333333333333332,2023-05
gray,6.40823996531185,2023-06,29.0,27.2312715050222,29.893627398237413,0.6,19.241632967753205,-2.6623558932152136,-0.08906098472921331,29.0,30.0,30.0,29.666666666666668,6,1.2246467991473532e-16,-1.0,0,0,1,0,0,0,0,30.333333333333332,31.166666666666668,2023-06
gray,18.750933681774637,2023-07,31.0,6.40823996531185,27.2312715050222,29.893627398237413,21.177712956190486,-20.82303153971035,-0.7646734944370852,31.0,29.0,30.0,30.0,7,-0.4999999999999997,-0.8660254037844388,0,0,1,0,0,0,0,29.666666666666668,31.666666666666668,2023-07
gray,0.3,2023-08,31.0,18.750933681774637,6.40823996531185,27.2312715050222,17.46348171736956,12.342693716462787,1.9260660935411993,31.0,31.0,29.0,30.333333333333332,8,-0.8660254037844385,-0.5000000000000004,0,0,1,0,0,0,0,30.333333333333332,32.0,2023-08
gray,5.370805425989316,2023-09,29.0,0.3,18.750933681774637,6.40823996531185,8.486391215695496,-18.450933681774636,-0.9840007967021082,29.0,31.0,31.0,30.333333333333332,9,-1.0,-1.8369701987210297e-16,0,0,1,0,0,0,0,32.0,32.666666666666664,2023-09
gray,5.699999999999999,2023-10,29.0,5.370805425989316,0.3,18.750933681774637,8.140579702587983,5.070805425989316,16.90268475329772,29.0,29.0,31.0,29.666666666666668,10,-0.8660254037844386,0.5000000000000001,0,0,1,0,0,0,0,33.666666666666664,34.833333333333336,2023-10
gray,4.756636108245848,2023-11,33.0,5.699999999999999,5.370805425989316,0.3,3.7902684753297713,0.32919457401068364,0.061293334593301774,33.0,29.0,29.0,30.333333333333332,11,-0.5000000000000004,0.8660254037844384,0,0,1,0,0,0,0,33.666666666666664,35.0,2023-11
gray,11.934700040333183,2023-12,34.0,4.756636108245848,5.699999999999999,5.370805425989316,5.275813844745055,-0.9433638917541511,-0.16550243714985113,34.0,33.0,29.0,32.0,12,-2.4492935982947064e-16,1.0,0,0,1,0,0,0,0,33.333333333333336,35.5,2023-12
gray,0.6,2024-04,34.0,11.934700040333183,4.756636108245848,5.699999999999999,7.463778716193011,7.178063932087335,1.5090630791882167,34.0,34.0,33.0,33.666666666666664,4,0.8660254037844387,-0.4999999999999998,0,0,1,0,0,0,0,36.0,35.833333333333336,2024-04
gray,6.0,2024-06,33.0,0.6,11.934700040333183,4.756636108245848,5.763778716193012,-11.334700040333184,-0.9497264281488176,33.0,34.0,34.0,33.666666666666664,6,1.2246467991473532e-16,-1.0,0,0,1,0,0,0,0,36.333333333333336,36.0,2024-06
gray,1.7781512503836436,2024-07,33.0,6.0,0.6,11.934700040333183,6.178233346777728,5.4,9.0,33.0,33.0,34.0,33.333333333333336,7,-0.4999999999999997,-0.8660254037844388,0,0,1,0,0,0,0,37.666666666666664,36.166666666666664,2024-07
gray,18.560165724268952,2024-09,42.0,1.7781512503836436,6.0,0.6,2.7927170834612145,-4.221848749616356,-0.7036414582693927,42.0,33.0,33.0,36.0,9,-1.0,-1.8369701987210297e-16,0,0,1,0,0,0,0,35.666666666666664,36.0,2024-09
gray,1.2,2024-10,34.0,18.560165724268952,1.7781512503836436,6.0,8.779438991550865,16.782014473885308,9.437900443094769,34.0,42.0,33.0,36.333333333333336,10,-0.8660254037844386,0.5000000000000001,0,0,1,0,0,0,0,35.666666666666664,37.0,2024-10
gray,2.0,2025-01,37.0,1.2,18.560165724268952,1.7781512503836436,7.179438991550865,-17.360165724268953,-0.9353454048941545,37.0,34.0,42.0,37.666666666666664,1,0.49999999999999994,0.8660254037844387,0,0,1,0,0,0,0,34.666666666666664,37.166666666666664,2025-01
gray,1.0,2025-05,36.0,2.0,1.2,18.560165724268952,7.253388574756317,0.8,0.6666666666666667,36.0,37.0,34.0,35.666666666666664,5,0.49999999999999994,-0.8660254037844387,0,0,1,0,0,0,0,36.333333333333336,38.166666666666664,2025-05
gray,11.07941717288725,2025-06,34.0,1.0,2.0,1.2,1.4000000000000001,-1.0,-0.5,34.0,36.0,37.0,35.666666666666664,6,1.2246467991473532e-16,-1.0,0,0,1,0,0,0,0,38.333333333333336,38.5,2025-06
gray,2.2,2025-07,34.0,11.07941717288725,1.0,2.0,4.693139057629083,10.07941717288725,10.07941717288725,34.0,34.0,36.0,34.666666666666664,7,-0.4999999999999997,-0.8660254037844388,0,0,1,0,0,0,0,39.666666666666664,38.833333333333336,2025-07
gray,20.940425264884134,2025-08,41.0,2.2,11.07941717288725,1.0,4.75980572429575,-8.879417172887251,-0.8014335983860522,41.0,34.0,34.0,36.333333333333336,8,-0.8660254037844385,-0.5000000000000004,0,0,1,0,0,0,0,40.0,38.4,2025-08
gray,15.843826195360094,2025-09,40.0,20.940425264884134,2.2,11.07941717288725,11.406614145923795,18.740425264884134,8.518375120401878,40.0,41.0,34.0,38.333333333333336,9,-1.0,-1.8369701987210297e-16,0,0,1,0,0,0,0,38.666666666666664,38.0,2025-09
gray,2.4913616938342726,2025-10,38.0,15.843826195360094,20.940425264884134,2.2,12.994750486748075,-5.096599069524039,-0.24338565263384304,38.0,40.0,41.0,39.666666666666664,10,-0.8660254037844386,0.5000000000000001,0,0,1,0,0,0,0,38.0,38.0,2025-10
green,2.778151250383644,2020-04,67.0,1.6020599913279625,6.069377326076139,4.079181246047625,3.916872854483909,-4.467317334748176,-0.736042116800852,67.0,63.0,67.0,65.66666666666667,4,0.8660254037844387,-0.4999999999999998,0,0,1,0,0,0,0,73.33333333333333,73.16666666666667,2020-04
green,5.107209969647869,2020-05,74.0,2.778151250383644,1.6020599913279625,6.069377326076139,3.483196189262582,1.1760912590556813,0.7341118718536928,74.0,67.0,63.0,68.0,5,0.49999999999999994,-0.8660254037844387,0,0,1,0,0,0,0,73.0,72.5,2020-05
green,5.379181246047625,2020-06,71.0,5.107209969647869,2.778151250383644,1.6020599913279625,3.162473737119825,2.329058719264225,0.8383484228738798,71.0,74.0,67.0,70.66666666666667,6,1.2246467991473532e-16,-1.0,0,0,1,0,0,0,0,74.33333333333333,72.5,2020-06
green,0.3,2020-07,75.0,5.379181246047625,5.107209969647869,2.778151250383644,4.421514155359713,0.27197127639975616,0.05325241727206831,75.0,71.0,74.0,73.33333333333333,7,-0.4999999999999997,-0.8660254037844388,0,0,1,0,0,0,0,73.0,71.33333333333333,2020-07
green,10.70587425983928,2020-08,73.0,0.3,5.379181246047625,5.107209969647869,3.5954637385651647,-5.079181246047625,-0.9442294307855074,73.0,75.0,71.0,73.0,8,-0.8660254037844385,-0.5000000000000004,0,0,1,0,0,0,0,72.0,70.0,2020-08
green,2.283707984390332,2020-09,75.0,10.70587425983928,0.3,5.379181246047625,5.461685168628968,10.40587425983928,34.6862475327976,75.0,73.0,75.0,74.33333333333333,9,-1.0,-1.8369701987210297e-16,0,0,1,0,0,0,0,70.66666666666667,69.16666666666667,2020-09
green,2.079181246047625,2020-10,71.0,2.283707984390332,10.70587425983928,0.3,4.429860748076537,-8.422166275448948,-0.786686455588484,71.0,75.0,73.0,73.0,10,-0.8660254037844386,0.5000000000000001,0,0,1,0,0,0,0,69.66666666666667,69.0,2020-10
green,3.255272505103306,2020-11,70.0,2.079181246047625,2.283707984390332,10.70587425983928,5.022921163425746,-0.20452673834270696,-0.0895590591006793,70.0,71.0,75.0,72.0,11,-0.5000000000000004,0.8660254037844384,0,0,1,0,0,0,0,68.0,69.83333333333333,2020-11
green,10.85611222937092,2020-12,71.0,3.255272505103306,2.079181246047625,2.283707984390332,2.539387245180421,1.176091259055681,0.5656511481581254,71.0,70.0,71.0,70.66666666666667,12,-2.4492935982947064e-16,1.0,0,0,1,0,0,0,0,67.66666666666667,70.33333333333333,2020-12
green,0.3,2021-01,68.0,10.85611222937092,3.255272505103306,2.079181246047625,5.396855326840618,7.600839724267614,2.3349319334561827,68.0,71.0,70.0,69.66666666666667,1,0.49999999999999994,0.8660254037844387,0,0,1,0,0,0,0,68.33333333333333,73.0,2021-01
green,1.7781512503836436,2021-02,65.0,0.3,10.85611222937092,3.255272505103306,4.803794911491409,-10.55611222937092,-0.9723657978416658,65.0,68.0,71.0,68.0,2,0.8660254037844386,0.5000000000000001,0,0,1,0,0,0,0,71.66666666666667,76.5,2021-02
green,3.7589118923979736,2021-03,70.0,1.7781512503836436,0.3,10.85611222937092,4.311421159918187,1.4781512503836436,4.927170834612146,70.0,65.0,68.0,67.66666666666667,3,1.0,6.123233995736766e-17,0,0,1,0,0,0,0,73.0,78.33333333333333,2021-03
green,1.7781512503836436,2021-04,70.0,3.7589118923979736,1.7781512503836436,0.3,1.945687714260539,1.98076064201433,1.1139438456582207,70.0,70.0,65.0,68.33333333333333,4,0.8660254037844387,-0.4999999999999998,0,0,1,0,0,0,0,77.66666666666667,80.5,2021-04
green,7.999756726967326,2021-05,75.0,1.7781512503836436,3.7589118923979736,1.7781512503836436,2.438404797721754,-1.98076064201433,-0.5269505374734167,75.0,70.0,70.0,71.66666666666667,5,0.49999999999999994,-0.8660254037844387,0,0,1,0,0,0,0,81.33333333333333,81.33333333333333,2021-05
green,4.414973347970818,2021-06,74.0,7.999756726967326,1.7781512503836436,3.7589118923979736,4.5122732899163145,6.221605476583682,3.4989180336832115,74.0,75.0,70.0,73.0,6,1.2246467991473532e-16,-1.0,0,0,1,0,0,0,0,83.66666666666667,82.33333333333333,2021-06
green,5.5370631427816175,2021-07,84.0,4.414973347970818,7.999756726967326,1.7781512503836436,4.73096044177393,-3.584783378996508,-0.44811154905650286,84.0,74.0,75.0,77.66666666666667,7,-0.4999999999999997,-0.8660254037844388,0,0,1,0,0,0,0,83.33333333333333,81.66666666666667,2021-07
green,0.3,2021-08,86.0,5.5370631427816175,4.414973347970818,7.999756726967326,5.983931072573253,1.1220897948107993,0.25415550817006105,86.0,84.0,74.0,81.33333333333333,8,-0.8660254037844385,-0.5000000000000004,0,0,1,0,0,0,0,81.33333333333333,80.16666666666667,2021-08
green,4.178151250383643,2021-09,81.0,0.3,5.5370631427816175,4.414973347970818,3.4173454969174784,-5.237063142781618,-0.9458196534400922,81.0,86.0,84.0,83.66666666666667,9,-1.0,-1.8369701987210297e-16,0,0,1,0,0,0,0,81.0,79.66666666666667,2021-09
green,18.08363484417716,2021-10,83.0,4.178151250383643,0.3,5.5370631427816175,3.3384047977217537,3.8781512503836435,12.927170834612145,83.0,81.0,86.0,83.33333333333333,10,-0.8660254037844386,0.5000000000000001,0,0,1,0,0,0,0,80.0,78.5,2021-10
green,9.737063142781617,2021-11,80.0,18.08363484417716,4.178151250383643,0.3,7.520595364853601,13.905483593793516,3.32814270247318,80.0,83.0,81.0,81.33333333333333,11,-0.5000000000000004,0.8660254037844384,0,0,1,0,0,0,0,79.0,78.33333333333333,2021-11
green,5.098970004336019,2021-12,80.0,9.737063142781617,18.08363484417716,4.178151250383643,10.66628307911414,-8.346571701395542,-0.46155387306347295,80.0,80.0,83.0,81.0,12,-2.4492935982947064e-16,1.0,0,0,1,0,0,0,0,78.33333333333333,78.5,2021-12
green,1.845098040014257,2022-04,80.0,5.098970004336019,9.737063142781617,18.08363484417716,10.97322266376493,-4.638093138445598,-0.4763338873779368,80.0,80.0,80.0,80.0,4,0.8660254037844387,-0.4999999999999998,0,0,1,0,0,0,0,77.0,77.66666666666667,2022-04
green,0.3,2022-05,77.0,1.845098040014257,5.098970004336019,9.737063142781617,5.560377062377298,-3.253871964321762,-0.638142989967535,77.0,80.0,80.0,79.0,5,0.49999999999999994,-0.8660254037844387,0,0,1,0,0,0,0,77.66666666666667,77.16666666666667,2022-05
green,12.0,2022-06,78.0,0.3,1.845098040014257,5.098970004336019,2.4146893481167586,-1.5450980400142569,-0.8374070138854617,78.0,77.0,80.0,78.33333333333333,6,1.2246467991473532e-16,-1.0,0,0,1,0,0,0,0,78.66666666666667,77.16666666666667,2022-06
green,4.082785370316451,2022-07,76.0,12.0,0.3,1.845098040014257,4.715032680004753,11.7,39.0,76.0,78.0,77.0,77.0,7,-0.4999999999999997,-0.8660254037844388,0,0,1,0,0,0,0,78.33333333333333,76.83333333333333,2022-07
green,4.222216727853465,2022-09,79.0,4.082785370316451,12.0,0.3,5.460928456772151,-7.917214629683549,-0.6597678858069624,79.0,76.0,78.0,77.66666666666667,9,-1.0,-1.8369701987210297e-16,0,0,1,0,0,0,0,76.66666666666667,76.33333333333333,2022-09
green,7.59123890273677,2022-10,81.0,4.222216727853465,4.082785370316451,12.0,6.768334032723305,0.1394313575370143,0.03415103780638051,81.0,79.0,76.0,78.66666666666667,10,-0.8660254037844386,0.5000000000000001,0,0,1,0,0,0,0,75.66666666666667,75.33333333333333,2022-10
green,14.625392843240864,2022-11,75.0,7.59123890273677,4.222216727853465,4.082785370316451,5.298747000302229,3.3690221748833054,0.7979273429187717,75.0,81.0,79.0,78.33333333333333,11,-0.5000000000000004,0.8660254037844384,0,0,1,0,0,0,0,75.33333333333333,75.83333333333333,2022-11
green,6.690656353671036,2022-12,74.0,14.625392843240864,7.59123890273677,4.222216727853465,8.812949491277033,7.034153940504093,0.9266147503233182,74.0,75.0,81.0,76.66666666666667,12,-2.4492935982947064e-16,1.0,0,0,1,0,0,0,0,76.0,76.16666666666667,2022-12
green,8.0,2023-02,78.0,6.690656353671036,14.625392843240864,7.59123890273677,9.635762699882891,-7.934736489569827,-0.5425315117765792,78.0,74.0,75.0,75.66666666666667,2,0.8660254037844386,0.5000000000000001,0,0,1,0,0,0,0,75.0,75.33333333333333,2023-02
green,16.0,2023-03,74.0,8.0,6.690656353671036,14.625392843240864,9.772016398970633,1.3093436463289638,0.1956973392618726,74.0,78.0,74.0,75.33333333333333,3,1.0,6.123233995736766e-17,0,0,1,0,0,0,0,76.33333333333333,75.83333333333333,2023-03
green,10.510545010206611,2023-04,76.0,16.0,8.0,6.690656353671036,10.230218784557012,8.0,1.0,76.0,74.0,78.0,76.0,4,0.8660254037844387,-0.4999999999999998,0,0,1,0,0,0,0,76.33333333333333,76.33333333333333,2023-04
green,7.95667304588485,2023-05,75.0,10.510545010206611,16.0,8.0,11.503515003402205,-5.489454989793389,-0.3430909368620868,75.0,76.0,74.0,75.0,5,0.49999999999999994,-0.8660254037844387,0,0,1,0,0,0,0,75.66666666666667,76.66666666666667,2023-05
green,7.556302500767288,2023-07,78.0,7.95667304588485,10.510545010206611,16.0,11.489072685363821,-2.553871964321761,-0.24298187789898051,78.0,75.0,76.0,76.33333333333333,7,-0.4999999999999997,-0.8660254037844388,0,0,1,0,0,0,0,75.33333333333333,76.83333333333333,2023-07
green,9.6,2023-09,76.0,7.556302500767288,7.95667304588485,10.510545010206611,8.67450685228625,-0.4003705451175623,-0.05031883838995144,76.0,78.0,75.0,76.33333333333333,9,-1.0,-1.8369701987210297e-16,0,0,1,0,0,0,0,76.33333333333333,77.5,2023-09
green,21.00102999566398,2023-10,73.0,9.6,7.556302500767288,7.95667304588485,8.370991848884046,2.043697499232712,0.2704626368551537,73.0,76.0,78.0,75.66666666666667,10,-0.8660254037844386,0.5000000000000001,0,0,1,0,0,0,0,77.66666666666667,78.33333333333333,2023-10
green,8.214117648017108,2023-11,77.0,21.00102999566398,9.6,7.556302500767288,12.719110832143757,11.401029995663981,1.1876072912149982,77.0,73.0,76.0,75.33333333333333,11,-0.5000000000000004,0.8660254037844384,0,0,1,0,0,0,0,78.33333333333333,78.5,2023-11
green,16.346128035678237,2023-12,79.0,8.214117648017108,21.00102999566398,9.6,12.938382547893697,-12.786912347646872,-0.6088707244495601,79.0,77.0,73.0,76.33333333333333,12,-2.4492935982947064e-16,1.0,0,0,1,0,0,0,0,78.66666666666667,78.5,2023-12
green,11.8169700377573,2024-02,77.0,16.346128035678237,8.214117648017108,21.00102999566398,15.187091893119776,8.13201038766113,0.9900041290039472,77.0,79.0,77.0,77.66666666666667,2,0.8660254037844386,0.5000000000000001,0,0,1,0,0,0,0,79.0,79.16666666666667,2024-02
green,2.0,2024-03,79.0,11.8169700377573,16.346128035678237,8.214117648017108,12.12573857381755,-4.529157997920937,-0.27707833855426,79.0,77.0,79.0,78.33333333333333,3,1.0,6.123233995736766e-17,0,0,1,0,0,0,0,78.66666666666667,79.33333333333333,2024-03
green,4.477121254719663,2024-04,80.0,2.0,11.8169700377573,16.346128035678237,10.054366024478513,-9.8169700377573,-0.8307518768677886,80.0,79.0,77.0,78.66666666666667,4,0.8660254037844387,-0.4999999999999998,0,0,1,0,0,0,0,78.33333333333333,79.5,2024-04
green,14.43649392076012,2024-05,78.0,4.477121254719663,2.0,11.8169700377573,6.098030430825656,2.4771212547196626,1.2385606273598313,78.0,80.0,79.0,79.0,5,0.49999999999999994,-0.8660254037844387,0,0,1,0,0,0,0,79.33333333333333,81.0,2024-05
green,7.823213313282667,2024-06,78.0,14.43649392076012,4.477121254719663,2.0,6.971205058493261,9.959372666040457,2.2245036708669774,78.0,78.0,80.0,78.66666666666667,6,1.2246467991473532e-16,-1.0,0,0,1,0,0,0,0,80.0,82.0,2024-06
green,12.860241193038442,2024-07,79.0,7.823213313282667,14.43649392076012,4.477121254719663,8.912276162920817,-6.613280607477452,-0.45809464844974257,79.0,78.0,78.0,78.33333333333333,7,-0.4999999999999997,-0.8660254037844388,0,0,1,0,0,0,0,80.66666666666667,81.5,2024-07
green,16.846426626565336,2024-08,81.0,12.860241193038442,7.823213313282667,14.43649392076012,11.706649475693744,5.037027879755775,0.6438566453510404,81.0,79.0,78.0,79.33333333333333,8,-0.8660254037844385,-0.5000000000000004,0,0,1,0,0,0,0,82.66666666666667,82.83333333333333,2024-08
green,6.006179973983888,2024-09,80.0,16.846426626565336,12.860241193038442,7.823213313282667,12.509960377628815,3.9861854335268934,0.30996194967826196,80.0,81.0,79.0,80.0,9,-1.0,-1.8369701987210297e-16,0,0,1,0,0,0,0,84.0,83.33333333333333,2024-09
green,4.214117648017108,2024-10,81.0,6.006179973983888,16.846426626565336,12.860241193038442,11.904282597862556,-10.840246652581449,-0.6434745416863259,81.0,80.0,81.0,80.66666666666667,10,-0.8660254037844386,0.5000000000000001,0,0,1,0,0,0,0,82.33333333333333,83.33333333333333,2024-10
green,6.3,2024-11,87.0,4.214117648017108,6.006179973983888,16.846426626565336,9.022241416188779,-1.7920623259667794,-0.29836973479469475,87.0,81.0,80.0,82.66666666666667,11,-0.5000000000000004,0.8660254037844384,0,0,1,0,0,0,0,83.0,82.16666666666667,2024-11
green,7.483707984390332,2024-12,84.0,6.3,4.214117648017108,6.006179973983888,5.506765874000333,2.0858823519828915,0.494974874031904,84.0,87.0,81.0,84.0,12,-2.4492935982947064e-16,1.0,0,0,1,0,0,0,0,82.66666666666667,82.16666666666667,2024-12
green,5.0,2025-01,76.0,7.483707984390332,6.3,4.214117648017108,5.999275210802481,1.183707984390332,0.18789015625243355,76.0,84.0,87.0,82.33333333333333,1,0.49999999999999994,0.8660254037844387,0,0,1,0,0,0,0,84.33333333333333,85.16666666666667,2025-01
green,1.0,2025-03,89.0,5.0,7.483707984390332,6.3,6.261235994796778,-2.483707984390332,-0.33188200148521296,89.0,76.0,84.0,83.0,3,1.0,6.123233995736766e-17,0,0,1,0,0,0,0,81.33333333333333,86.33333333333333,2025-03
green,4.3,2025-04,83.0,1.0,5.0,7.483707984390332,4.494569328130112,-4.0,-0.8,83.0,89.0,76.0,82.66666666666667,4,0.8660254037844387,-0.4999999999999998,0,0,1,0,0,0,0,81.66666666666667,87.5,2025-04
green,12.258733037212814,2025-05,81.0,4.3,1.0,5.0,3.433333333333335,3.3,3.3,81.0,83.0,89.0,84.33333333333333,5,0.49999999999999994,-0.8660254037844387,0,0,1,0,0,0,0,86.0,90.66666666666667,2025-05
green,6.204119982655925,2025-06,80.0,12.258733037212814,4.3,1.0,5.852911012404273,7.958733037212814,1.8508681481890266,80.0,81.0,83.0,81.33333333333333,6,1.2246467991473532e-16,-1.0,0,0,1,0,0,0,0,91.33333333333333,91.66666666666667,2025-06
green,22.62805493649429,2025-07,84.0,6.204119982655925,12.258733037212814,4.3,7.587617673289581,-6.054613054556889,-0.493902023657535,84.0,80.0,81.0,81.66666666666667,7,-0.4999999999999997,-0.8660254037844388,0,0,1,0,0,0,0,93.33333333333333,92.5,2025-07
green,12.997966221566086,2025-08,94.0,22.62805493649429,6.204119982655925,12.258733037212814,13.696969318787678,16.423934953838366,2.647262625441269,94.0,84.0,80.0,86.0,8,-0.8660254037844385,-0.5000000000000004,0,0,1,0,0,0,0,95.33333333333333,92.2,2025-08
green,6.722471989593555,2025-09,96.0,12.997966221566086,22.62805493649429,6.204119982655925,13.94338038023877,-9.630088714928204,-0.4255818161108005,96.0,94.0,84.0,91.33333333333333,9,-1.0,-1.8369701987210297e-16,0,0,1,0,0,0,0,92.0,91.25,2025-09
green,2.0,2025-10,90.0,6.722471989593555,12.997966221566086,22.62805493649429,14.116164382551311,-6.275494231972531,-0.48280585785492336,90.0,96.0,94.0,93.33333333333333,10,-0.8660254037844386,0.5000000000000001,0,0,1,0,0,0,0,91.66666666666667,91.66666666666667,2025-10
grunge,2.0,2020-09,2.25,1.3010299956639813,2.204119982655925,4.653212513775344,2.71945416403175,-0.9030899869919438,-0.40972814279544645,2.25,2.0,2.0,2.0833333333333335,9,-1.0,-1.8369701987210297e-16,0,0,0,1,0,0,0,2.0,2.0,2020-09
grunge,3.954242509439325,2020-10,2.0,2.0,1.3010299956639813,2.204119982655925,1.8350499927733022,0.6989700043360187,0.5372435736804815,2.0,2.25,2.0,2.0833333333333335,10,-0.8660254037844386,0.5000000000000001,0,0,0,1,0,0,0,2.0,2.0,2020-10
grunge,9.201491533521198,2020-11,2.0,3.954242509439325,2.0,1.3010299956639813,2.418424168367769,1.9542425094393252,0.9771212547196626,2.0,2.0,2.25,2.0833333333333335,11,-0.5000000000000004,0.8660254037844384,0,0,0,1,0,0,0,2.0,2.0,2020-11
grunge,2.0387640052032223,2020-12,2.0,9.201491533521198,3.954242509439325,2.0,5.051911347653507,5.2472490240818725,1.3269922144521895,2.0,2.0,2.0,2.0,12,-2.4492935982947064e-16,1.0,0,0,0,1,0,0,0,2.0,2.0,2020-12
grunge,2.761235994796777,2021-09,2.0,2.0387640052032223,9.201491533521198,3.954242509439325,5.064832682721248,-7.162727528317975,-0.7784311382805745,2.0,2.0,2.0,2.0,9,-1.0,-1.8369701987210297e-16,0,0,0,1,0,0,0,2.0,2.0,2021-09
grunge,7.361235994796777,2021-10,2.0,2.761235994796777,2.0387640052032223,9.201491533521198,4.667163844507066,0.7224719895935547,0.3543676402711158,2.0,2.0,2.0,2.0,10,-0.8660254037844386,0.5000000000000001,0,0,0,1,0,0,0,2.0,2.0,2021-10
grunge,4.515478504236103,2021-11,2.0,7.361235994796777,2.761235994796777,2.0387640052032223,4.053745331598925,4.6,1.6659206270916926,2.0,2.0,2.0,2.0,11,-0.5000000000000004,0.8660254037844384,0,0,0,1,0,0,0,2.0,2.0,2021-11
grunge,16.44409801038133,2021-12,2.0,4.515478504236103,7.361235994796777,2.761235994796777,4.879316831276552,-2.8457574905606737,-0.3865869118409152,2.0,2.0,2.0,2.0,12,-2.4492935982947064e-16,1.0,0,0,0,1,0,0,0,2.0,2.0,2021-12
grunge,2.0413926851582254,2022-07,2.0,16.44409801038133,4.515478504236103,7.361235994796777,9.440270836471404,11.928619506145228,2.641717703883351,2.0,2.0,2.0,2.0,7,-0.4999999999999997,-0.8660254037844388,0,0,0,1,0,0,0,2.0,2.0,2022-07
grunge,5.078872511787562,2022-09,2.0,2.0413926851582254,16.44409801038133,4.515478504236103,7.666989733258553,-14.402705325223106,-0.875858640354158,2.0,2.0,2.0,2.0,9,-1.0,-1.8369701987210297e-16,0,0,0,1,0,0,0,2.0,2.0,2022-09
grunge,2.4,2022-10,2.0,5.078872511787562,2.0413926851582254,16.44409801038133,7.854787735775705,3.037479826629337,1.487944896008044,2.0,2.0,2.0,2.0,10,-0.8660254037844386,0.5000000000000001,0,0,0,1,0,0,0,2.0,1.9666666666666668,2022-10
grunge,1.9542425094393248,2022-11,2.0,2.4,5.078872511787562,2.0413926851582254,3.1734217323152616,-2.6788725117875622,-0.5274541752269157,2.0,2.0,2.0,2.0,11,-0.5000000000000004,0.8660254037844384,0,0,0,1,0,0,0,2.0,1.9666666666666668,2022-11
grunge,2.4,2022-12,2.0,1.9542425094393248,2.4,5.078872511787562,3.144371673742294,-0.44575749056067515,-0.1857322877336146,2.0,2.0,2.0,2.0,12,-2.4492935982947064e-16,1.0,0,0,0,1,0,0,0,2.0,1.8,2022-12
grunge,0.6,2023-01,2.0,2.4,1.9542425094393248,2.4,2.2514141698131067,0.44575749056067515,0.22809732589870002,2.0,2.0,2.0,2.0,1,0.49999999999999994,0.8660254037844387,0,0,0,1,0,0,0,1.9333333333333333,1.6333333333333335,2023-01
grunge,0.3,2023-07,2.0,0.6,2.4,1.9542425094393248,1.6514141698131068,-1.7999999999999998,-0.75,2.0,2.0,2.0,2.0,7,-0.4999999999999997,-0.8660254037844388,0,0,0,1,0,0,0,1.9333333333333333,1.5916666666666668,2023-07
grunge,0.3,2023-08,2.0,0.3,0.6,2.4,1.0999999999999988,-0.3,-0.5,2.0,2.0,2.0,2.0,8,-0.8660254037844385,-0.5000000000000004,0,0,0,1,0,0,0,1.5999999999999999,1.5916666666666668,2023-08
grunge,4.897475632640476,2023-10,1.8,0.3,0.3,0.6,0.3999999999999988,0.0,0.0,1.8,2.0,2.0,1.9333333333333333,10,-0.8660254037844386,0.5000000000000001,0,0,0,1,0,0,0,1.3333333333333333,1.5833333333333333,2023-10
grunge,1.2,2023-11,2.0,4.897475632640476,0.3,0.3,1.832491877546824,4.597475632640476,15.324918775468255,2.0,1.8,2.0,1.9333333333333333,11,-0.5000000000000004,0.8660254037844384,0,0,0,1,0,0,0,1.25,1.5,2023-11
grunge,0.3,2024-05,1.0,1.2,4.897475632640476,0.3,2.132491877546824,-3.697475632640476,-0.7549758099862113,1.0,2.0,1.8,1.5999999999999999,5,0.49999999999999994,-0.8660254037844387,0,0,0,1,0,0,0,1.5833333333333333,1.5,2024-05
grunge,18.0,2024-06,1.0,0.3,1.2,4.897475632640476,2.132491877546824,-0.8999999999999999,-0.75,1.0,1.0,2.0,1.3333333333333333,6,1.2246467991473532e-16,-1.0,0,0,0,1,0,0,0,1.8333333333333333,1.5,2024-06
grunge,1.3,2024-08,1.75,18.0,0.3,1.2,6.499999999999999,17.7,59.0,1.75,1.0,1.0,1.25,8,-0.8660254037844385,-0.5000000000000004,0,0,0,1,0,0,0,1.75,1.375,2024-08
grunge,12.08886691141386,2024-09,2.0,1.3,18.0,0.3,6.533333333333332,-16.7,-0.9277777777777778,2.0,1.75,1.0,1.5833333333333333,9,-1.0,-1.8369701987210297e-16,0,0,0,1,0,0,0,1.4166666666666667,1.2916666666666667,2024-09
grunge,5.509277528431799,2024-10,1.75,12.08886691141386,1.3,18.0,10.462955637137952,10.788866911413859,8.299128393395277,1.75,2.0,1.75,1.8333333333333333,10,-0.8660254037844386,0.5000000000000001,0,0,0,1,0,0,0,1.1666666666666667,1.2916666666666667,2024-10
grunge,2.2,2024-11,1.5,5.509277528431799,12.08886691141386,1.3,6.2993814799485515,-6.579589382982061,-0.5442684935814668,1.5,1.75,2.0,1.75,11,-0.5000000000000004,0.8660254037844384,0,0,0,1,0,0,0,1.0,1.25,2024-11
grunge,0.3,2025-03,1.0,2.2,5.509277528431799,12.08886691141386,6.599381479948551,-3.3092775284317986,-0.6006735931079108,1.0,1.5,1.75,1.4166666666666667,3,1.0,6.123233995736766e-17,0,0,0,1,0,0,0,1.1666666666666667,1.2833333333333334,2025-03
grunge,3.903089986991944,2025-04,1.0,0.3,2.2,5.509277528431799,2.669759176143932,-1.9000000000000001,-0.8636363636363636,1.0,1.0,1.5,1.1666666666666667,4,0.8660254037844387,-0.4999999999999998,0,0,0,1,0,0,0,1.4166666666666667,1.2833333333333334,2025-04
grunge,4.477121254719663,2025-06,1.0,3.903089986991944,0.3,2.2,2.1343633289973134,3.6030899869919444,12.010299956639814,1.0,1.0,1.0,1.0,6,1.2246467991473532e-16,-1.0,0,0,0,1,0,0,0,1.5,1.2833333333333334,2025-06
grunge,0.3,2025-07,1.5,4.477121254719663,3.903089986991944,0.3,2.893403747237201,0.5740312677277184,0.14707097956768256,1.5,1.0,1.0,1.1666666666666667,7,-0.4999999999999997,-0.8660254037844388,0,0,0,1,0,0,0,1.4000000000000001,1.2535714285714286,2025-07
grunge,1.2,2025-09,1.75,0.3,4.477121254719663,3.903089986991944,2.8934037472372007,-4.177121254719663,-0.932992656903418,1.75,1.5,1.0,1.4166666666666667,9,-1.0,-1.8369701987210297e-16,0,0,0,1,0,0,0,1.1500000000000001,1.1285714285714286,2025-09
grunge,7.550707285627771,2025-10,1.25,1.2,0.3,4.477121254719663,1.9923737515732194,0.8999999999999999,3.0,1.25,1.75,1.5,1.5,10,-0.8660254037844386,0.5000000000000001,0,0,0,1,0,0,0,1.0666666666666667,1.1042857142857143,2025-10
grunge,12.6619296355717,2025-11,1.2,7.550707285627771,1.2,0.3,3.0169024285425885,6.350707285627771,5.292256071356476,1.2,1.25,1.75,1.4000000000000001,11,-0.5000000000000004,0.8660254037844384,0,0,0,1,0,0,0,1.107142857142857,1.0803571428571428,2025-11
grunge,31.247050045470257,2025-12,1.0,12.6619296355717,7.550707285627771,1.2,7.137545640399822,5.1112223499439295,0.6769196787263589,1.0,1.2,1.25,1.1500000000000001,12,-2.4492935982947064e-16,1.0,0,0,0,1,0,0,0,1.107142857142857,1.107142857142857,2025-12
handbag,0.8999999999999999,2020-04,2.0,0.8999999999999999,0.8999999999999999,1.2,1.0,0.0,0.0,2.0,2.4,3.25,2.5500000000000003,4,0.8660254037844387,-0.4999999999999998,1,0,0,0,0,0,0,2.9333333333333336,3.033333333333333,2020-04
handbag,0.6,2020-05,2.8,0.8999999999999999,0.8999999999999999,0.8999999999999999,0.8999999999999999,0.0,0.0,2.8,2.0,2.4,2.4,5,0.49999999999999994,-0.8660254037844387,1,0,0,0,0,0,0,3.0,3.1916666666666664,2020-05
handbag,1.5,2020-06,3.0,0.6,0.8999999999999999,0.8999999999999999,0.7999999999999999,-0.29999999999999993,-0.33333333333333326,3.0,2.8,2.0,2.5999999999999996,6,1.2246467991473532e-16,-1.0,1,0,0,0,0,0,0,3.0,3.1916666666666664,2020-06
handbag,0.3,2020-07,3.0,1.5,0.6,0.8999999999999999,1.0,0.9,1.5,3.0,3.0,2.8,2.933333333333333,7,-0.4999999999999997,-0.8660254037844388,1,0,0,0,0,0,0,3.1333333333333333,3.1916666666666664,2020-07
handbag,0.8999999999999999,2020-09,3.0,0.3,1.5,0.6,0.7999999999999999,-1.2,-0.8,3.0,3.0,3.0,3.0,9,-1.0,-1.8369701987210297e-16,1,0,0,0,0,0,0,3.3833333333333333,3.1916666666666664,2020-09
handbag,7.170371138071035,2020-10,3.0,0.8999999999999999,0.3,1.5,0.9,0.5999999999999999,2.0,3.0,3.0,3.0,3.0,10,-0.8660254037844386,0.5000000000000001,1,0,0,0,0,0,0,3.3833333333333333,3.2916666666666665,2020-10
handbag,0.3,2020-11,3.4,7.170371138071035,0.8999999999999999,0.3,2.7901237126903453,6.2703711380710345,6.967079042301151,3.4,3.0,3.0,3.1333333333333333,11,-0.5000000000000004,0.8660254037844384,1,0,0,0,0,0,0,3.25,3.225,2020-11
handbag,14.958031631540235,2020-12,3.75,0.3,7.170371138071035,0.8999999999999999,2.790123712690345,-6.870371138071035,-0.9581611615042975,3.75,3.4,3.0,3.3833333333333333,12,-2.4492935982947064e-16,1.0,1,0,0,0,0,0,0,3.0,3.266666666666667,2020-12
handbag,0.8999999999999999,2021-01,3.0,14.958031631540235,0.3,7.170371138071035,7.47613425653709,14.658031631540235,48.86010543846745,3.0,3.75,3.4,3.3833333333333333,1,0.49999999999999994,0.8660254037844387,1,0,0,0,0,0,0,3.1999999999999997,3.475,2021-01
handbag,0.6,2021-04,3.0,0.8999999999999999,14.958031631540235,0.3,5.386010543846744,-14.058031631540235,-0.9398316555166071,3.0,3.0,3.75,3.25,4,0.8660254037844387,-0.4999999999999998,1,0,0,0,0,0,0,3.1999999999999997,3.5583333333333336,2021-04
handbag,0.6,2021-06,3.0,0.6,0.8999999999999999,14.958031631540235,5.486010543846745,-0.29999999999999993,-0.33333333333333326,3.0,3.0,3.0,3.0,6,1.2246467991473532e-16,-1.0,1,0,0,0,0,0,0,3.533333333333333,3.625,2021-06
handbag,0.3,2021-08,3.6,0.6,0.6,0.8999999999999999,0.6999999999999993,0.0,0.0,3.6,3.0,3.0,3.1999999999999997,8,-0.8660254037844385,-0.5000000000000004,1,0,0,0,0,0,0,3.75,3.525,2021-08
handbag,0.8999999999999999,2021-10,3.0,0.3,0.6,0.6,0.4999999999999994,-0.3,-0.5,3.0,3.6,3.0,3.1999999999999997,10,-0.8660254037844386,0.5000000000000001,1,0,0,0,0,0,0,3.9166666666666665,3.5916666666666663,2021-10
handbag,4.823501985257536,2021-11,4.0,0.8999999999999999,0.3,0.6,0.5999999999999993,0.5999999999999999,2.0,4.0,3.0,3.6,3.533333333333333,11,-0.5000000000000004,0.8660254037844384,1,0,0,0,0,0,0,3.716666666666667,3.466666666666667,2021-11
handbag,0.8999999999999999,2021-12,4.25,4.823501985257536,0.8999999999999999,0.3,2.0078339950858446,3.9235019852575364,4.359446650286152,4.25,4.0,3.0,3.75,12,-2.4492935982947064e-16,1.0,1,0,0,0,0,0,0,3.3000000000000003,3.2583333333333333,2021-12
handbag,1.845098040014257,2022-04,3.5,0.8999999999999999,4.823501985257536,0.8999999999999999,2.2078339950858443,-3.9235019852575364,-0.8134135732190546,3.5,4.25,4.0,3.9166666666666665,4,0.8660254037844387,-0.4999999999999998,1,0,0,0,0,0,0,3.266666666666667,3.3000000000000003,2022-04
handbag,0.6,2022-05,3.4,1.845098040014257,0.8999999999999999,4.823501985257536,2.522866675090597,0.945098040014257,1.0501089333491747,3.4,3.5,4.25,3.716666666666667,5,0.49999999999999994,-0.8660254037844387,1,0,0,0,0,0,0,3.216666666666667,3.4,2022-05
handbag,1.6,2022-06,3.0,0.6,1.845098040014257,0.8999999999999999,1.1150326800047514,-1.2450980400142568,-0.6748140277709234,3.0,3.4,3.5,3.3000000000000003,6,1.2246467991473532e-16,-1.0,1,0,0,0,0,0,0,3.216666666666667,3.4,2022-06
handbag,6.724178055474676,2022-07,3.4,1.6,0.6,1.845098040014257,1.3483660133380848,1.0,1.666666666666667,3.4,3.0,3.4,3.266666666666667,7,-0.4999999999999997,-0.8660254037844388,1,0,0,0,0,0,0,3.3333333333333335,3.3333333333333335,2022-07
handbag,21.914996417341367,2022-09,3.25,6.724178055474676,1.6,0.6,2.9747260184915576,5.124178055474676,3.202611284671672,3.25,3.4,3.0,3.2166666666666663,9,-1.0,-1.8369701987210297e-16,1,0,0,0,0,0,0,3.5833333333333335,3.3249999999999997,2022-09
handbag,20.71419075897617,2022-10,3.0,21.914996417341367,6.724178055474676,1.6,10.079724824272013,15.190818361866691,2.259133865364952,3.0,3.25,3.4,3.2166666666666663,10,-0.8660254037844386,0.5000000000000001,1,0,0,0,0,0,0,3.5833333333333335,3.3666666666666667,2022-10
handbag,15.217636516990783,2022-11,3.75,20.71419075897617,21.914996417341367,6.724178055474676,16.451121743930738,-1.2008056583651978,-0.05479378757347175,3.75,3.0,3.25,3.3333333333333335,11,-0.5000000000000004,0.8660254037844384,1,0,0,0,0,0,0,3.3333333333333335,3.341666666666667,2022-11
handbag,4.393038573604643,2022-12,4.0,15.217636516990783,20.71419075897617,21.914996417341367,19.282274564436108,-5.496554241985386,-0.26535211082786525,4.0,3.75,3.0,3.5833333333333335,12,-2.4492935982947064e-16,1.0,1,0,0,0,0,0,0,3.0666666666666664,3.3000000000000003,2022-12
handbag,0.3,2023-02,3.0,4.393038573604643,15.217636516990783,20.71419075897617,13.441621949857199,-10.824597943386141,-0.7113192598141156,3.0,4.0,3.75,3.5833333333333335,2,0.8660254037844386,0.5000000000000001,1,0,0,0,0,0,0,3.15,3.2999999999999994,2023-02
handbag,0.6,2023-03,3.0,0.3,4.393038573604643,15.217636516990783,6.636891696865142,-4.093038573604643,-0.9317101375338392,3.0,3.0,4.0,3.3333333333333335,3,1.0,6.123233995736766e-17,1,0,0,0,0,0,0,3.35,3.3333333333333335,2023-03
handbag,12.325455056635947,2023-04,3.2,0.6,0.3,4.393038573604643,1.7643461912015475,0.3,1.0,3.2,3.0,3.0,3.0666666666666664,4,0.8660254037844387,-0.4999999999999998,1,0,0,0,0,0,0,3.533333333333333,3.4250000000000003,2023-04
handbag,0.3,2023-06,3.25,12.325455056635947,0.6,0.3,4.4084850188786495,11.725455056635948,19.542425094393245,3.25,3.2,3.0,3.15,6,1.2246467991473532e-16,-1.0,1,0,0,0,0,0,0,3.4499999999999997,3.5500000000000003,2023-06
handbag,10.556302500767288,2023-07,3.6,0.3,12.325455056635947,0.6,4.408485018878649,-12.025455056635947,-0.9756601278718321,3.6,3.25,3.2,3.35,7,-0.4999999999999997,-0.8660254037844388,1,0,0,0,0,0,0,3.3166666666666664,3.4499999999999997,2023-07
handbag,0.6,2023-08,3.75,10.556302500767288,0.3,12.325455056635947,7.727252519134411,10.256302500767287,34.187675002557626,3.75,3.6,3.25,3.533333333333333,8,-0.8660254037844385,-0.5000000000000004,1,0,0,0,0,0,0,3.3166666666666664,3.3249999999999997,2023-08
handbag,17.283221703957263,2023-09,3.0,0.6,10.556302500767288,0.3,3.818767500255762,-9.956302500767288,-0.9431619167832308,3.0,3.75,3.6,3.4499999999999997,9,-1.0,-1.8369701987210297e-16,1,0,0,0,0,0,0,3.65,3.3249999999999997,2023-09
handbag,24.343670843306597,2023-10,3.2,17.283221703957263,0.6,10.556302500767288,9.47984140157485,16.683221703957262,27.80536950659544,3.2,3.0,3.75,3.316666666666667,10,-0.8660254037844386,0.5000000000000001,1,0,0,0,0,0,0,3.5833333333333335,3.2916666666666665,2023-10
handbag,11.3,2023-11,3.75,24.343670843306597,17.283221703957263,0.6,14.075630849087952,7.060449139349334,0.4085146427146007,3.75,3.2,3.0,3.316666666666667,11,-0.5000000000000004,0.8660254037844384,1,0,0,0,0,0,0,3.3333333333333335,3.1666666666666665,2023-11
handbag,9.44833343639576,2023-12,4.0,11.3,24.343670843306597,17.283221703957263,17.64229751575462,-13.043670843306597,-0.5358136382661867,4.0,3.75,3.2,3.6500000000000004,12,-2.4492935982947064e-16,1.0,1,0,0,0,0,0,0,3.0,3.0416666666666665,2023-12
handbag,2.9020599913279623,2024-04,3.0,9.44833343639576,11.3,24.343670843306597,15.030668093234118,-1.8516665636042404,-0.16386429766409205,3.0,4.0,3.75,3.5833333333333335,4,0.8660254037844387,-0.4999999999999998,1,0,0,0,0,0,0,3.0,3.2083333333333335,2024-04
handbag,6.048551739201578,2024-05,3.0,2.9020599913279623,9.44833343639576,11.3,7.883464475907907,-6.546273445067798,-0.6928495368136578,3.0,3.0,4.0,3.3333333333333335,5,0.49999999999999994,-0.8660254037844387,1,0,0,0,0,0,0,3.0,3.2083333333333335,2024-05
handbag,4.091361693834273,2024-08,3.0,6.048551739201578,2.9020599913279623,9.44833343639576,6.132981722308433,3.1464917478736156,1.084226982652348,3.0,3.0,3.0,3.0,8,-0.8660254037844385,-0.5000000000000004,1,0,0,0,0,0,0,3.0833333333333335,3.2083333333333335,2024-08
handbag,4.894055524126484,2024-09,3.0,4.091361693834273,6.048551739201578,2.9020599913279623,4.3473244747879365,-1.9571900453673052,-0.3235799460360834,3.0,3.0,3.0,3.0,9,-1.0,-1.8369701987210297e-16,1,0,0,0,0,0,0,3.4166666666666665,3.2083333333333335,2024-09
handbag,7.818212305533726,2024-10,3.0,4.894055524126484,4.091361693834273,6.048551739201578,5.011322985720777,0.8026938302922115,0.19619234141578823,3.0,3.0,3.0,3.0,10,-0.8660254037844386,0.5000000000000001,1,0,0,0,0,0,0,3.4166666666666665,3.2083333333333335,2024-10
handbag,3.0,2024-11,3.25,7.818212305533726,4.894055524126484,4.091361693834273,5.601209841164827,2.924156781407242,0.5974915419312004,3.25,3.0,3.0,3.0833333333333335,11,-0.5000000000000004,0.8660254037844384,1,0,0,0,0,0,0,3.3333333333333335,3.1666666666666665,2024-11
handbag,4.1,2024-12,4.0,3.0,7.818212305533726,4.894055524126484,5.237422609886735,-4.818212305533726,-0.6162805660986461,4.0,3.25,3.0,3.4166666666666665,12,-2.4492935982947064e-16,1.0,1,0,0,0,0,0,0,3.0,3.125,2024-12
handbag,16.612359947967775,2025-01,3.0,4.1,3.0,7.818212305533726,4.9727374351779075,1.0999999999999996,0.3666666666666665,3.0,4.0,3.25,3.4166666666666665,1,0.49999999999999994,0.8660254037844387,1,0,0,0,0,0,0,3.0,3.4583333333333335,2025-01
handbag,2.341392685158225,2025-03,3.0,16.612359947967775,4.1,3.0,7.904119982655923,12.512359947967775,3.051795109260433,3.0,3.0,4.0,3.3333333333333335,3,1.0,6.123233995736766e-17,1,0,0,0,0,0,0,3.0,3.625,2025-03
handbag,4.554242509439325,2025-04,3.0,2.341392685158225,16.612359947967775,4.1,7.684584211041998,-14.270967262809549,-0.8590571903996908,3.0,3.0,3.0,3.0,4,0.8660254037844387,-0.4999999999999998,1,0,0,0,0,0,0,3.25,3.7916666666666665,2025-04
handbag,40.53762237682502,2025-05,3.0,4.554242509439325,2.341392685158225,16.612359947967775,7.835998380855106,2.2128498242810997,0.9450998281100211,3.0,3.0,3.0,3.0,5,0.49999999999999994,-0.8660254037844387,1,0,0,0,0,0,0,3.9166666666666665,4.0249999999999995,2025-05
handbag,2.9,2025-06,3.0,40.53762237682502,4.554242509439325,2.341392685158225,15.811085857140853,35.98337986738569,7.901068024551821,3.0,3.0,3.0,3.0,6,1.2246467991473532e-16,-1.0,1,0,0,0,0,0,0,4.25,4.358333333333333,2025-06
handbag,15.009269960975832,2025-07,3.75,2.9,40.53762237682502,4.554242509439325,15.997288295421447,-37.63762237682502,-0.9284615172285511,3.75,3.0,3.0,3.25,7,-0.4999999999999997,-0.8660254037844388,1,0,0,0,0,0,0,4.333333333333333,4.15268817204301,2025-07
handbag,2.3,2025-08,5.0,15.009269960975832,2.9,40.53762237682502,19.482297445933614,12.109269960975832,4.175610331370977,5.0,3.75,3.0,3.9166666666666665,8,-0.8660254037844385,-0.5000000000000004,1,0,0,0,0,0,0,4.133333333333334,4.176497695852534,2025-08
handbag,0.8999999999999999,2025-09,4.0,2.3,15.009269960975832,2.9,6.736423320325275,-12.709269960975831,-0.8467613677427344,4.0,5.0,3.75,4.25,9,-1.0,-1.8369701987210297e-16,1,0,0,0,0,0,0,4.466666666666667,4.230261136712749,2025-09
handbag,12.40900312761172,2025-10,4.0,0.8999999999999999,2.3,15.009269960975832,6.069756653658609,-1.4,-0.6086956521739131,4.0,4.0,5.0,4.333333333333333,10,-0.8660254037844386,0.5000000000000001,1,0,0,0,0,0,0,3.9720430107526883,4.2763133640553,2025-10
handbag,1.5,2025-11,4.4,12.40900312761172,0.8999999999999999,2.3,5.203001042537237,11.50900312761172,12.787781252901913,4.4,4.0,4.0,4.133333333333334,11,-0.5000000000000004,0.8660254037844384,1,0,0,0,0,0,0,4.2196620583717355,4.2453917050691246,2025-11
handbag,17.43368762756009,2025-12,5.0,1.5,12.40900312761172,0.8999999999999999,4.9363343758705716,-10.90900312761172,-0.8791200240201168,5.0,4.4,4.0,4.466666666666667,12,-2.4492935982947064e-16,1.0,1,0,0,0,0,0,0,3.993855606758833,3.993855606758833,2025-12
heels,2.0,2020-05,6.6,1.0,3.298970004336019,2.8512583487190755,2.3834094510183648,-2.298970004336019,-0.6968750856522961,6.6,6.0,6.8,6.466666666666666,5,0.49999999999999994,-0.8660254037844387,0,1,0,0,0,0,0,7.3,7.383333333333333,2020-05
heels,3.762397997898956,2020-06,7.0,2.0,1.0,3.298970004336019,2.099656668112006,1.0,1.0,7.0,6.6,6.0,6.533333333333332,6,1.2246467991473532e-16,-1.0,0,1,0,0,0,0,0,7.383333333333333,7.508333333333333,2020-06
heels,5.975431808509264,2020-07,7.5,3.762397997898956,2.0,1.0,2.254132665966319,1.762397997898956,0.881198998949478,7.5,7.0,6.6,7.033333333333332,7,-0.4999999999999997,-0.8660254037844388,0,1,0,0,0,0,0,7.466666666666666,7.558333333333333,2020-07
heels,17.57685409904103,2020-08,7.4,5.975431808509264,3.762397997898956,2.0,3.9126099354694066,2.2130338106103085,0.5881976898366781,7.4,7.5,7.0,7.300000000000001,8,-0.8660254037844385,-0.5000000000000004,0,1,0,0,0,0,0,7.466666666666666,7.658333333333332,2020-08
heels,8.801344501381116,2020-09,7.25,17.57685409904103,5.975431808509264,3.762397997898956,9.10489463514975,11.601422290531765,1.9415203222653892,7.25,7.4,7.5,7.383333333333334,9,-1.0,-1.8369701987210297e-16,0,1,0,0,0,0,0,7.633333333333333,7.866666666666667,2020-09
heels,16.300259193084983,2020-10,7.75,8.801344501381116,17.57685409904103,5.975431808509264,10.784543469643802,-8.775509597659912,-0.49926508738208697,7.75,7.25,7.4,7.466666666666668,10,-0.8660254037844386,0.5000000000000001,0,1,0,0,0,0,0,7.6499999999999995,8.075000000000001,2020-10
heels,15.443252060900631,2020-11,7.4,16.300259193084983,8.801344501381116,17.57685409904103,14.226152597835712,7.498914691703867,0.8520192216685905,7.4,7.75,7.25,7.466666666666666,11,-0.5000000000000004,0.8660254037844384,0,1,0,0,0,0,0,7.8500000000000005,8.475,2020-11
heels,16.71162401658395,2020-12,7.75,15.443252060900631,16.300259193084983,8.801344501381116,13.514951918455578,-0.8570071321843518,-0.05257628863643582,7.75,7.4,7.75,7.633333333333333,12,-2.4492935982947064e-16,1.0,0,1,0,0,0,0,0,8.1,8.766666666666666,2020-12
heels,0.3,2021-01,7.8,16.71162401658395,15.443252060900631,16.300259193084983,16.151711756856525,1.2683719556833193,0.08213114379545705,7.8,7.75,7.4,7.6499999999999995,1,0.49999999999999994,0.8660254037844387,0,1,0,0,0,0,0,8.5,9.133333333333333,2021-01
heels,0.8999999999999999,2021-02,8.0,0.3,16.71162401658395,15.443252060900631,10.818292025828194,-16.41162401658395,-0.9820484233188652,8.0,7.8,7.75,7.8500000000000005,2,0.8660254037844386,0.5000000000000001,0,1,0,0,0,0,0,9.1,9.633333333333333,2021-02
heels,0.3,2021-03,8.5,0.8999999999999999,0.3,16.71162401658395,5.9705413388613175,0.5999999999999999,2.0,8.5,8.0,7.8,8.1,3,1.0,6.123233995736766e-17,0,1,0,0,0,0,0,9.433333333333334,10.091666666666667,2021-03
heels,0.6,2021-04,9.0,0.3,0.8999999999999999,0.3,0.5000000000000023,-0.5999999999999999,-0.6666666666666666,9.0,8.5,8.0,8.5,4,0.8660254037844387,-0.4999999999999998,0,1,0,0,0,0,0,9.766666666666667,10.325,2021-04
heels,1.6,2021-05,9.8,0.6,0.3,0.8999999999999999,0.6000000000000023,0.3,1.0,9.8,9.0,8.5,9.1,5,0.49999999999999994,-0.8660254037844387,0,1,0,0,0,0,0,10.166666666666666,10.525,2021-05
heels,0.8999999999999999,2021-06,9.5,1.6,0.6,0.3,0.8333333333333357,1.0,1.666666666666667,9.5,9.8,9.0,9.433333333333334,6,1.2246467991473532e-16,-1.0,0,1,0,0,0,0,0,10.75,10.65,2021-06
heels,4.04688519083771,2021-07,10.0,0.8999999999999999,1.6,0.6,1.0333333333333357,-0.7000000000000002,-0.4375000000000001,10.0,9.5,9.8,9.766666666666667,7,-0.4999999999999997,-0.8660254037844388,0,1,0,0,0,0,0,10.883333333333333,10.85,2021-07
heels,18.113394016088577,2021-08,11.0,4.04688519083771,0.8999999999999999,1.6,2.1822950636125724,3.14688519083771,3.4965391009307893,11.0,10.0,9.5,10.166666666666666,8,-0.8660254037844385,-0.5000000000000004,0,1,0,0,0,0,0,10.883333333333333,11.149999999999999,2021-08
heels,23.82433845939789,2021-09,11.25,18.113394016088577,4.04688519083771,0.8999999999999999,7.686759735642099,14.066508825250867,3.475885319676955,11.25,11.0,10.0,10.75,9,-1.0,-1.8369701987210297e-16,0,1,0,0,0,0,0,10.549999999999999,11.108333333333333,2021-09
heels,26.454965166744955,2021-10,10.4,23.82433845939789,18.113394016088577,4.04688519083771,15.328205888774727,5.710944443309312,0.31528847869354415,10.4,11.25,11.0,10.883333333333333,10,-0.8660254037844386,0.5000000000000001,0,1,0,0,0,0,0,10.816666666666668,11.208333333333334,2021-10
heels,7.942467429360108,2021-11,11.0,26.454965166744955,23.82433845939789,18.113394016088577,22.797565880743807,2.6306267073470657,0.11041761817774098,11.0,10.4,11.25,10.883333333333333,11,-0.5000000000000004,0.8660254037844384,0,1,0,0,0,0,0,11.416666666666666,11.333333333333334,2021-11
heels,2.8020599913279627,2021-12,10.25,7.942467429360108,26.454965166744955,23.82433845939789,19.40725701850099,-18.512497737384848,-0.6997740356375848,10.25,11.0,10.4,10.549999999999999,12,-2.4492935982947064e-16,1.0,0,1,0,0,0,0,0,11.666666666666666,11.424999999999999,2021-12
heels,6.13912313410958,2022-01,11.2,2.8020599913279627,7.942467429360108,26.454965166744955,12.399830862477678,-5.140407438032145,-0.647205353216826,11.2,10.25,11.0,10.816666666666668,1,0.49999999999999994,0.8660254037844387,0,1,0,0,0,0,0,11.6,11.35,2022-01
heels,1.0,2022-05,12.8,6.13912313410958,2.8020599913279627,7.942467429360108,5.627883518265886,3.3370631427816173,1.1909320832207109,12.8,11.2,10.25,11.416666666666666,5,0.49999999999999994,-0.8660254037844387,0,1,0,0,0,0,0,11.25,10.924999999999999,2022-05
heels,1.3,2022-06,11.0,1.0,6.13912313410958,2.8020599913279627,3.3137277084791834,-5.13912313410958,-0.8371102878774495,11.0,12.8,11.2,11.666666666666666,6,1.2246467991473532e-16,-1.0,0,1,0,0,0,0,0,11.183333333333332,10.891666666666666,2022-06
heels,8.180515819267805,2022-07,11.0,1.3,1.0,6.13912313410958,2.813041044703196,0.30000000000000004,0.30000000000000004,11.0,11.0,12.8,11.6,7,-0.4999999999999997,-0.8660254037844388,0,1,0,0,0,0,0,11.1,10.85,2022-07
heels,24.120780603674348,2022-09,11.75,8.180515819267805,1.3,1.0,3.493505273089271,6.8805158192678055,5.29270447635985,11.75,11.0,11.0,11.25,9,-1.0,-1.8369701987210297e-16,0,1,0,0,0,0,0,10.6,10.725,2022-09
heels,32.61595284484146,2022-10,10.8,24.120780603674348,8.180515819267805,1.3,11.200432140980721,15.940264784406542,1.9485647527093555,10.8,11.75,11.0,11.183333333333335,10,-0.8660254037844386,0.5000000000000001,0,1,0,0,0,0,0,10.6,10.924999999999999,2022-10
heels,33.43707744192572,2022-11,10.75,32.61595284484146,24.120780603674348,8.180515819267805,21.63908308926121,8.495172241167111,0.352193089467139,10.75,10.8,11.75,11.100000000000001,11,-0.5000000000000004,0.8660254037844384,0,1,0,0,0,0,0,10.6,11.049999999999999,2022-11
heels,27.420743722972624,2022-12,10.25,33.43707744192572,32.61595284484146,24.120780603674348,30.05793696348051,0.821124597084264,0.025175551393223694,10.25,10.75,10.8,10.600000000000001,12,-2.4492935982947064e-16,1.0,0,1,0,0,0,0,0,10.85,11.174999999999999,2022-12
heels,1.4771212547196624,2023-01,10.8,27.420743722972624,33.43707744192572,32.61595284484146,31.15792466991327,-6.016333718953099,-0.17993001120993313,10.8,10.25,10.75,10.6,1,0.49999999999999994,0.8660254037844387,0,1,0,0,0,0,0,11.25,11.208333333333334,2023-01
heels,1.9989700043360188,2023-02,10.75,1.4771212547196624,27.420743722972624,33.43707744192572,20.778314139872673,-25.94362246825296,-0.9461312475823858,10.75,10.8,10.25,10.6,2,0.8660254037844386,0.5000000000000001,0,1,0,0,0,0,0,11.5,11.25,2023-02
heels,3.7481880270062007,2023-03,11.0,1.9989700043360188,1.4771212547196624,27.420743722972624,10.298944994009437,0.5218487496163564,0.35328768572583846,11.0,10.75,10.8,10.85,3,1.0,6.123233995736766e-17,0,1,0,0,0,0,0,11.5,11.208333333333334,2023-03
heels,2.397940008672037,2023-04,12.0,3.7481880270062007,1.9989700043360188,1.4771212547196624,2.408093095353963,1.749218022670182,0.8750596651655136,12.0,11.0,10.75,11.25,4,0.8660254037844387,-0.4999999999999998,0,1,0,0,0,0,0,11.166666666666666,10.975,2023-04
heels,2.0,2023-05,11.5,2.397940008672037,3.7481880270062007,1.9989700043360188,2.715032680004754,-1.3502480183341636,-0.3602402036945437,11.5,12.0,11.0,11.5,5,0.49999999999999994,-0.8660254037844387,0,1,0,0,0,0,0,11.0,10.933333333333332,2023-05
heels,5.759667844689631,2023-06,11.0,2.0,2.397940008672037,3.7481880270062007,2.7153760118927486,-0.39794000867203705,-0.16595077743100572,11.0,11.5,12.0,11.5,6,1.2246467991473532e-16,-1.0,0,1,0,0,0,0,0,10.916666666666666,10.9,2023-06
heels,5.845098040014257,2023-07,11.0,5.759667844689631,2.0,2.397940008672037,3.3858692844538916,3.7596678446896314,1.8798339223448157,11.0,11.0,11.5,11.166666666666666,7,-0.4999999999999997,-0.8660254037844388,0,1,0,0,0,0,0,10.783333333333333,10.733333333333334,2023-07
heels,3.2720978579357176,2023-08,11.0,5.845098040014257,5.759667844689631,2.0,4.534921961567965,0.08543019532462548,0.014832486460723882,11.0,11.0,11.0,11.0,8,-0.8660254037844385,-0.5000000000000004,0,1,0,0,0,0,0,10.866666666666667,10.766666666666667,2023-08
heels,71.37477999925568,2023-09,10.75,3.2720978579357176,5.845098040014257,5.759667844689631,4.958954580879871,-2.5730001820785393,-0.44019795125151806,10.75,11.0,11.0,10.916666666666666,9,-1.0,-1.8369701987210297e-16,0,1,0,0,0,0,0,10.883333333333335,10.808333333333335,2023-09
heels,72.95069675604724,2023-10,10.6,71.37477999925568,3.2720978579357176,5.845098040014257,26.83065863240189,68.10268214131996,20.813155687307038,10.6,10.75,11.0,10.783333333333333,10,-0.8660254037844386,0.5000000000000001,0,1,0,0,0,0,0,10.683333333333332,10.875,2023-10
heels,66.80862672854872,2023-11,11.25,72.95069675604724,71.37477999925568,3.2720978579357176,49.19919153774621,1.5759167567915568,0.02207946219670287,11.25,10.6,10.75,10.866666666666667,11,-0.5000000000000004,0.8660254037844384,0,1,0,0,0,0,0,10.666666666666666,10.75,2023-11
heels,46.7,2023-12,10.8,66.80862672854872,72.95069675604724,71.37477999925568,70.37803449461721,-6.142070027498519,-0.08419480965395132,10.8,11.25,10.6,10.883333333333335,12,-2.4492935982947064e-16,1.0,0,1,0,0,0,0,0,10.733333333333334,10.916666666666666,2023-12
heels,1.0,2024-01,10.0,46.7,66.80862672854872,72.95069675604724,62.15310782819865,-20.108626728548714,-0.30098847578849997,10.0,10.8,11.25,10.683333333333332,1,0.49999999999999994,0.8660254037844387,0,1,0,0,0,0,0,11.066666666666668,11.083333333333334,2024-01
heels,2.0,2024-03,11.2,1.0,46.7,66.80862672854872,38.16954224284958,-45.7,-0.9785867237687366,11.2,10.0,10.8,10.666666666666666,3,1.0,6.123233995736766e-17,0,1,0,0,0,0,0,10.833333333333334,11.049999999999999,2024-03
heels,2.62221929473392,2024-04,11.0,2.0,1.0,46.7,16.566666666666674,1.0,1.0,11.0,11.2,10.0,10.733333333333334,4,0.8660254037844387,-0.4999999999999998,0,1,0,0,0,0,0,11.1,11.183333333333332,2024-04
heels,2.146128035678238,2024-05,11.0,2.62221929473392,2.0,1.0,1.8740730982446447,0.6222192947339198,0.3111096473669599,11.0,11.0,11.2,11.066666666666668,5,0.49999999999999994,-0.8660254037844387,0,1,0,0,0,0,0,11.1,11.183333333333332,2024-05
heels,0.3,2024-07,10.5,2.146128035678238,2.62221929473392,2.0,2.2561157768040574,-0.4760912590556816,-0.18156042860785648,10.5,11.0,11.0,10.833333333333334,7,-0.4999999999999997,-0.8660254037844388,0,1,0,0,0,0,0,11.266666666666666,11.266666666666666,2024-07
heels,19.98632442252724,2024-09,11.8,0.3,2.146128035678238,2.62221929473392,1.6894491101373907,-1.8461280356782381,-0.8602133726354348,11.8,10.5,11.0,11.1,9,-1.0,-1.8369701987210297e-16,0,1,0,0,0,0,0,11.266666666666666,11.399999999999999,2024-09
heels,18.230817527628552,2024-10,11.0,19.98632442252724,0.3,2.146128035678238,7.4774841527351645,19.68632442252724,65.62108140842413,11.0,11.8,10.5,11.1,10,-0.8660254037844386,0.5000000000000001,0,1,0,0,0,0,0,11.266666666666666,11.691666666666668,2024-10
heels,13.00710316083924,2024-11,11.0,18.230817527628552,19.98632442252724,0.3,12.8390473167186,-1.7555068948986872,-0.08783540473905238,11.0,11.0,11.8,11.266666666666666,11,-0.5000000000000004,0.8660254037844384,0,1,0,0,0,0,0,11.266666666666666,11.9,2024-11
heels,45.065229509627606,2024-12,11.8,13.00710316083924,18.230817527628552,19.98632442252724,17.074748370331683,-5.223714366789313,-0.28653209648293865,11.8,11.0,11.0,11.266666666666666,12,-2.4492935982947064e-16,1.0,0,1,0,0,0,0,0,11.533333333333333,12.066666666666668,2024-12
heels,8.9,2025-01,11.0,45.065229509627606,13.00710316083924,18.230817527628552,25.434383399365135,32.05812634878836,2.464663034679885,11.0,11.8,11.0,11.266666666666666,1,0.49999999999999994,0.8660254037844387,0,1,0,0,0,0,0,12.116666666666667,13.275,2025-01
heels,1.0,2025-02,11.0,8.9,45.065229509627606,13.00710316083924,22.324110890155623,-36.16522950962761,-0.8025084949784039,11.0,11.0,11.8,11.266666666666666,2,0.8660254037844386,0.5000000000000001,0,1,0,0,0,0,0,12.533333333333333,13.708333333333334,2025-02
heels,17.02484923085597,2025-03,12.6,1.0,8.9,45.065229509627606,18.321743169875877,-7.9,-0.8876404494382022,12.6,11.0,11.0,11.533333333333333,3,1.0,6.123233995736766e-17,0,1,0,0,0,0,0,12.6,13.733333333333333,2025-03
heels,1.0,2025-04,12.75,17.02484923085597,1.0,8.9,8.97494974361866,16.02484923085597,16.02484923085597,12.75,12.6,11.0,12.116666666666667,4,0.8660254037844387,-0.4999999999999998,0,1,0,0,0,0,0,14.433333333333332,13.691666666666668,2025-04
heels,3.0413926851582254,2025-05,12.25,1.0,17.02484923085597,1.0,6.3416164102853285,-16.02484923085597,-0.9412623285857009,12.25,12.75,12.6,12.533333333333333,5,0.49999999999999994,-0.8660254037844387,0,1,0,0,0,0,0,14.883333333333333,13.75,2025-05
heels,15.71244912562949,2025-06,12.8,3.0413926851582254,1.0,17.02484923085597,7.022080638671404,2.0413926851582254,2.0413926851582254,12.8,12.25,12.75,12.6,6,1.2246467991473532e-16,-1.0,0,1,0,0,0,0,0,14.866666666666667,13.700000000000001,2025-06
heels,30.02039888135175,2025-07,18.25,15.71244912562949,3.0413926851582254,1.0,6.584613936929244,12.671056440471265,4.166202050233466,18.25,12.8,12.25,14.433333333333332,7,-0.4999999999999997,-0.8660254037844388,0,1,0,0,0,0,0,12.950000000000001,12.443279569892473,2025-07
heels,11.137607270504631,2025-08,13.6,30.02039888135175,15.71244912562949,3.0413926851582254,16.25808023071316,14.307949755722259,0.9106123202896312,13.6,18.25,12.8,14.883333333333333,8,-0.8660254037844385,-0.5000000000000004,0,1,0,0,0,0,0,12.616666666666667,12.498041474654379,2025-08
heels,76.01853737384347,2025-09,12.75,11.137607270504631,30.02039888135175,15.71244912562949,18.95681842582863,-18.882791610847118,-0.6289986913723802,12.75,13.6,18.25,14.866666666666667,9,-1.0,-1.8369701987210297e-16,0,1,0,0,0,0,0,12.533333333333333,12.77089093701997,2025-09
heels,25.55917118691012,2025-10,12.5,76.01853737384347,11.137607270504631,30.02039888135175,39.058847841899954,64.88093010333884,5.825392162566275,12.5,12.75,13.6,12.950000000000001,10,-0.8660254037844386,0.5000000000000001,0,1,0,0,0,0,0,11.936559139784947,12.825069124423965,2025-10
heels,31.26562096706617,2025-11,12.6,25.55917118691012,76.01853737384347,11.137607270504631,37.57177194375274,-50.45936618693335,-0.6637771250291835,12.6,12.5,12.75,12.616666666666665,11,-0.5000000000000004,0.8660254037844384,0,1,0,0,0,0,0,12.37941628264209,12.881336405529954,2025-11
heels,76.70198535820273,2025-12,12.5,31.26562096706617,25.55917118691012,76.01853737384347,44.28110984260659,5.706449780156049,0.2232642732593204,12.5,12.6,12.5,12.533333333333331,12,-2.4492935982947064e-16,1.0,0,1,0,0,0,0,0,13.008448540706604,13.008448540706604,2025-12
hoodie,7.477121254719663,2020-09,29.0,2.4771212547196626,3.3483048630481607,3.3483048630481607,3.057910326938661,-0.8711836083284981,-0.26018646567786186,29.0,24.0,26.0,26.333333333333332,9,-1.0,-1.8369701987210297e-16,0,0,0,0,0,0,1,40.666666666666664,33.833333333333336,2020-09
hoodie,1.4771212547196624,2020-10,33.0,7.477121254719663,2.4771212547196626,3.3483048630481607,4.434182457495829,5.0,2.0184720430917515,33.0,29.0,24.0,28.666666666666668,10,-0.8660254037844386,0.5000000000000001,0,0,0,0,0,0,1,41.333333333333336,33.333333333333336,2020-10
hoodie,2.7,2020-11,43.0,1.4771212547196624,7.477121254719663,2.4771212547196626,3.810454588052996,-6.0,-0.8024478667124353,43.0,33.0,29.0,35.0,11,-0.5000000000000004,0.8660254037844384,0,0,0,0,0,0,1,36.0,32.333333333333336,2020-11
hoodie,1.2,2020-12,46.0,2.7,1.4771212547196624,7.477121254719663,3.8847475031464422,1.2228787452803378,0.827879729827883,46.0,43.0,33.0,40.666666666666664,12,-2.4492935982947064e-16,1.0,0,0,0,0,0,0,1,27.0,32.666666666666664,2020-12
hoodie,1.0,2021-01,35.0,1.2,2.7,1.4771212547196624,1.792373751573221,-1.5000000000000002,-0.5555555555555556,35.0,46.0,43.0,41.333333333333336,1,0.49999999999999994,0.8660254037844387,0,0,0,0,0,0,1,25.333333333333332,35.5,2021-01
hoodie,1.6,2021-03,27.0,1.0,1.2,2.7,1.6333333333333335,-0.19999999999999996,-0.16666666666666663,27.0,35.0,46.0,36.0,3,1.0,6.123233995736766e-17,0,0,0,0,0,0,1,28.666666666666668,36.833333333333336,2021-03
hoodie,1.0,2021-06,19.0,1.6,1.0,1.2,1.2666666666666666,0.6000000000000001,0.6000000000000001,19.0,27.0,35.0,27.0,6,1.2246467991473532e-16,-1.0,0,0,0,0,0,0,1,38.333333333333336,38.666666666666664,2021-06
hoodie,2.3,2021-09,30.0,1.0,1.6,1.0,1.2,-0.6000000000000001,-0.375,30.0,19.0,27.0,25.333333333333332,9,-1.0,-1.8369701987210297e-16,0,0,0,0,0,0,1,45.666666666666664,38.0,2021-09
hoodie,1.0,2021-10,37.0,2.3,1.0,1.6,1.633333333333333,1.2999999999999998,1.2999999999999998,37.0,30.0,19.0,28.666666666666668,10,-0.8660254037844386,0.5000000000000001,0,0,0,0,0,0,1,45.0,35.5,2021-10
hoodie,8.002836034902314,2021-11,48.0,1.0,2.3,1.0,1.4333333333333333,-1.2999999999999998,-0.5652173913043478,48.0,37.0,30.0,38.333333333333336,11,-0.5000000000000004,0.8660254037844384,0,0,0,0,0,0,1,39.0,31.166666666666668,2021-11
hoodie,2.5051499783199063,2021-12,52.0,8.002836034902314,1.0,2.3,3.7676120116341045,7.002836034902314,7.002836034902314,52.0,48.0,37.0,45.666666666666664,12,-2.4492935982947064e-16,1.0,0,0,0,0,0,0,1,30.333333333333332,27.833333333333332,2021-12
hoodie,4.18098558078673,2022-01,35.0,2.5051499783199063,8.002836034902314,1.0,3.8359953377407403,-5.497686056582408,-0.6869672241947307,35.0,52.0,48.0,45.0,1,0.49999999999999994,0.8660254037844387,0,0,0,0,0,0,1,26.0,28.333333333333332,2022-01
hoodie,0.3,2022-02,30.0,4.18098558078673,2.5051499783199063,8.002836034902314,4.896323864669651,1.6758356024668242,0.6689561970220774,30.0,35.0,52.0,39.0,2,0.8660254037844386,0.5000000000000001,0,0,0,0,0,0,1,23.333333333333332,31.333333333333332,2022-02
hoodie,1.845098040014257,2022-04,26.0,0.3,4.18098558078673,2.5051499783199063,2.3287118530355455,-3.8809855807867306,-0.9282465834422826,26.0,30.0,35.0,30.333333333333332,4,0.8660254037844387,-0.4999999999999998,0,0,0,0,0,0,1,25.333333333333332,35.666666666666664,2022-04
hoodie,0.3,2022-05,22.0,1.845098040014257,0.3,4.18098558078673,2.108694540266996,1.5450980400142569,5.150326800047523,22.0,26.0,30.0,26.0,5,0.49999999999999994,-0.8660254037844387,0,0,0,0,0,0,1,30.666666666666668,35.333333333333336,2022-05
hoodie,1.7781512503836436,2022-08,22.0,0.3,1.845098040014257,0.3,0.8150326800047524,-1.5450980400142569,-0.8374070138854617,22.0,22.0,26.0,23.333333333333332,8,-0.8660254037844385,-0.5000000000000004,0,0,0,0,0,0,1,39.333333333333336,35.666666666666664,2022-08
hoodie,3.4,2022-09,32.0,1.7781512503836436,0.3,1.845098040014257,1.307749763465967,1.4781512503836436,4.927170834612146,32.0,22.0,22.0,25.333333333333332,9,-1.0,-1.8369701987210297e-16,0,0,0,0,0,0,1,46.0,34.833333333333336,2022-09
hoodie,4.501029995663981,2022-10,38.0,3.4,1.7781512503836436,0.3,1.826050416794548,1.6218487496163563,0.912098309559682,38.0,32.0,22.0,30.666666666666668,10,-0.8660254037844386,0.5000000000000001,0,0,0,0,0,0,1,40.0,33.666666666666664,2022-10
hoodie,4.393038573604643,2022-11,48.0,4.501029995663981,3.4,1.7781512503836436,3.226393748682542,1.1010299956639815,0.323832351665877,48.0,38.0,32.0,39.333333333333336,11,-0.5000000000000004,0.8660254037844384,0,0,0,0,0,0,1,32.0,32.333333333333336,2022-11
hoodie,2.6,2022-12,52.0,4.393038573604643,4.501029995663981,3.4,4.098022856422875,-0.10799142205933876,-0.02399260217402932,52.0,48.0,38.0,46.0,12,-2.4492935982947064e-16,1.0,0,0,0,0,0,0,1,23.666666666666668,32.5,2022-12
hoodie,4.477121254719663,2023-06,20.0,2.6,4.393038573604643,4.501029995663981,3.831356189756208,-1.7930385736046426,-0.40815452529327356,20.0,52.0,48.0,40.0,6,1.2246467991473532e-16,-1.0,0,0,0,0,0,0,1,27.333333333333332,38.666666666666664,2023-06
hoodie,0.6,2023-07,24.0,4.477121254719663,2.6,4.393038573604643,3.8233866094414353,1.8771212547196625,0.7219697133537164,24.0,20.0,52.0,32.0,7,-0.4999999999999997,-0.8660254037844388,0,0,0,0,0,0,1,32.666666666666664,40.333333333333336,2023-07
hoodie,0.6,2023-08,27.0,0.6,4.477121254719663,2.6,2.559040418239887,-3.8771212547196625,-0.8659853138068361,27.0,24.0,20.0,23.666666666666668,8,-0.8660254037844385,-0.5000000000000004,0,0,0,0,0,0,1,41.333333333333336,41.0,2023-08
hoodie,2.4,2023-09,31.0,0.6,0.6,4.477121254719663,1.8923737515732209,0.0,0.0,31.0,27.0,24.0,27.333333333333332,9,-1.0,-1.8369701987210297e-16,0,0,0,0,0,0,1,50.0,40.333333333333336,2023-09
hoodie,2.5,2023-10,40.0,2.4,0.6,0.6,1.2,1.7999999999999998,3.0,40.0,31.0,27.0,32.666666666666664,10,-0.8660254037844386,0.5000000000000001,0,0,0,0,0,0,1,48.0,38.0,2023-10
hoodie,3.825024865003756,2023-11,53.0,2.5,2.4,0.6,1.8333333333333333,0.10000000000000009,0.04166666666666674,53.0,40.0,31.0,41.333333333333336,11,-0.5000000000000004,0.8660254037844384,0,0,0,0,0,0,1,40.666666666666664,34.833333333333336,2023-11
hoodie,3.1,2023-12,57.0,3.825024865003756,2.5,2.4,2.908341621667919,1.3250248650037562,0.5300099460015024,57.0,53.0,40.0,50.0,12,-2.4492935982947064e-16,1.0,0,0,0,0,0,0,1,30.666666666666668,32.166666666666664,2023-12
hoodie,0.6,2024-02,34.0,3.1,3.825024865003756,2.5,3.141674955001252,-0.7250248650037561,-0.1895477521302451,34.0,57.0,53.0,48.0,2,0.8660254037844386,0.5000000000000001,0,0,0,0,0,0,1,28.0,36.166666666666664,2024-02
hoodie,0.3,2024-03,31.0,0.6,3.1,3.825024865003756,2.5083416216679186,-2.5,-0.8064516129032258,31.0,34.0,57.0,40.666666666666664,3,1.0,6.123233995736766e-17,0,0,0,0,0,0,1,29.0,42.166666666666664,2024-03
hoodie,0.6,2024-04,27.0,0.3,0.6,3.1,1.3333333333333333,-0.3,-0.5,27.0,31.0,34.0,30.666666666666668,4,0.8660254037844387,-0.4999999999999998,0,0,0,0,0,0,1,33.666666666666664,45.166666666666664,2024-04
hoodie,0.6,2024-08,26.0,0.6,0.3,0.6,0.49999999999999983,0.3,1.0,26.0,27.0,31.0,28.0,8,-0.8660254037844385,-0.5000000000000004,0,0,0,0,0,0,1,44.333333333333336,46.833333333333336,2024-08
hoodie,52.7791703004728,2024-09,34.0,0.6,0.6,0.3,0.49999999999999983,0.0,0.0,34.0,26.0,27.0,29.0,9,-1.0,-1.8369701987210297e-16,0,0,0,0,0,0,1,55.333333333333336,46.5,2024-09
hoodie,9.8,2024-10,41.0,52.7791703004728,0.6,0.6,17.993056766824267,52.1791703004728,86.96528383412134,41.0,34.0,26.0,33.666666666666664,10,-0.8660254037844386,0.5000000000000001,0,0,0,0,0,0,1,56.666666666666664,44.666666666666664,2024-10
hoodie,5.205149978319906,2024-11,58.0,9.8,52.7791703004728,0.6,21.059723433490934,-42.9791703004728,-0.8143206885555718,58.0,41.0,34.0,44.333333333333336,11,-0.5000000000000004,0.8660254037844384,0,0,0,0,0,0,1,49.333333333333336,39.333333333333336,2024-11
hoodie,5.767563000920744,2024-12,67.0,5.205149978319906,9.8,52.7791703004728,22.594773426264236,-4.594850021680095,-0.46886224711021374,67.0,58.0,41.0,55.333333333333336,12,-2.4492935982947064e-16,1.0,0,0,0,0,0,0,1,37.666666666666664,31.666666666666668,2024-12
hoodie,0.3,2025-01,45.0,5.767563000920744,5.205149978319906,9.8,6.9242376597468835,0.5624130226008388,0.10804934054606652,45.0,67.0,58.0,56.666666666666664,1,0.49999999999999994,0.8660254037844387,0,0,0,0,0,0,1,32.666666666666664,28.5,2025-01
hoodie,2.0,2025-02,36.0,0.3,5.767563000920744,5.205149978319906,3.7575709930802166,-5.4675630009207445,-0.9479849635015504,36.0,45.0,67.0,49.333333333333336,2,0.8660254037844386,0.5000000000000001,0,0,0,0,0,0,1,29.333333333333332,28.166666666666668,2025-02
hoodie,0.6,2025-03,32.0,2.0,0.3,5.767563000920744,2.6891876669735812,1.7,5.666666666666667,32.0,36.0,45.0,37.666666666666664,3,1.0,6.123233995736766e-17,0,0,0,0,0,0,1,25.666666666666668,29.166666666666668,2025-03
hoodie,1.9030899869919435,2025-04,30.0,0.6,2.0,0.3,0.9666666666666667,-1.4,-0.7,30.0,32.0,36.0,32.666666666666664,4,0.8660254037844387,-0.4999999999999998,0,0,0,0,0,0,1,24.333333333333332,34.0,2025-04
hoodie,2.201029995663981,2025-05,26.0,1.9030899869919435,0.6,2.0,1.5010299956639812,1.3030899869919437,2.171816644986573,26.0,30.0,32.0,29.333333333333332,5,0.49999999999999994,-0.8660254037844387,0,0,0,0,0,0,1,27.0,40.166666666666664,2025-05
hoodie,11.243233268219347,2025-06,21.0,2.201029995663981,1.9030899869919435,0.6,1.5680399942186416,0.2979400086720376,0.1565559225830233,21.0,26.0,30.0,25.666666666666668,6,1.2246467991473532e-16,-1.0,0,0,0,0,0,0,1,32.666666666666664,43.666666666666664,2025-06
hoodie,1.7999999999999998,2025-07,26.0,11.243233268219347,2.201029995663981,1.9030899869919435,5.115784416958424,9.042203272555366,4.108169034664891,26.0,21.0,26.0,24.333333333333332,7,-0.4999999999999997,-0.8660254037844388,0,0,0,0,0,0,1,43.666666666666664,47.2,2025-07
hoodie,30.5106378973262,2025-08,34.0,1.7999999999999998,11.243233268219347,2.201029995663981,5.08142108796111,-9.443233268219348,-0.8399037041161492,34.0,26.0,21.0,27.0,8,-0.8660254037844385,-0.5000000000000004,0,0,0,0,0,0,1,53.333333333333336,50.5,2025-08
hoodie,23.628984999847976,2025-09,38.0,30.5106378973262,1.7999999999999998,11.243233268219347,14.517957055181848,28.710637897326198,15.950354387403443,38.0,34.0,26.0,32.666666666666664,9,-1.0,-1.8369701987210297e-16,0,0,0,0,0,0,1,54.666666666666664,54.666666666666664,2025-09
jacket,98.23689472328977,2020-04,19.0,15.798144059924503,9.497940008672035,11.661759696485603,12.319281255027382,6.300204051252468,0.6633232096117796,19.0,23.0,32.0,24.666666666666668,4,0.8660254037844387,-0.4999999999999998,0,0,0,0,0,0,1,22.333333333333332,27.333333333333332,2020-04
jacket,20.46048355179096,2020-05,21.0,98.23689472328977,15.798144059924503,9.497940008672035,41.17765959729544,82.43875066336525,5.218255407132882,21.0,19.0,23.0,21.0,5,0.49999999999999994,-0.8660254037844387,0,0,0,0,0,0,1,23.666666666666668,31.666666666666668,2020-05
jacket,31.632179033062812,2020-06,22.0,20.46048355179096,98.23689472328977,15.798144059924503,44.83184077833508,-77.77641117149881,-0.7917230220944653,22.0,21.0,19.0,20.666666666666668,6,1.2246467991473532e-16,-1.0,0,0,0,0,0,0,1,26.666666666666668,36.333333333333336,2020-06
jacket,50.75274113688042,2020-07,24.0,31.632179033062812,20.46048355179096,98.23689472328977,50.109852436047845,11.17169548127185,0.5460132676235778,24.0,22.0,21.0,22.333333333333332,7,-0.4999999999999997,-0.8660254037844388,0,0,0,0,0,0,1,32.333333333333336,38.833333333333336,2020-07
jacket,27.90237080962753,2020-08,25.0,50.75274113688042,31.632179033062812,20.46048355179096,34.28180124057806,19.120562103817605,0.6044655375727443,25.0,24.0,22.0,23.666666666666668,8,-0.8660254037844385,-0.5000000000000004,0,0,0,0,0,0,1,39.666666666666664,40.333333333333336,2020-08
jacket,65.11416194596579,2020-09,31.0,27.90237080962753,50.75274113688042,31.632179033062812,36.762430326523585,-22.850370327252886,-0.4502292844759914,31.0,25.0,24.0,26.666666666666668,9,-1.0,-1.8369701987210297e-16,0,0,0,0,0,0,1,46.0,39.833333333333336,2020-09
jacket,63.928874909665055,2020-10,41.0,65.11416194596579,27.90237080962753,50.75274113688042,47.92309129749125,37.21179113633826,1.3336426280844411,41.0,31.0,25.0,32.333333333333336,10,-0.8660254037844386,0.5000000000000001,0,0,0,0,0,0,1,45.333333333333336,37.333333333333336,2020-10
jacket,79.90158040440696,2020-11,47.0,63.928874909665055,65.11416194596579,27.90237080962753,52.315135888419455,-1.1852870363007355,-0.018203214183795113,47.0,41.0,31.0,39.666666666666664,11,-0.5000000000000004,0.8660254037844384,0,0,0,0,0,0,1,41.0,33.833333333333336,2020-11
jacket,100.46903439291869,2020-12,50.0,79.90158040440696,63.928874909665055,65.11416194596579,69.64820575334592,15.972705494741902,0.24985119036291814,50.0,47.0,41.0,46.0,12,-2.4492935982947064e-16,1.0,0,0,0,0,0,0,1,33.666666666666664,29.166666666666668,2020-12
jacket,9.660422483423211,2021-01,39.0,100.46903439291869,79.90158040440696,63.928874909665055,81.43316323566357,20.56745398851173,0.25740985202562205,39.0,50.0,47.0,45.333333333333336,1,0.49999999999999994,0.8660254037844387,0,0,0,0,0,0,1,29.333333333333332,26.666666666666668,2021-01
jacket,3.155272505103306,2021-02,34.0,9.660422483423211,100.46903439291869,79.90158040440696,63.34367909358295,-90.80861190949548,-0.9038467668989152,34.0,39.0,50.0,41.0,2,0.8660254037844386,0.5000000000000001,0,0,0,0,0,0,1,26.666666666666668,25.666666666666668,2021-02
jacket,7.699999999999999,2021-03,28.0,3.155272505103306,9.660422483423211,100.46903439291869,37.761576460481734,-6.505149978319905,-0.6733815202681258,28.0,34.0,39.0,33.666666666666664,3,1.0,6.123233995736766e-17,0,0,0,0,0,0,1,24.666666666666668,26.5,2021-03
jacket,8.380211241711606,2021-04,26.0,7.699999999999999,3.155272505103306,9.660422483423211,6.8385649961755055,4.544727494896693,1.4403597431112836,26.0,28.0,34.0,29.333333333333332,4,0.8660254037844387,-0.4999999999999998,0,0,0,0,0,0,1,24.0,29.666666666666668,2021-04
jacket,22.357593642088812,2021-05,26.0,8.380211241711606,7.699999999999999,3.155272505103306,6.41182791560497,0.6802112417116071,0.0883391223002088,26.0,26.0,28.0,26.666666666666668,5,0.49999999999999994,-0.8660254037844387,0,0,0,0,0,0,1,24.666666666666668,34.666666666666664,2021-05
jacket,24.59989201291657,2021-06,22.0,22.357593642088812,8.380211241711606,7.699999999999999,12.812601627933473,13.977382400377206,1.6679033495965205,22.0,26.0,26.0,24.666666666666668,6,1.2246467991473532e-16,-1.0,0,0,0,0,0,0,1,28.333333333333332,40.5,2021-06
jacket,47.1237843701367,2021-07,24.0,24.59989201291657,22.357593642088812,8.380211241711606,18.44589896557233,2.2422983708277577,0.10029247363216087,24.0,22.0,26.0,24.0,7,-0.4999999999999997,-0.8660254037844388,0,0,0,0,0,0,1,35.333333333333336,44.0,2021-07
jacket,29.025662157698125,2021-08,28.0,47.1237843701367,24.59989201291657,22.357593642088812,31.360423341714025,22.523892357220127,0.9156093996426324,28.0,24.0,22.0,24.666666666666668,8,-0.8660254037844385,-0.5000000000000004,0,0,0,0,0,0,1,44.666666666666664,45.333333333333336,2021-08
jacket,81.73200102874547,2021-09,33.0,29.025662157698125,47.1237843701367,24.59989201291657,33.583112846917125,-18.09812221243857,-0.3840549407128626,33.0,28.0,24.0,28.333333333333332,9,-1.0,-1.8369701987210297e-16,0,0,0,0,0,0,1,52.666666666666664,45.166666666666664,2021-09
jacket,76.46654227402313,2021-10,45.0,81.73200102874547,29.025662157698125,47.1237843701367,52.627149185526754,52.70633887104735,1.815853109041603,45.0,33.0,28.0,35.333333333333336,10,-0.8660254037844386,0.5000000000000001,0,0,0,0,0,0,1,52.666666666666664,42.833333333333336,2021-10
jacket,88.79152609658357,2021-11,56.0,76.46654227402313,81.73200102874547,29.025662157698125,62.40806848682224,-5.265458754722346,-0.06442346557586986,56.0,45.0,33.0,44.666666666666664,11,-0.5000000000000004,0.8660254037844384,0,0,0,0,0,0,1,46.0,37.833333333333336,2021-11
jacket,27.750365223967865,2021-12,57.0,88.79152609658357,76.46654227402313,81.73200102874547,82.3300231331174,12.32498382256044,0.16118139327384529,57.0,56.0,45.0,52.666666666666664,12,-2.4492935982947064e-16,1.0,0,0,0,0,0,0,1,37.666666666666664,32.666666666666664,2021-12
jacket,1.5,2022-01,45.0,27.750365223967865,88.79152609658357,76.46654227402313,64.33614453152485,-61.041160872615706,-0.6874660629913916,45.0,57.0,56.0,52.666666666666664,1,0.49999999999999994,0.8660254037844387,0,0,0,0,0,0,1,33.0,29.166666666666668,2022-01
jacket,10.558125870372912,2022-02,36.0,1.5,27.750365223967865,88.79152609658357,39.347297106850476,-26.250365223967865,-0.9459466573541001,36.0,45.0,57.0,46.0,2,0.8660254037844386,0.5000000000000001,0,0,0,0,0,0,1,29.666666666666668,27.5,2022-02
jacket,1.8,2022-03,32.0,10.558125870372912,1.5,27.750365223967865,13.269497031446926,9.058125870372912,6.038750580248608,32.0,36.0,45.0,37.666666666666664,3,1.0,6.123233995736766e-17,0,0,0,0,0,0,1,27.666666666666668,28.333333333333332,2022-03
jacket,4.245098040014257,2022-04,31.0,1.8,10.558125870372912,1.5,4.619375290124304,-8.758125870372911,-0.8295151978580813,31.0,32.0,36.0,33.0,4,0.8660254037844387,-0.4999999999999998,0,0,0,0,0,0,1,25.333333333333332,31.0,2022-04
jacket,2.9,2022-05,26.0,4.245098040014257,1.8,10.558125870372912,5.534407970129056,2.4450980400142575,1.3583878000079208,26.0,31.0,32.0,29.666666666666668,5,0.49999999999999994,-0.8660254037844387,0,0,0,0,0,0,1,25.333333333333332,36.166666666666664,2022-05
jacket,0.6,2022-06,26.0,2.9,4.245098040014257,1.8,2.981699346671419,-1.3450980400142574,-0.3168591225303573,26.0,26.0,31.0,27.666666666666668,6,1.2246467991473532e-16,-1.0,0,0,0,0,0,0,1,29.0,41.333333333333336,2022-06
jacket,2.1,2022-07,24.0,0.6,2.9,4.245098040014257,2.581699346671419,-2.3,-0.7931034482758621,24.0,26.0,26.0,25.333333333333332,7,-0.4999999999999997,-0.8660254037844388,0,0,0,0,0,0,1,36.666666666666664,45.0,2022-07
jacket,2.8,2022-08,26.0,2.1,0.6,2.9,1.8666666666666665,1.5,2.5000000000000004,26.0,24.0,26.0,25.333333333333332,8,-0.8660254037844385,-0.5000000000000004,0,0,0,0,0,0,1,47.0,47.0,2022-08
jacket,92.13293171097482,2022-09,37.0,2.8,2.1,0.6,1.8333333333333333,0.6999999999999997,0.33333333333333326,37.0,26.0,24.0,29.0,9,-1.0,-1.8369701987210297e-16,0,0,0,0,0,0,1,53.666666666666664,46.166666666666664,2022-09
jacket,46.18770151189619,2022-10,47.0,92.13293171097482,2.8,2.1,32.34431057032494,89.33293171097482,31.904618468205292,47.0,37.0,26.0,36.666666666666664,10,-0.8660254037844386,0.5000000000000001,0,0,0,0,0,0,1,53.333333333333336,43.5,2022-10
jacket,60.40062351572416,2022-11,57.0,46.18770151189619,92.13293171097482,2.8,47.04021107429034,-45.94523019907862,-0.49868412245049243,57.0,47.0,37.0,47.0,11,-0.5000000000000004,0.8660254037844384,0,0,0,0,0,0,1,47.0,38.333333333333336,2022-11
jacket,92.11453804500508,2022-12,57.0,60.40062351572416,46.18770151189619,92.13293171097482,66.24041891286505,14.21292200382797,0.30772092004117724,57.0,57.0,47.0,53.666666666666664,12,-2.4492935982947064e-16,1.0,0,0,0,0,0,0,1,38.666666666666664,32.833333333333336,2022-12
jacket,3.1989700043360187,2023-01,46.0,92.11453804500508,60.40062351572416,46.18770151189619,66.23428769087515,31.713914529280913,0.5250593898426361,46.0,57.0,57.0,53.333333333333336,1,0.49999999999999994,0.8660254037844387,0,0,0,0,0,0,1,33.666666666666664,29.5,2023-01
jacket,11.24921802267018,2023-02,38.0,3.1989700043360187,92.11453804500508,60.40062351572416,51.90471052168842,-88.91556804066906,-0.9652718227520929,38.0,46.0,57.0,47.0,2,0.8660254037844386,0.5000000000000001,0,0,0,0,0,0,1,29.666666666666668,27.833333333333332,2023-02
jacket,3.5,2023-03,32.0,11.24921802267018,3.1989700043360187,92.11453804500508,35.520908690670424,8.05024801833416,2.5165125047820127,32.0,38.0,46.0,38.666666666666664,3,1.0,6.123233995736766e-17,0,0,0,0,0,0,1,27.0,28.166666666666668,2023-03
jacket,2.6,2023-04,31.0,3.5,11.24921802267018,3.1989700043360187,5.982729342335399,-7.7492180226701795,-0.6888672623335627,31.0,32.0,38.0,33.666666666666664,4,0.8660254037844387,-0.4999999999999998,0,0,0,0,0,0,1,25.333333333333332,30.666666666666668,2023-04
jacket,24.577121254719664,2023-05,26.0,2.6,3.5,11.24921802267018,5.783072674223393,-0.8999999999999999,-0.2571428571428571,26.0,31.0,32.0,29.666666666666668,5,0.49999999999999994,-0.8660254037844387,0,0,0,0,0,0,1,26.0,36.0,2023-05
jacket,9.146128035678238,2023-06,24.0,24.577121254719664,2.6,3.5,10.225707084906555,21.977121254719663,8.452738944122947,24.0,26.0,31.0,27.0,6,1.2246467991473532e-16,-1.0,0,0,0,0,0,0,1,29.333333333333332,41.333333333333336,2023-06
jacket,3.8,2023-07,26.0,9.146128035678238,24.577121254719664,2.6,12.107749763465968,-15.430993219041426,-0.627860076007809,26.0,24.0,26.0,25.333333333333332,7,-0.4999999999999997,-0.8660254037844388,0,0,0,0,0,0,1,36.0,44.833333333333336,2023-07
jacket,14.311575005870594,2023-08,28.0,3.8,9.146128035678238,24.577121254719664,12.507749763465966,-5.346128035678238,-0.5845236382897183,28.0,26.0,24.0,26.0,8,-0.8660254037844385,-0.5000000000000004,0,0,0,0,0,0,1,46.0,46.5,2023-08
jacket,63.27814025885968,2023-09,34.0,14.311575005870594,3.8,9.146128035678238,9.085901013849611,10.511575005870593,2.7662039489133146,34.0,28.0,26.0,29.333333333333332,9,-1.0,-1.8369701987210297e-16,0,0,0,0,0,0,1,53.333333333333336,46.5,2023-09
jacket,37.65695794469916,2023-10,46.0,63.27814025885968,14.311575005870594,3.8,27.129905088243422,48.966565252989085,3.4214658577342503,46.0,34.0,28.0,36.0,10,-0.8660254037844386,0.5000000000000001,0,0,0,0,0,0,1,53.666666666666664,43.833333333333336,2023-10
jacket,71.40993075010026,2023-11,58.0,37.65695794469916,63.27814025885968,14.311575005870594,38.41555773647648,-25.62118231416052,-0.4048978400652863,58.0,46.0,34.0,46.0,11,-0.5000000000000004,0.8660254037844384,0,0,0,0,0,0,1,47.0,38.666666666666664,2023-11
jacket,82.36489813054126,2023-12,56.0,71.40993075010026,37.65695794469916,63.27814025885968,57.44834298455303,33.7529728054011,0.8963276549042749,56.0,58.0,46.0,53.333333333333336,12,-2.4492935982947064e-16,1.0,0,0,0,0,0,0,1,39.666666666666664,33.666666666666664,2023-12
jacket,3.6,2024-01,47.0,82.36489813054126,71.40993075010026,37.65695794469916,63.810595608446896,10.954967380441005,0.15340957854696735,47.0,56.0,58.0,53.666666666666664,1,0.49999999999999994,0.8660254037844387,0,0,0,0,0,0,1,34.0,30.333333333333332,2024-01
jacket,3.7020599913279626,2024-02,38.0,3.6,82.36489813054126,71.40993075010026,52.458276293547165,-78.76489813054127,-0.9562920603107612,38.0,47.0,56.0,47.0,2,0.8660254037844386,0.5000000000000001,0,0,0,0,0,0,1,30.333333333333332,29.5,2024-02
jacket,5.2,2024-03,34.0,3.7020599913279626,3.6,82.36489813054126,29.888986040623077,0.10205999132796251,0.028349997591100795,34.0,38.0,47.0,39.666666666666664,3,1.0,6.123233995736766e-17,0,0,0,0,0,0,1,27.666666666666668,30.666666666666668,2024-03
jacket,9.489841409137505,2024-04,30.0,5.2,3.7020599913279626,3.6,4.167353330442654,1.4979400086720376,0.40462337514274394,30.0,34.0,38.0,34.0,4,0.8660254037844387,-0.4999999999999998,0,0,0,0,0,0,1,26.666666666666668,34.0,2024-04
jacket,9.624275869600789,2024-05,27.0,9.489841409137505,5.2,3.7020599913279626,6.130633800155156,4.289841409137504,0.8249695017572123,27.0,30.0,34.0,30.333333333333332,5,0.49999999999999994,-0.8660254037844387,0,0,0,0,0,0,1,28.666666666666668,40.333333333333336,2024-05
jacket,4.9,2024-06,26.0,9.624275869600789,9.489841409137505,5.2,8.104705759579431,0.1344344604632841,0.0141661440552463,26.0,27.0,30.0,27.666666666666668,6,1.2246467991473532e-16,-1.0,0,0,0,0,0,0,1,33.666666666666664,47.833333333333336,2024-06
jacket,9.780211241711608,2024-07,27.0,4.9,9.624275869600789,9.489841409137505,8.004705759579432,-4.724275869600788,-0.4908707869152913,27.0,26.0,27.0,26.666666666666668,7,-0.4999999999999997,-0.8660254037844388,0,0,0,0,0,0,1,41.333333333333336,52.5,2024-07
jacket,7.692193003268981,2024-08,33.0,9.780211241711608,4.9,9.624275869600789,8.1014957037708,4.880211241711608,0.9959614779003281,33.0,27.0,26.0,28.666666666666668,8,-0.8660254037844385,-0.5000000000000004,0,0,0,0,0,0,1,52.0,54.0,2024-08
jacket,165.3631634571749,2024-09,41.0,7.692193003268981,9.780211241711608,4.9,7.457468081660196,-2.0880182384426274,-0.21349418604962656,41.0,33.0,27.0,33.666666666666664,9,-1.0,-1.8369701987210297e-16,0,0,0,0,0,0,1,62.0,53.333333333333336,2024-09
jacket,105.66531759044872,2024-10,50.0,165.3631634571749,7.692193003268981,9.780211241711608,60.94518923405183,157.6709704539059,20.49753176849565,50.0,41.0,33.0,41.333333333333336,10,-0.8660254037844386,0.5000000000000001,0,0,0,0,0,0,1,63.666666666666664,50.5,2024-10
jacket,93.20506529580624,2024-11,65.0,105.66531759044872,165.3631634571749,7.692193003268981,92.90689135029754,-59.69784586672617,-0.36101054562968904,65.0,50.0,41.0,52.0,11,-0.5000000000000004,0.8660254037844384,0,0,0,0,0,0,1,56.0,44.833333333333336,2024-11
jacket,123.590558221382,2024-12,71.0,93.20506529580624,105.66531759044872,165.3631634571749,121.41118211447662,-12.460252294642487,-0.11792187426093337,71.0,65.0,50.0,62.0,12,-2.4492935982947064e-16,1.0,0,0,0,0,0,0,1,44.666666666666664,37.833333333333336,2024-12
jacket,45.3,2025-01,55.0,123.590558221382,93.20506529580624,105.66531759044872,107.4869803692123,30.38549292557576,0.32600688416601487,55.0,71.0,65.0,63.666666666666664,1,0.49999999999999994,0.8660254037844387,0,0,0,0,0,0,1,37.333333333333336,33.833333333333336,2025-01
jacket,9.1,2025-02,42.0,45.3,123.590558221382,93.20506529580624,87.36520783906275,-78.290558221382,-0.6334671462616406,42.0,55.0,71.0,56.0,2,0.8660254037844386,0.5000000000000001,0,0,0,0,0,0,1,33.666666666666664,33.833333333333336,2025-02
jacket,26.81392685158225,2025-03,37.0,9.1,45.3,123.590558221382,59.330186073794,-36.199999999999996,-0.7991169977924945,37.0,42.0,55.0,44.666666666666664,3,1.0,6.123233995736766e-17,0,0,0,0,0,0,1,31.0,36.166666666666664,2025-03
jacket,44.77006407950181,2025-04,33.0,26.81392685158225,9.1,45.3,27.071308950527413,17.71392685158225,1.9465853683057417,33.0,37.0,42.0,37.333333333333336,4,0.8660254037844387,-0.4999999999999998,0,0,0,0,0,0,1,30.333333333333332,41.5,2025-04
jacket,29.30205999132796,2025-05,31.0,44.77006407950181,26.81392685158225,9.1,26.894663643694685,17.95613722791956,0.6696571273319483,31.0,33.0,37.0,33.666666666666664,5,0.49999999999999994,-0.8660254037844387,0,0,0,0,0,0,1,34.0,49.833333333333336,2025-05
jacket,78.83104743908012,2025-06,29.0,29.30205999132796,44.77006407950181,26.81392685158225,33.628683640804006,-15.46800408817385,-0.34549881502751634,29.0,31.0,33.0,31.0,6,1.2246467991473532e-16,-1.0,0,0,0,0,0,0,1,41.333333333333336,57.833333333333336,2025-06
jacket,16.355272505103308,2025-07,31.0,78.83104743908012,29.30205999132796,44.77006407950181,50.96772383663663,49.528987447752165,1.690290288887895,31.0,29.0,31.0,30.333333333333332,7,-0.4999999999999997,-0.8660254037844388,0,0,0,0,0,0,1,52.666666666666664,62.333333333333336,2025-07
jacket,19.241392685158225,2025-08,42.0,16.355272505103308,78.83104743908012,29.30205999132796,41.496126645170456,-62.475774933976815,-0.7925275251766444,42.0,31.0,29.0,34.0,8,-0.8660254037844385,-0.5000000000000004,0,0,0,0,0,0,1,65.66666666666667,66.4,2025-08
jacket,109.2221833266553,2025-09,51.0,19.241392685158225,16.355272505103308,78.83104743908012,38.142570876447216,2.8861201800549168,0.17646420621572445,51.0,42.0,31.0,41.333333333333336,9,-1.0,-1.8369701987210297e-16,0,0,0,0,0,0,1,74.33333333333333,70.25,2025-09
jacket,86.30322679291959,2025-10,65.0,109.2221833266553,19.241392685158225,16.355272505103308,48.27294950563894,89.98079064149707,4.6764177683927945,65.0,51.0,42.0,52.666666666666664,10,-0.8660254037844386,0.5000000000000001,0,0,0,0,0,0,1,72.0,72.0,2025-10
khaki,1.0,2021-11,4.0,0.3,0.3,8.0,2.8666666666666667,0.0,0.0,4.0,4.0,3.0,3.6666666666666665,11,-0.5000000000000004,0.8660254037844384,0,0,1,0,0,0,0,4.0,4.333333333333333,2021-11
khaki,1.2,2022-09,4.0,1.0,0.3,0.3,0.5333333333333333,0.7,2.3333333333333335,4.0,4.0,4.0,4.0,9,-1.0,-1.8369701987210297e-16,0,0,1,0,0,0,0,4.0,4.5,2022-09
khaki,0.3,2022-12,4.0,1.2,1.0,0.3,0.8333333333333334,0.19999999999999996,0.19999999999999996,4.0,4.0,4.0,4.0,12,-2.4492935982947064e-16,1.0,0,0,1,0,0,0,0,4.333333333333333,4.6,2022-12
khaki,1.2,2023-09,4.0,0.3,1.2,1.0,0.8333333333333334,-0.8999999999999999,-0.75,4.0,4.0,4.0,4.0,9,-1.0,-1.8369701987210297e-16,0,0,1,0,0,0,0,4.666666666666667,4.75,2023-09
khaki,4.0,2023-11,4.0,1.2,0.3,1.2,0.9,0.8999999999999999,3.0,4.0,4.0,4.0,4.0,11,-0.5000000000000004,0.8660254037844384,0,0,1,0,0,0,0,5.0,5.0,2023-11
lace,2.1760912590556813,2020-06,14.0,2.113943352306837,0.3,0.3,0.904647784102279,1.813943352306837,6.04647784102279,14.0,11.0,11.0,12.0,6,1.2246467991473532e-16,-1.0,0,0,0,0,1,0,0,14.666666666666666,13.833333333333334,2020-06
lace,3.506517429522861,2020-08,15.0,2.1760912590556813,2.113943352306837,0.3,1.5300115371208396,0.062147906748844406,0.029399040745829552,15.0,14.0,11.0,13.333333333333334,8,-0.8660254037844385,-0.5000000000000004,0,0,0,0,1,0,0,14.0,13.5,2020-08
lace,11.64276961159455,2020-09,14.0,3.506517429522861,2.1760912590556813,2.113943352306837,2.5988506802951266,1.3304261704671796,0.6113834449408708,14.0,15.0,14.0,14.333333333333334,9,-1.0,-1.8369701987210297e-16,0,0,0,0,1,0,0,13.666666666666666,13.333333333333334,2020-09
lace,27.003973514439664,2020-10,15.0,11.64276961159455,3.506517429522861,2.1760912590556813,5.775126100057697,8.13625218207169,2.3203227548704373,15.0,14.0,15.0,14.666666666666666,10,-0.8660254037844386,0.5000000000000001,0,0,0,0,1,0,0,13.0,13.166666666666666,2020-10
lace,3.291226075692495,2020-11,13.0,27.003973514439664,11.64276961159455,3.506517429522861,14.051086851852359,15.361203902845114,1.3193771254863216,13.0,15.0,14.0,14.0,11,-0.5000000000000004,0.8660254037844384,0,0,0,0,1,0,0,13.0,13.333333333333334,2020-11
lace,0.8999999999999999,2020-12,13.0,3.291226075692495,27.003973514439664,11.64276961159455,13.979323067242236,-23.71274743874717,-0.8781206745765545,13.0,13.0,15.0,13.666666666666666,12,-2.4492935982947064e-16,1.0,0,0,0,0,1,0,0,13.0,13.333333333333334,2020-12
lace,2.3010299956639813,2021-01,13.0,0.8999999999999999,3.291226075692495,27.003973514439664,10.398399863377387,-2.391226075692495,-0.7265456765042693,13.0,13.0,13.0,13.0,1,0.49999999999999994,0.8660254037844387,0,0,0,0,1,0,0,13.333333333333334,13.5,2021-01
lace,6.836260802858487,2021-02,13.0,2.3010299956639813,0.8999999999999999,3.291226075692495,2.164085357118825,1.4010299956639813,1.5566999951822016,13.0,13.0,13.0,13.0,2,0.8660254037844386,0.5000000000000001,0,0,0,0,1,0,0,13.666666666666666,13.666666666666666,2021-02
lace,2.278753600952829,2021-03,13.0,6.836260802858487,2.3010299956639813,0.8999999999999999,3.345763599507489,4.535230807194505,1.9709568392157473,13.0,13.0,13.0,13.0,3,1.0,6.123233995736766e-17,0,0,0,0,1,0,0,13.666666666666666,13.666666666666666,2021-03
lace,2.5787536009528287,2021-04,14.0,2.278753600952829,6.836260802858487,2.3010299956639813,3.8053481331584322,-4.557507201905658,-0.6666666666666667,14.0,13.0,13.0,13.333333333333334,4,0.8660254037844387,-0.4999999999999998,0,0,0,0,1,0,0,13.666666666666666,13.833333333333334,2021-04
lace,8.878753600952829,2021-05,14.0,2.5787536009528287,2.278753600952829,6.836260802858487,3.8979226682547146,0.2999999999999998,0.13165091648107952,14.0,14.0,13.0,13.666666666666666,5,0.49999999999999994,-0.8660254037844387,0,0,0,0,1,0,0,13.666666666666666,14.0,2021-05
lace,1.0,2021-06,13.0,8.878753600952829,2.5787536009528287,2.278753600952829,4.578753600952829,6.3,2.4430406990695817,13.0,14.0,14.0,13.666666666666666,6,1.2246467991473532e-16,-1.0,0,0,0,0,1,0,0,13.666666666666666,14.166666666666666,2021-06
lace,0.3,2021-07,14.0,1.0,8.878753600952829,2.5787536009528287,4.1525024006352185,-7.8787536009528285,-0.8873715788336908,14.0,13.0,14.0,13.666666666666666,7,-0.4999999999999997,-0.8660254037844388,0,0,0,0,1,0,0,14.0,14.166666666666666,2021-07
lace,0.6,2021-08,14.0,0.3,1.0,8.878753600952829,3.3929178669842757,-0.7,-0.7,14.0,14.0,13.0,13.666666666666666,8,-0.8660254037844385,-0.5000000000000004,0,0,0,0,1,0,0,14.333333333333334,14.166666666666666,2021-08
lace,3.5,2021-09,13.0,0.6,0.3,1.0,0.6333333333333333,0.3,1.0,13.0,14.0,14.0,13.666666666666666,9,-1.0,-1.8369701987210297e-16,0,0,0,0,1,0,0,14.666666666666666,14.166666666666666,2021-09
lace,1.6020599913279625,2021-10,15.0,3.5,0.6,0.3,1.4666666666666668,2.9,4.833333333333334,15.0,13.0,14.0,14.0,10,-0.8660254037844386,0.5000000000000001,0,0,0,0,1,0,0,14.333333333333334,13.833333333333334,2021-10
lace,1.0,2021-11,15.0,1.6020599913279625,3.5,0.6,1.9006866637759874,-1.8979400086720375,-0.5422685739062965,15.0,15.0,13.0,14.333333333333334,11,-0.5000000000000004,0.8660254037844384,0,0,0,0,1,0,0,14.0,13.5,2021-11
lace,27.30102999566398,2021-12,14.0,1.0,1.6020599913279625,3.5,2.0340199971093207,-0.6020599913279625,-0.3758036494182152,14.0,15.0,15.0,14.666666666666666,12,-2.4492935982947064e-16,1.0,0,0,0,0,1,0,0,13.666666666666666,13.333333333333334,2021-12
lace,7.845098040014257,2022-01,14.0,27.30102999566398,1.0,1.6020599913279625,9.967696662330647,26.30102999566398,26.30102999566398,14.0,14.0,15.0,14.333333333333334,1,0.49999999999999994,0.8660254037844387,0,0,0,0,1,0,0,13.333333333333334,13.166666666666666,2022-01
lace,6.564392770197223,2022-02,14.0,7.845098040014257,27.30102999566398,1.0,12.04870934522608,-19.455931955649724,-0.7126446129959113,14.0,14.0,14.0,14.0,2,0.8660254037844386,0.5000000000000001,0,0,0,0,1,0,0,13.0,13.0,2022-02
lace,6.0,2022-03,13.0,6.564392770197223,7.845098040014257,27.30102999566398,13.903506935291821,-1.2807052698170338,-0.16324910960764827,13.0,14.0,14.0,13.666666666666666,3,1.0,6.123233995736766e-17,0,0,0,0,1,0,0,13.0,13.0,2022-03
lace,6.0,2022-05,13.0,6.0,6.564392770197223,7.845098040014257,6.803163603403827,-0.5643927701972231,-0.08597790990807308,13.0,13.0,14.0,13.333333333333334,5,0.49999999999999994,-0.8660254037844387,0,0,0,0,1,0,0,13.0,13.0,2022-05
lace,41.6232492903979,2022-06,13.0,6.0,6.0,6.564392770197223,6.188130923399075,0.0,0.0,13.0,13.0,13.0,13.0,6,1.2246467991473532e-16,-1.0,0,0,0,0,1,0,0,13.0,13.0,2022-06
lace,11.659472175517449,2022-07,13.0,41.6232492903979,6.0,6.0,17.874416430132634,35.6232492903979,5.937208215066317,13.0,13.0,13.0,13.0,7,-0.4999999999999997,-0.8660254037844388,0,0,0,0,1,0,0,13.0,13.166666666666666,2022-07
lace,2.445098040014257,2022-08,13.0,11.659472175517449,41.6232492903979,6.0,19.760907155305116,-29.96377711488045,-0.7198807787885224,13.0,13.0,13.0,13.0,8,-0.8660254037844385,-0.5000000000000004,0,0,0,0,1,0,0,13.0,13.0,2022-08
lace,18.903935165175277,2022-09,13.0,2.445098040014257,11.659472175517449,41.6232492903979,18.57593983530987,-9.214374135503192,-0.790290846514607,13.0,13.0,13.0,13.0,9,-1.0,-1.8369701987210297e-16,0,0,0,0,1,0,0,13.0,12.833333333333334,2022-09
lace,34.52313356568225,2022-10,13.0,18.903935165175277,2.445098040014257,11.659472175517449,11.002835126902326,16.45883712516102,6.73136081081847,13.0,13.0,13.0,13.0,10,-0.8660254037844386,0.5000000000000001,0,0,0,0,1,0,0,13.333333333333334,12.833333333333334,2022-10
lace,17.70913514327426,2022-11,13.0,34.52313356568225,18.903935165175277,2.445098040014257,18.624055590290595,15.619198400506974,0.8262405823989798,13.0,13.0,13.0,13.0,11,-0.5000000000000004,0.8660254037844384,0,0,0,0,1,0,0,13.0,12.666666666666666,2022-11
lace,26.93111569466735,2022-12,13.0,17.70913514327426,34.52313356568225,18.903935165175277,23.712067958043928,-16.81399842240799,-0.48703569710491057,13.0,13.0,13.0,13.0,12,-2.4492935982947064e-16,1.0,0,0,0,0,1,0,0,12.666666666666666,12.5,2022-12
lace,1.0,2023-01,14.0,26.93111569466735,17.70913514327426,34.52313356568225,26.387794801207956,9.221980551393091,0.5207470876913773,14.0,13.0,13.0,13.333333333333334,1,0.49999999999999994,0.8660254037844387,0,0,0,0,1,0,0,12.333333333333334,12.166666666666666,2023-01
lace,6.6020599913279625,2023-02,12.0,1.0,26.93111569466735,17.70913514327426,15.213416945980535,-25.93111569466735,-0.9628682297704432,12.0,14.0,13.0,13.0,2,0.8660254037844386,0.5000000000000001,0,0,0,0,1,0,0,12.333333333333334,12.166666666666666,2023-02
lace,1.6020599913279625,2023-03,12.0,6.6020599913279625,1.0,26.93111569466735,11.51105856199844,5.6020599913279625,5.6020599913279625,12.0,12.0,14.0,12.666666666666666,3,1.0,6.123233995736766e-17,0,0,0,0,1,0,0,12.333333333333334,12.333333333333334,2023-03
lace,3.9020599913279614,2023-04,13.0,1.6020599913279625,6.6020599913279625,1.0,3.068039994218642,-5.0,-0.757339376886559,13.0,12.0,12.0,12.333333333333334,4,0.8660254037844387,-0.4999999999999998,0,0,0,0,1,0,0,12.0,12.333333333333334,2023-04
lace,9.78175537465247,2023-06,12.0,3.9020599913279614,1.6020599913279625,6.6020599913279625,4.035393324661295,2.299999999999999,1.4356516063381042,12.0,13.0,12.0,12.333333333333334,6,1.2246467991473532e-16,-1.0,0,0,0,0,1,0,0,12.0,12.5,2023-06
lace,12.1655707406329,2023-07,12.0,9.78175537465247,3.9020599913279614,1.6020599913279625,5.095291785769464,5.879695383324508,1.5068182950522786,12.0,12.0,13.0,12.333333333333334,7,-0.4999999999999997,-0.8660254037844388,0,0,0,0,1,0,0,12.333333333333334,12.666666666666666,2023-07
lace,11.681241237375588,2023-08,12.0,12.1655707406329,9.78175537465247,3.9020599913279614,8.616462035537777,2.38381536598043,0.2437001616455905,12.0,12.0,12.0,12.0,8,-0.8660254037844385,-0.5000000000000004,0,0,0,0,1,0,0,12.666666666666666,12.833333333333334,2023-08
lace,18.080204129305145,2023-09,12.0,11.681241237375588,12.1655707406329,9.78175537465247,11.209522450886986,-0.48432950325731206,-0.039811490441599706,12.0,12.0,12.0,12.0,9,-1.0,-1.8369701987210297e-16,0,0,0,0,1,0,0,13.0,13.0,2023-09
lace,4.936732022768204,2023-10,13.0,18.080204129305145,11.681241237375588,12.1655707406329,13.975672035771211,6.398962891929557,0.5477981972887673,13.0,12.0,12.0,12.333333333333334,10,-0.8660254037844386,0.5000000000000001,0,0,0,0,1,0,0,13.0,13.0,2023-10
lace,6.782074956898914,2023-11,13.0,4.936732022768204,18.080204129305145,11.681241237375588,11.566059129816312,-13.14347210653694,-0.7269537452419277,13.0,13.0,12.0,12.666666666666666,11,-0.5000000000000004,0.8660254037844384,0,0,0,0,1,0,0,13.0,13.0,2023-11
lace,4.55288165322033,2023-12,13.0,6.782074956898914,4.936732022768204,18.080204129305145,9.933003702990755,1.8453429341307093,0.3737984815906532,13.0,13.0,13.0,13.0,12,-2.4492935982947064e-16,1.0,0,0,0,0,1,0,0,13.0,13.0,2023-12
lace,5.301029995663981,2024-01,13.0,4.55288165322033,6.782074956898914,4.936732022768204,5.423896210962482,-2.229193303678584,-0.3286889805620604,13.0,13.0,13.0,13.0,1,0.49999999999999994,0.8660254037844387,0,0,0,0,1,0,0,13.0,13.0,2024-01
lace,1.3010299956639813,2024-02,13.0,5.301029995663981,4.55288165322033,6.782074956898914,5.5453288685944075,0.7481483424436517,0.164324135663503,13.0,13.0,13.0,13.0,2,0.8660254037844386,0.5000000000000001,0,0,0,0,1,0,0,13.0,13.0,2024-02
lace,4.0,2024-03,13.0,1.3010299956639813,5.301029995663981,4.55288165322033,3.718313881516097,-4.0,-0.7545703388344965,13.0,13.0,13.0,13.0,3,1.0,6.123233995736766e-17,0,0,0,0,1,0,0,13.0,13.166666666666666,2024-03
lace,4.0,2024-04,13.0,4.0,1.3010299956639813,5.301029995663981,3.5340199971093207,2.6989700043360187,2.074487147360963,13.0,13.0,13.0,13.0,4,0.8660254037844387,-0.4999999999999998,0,0,0,0,1,0,0,13.0,13.333333333333334,2024-04
lace,57.08918399773076,2024-05,13.0,4.0,4.0,1.3010299956639813,3.1003433318879936,0.0,0.0,13.0,13.0,13.0,13.0,5,0.49999999999999994,-0.8660254037844387,0,0,0,0,1,0,0,13.0,13.5,2024-05
lace,20.361727836017597,2024-06,13.0,57.08918399773076,4.0,4.0,21.69639466591025,53.08918399773076,13.27229599943269,13.0,13.0,13.0,13.0,6,1.2246467991473532e-16,-1.0,0,0,0,0,1,0,0,13.333333333333334,13.833333333333334,2024-06
lace,10.40823996531185,2024-07,13.0,20.361727836017597,57.08918399773076,4.0,27.150303944582785,-36.727456161713164,-0.6433347543235692,13.0,13.0,13.0,13.0,7,-0.4999999999999997,-0.8660254037844388,0,0,0,0,1,0,0,13.666666666666666,14.166666666666666,2024-07
lace,35.70926996097583,2024-08,13.0,10.40823996531185,20.361727836017597,57.08918399773076,29.286383933020065,-9.953487870705747,-0.48883316538094335,13.0,13.0,13.0,13.0,8,-0.8660254037844385,-0.5000000000000004,0,0,0,0,1,0,0,14.0,14.5,2024-08
lace,2.2,2024-09,14.0,35.70926996097583,10.40823996531185,20.361727836017597,22.159745920768426,25.30102999566398,2.4308653605207224,14.0,13.0,13.0,13.333333333333334,9,-1.0,-1.8369701987210297e-16,0,0,0,0,1,0,0,14.333333333333334,14.666666666666666,2024-09
lace,5.301029995663981,2024-10,14.0,2.2,35.70926996097583,10.40823996531185,16.105836642095895,-33.50926996097583,-0.9383913476135405,14.0,14.0,13.0,13.666666666666666,10,-0.8660254037844386,0.5000000000000001,0,0,0,0,1,0,0,14.666666666666666,14.833333333333334,2024-10
lace,13.906911788091657,2024-11,14.0,5.301029995663981,2.2,35.70926996097583,14.403433318879939,3.101029995663981,1.409559088938173,14.0,14.0,14.0,14.0,11,-0.5000000000000004,0.8660254037844384,0,0,0,0,1,0,0,15.0,15.166666666666666,2024-11
lace,35.888774270932494,2024-12,15.0,13.906911788091657,5.301029995663981,2.2,7.135980594585213,8.605881792427676,1.623435785020444,15.0,14.0,14.0,14.333333333333334,12,-2.4492935982947064e-16,1.0,0,0,0,0,1,0,0,15.0,15.166666666666666,2024-12
lace,38.0,2025-01,15.0,35.888774270932494,13.906911788091657,5.301029995663981,18.365572018229376,21.98186248284084,1.5806429793898364,15.0,15.0,14.0,14.666666666666666,1,0.49999999999999994,0.8660254037844387,0,0,0,0,1,0,0,15.0,15.333333333333334,2025-01
lace,26.0,2025-02,15.0,38.0,35.888774270932494,13.906911788091657,29.265228686341384,2.111225729067506,0.05882691097582171,15.0,15.0,15.0,15.0,2,0.8660254037844386,0.5000000000000001,0,0,0,0,1,0,0,15.333333333333334,16.0,2025-02
lace,4.0,2025-03,15.0,26.0,38.0,35.888774270932494,33.29625809031083,-12.0,-0.3157894736842105,15.0,15.0,15.0,15.0,3,1.0,6.123233995736766e-17,0,0,0,0,1,0,0,15.333333333333334,16.666666666666668,2025-03
lace,8.0,2025-04,15.0,4.0,26.0,38.0,22.666666666666668,-22.0,-0.8461538461538461,15.0,15.0,15.0,15.0,4,0.8660254037844387,-0.4999999999999998,0,0,0,0,1,0,0,15.666666666666666,17.5,2025-04
lace,32.050446219032345,2025-05,16.0,8.0,4.0,26.0,12.66666666666667,4.0,1.0,16.0,15.0,15.0,15.333333333333334,5,0.49999999999999994,-0.8660254037844387,0,0,0,0,1,0,0,16.666666666666668,18.166666666666668,2025-05
lace,84.235337383098,2025-06,15.0,32.050446219032345,8.0,4.0,14.683482073010785,24.050446219032345,3.006305777379043,15.0,16.0,15.0,15.333333333333334,6,1.2246467991473532e-16,-1.0,0,0,0,0,1,0,0,18.0,18.833333333333332,2025-06
lace,4.361727836017593,2025-07,16.0,84.235337383098,32.050446219032345,8.0,41.42859453404345,52.184891164065654,1.6282110647519463,16.0,15.0,16.0,15.666666666666666,7,-0.4999999999999997,-0.8660254037844388,0,0,0,0,1,0,0,19.333333333333332,19.333333333333332,2025-07
lace,12.214843848047698,2025-08,19.0,4.361727836017593,84.235337383098,32.050446219032345,40.21583714604932,-79.8736095470804,-0.9482197380396226,19.0,16.0,15.0,16.666666666666668,8,-0.8660254037844385,-0.5000000000000004,0,0,0,0,1,0,0,19.666666666666668,19.4,2025-08
lace,88.46371342854884,2025-09,19.0,12.214843848047698,4.361727836017593,84.235337383098,33.60396968905443,7.853116012030105,1.8004598882080338,19.0,19.0,16.0,18.0,9,-1.0,-1.8369701987210297e-16,0,0,0,0,1,0,0,19.666666666666668,19.5,2025-09
lace,14.279696704744188,2025-10,20.0,88.46371342854884,12.214843848047698,4.361727836017593,35.013428370871374,76.24886958050115,6.242312266045712,20.0,19.0,19.0,19.333333333333332,10,-0.8660254037844386,0.5000000000000001,0,0,0,0,1,0,0,19.333333333333332,19.333333333333332,2025-10
lavender,5.191862142713969,2020-12,8.0,2.936589637610663,1.0,1.6989700043360187,1.8785198806488939,1.936589637610663,1.936589637610663,8.0,8.0,11.0,9.0,12,-2.4492935982947064e-16,1.0,0,0,1,0,0,0,0,9.666666666666666,9.166666666666666,2020-12
lavender,2.278753600952829,2021-04,10.0,5.191862142713969,2.936589637610663,1.0,3.0428172601082104,2.255272505103306,0.7679903505136296,10.0,8.0,8.0,8.666666666666666,4,0.8660254037844387,-0.4999999999999998,0,0,1,0,0,0,0,9.333333333333334,9.166666666666666,2021-04
lavender,4.7160033436348,2021-06,11.0,2.278753600952829,5.191862142713969,2.936589637610663,3.46906846042582,-2.91310854176114,-0.5610912735518736,11.0,10.0,8.0,9.666666666666666,6,1.2246467991473532e-16,-1.0,0,0,1,0,0,0,0,8.333333333333334,8.833333333333334,2021-06
lavender,3.060697840353612,2021-10,8.0,4.7160033436348,2.278753600952829,5.191862142713969,4.062206362433866,2.4372497426819715,1.0695538743911888,8.0,11.0,10.0,9.666666666666666,10,-0.8660254037844386,0.5000000000000001,0,0,1,0,0,0,0,8.666666666666666,9.666666666666666,2021-10
lavender,5.177161945631127,2022-09,9.0,3.060697840353612,4.7160033436348,2.278753600952829,3.35181826164708,-1.6553055032811885,-0.3509975253760915,9.0,8.0,11.0,9.333333333333334,9,-1.0,-1.8369701987210297e-16,0,0,1,0,0,0,0,9.0,10.333333333333334,2022-09
lavender,4.34789914847748,2022-11,8.0,5.177161945631127,3.060697840353612,4.7160033436348,4.317954376539846,2.1164641052775153,0.6914972387581368,8.0,9.0,8.0,8.333333333333334,11,-0.5000000000000004,0.8660254037844384,0,0,1,0,0,0,0,9.333333333333334,11.166666666666666,2022-11
lavender,4.375496027971426,2023-12,9.0,4.34789914847748,5.177161945631127,3.060697840353612,4.195252978154073,-0.829262797153647,-0.16017710202274826,9.0,8.0,9.0,8.666666666666666,12,-2.4492935982947064e-16,1.0,0,0,1,0,0,0,0,10.666666666666666,11.5,2023-12
lavender,3.206517429522861,2024-09,10.0,4.375496027971426,4.34789914847748,5.177161945631127,4.633519040693344,0.02759687949394607,0.006347175624717538,10.0,9.0,8.0,9.0,9,-1.0,-1.8369701987210297e-16,0,0,1,0,0,0,0,11.666666666666666,11.5,2024-09
lavender,4.206517429522862,2024-11,9.0,3.206517429522861,4.375496027971426,4.34789914847748,3.9766375353239227,-1.168978598448565,-0.2671648176516638,9.0,10.0,9.0,9.333333333333334,11,-0.5000000000000004,0.8660254037844384,0,0,1,0,0,0,0,13.0,11.833333333333334,2024-11
lavender,4.544068044350276,2025-05,13.0,4.206517429522862,3.206517429522861,4.375496027971426,3.929510295672383,1.0000000000000004,0.31186482593010667,13.0,9.0,10.0,10.666666666666666,5,0.49999999999999994,-0.8660254037844387,0,0,1,0,0,0,0,12.333333333333334,11.333333333333334,2025-05
lavender,1.4771212547196624,2025-06,13.0,4.544068044350276,4.206517429522862,3.206517429522861,3.985700967798666,0.3375506148274141,0.08024467281613101,13.0,13.0,9.0,11.666666666666666,6,1.2246467991473532e-16,-1.0,0,0,1,0,0,0,0,11.333333333333334,11.0,2025-06
lavender,1.0,2025-08,13.0,1.4771212547196624,4.544068044350276,4.206517429522862,3.4092355761976,-3.066946789630613,-0.674934169052289,13.0,13.0,13.0,13.0,8,-0.8660254037844385,-0.5000000000000004,0,0,1,0,0,0,0,10.666666666666666,10.5,2025-08
lavender,7.606829540213862,2025-09,11.0,1.0,1.4771212547196624,4.544068044350276,2.340396433023313,-0.4771212547196624,-0.3230075074711545,11.0,13.0,13.0,12.333333333333334,9,-1.0,-1.8369701987210297e-16,0,0,1,0,0,0,0,10.333333333333334,10.333333333333334,2025-09
leather,3.5,2020-04,35.0,9.783652108542045,3.8,0.6,4.727884036180682,5.983652108542045,1.5746452917215907,35.0,34.0,44.0,37.666666666666664,4,0.8660254037844387,-0.4999999999999998,0,0,0,0,1,0,0,40.0,42.333333333333336,2020-04
leather,12.68986309229832,2020-05,37.0,3.5,9.783652108542045,3.8,5.694550702847348,-6.283652108542045,-0.6422603787246102,37.0,35.0,34.0,35.333333333333336,5,0.49999999999999994,-0.8660254037844387,0,0,0,0,1,0,0,41.666666666666664,44.5,2020-05
leather,3.6,2020-06,40.0,12.68986309229832,3.5,9.783652108542045,8.657838400280122,9.18986309229832,2.6256751692280917,40.0,37.0,35.0,37.333333333333336,6,1.2246467991473532e-16,-1.0,0,0,0,0,1,0,0,43.333333333333336,46.333333333333336,2020-06
leather,6.5,2020-07,43.0,3.6,12.68986309229832,3.5,6.596621030766106,-9.089863092298321,-0.7163089961006044,43.0,40.0,37.0,40.0,7,-0.4999999999999997,-0.8660254037844388,0,0,0,0,1,0,0,44.666666666666664,46.666666666666664,2020-07
leather,7.924275869600789,2020-08,42.0,6.5,3.6,12.68986309229832,7.596621030766106,2.9,0.8055555555555556,42.0,43.0,40.0,41.666666666666664,8,-0.8660254037844385,-0.5000000000000004,0,0,0,0,1,0,0,47.333333333333336,46.833333333333336,2020-08
leather,37.38850430433591,2020-09,45.0,7.924275869600789,6.5,3.6,6.008091956533595,1.4242758696007893,0.21911936455396752,45.0,42.0,43.0,43.333333333333336,9,-1.0,-1.8369701987210297e-16,0,0,0,0,1,0,0,49.333333333333336,45.833333333333336,2020-09
leather,24.497471974033115,2020-10,47.0,37.38850430433591,7.924275869600789,6.5,17.270926724645566,29.46422843473512,3.718223459100683,47.0,45.0,42.0,44.666666666666664,10,-0.8660254037844386,0.5000000000000001,0,0,0,0,1,0,0,48.666666666666664,44.666666666666664,2020-10
leather,36.8616221148043,2020-11,50.0,24.497471974033115,37.38850430433591,7.924275869600789,23.27008404932327,-12.891032330302796,-0.3447859862318118,50.0,47.0,45.0,47.333333333333336,11,-0.5000000000000004,0.8660254037844384,0,0,0,0,1,0,0,46.333333333333336,43.0,2020-11
leather,52.31407270608643,2020-12,51.0,36.8616221148043,24.497471974033115,37.38850430433591,32.915866131057776,12.364150140771184,0.5047112679168269,51.0,50.0,47.0,49.333333333333336,12,-2.4492935982947064e-16,1.0,0,0,0,0,1,0,0,42.333333333333336,40.666666666666664,2020-12
leather,13.88280744059803,2021-01,45.0,52.31407270608643,36.8616221148043,24.497471974033115,37.89105559830795,15.45245059128213,0.41920158974979405,45.0,51.0,50.0,48.666666666666664,1,0.49999999999999994,0.8660254037844387,0,0,0,0,1,0,0,40.666666666666664,39.833333333333336,2021-01
leather,10.40524768293296,2021-02,43.0,13.88280744059803,52.31407270608643,36.8616221148043,34.35283408716292,-38.4312652654884,-0.7346257570387393,43.0,45.0,51.0,46.333333333333336,2,0.8660254037844386,0.5000000000000001,0,0,0,0,1,0,0,39.666666666666664,39.5,2021-02
leather,0.8999999999999999,2021-03,39.0,10.40524768293296,13.88280744059803,52.31407270608643,25.534042609872472,-3.4775597576650714,-0.25049398491947017,39.0,43.0,45.0,42.333333333333336,3,1.0,6.123233995736766e-17,0,0,0,0,1,0,0,39.0,40.666666666666664,2021-03
leather,11.027578349505394,2021-04,40.0,0.8999999999999999,10.40524768293296,13.88280744059803,8.39601837451033,-9.505247682932959,-0.9135051824401825,40.0,39.0,43.0,40.666666666666664,4,0.8660254037844387,-0.4999999999999998,0,0,0,0,1,0,0,39.0,42.333333333333336,2021-04
leather,0.3,2021-05,40.0,11.027578349505394,0.8999999999999999,10.40524768293296,7.444275344146118,10.127578349505393,11.252864832783771,40.0,40.0,39.0,39.666666666666664,5,0.49999999999999994,-0.8660254037844387,0,0,0,0,1,0,0,39.333333333333336,44.333333333333336,2021-05
leather,7.355272505103306,2021-06,37.0,0.3,11.027578349505394,0.8999999999999999,4.075859449835131,-10.727578349505393,-0.9727954778019369,37.0,40.0,40.0,39.0,6,1.2246467991473532e-16,-1.0,0,0,0,0,1,0,0,42.333333333333336,47.5,2021-06
leather,13.379320503084989,2021-07,40.0,7.355272505103306,0.3,11.027578349505394,6.227616951536233,7.055272505103306,23.517575017011023,40.0,37.0,40.0,39.0,7,-0.4999999999999997,-0.8660254037844388,0,0,0,0,1,0,0,45.666666666666664,48.833333333333336,2021-07
leather,7.959392487759231,2021-08,41.0,13.379320503084989,7.355272505103306,0.3,7.0115310027294315,6.024047997981683,0.8190108515764738,41.0,40.0,37.0,39.333333333333336,8,-0.8660254037844385,-0.5000000000000004,0,0,0,0,1,0,0,49.333333333333336,49.333333333333336,2021-08
leather,54.70494566196526,2021-09,46.0,7.959392487759231,13.379320503084989,7.355272505103306,9.564661831982509,-5.419928015325758,-0.40509740491499824,46.0,41.0,40.0,42.333333333333336,9,-1.0,-1.8369701987210297e-16,0,0,0,0,1,0,0,52.666666666666664,49.0,2021-09
leather,29.981921274414788,2021-10,50.0,54.70494566196526,7.959392487759231,13.379320503084989,25.34788621760316,46.74555317420603,5.8730051629061055,50.0,46.0,41.0,45.666666666666664,10,-0.8660254037844386,0.5000000000000001,0,0,0,0,1,0,0,52.0,47.666666666666664,2021-10
leather,27.638613768478475,2021-11,52.0,29.981921274414788,54.70494566196526,7.959392487759231,30.882086474713095,-24.723024387550474,-0.4519339903985987,52.0,50.0,46.0,49.333333333333336,11,-0.5000000000000004,0.8660254037844384,0,0,0,0,1,0,0,49.333333333333336,45.333333333333336,2021-11
leather,27.83385138498194,2021-12,56.0,27.638613768478475,29.981921274414788,54.70494566196526,37.44182690161951,-2.3433075059363127,-0.07815734970713784,56.0,52.0,50.0,52.666666666666664,12,-2.4492935982947064e-16,1.0,0,0,0,0,1,0,0,45.333333333333336,42.5,2021-12
leather,0.8999999999999999,2022-01,48.0,27.83385138498194,27.638613768478475,29.981921274414788,28.484795475958403,0.19523761650346572,0.007063943877175571,48.0,56.0,52.0,52.0,1,0.49999999999999994,0.8660254037844387,0,0,0,0,1,0,0,43.333333333333336,40.833333333333336,2022-01
leather,0.3,2022-02,44.0,0.8999999999999999,27.83385138498194,27.638613768478475,18.79082171782014,-26.933851384981942,-0.9676652724931338,44.0,48.0,56.0,49.333333333333336,2,0.8660254037844386,0.5000000000000001,0,0,0,0,1,0,0,41.333333333333336,40.333333333333336,2022-02
leather,2.9,2022-03,44.0,0.3,0.8999999999999999,27.83385138498194,9.677950461660647,-0.5999999999999999,-0.6666666666666666,44.0,44.0,48.0,45.333333333333336,3,1.0,6.123233995736766e-17,0,0,0,0,1,0,0,39.666666666666664,40.333333333333336,2022-03
leather,2.445098040014257,2022-04,42.0,2.9,0.3,0.8999999999999999,1.3666666666666665,2.6,8.666666666666666,42.0,44.0,44.0,43.333333333333336,4,0.8660254037844387,-0.4999999999999998,0,0,0,0,1,0,0,38.333333333333336,41.166666666666664,2022-04
leather,4.781241237375587,2022-05,38.0,2.445098040014257,2.9,0.3,1.881699346671419,-0.4549019599857429,-0.15686274482266993,38.0,42.0,44.0,41.333333333333336,5,0.49999999999999994,-0.8660254037844387,0,0,0,0,1,0,0,39.333333333333336,43.166666666666664,2022-05
leather,3.4020599913279623,2022-06,39.0,4.781241237375587,2.445098040014257,2.9,3.3754464257966146,2.3361431973613302,0.9554394789616323,39.0,38.0,42.0,39.666666666666664,6,1.2246467991473532e-16,-1.0,0,0,0,0,1,0,0,41.0,45.333333333333336,2022-06
leather,4.982785370316451,2022-07,38.0,3.4020599913279623,4.781241237375587,2.445098040014257,3.542799756239269,-1.379181246047625,-0.2884567369800095,38.0,39.0,38.0,38.333333333333336,7,-0.4999999999999997,-0.8660254037844388,0,0,0,0,1,0,0,44.0,46.666666666666664,2022-07
leather,0.3,2022-08,41.0,4.982785370316451,3.4020599913279623,4.781241237375587,4.3886955330066675,1.5807253789884887,0.464637714507635,41.0,38.0,39.0,39.333333333333336,8,-0.8660254037844385,-0.5000000000000004,0,0,0,0,1,0,0,47.0,47.0,2022-08
leather,57.80727518372015,2022-09,44.0,0.3,4.982785370316451,3.4020599913279623,2.894948453881471,-4.682785370316451,-0.9397927107623045,44.0,41.0,38.0,41.0,9,-1.0,-1.8369701987210297e-16,0,0,0,0,1,0,0,49.666666666666664,46.333333333333336,2022-09
leather,32.93219855209802,2022-10,47.0,57.80727518372015,0.3,4.982785370316451,21.030020184678868,57.507275183720154,191.69091727906718,47.0,44.0,41.0,44.0,10,-0.8660254037844386,0.5000000000000001,0,0,0,0,1,0,0,49.333333333333336,44.666666666666664,2022-10
leather,27.37564271246389,2022-11,50.0,32.93219855209802,57.80727518372015,0.3,30.346491245272727,-24.87507663162213,-0.43031048518660364,50.0,47.0,44.0,47.0,11,-0.5000000000000004,0.8660254037844384,0,0,0,0,1,0,0,47.0,42.833333333333336,2022-11
leather,29.787325623796526,2022-12,52.0,27.37564271246389,32.93219855209802,57.80727518372015,39.37170548276069,-5.556555839634132,-0.16872714498073316,52.0,50.0,47.0,49.666666666666664,12,-2.4492935982947064e-16,1.0,0,0,0,0,1,0,0,43.0,40.5,2022-12
leather,3.92221929473392,2023-01,46.0,29.787325623796526,27.37564271246389,32.93219855209802,30.03172229611948,2.411682911332637,0.08809593756988288,46.0,52.0,50.0,49.333333333333336,1,0.49999999999999994,0.8660254037844387,0,0,0,0,1,0,0,40.0,39.166666666666664,2023-01
leather,0.6,2023-02,43.0,3.92221929473392,29.787325623796526,27.37564271246389,20.361729210331443,-25.865106329062606,-0.8683258999391159,43.0,46.0,52.0,47.0,2,0.8660254037844386,0.5000000000000001,0,0,0,0,1,0,0,38.666666666666664,38.833333333333336,2023-02
leather,3.7993405494535817,2023-03,40.0,0.6,3.92221929473392,29.787325623796526,11.436514972843481,-3.32221929473392,-0.8470253815727293,40.0,43.0,46.0,43.0,3,1.0,6.123233995736766e-17,0,0,0,0,1,0,0,38.0,39.333333333333336,2023-03
leather,14.14766110325469,2023-04,37.0,3.7993405494535817,0.6,3.92221929473392,2.7738532813958336,3.1993405494535816,5.332234249089303,37.0,40.0,43.0,40.0,4,0.8660254037844387,-0.4999999999999998,0,0,0,0,1,0,0,38.333333333333336,40.833333333333336,2023-04
leather,31.194154828776743,2023-05,39.0,14.14766110325469,3.7993405494535817,0.6,6.18233388423609,10.348320553801107,2.723714923446227,39.0,37.0,40.0,38.666666666666664,5,0.49999999999999994,-0.8660254037844387,0,0,0,0,1,0,0,39.0,43.333333333333336,2023-05
leather,7.803089986991944,2023-06,38.0,31.194154828776743,14.14766110325469,3.7993405494535817,16.38038549382834,17.046493725522055,1.2048983645501998,38.0,39.0,37.0,38.0,6,1.2246467991473532e-16,-1.0,0,0,0,0,1,0,0,40.666666666666664,46.0,2023-06
leather,14.102059991327964,2023-07,38.0,7.803089986991944,31.194154828776743,14.14766110325469,17.714968639674456,-23.391064841784797,-0.7498540983135225,38.0,38.0,39.0,38.333333333333336,7,-0.4999999999999997,-0.8660254037844388,0,0,0,0,1,0,0,43.333333333333336,47.5,2023-07
leather,12.803089986991944,2023-08,41.0,14.102059991327964,7.803089986991944,31.194154828776743,17.699768269032216,6.29897000433602,0.8072404668966588,41.0,38.0,38.0,39.0,8,-0.8660254037844385,-0.5000000000000004,0,0,0,0,1,0,0,47.666666666666664,48.166666666666664,2023-08
leather,86.46434654423257,2023-09,43.0,12.803089986991944,14.102059991327964,7.803089986991944,11.569413321770618,-1.2989700043360202,-0.09211207477026895,43.0,41.0,38.0,40.666666666666664,9,-1.0,-1.8369701987210297e-16,0,0,0,0,1,0,0,51.333333333333336,48.333333333333336,2023-09
leather,59.85969604457504,2023-10,46.0,86.46434654423257,12.803089986991944,14.102059991327964,37.78983217418416,73.66125655724062,5.753396768442706,46.0,43.0,41.0,43.333333333333336,10,-0.8660254037844386,0.5000000000000001,0,0,0,0,1,0,0,51.666666666666664,47.833333333333336,2023-10
leather,73.82127920096443,2023-11,54.0,59.85969604457504,86.46434654423257,12.803089986991944,53.04237752526652,-26.60465049965753,-0.3076950392037877,54.0,46.0,43.0,47.666666666666664,11,-0.5000000000000004,0.8660254037844384,0,0,0,0,1,0,0,48.666666666666664,45.5,2023-11
leather,67.53136808332391,2023-12,54.0,73.82127920096443,59.85969604457504,86.46434654423257,73.38177392992401,13.961583156389388,0.23323845724162684,54.0,54.0,46.0,51.333333333333336,12,-2.4492935982947064e-16,1.0,0,0,0,0,1,0,0,45.333333333333336,43.5,2023-12
leather,10.5,2024-01,47.0,67.53136808332391,73.82127920096443,59.85969604457504,67.07078110962112,-6.289911117640514,-0.08520458038281109,47.0,54.0,54.0,51.666666666666664,1,0.49999999999999994,0.8660254037844387,0,0,0,0,1,0,0,44.0,42.5,2024-01
leather,1.0,2024-02,45.0,10.5,67.53136808332391,73.82127920096443,50.61754909476278,-57.03136808332391,-0.8445166994537335,45.0,47.0,54.0,48.666666666666664,2,0.8660254037844386,0.5000000000000001,0,0,0,0,1,0,0,42.333333333333336,42.333333333333336,2024-02
leather,16.83445375115093,2024-03,44.0,1.0,10.5,67.53136808332391,26.34378936110797,-9.5,-0.9047619047619048,44.0,45.0,47.0,45.333333333333336,3,1.0,6.123233995736766e-17,0,0,0,0,1,0,0,41.666666666666664,43.0,2024-03
leather,2.201029995663981,2024-04,43.0,16.83445375115093,1.0,10.5,9.44481791705031,15.834453751150932,15.834453751150932,43.0,44.0,45.0,44.0,4,0.8660254037844387,-0.4999999999999998,0,0,0,0,1,0,0,41.0,44.333333333333336,2024-04
leather,0.8999999999999999,2024-05,40.0,2.201029995663981,16.83445375115093,1.0,6.678494582271637,-14.63342375548695,-0.8692544451872397,40.0,43.0,44.0,42.333333333333336,5,0.49999999999999994,-0.8660254037844387,0,0,0,0,1,0,0,42.333333333333336,47.5,2024-05
leather,0.6,2024-06,42.0,0.8999999999999999,2.201029995663981,16.83445375115093,6.6451612489383045,-1.3010299956639813,-0.5911005294007825,42.0,40.0,43.0,41.666666666666664,6,1.2246467991473532e-16,-1.0,0,0,0,0,1,0,0,44.333333333333336,50.833333333333336,2024-06
leather,0.8999999999999999,2024-07,41.0,0.6,0.8999999999999999,2.201029995663981,1.2336766652213271,-0.29999999999999993,-0.33333333333333326,41.0,42.0,40.0,41.0,7,-0.4999999999999997,-0.8660254037844388,0,0,0,0,1,0,0,47.666666666666664,52.833333333333336,2024-07
leather,1.9,2024-08,44.0,0.8999999999999999,0.6,0.8999999999999999,0.7999999999999999,0.29999999999999993,0.5,44.0,41.0,42.0,42.333333333333336,8,-0.8660254037844385,-0.5000000000000004,0,0,0,0,1,0,0,52.666666666666664,53.5,2024-08
leather,42.43956178521491,2024-09,48.0,1.9,0.8999999999999999,0.6,1.1333333333333333,1.0,1.1111111111111112,48.0,44.0,41.0,44.333333333333336,9,-1.0,-1.8369701987210297e-16,0,0,0,0,1,0,0,57.333333333333336,53.5,2024-09
leather,64.06454841055638,2024-10,51.0,42.43956178521491,1.9,0.8999999999999999,15.07985392840497,40.539561785214914,21.336611465902585,51.0,48.0,44.0,47.666666666666664,10,-0.8660254037844386,0.5000000000000001,0,0,0,0,1,0,0,58.0,52.666666666666664,2024-10
leather,24.58440681635681,2024-11,59.0,64.06454841055638,42.43956178521491,1.9,36.13470339859043,21.62498662534147,0.5095478302717815,59.0,51.0,48.0,52.666666666666664,11,-0.5000000000000004,0.8660254037844384,0,0,0,0,1,0,0,54.333333333333336,50.666666666666664,2024-11
leather,74.1506805505867,2024-12,62.0,24.58440681635681,64.06454841055638,42.43956178521491,43.696172337376034,-39.48014159419957,-0.6162556760908057,62.0,59.0,51.0,57.333333333333336,12,-2.4492935982947064e-16,1.0,0,0,0,0,1,0,0,49.666666666666664,47.833333333333336,2024-12
leather,18.104119982655924,2025-01,53.0,74.1506805505867,24.58440681635681,64.06454841055638,54.26654525916663,49.56627373422989,2.016167162563053,53.0,62.0,59.0,58.0,1,0.49999999999999994,0.8660254037844387,0,0,0,0,1,0,0,47.333333333333336,47.0,2025-01
leather,5.0,2025-02,48.0,18.104119982655924,74.1506805505867,24.58440681635681,38.946402449866476,-56.046560567930776,-0.7558468803222241,48.0,53.0,62.0,54.333333333333336,2,0.8660254037844386,0.5000000000000001,0,0,0,0,1,0,0,47.0,49.833333333333336,2025-02
leather,19.696175544768483,2025-03,48.0,5.0,18.104119982655924,74.1506805505867,32.418266844414205,-13.104119982655924,-0.7238197711465627,48.0,48.0,53.0,49.666666666666664,3,1.0,6.123233995736766e-17,0,0,0,0,1,0,0,46.0,52.666666666666664,2025-03
leather,9.5,2025-04,46.0,19.696175544768483,5.0,18.104119982655924,14.266765175808137,14.696175544768483,2.9392351089536968,46.0,48.0,48.0,47.333333333333336,4,0.8660254037844387,-0.4999999999999998,0,0,0,0,1,0,0,46.666666666666664,56.333333333333336,2025-04
leather,22.294902447468196,2025-05,47.0,9.5,19.696175544768483,5.0,11.398725181589493,-10.196175544768483,-0.5176728609873046,47.0,46.0,48.0,47.0,5,0.49999999999999994,-0.8660254037844387,0,0,0,0,1,0,0,52.666666666666664,61.5,2025-05
leather,10.155541819633662,2025-06,45.0,22.294902447468196,9.5,19.696175544768483,17.163692664078894,12.794902447468196,1.3468318365755998,45.0,47.0,46.0,46.0,6,1.2246467991473532e-16,-1.0,0,0,0,0,1,0,0,59.333333333333336,66.16666666666667,2025-06
leather,28.42322946867913,2025-07,48.0,10.155541819633662,22.294902447468196,9.5,13.983481422367285,-12.139360627834535,-0.5444904123907964,48.0,45.0,47.0,46.666666666666664,7,-0.4999999999999997,-0.8660254037844388,0,0,0,0,1,0,0,66.0,68.16666666666667,2025-07
leather,6.982271233039569,2025-08,65.0,28.42322946867913,10.155541819633662,22.294902447468196,20.29122457859366,18.267687649045467,1.7987900570433997,65.0,48.0,45.0,52.666666666666664,8,-0.8660254037844385,-0.5000000000000004,0,0,0,0,1,0,0,70.33333333333333,68.8,2025-08
leather,78.93350619180018,2025-09,65.0,6.982271233039569,28.42322946867913,10.155541819633662,15.18701417378412,-21.44095823563956,-0.7543463088621349,65.0,65.0,48.0,59.333333333333336,9,-1.0,-1.8369701987210297e-16,0,0,0,0,1,0,0,73.0,69.75,2025-09
leather,107.4606736302493,2025-10,68.0,78.93350619180018,6.982271233039569,28.42322946867913,38.11300229783962,71.95123495876061,10.304846740741453,68.0,65.0,65.0,66.0,10,-0.8660254037844386,0.5000000000000001,0,0,0,0,1,0,0,70.33333333333333,70.33333333333333,2025-10
leopard print,0.3,2020-09,2.0,0.3,0.3,0.3,0.3,0.0,0.0,2.0,2.0,2.0,2.0,9,-1.0,-1.8369701987210297e-16,0,0,0,0,0,1,0,1.6666666666666667,1.6666666666666667,2020-09
leopard print,0.6,2020-10,2.0,0.3,0.3,0.3,0.3,0.0,0.0,2.0,2.0,2.0,2.0,10,-0.8660254037844386,0.5000000000000001,0,0,0,0,0,1,0,1.3333333333333333,1.5,2020-10
leopard print,0.3,2021-01,2.0,0.6,0.3,0.3,0.39999999999999997,0.3,1.0,2.0,2.0,2.0,2.0,1,0.49999999999999994,0.8660254037844387,0,0,0,0,0,1,0,1.3333333333333333,1.3333333333333333,2021-01
leopard print,0.3,2021-06,1.0,0.3,0.6,0.3,0.39999999999999997,-0.3,-0.5,1.0,2.0,2.0,1.6666666666666667,6,1.2246467991473532e-16,-1.0,0,0,0,0,0,1,0,1.6666666666666667,1.3333333333333333,2021-06
leopard print,0.3,2021-07,1.0,0.3,0.3,0.6,0.39999999999999997,0.0,0.0,1.0,1.0,2.0,1.3333333333333333,7,-0.4999999999999997,-0.8660254037844388,0,0,0,0,0,1,0,1.6666666666666667,1.3333333333333333,2021-07
leopard print,0.3,2021-08,2.0,0.3,0.3,0.3,0.3,0.0,0.0,2.0,1.0,1.0,1.3333333333333333,8,-0.8660254037844385,-0.5000000000000004,0,0,0,0,0,1,0,1.3333333333333333,1.1666666666666667,2021-08
leopard print,0.3,2021-10,2.0,0.3,0.3,0.3,0.3,0.0,0.0,2.0,2.0,1.0,1.6666666666666667,10,-0.8660254037844386,0.5000000000000001,0,0,0,0,0,1,0,1.0,1.0,2021-10
leopard print,0.3,2022-01,1.0,0.3,0.3,0.3,0.3,0.0,0.0,1.0,2.0,2.0,1.6666666666666667,1,0.49999999999999994,0.8660254037844387,0,0,0,0,0,1,0,1.0,1.0,2022-01
leopard print,0.3,2022-02,1.0,0.3,0.3,0.3,0.3,0.0,0.0,1.0,1.0,2.0,1.3333333333333333,2,0.8660254037844386,0.5000000000000001,0,0,0,0,0,1,0,1.0,1.0,2022-02
leopard print,2.761235994796777,2022-09,1.0,0.3,0.3,0.3,0.3,0.0,0.0,1.0,1.0,1.0,1.0,9,-1.0,-1.8369701987210297e-16,0,0,0,0,0,1,0,1.0,1.1666666666666667,2022-09
leopard print,4.208600171761917,2022-11,1.0,2.761235994796777,0.3,0.3,1.1204119982655925,2.4612359947967772,8.204119982655923,1.0,1.0,1.0,1.0,11,-0.5000000000000004,0.8660254037844384,0,0,0,0,0,1,0,1.0,1.3333333333333333,2022-11
leopard print,0.3,2023-08,1.0,4.208600171761917,2.761235994796777,0.3,2.4232787221862315,1.4473641769651402,0.5241725733303952,1.0,1.0,1.0,1.0,8,-0.8660254037844385,-0.5000000000000004,0,0,0,0,0,1,0,1.0,1.4583333333333333,2023-08
leopard print,0.3,2023-09,1.0,0.3,4.208600171761917,2.761235994796777,2.4232787221862315,-3.9086001717619174,-0.9287173911142987,1.0,1.0,1.0,1.0,9,-1.0,-1.8369701987210297e-16,0,0,0,0,0,1,0,1.3333333333333333,1.5583333333333333,2023-09
leopard print,7.517636516990784,2023-10,1.0,0.3,0.3,4.208600171761917,1.602866723920639,0.0,0.0,1.0,1.0,1.0,1.0,10,-0.8660254037844386,0.5000000000000001,0,0,0,0,0,1,0,1.6666666666666667,1.7666666666666666,2023-10
leopard print,1.845098040014257,2023-12,1.0,7.517636516990784,0.3,0.3,2.7058788389969277,7.217636516990784,24.05878838996928,1.0,1.0,1.0,1.0,12,-2.4492935982947064e-16,1.0,0,0,0,0,0,1,0,1.9166666666666667,2.1357142857142857,2023-12
leopard print,2.0,2025-01,2.0,1.845098040014257,7.517636516990784,0.3,3.2209115190016804,-5.672538476976527,-0.7545640793028356,2.0,1.0,1.0,1.3333333333333333,1,0.49999999999999994,0.8660254037844387,0,0,0,0,0,1,0,1.7833333333333332,2.0873271889400917,2025-01
leopard print,0.3,2025-03,2.0,2.0,1.845098040014257,7.517636516990784,3.787578185668347,0.15490195998574308,0.08395324076358901,2.0,2.0,1.0,1.6666666666666667,3,1.0,6.123233995736766e-17,0,0,0,0,0,1,0,1.8666666666666665,2.10479262672811,2025-03
leopard print,2.8573324964312685,2025-05,1.75,0.3,2.0,1.845098040014257,1.381699346671419,-1.7,-0.85,1.75,2.0,2.0,1.9166666666666667,5,0.49999999999999994,-0.8660254037844387,0,0,0,0,0,1,0,2.354761904761905,2.1934907834101383,2025-05
leopard print,4.0,2025-06,1.6,2.8573324964312685,0.3,2.0,1.719110832143756,2.5573324964312687,8.524441654770895,1.6,1.75,2.0,1.7833333333333332,6,1.2246467991473532e-16,-1.0,0,0,0,0,0,1,0,2.391321044546851,2.391321044546851,2025-06
linen,13.17676821406943,2020-04,8.0,7.991226075692495,6.291226075692495,4.292256071356476,6.191569407580489,1.7000000000000002,0.2702175982148083,8.0,6.0,7.0,7.0,4,0.8660254037844387,-0.4999999999999998,0,0,0,0,1,0,0,9.666666666666666,9.0,2020-04
linen,11.683315653183874,2020-05,9.0,13.17676821406943,7.991226075692495,6.291226075692495,9.153073455151473,5.185542138376935,0.6489044471098349,9.0,8.0,6.0,7.666666666666667,5,0.49999999999999994,-0.8660254037844387,0,0,0,0,1,0,0,9.666666666666666,8.833333333333334,2020-05
linen,4.592256071356476,2020-06,10.0,11.683315653183874,13.17676821406943,7.991226075692495,10.9504366476486,-1.4934525608855562,-0.1133398217698729,10.0,9.0,8.0,9.0,6,1.2246467991473532e-16,-1.0,0,0,0,0,1,0,0,9.0,8.333333333333334,2020-06
linen,13.17676821406943,2020-07,10.0,4.592256071356476,11.683315653183874,13.17676821406943,9.81744664620326,-7.091059581827397,-0.60693897112118,10.0,10.0,9.0,9.666666666666666,7,-0.4999999999999997,-0.8660254037844388,0,0,0,0,1,0,0,8.333333333333334,8.0,2020-07
linen,5.604059466217599,2020-08,9.0,13.17676821406943,4.592256071356476,11.683315653183874,9.81744664620326,8.584512142712953,1.8693452650120252,9.0,10.0,10.0,9.666666666666666,8,-0.8660254037844385,-0.5000000000000004,0,0,0,0,1,0,0,8.0,7.833333333333333,2020-08
linen,7.813939224682965,2020-09,8.0,5.604059466217599,13.17676821406943,4.592256071356476,7.791027917214502,-7.572708747851831,-0.5747015220140328,8.0,9.0,10.0,9.0,9,-1.0,-1.8369701987210297e-16,0,0,0,0,1,0,0,7.666666666666667,8.0,2020-09
linen,11.415770883658288,2020-10,8.0,7.813939224682965,5.604059466217599,13.17676821406943,8.864922301656664,2.209879758465366,0.39433552976854847,8.0,8.0,9.0,8.333333333333334,10,-0.8660254037844386,0.5000000000000001,0,0,0,0,1,0,0,7.666666666666667,8.5,2020-10
linen,8.584512142712953,2020-11,8.0,11.415770883658288,7.813939224682965,5.604059466217599,8.277923191519617,3.601831658975323,0.4609495358752884,8.0,8.0,8.0,8.0,11,-0.5000000000000004,0.8660254037844384,0,0,0,0,1,0,0,7.666666666666667,9.0,2020-11
linen,30.92334122395873,2020-12,7.0,8.584512142712953,11.415770883658288,7.813939224682965,9.271407417018068,-2.8312587409453354,-0.24801292613521975,7.0,8.0,8.0,7.666666666666667,12,-2.4492935982947064e-16,1.0,0,0,0,0,1,0,0,8.333333333333334,9.5,2020-12
linen,6.380211241711606,2021-01,8.0,30.92334122395873,8.584512142712953,11.415770883658288,16.974541416776656,22.338829081245777,2.602224647117345,8.0,7.0,8.0,7.666666666666667,1,0.49999999999999994,0.8660254037844387,0,0,0,0,1,0,0,9.333333333333334,9.666666666666666,2021-01
linen,12.715869694000908,2021-02,8.0,6.380211241711606,30.92334122395873,8.584512142712953,15.296021536127762,-24.543129982247123,-0.7936765242958818,8.0,8.0,7.0,7.666666666666667,2,0.8660254037844386,0.5000000000000001,0,0,0,0,1,0,0,10.333333333333334,9.833333333333334,2021-02
linen,11.440884980265867,2021-05,9.0,12.715869694000908,6.380211241711606,30.92334122395873,16.673140719890412,6.335658452289302,0.993017035371645,9.0,8.0,8.0,8.333333333333334,5,0.49999999999999994,-0.8660254037844387,0,0,0,0,1,0,0,10.666666666666666,9.833333333333334,2021-05
linen,8.680211241711607,2021-06,11.0,11.440884980265867,12.715869694000908,6.380211241711606,10.17898863865946,-1.2749847137350407,-0.10026720502936204,11.0,9.0,8.0,9.333333333333334,6,1.2246467991473532e-16,-1.0,0,0,0,0,1,0,0,10.0,9.333333333333334,2021-06
linen,14.801815168581438,2021-07,11.0,8.680211241711607,11.440884980265867,12.715869694000908,10.945655305326127,-2.76067373855426,-0.24129896798334094,11.0,11.0,9.0,10.333333333333334,7,-0.4999999999999997,-0.8660254037844388,0,0,0,0,1,0,0,9.333333333333334,9.0,2021-07
linen,10.281241237375587,2021-08,10.0,14.801815168581438,8.680211241711607,11.440884980265867,11.640970463519636,6.121603926869831,0.7052367455590565,10.0,11.0,11.0,10.666666666666666,8,-0.8660254037844385,-0.5000000000000004,0,0,0,0,1,0,0,9.0,9.0,2021-08
linen,10.482873583608754,2021-09,9.0,10.281241237375587,14.801815168581438,8.680211241711607,11.254422549222875,-4.520573931205851,-0.30540672746686437,9.0,10.0,11.0,10.0,9,-1.0,-1.8369701987210297e-16,0,0,0,0,1,0,0,8.666666666666666,9.333333333333334,2021-09
linen,13.94448267215017,2021-10,9.0,10.482873583608754,10.281241237375587,14.801815168581438,11.855309996521925,0.20163234623316661,0.019611673491345405,9.0,9.0,10.0,9.333333333333334,10,-0.8660254037844386,0.5000000000000001,0,0,0,0,1,0,0,8.666666666666666,10.0,2021-10
linen,5.482873583608754,2021-11,9.0,13.94448267215017,10.482873583608754,10.281241237375587,11.569532497711501,3.4616090885414152,0.33021566662351653,9.0,9.0,9.0,9.0,11,-0.5000000000000004,0.8660254037844384,0,0,0,0,1,0,0,9.0,10.666666666666666,2021-11
linen,13.968214362203293,2021-12,8.0,5.482873583608754,13.94448267215017,10.482873583608754,9.970076613122558,-8.461609088541415,-0.6068069563771545,8.0,9.0,9.0,8.666666666666666,12,-2.4492935982947064e-16,1.0,0,0,0,0,1,0,0,10.0,11.166666666666666,2021-12
linen,1.7771212547196624,2022-01,9.0,13.968214362203293,5.482873583608754,13.94448267215017,11.13185687265407,8.485340778594539,1.547608320564196,9.0,8.0,9.0,8.666666666666666,1,0.49999999999999994,0.8660254037844387,0,0,0,0,1,0,0,11.333333333333334,11.166666666666666,2022-01
linen,4.594025094095323,2022-03,10.0,1.7771212547196624,13.968214362203293,5.482873583608754,7.076069733510568,-12.191093107483631,-0.8727739130687749,10.0,9.0,8.0,9.0,3,1.0,6.123233995736766e-17,0,0,0,0,1,0,0,12.333333333333334,10.833333333333334,2022-03
linen,0.3,2022-04,11.0,4.594025094095323,1.7771212547196624,13.968214362203293,6.779786903672758,2.8169038393756605,1.585093775618604,11.0,10.0,9.0,10.0,4,0.8660254037844387,-0.4999999999999998,0,0,0,0,1,0,0,12.333333333333334,10.333333333333334,2022-04
linen,2.0771212547196622,2022-06,13.0,0.3,4.594025094095323,1.7771212547196624,2.223715449604994,-4.294025094095323,-0.9346977881366847,13.0,11.0,10.0,11.333333333333334,6,1.2246467991473532e-16,-1.0,0,0,0,0,1,0,0,11.0,9.666666666666666,2022-06
linen,2.341392685158225,2022-07,13.0,2.0771212547196622,0.3,4.594025094095323,2.3237154496049937,1.7771212547196622,5.923737515732208,13.0,13.0,11.0,12.333333333333334,7,-0.4999999999999997,-0.8660254037844388,0,0,0,0,1,0,0,9.333333333333334,9.333333333333334,2022-07
linen,3.2542425094393246,2022-08,11.0,2.341392685158225,2.0771212547196622,0.3,1.5728379799592946,0.26427143043856294,0.12722965972163736,11.0,13.0,13.0,12.333333333333334,8,-0.8660254037844385,-0.5000000000000004,0,0,0,0,1,0,0,8.333333333333334,9.333333333333334,2022-08
linen,24.614637690976064,2022-09,9.0,3.2542425094393246,2.341392685158225,2.0771212547196622,2.5575854831057363,0.9128498242810994,0.3898747228807591,9.0,11.0,13.0,11.0,9,-1.0,-1.8369701987210297e-16,0,0,0,0,1,0,0,8.333333333333334,10.0,2022-09
linen,52.38134880784385,2022-10,8.0,24.614637690976064,3.2542425094393246,2.341392685158225,10.07009096185787,21.360395181536738,6.5638609045202765,8.0,9.0,11.0,9.333333333333334,10,-0.8660254037844386,0.5000000000000001,0,0,0,0,1,0,0,9.333333333333334,11.0,2022-10
linen,32.89909809069934,2022-11,8.0,52.38134880784385,24.614637690976064,3.2542425094393246,26.75007633608641,27.766711116867786,1.128056868659387,8.0,8.0,9.0,8.333333333333334,11,-0.5000000000000004,0.8660254037844384,0,0,0,0,1,0,0,10.333333333333334,12.333333333333334,2022-11
linen,13.20506164173911,2022-12,9.0,32.89909809069934,52.38134880784385,24.614637690976064,36.63169486317309,-19.48225071714451,-0.371931062497328,9.0,8.0,8.0,8.333333333333334,12,-2.4492935982947064e-16,1.0,0,0,0,0,1,0,0,11.666666666666666,13.333333333333334,2022-12
linen,1.3,2023-02,11.0,13.20506164173911,32.89909809069934,52.38134880784385,32.82850284676076,-19.69403644896023,-0.598619341924385,11.0,9.0,8.0,9.333333333333334,2,0.8660254037844386,0.5000000000000001,0,0,0,0,1,0,0,12.666666666666666,13.666666666666666,2023-02
linen,3.146128035678238,2023-03,11.0,1.3,13.20506164173911,32.89909809069934,15.801386577479482,-11.90506164173911,-0.9015529018137328,11.0,11.0,9.0,10.333333333333334,3,1.0,6.123233995736766e-17,0,0,0,0,1,0,0,14.333333333333334,13.666666666666666,2023-03
linen,11.75956719323362,2023-04,13.0,3.146128035678238,1.3,13.20506164173911,5.883729892472448,1.8461280356782381,1.42009848898326,13.0,11.0,11.0,11.666666666666666,4,0.8660254037844387,-0.4999999999999998,0,0,0,0,1,0,0,15.0,13.0,2023-04
linen,14.911096473669598,2023-05,14.0,11.75956719323362,3.146128035678238,1.3,5.401898409637283,8.613439157555382,2.7377904077252557,14.0,13.0,11.0,12.666666666666666,5,0.49999999999999994,-0.8660254037844387,0,0,0,0,1,0,0,14.666666666666666,12.166666666666666,2023-05
linen,10.45484486000851,2023-06,16.0,14.911096473669598,11.75956719323362,3.146128035678238,9.93893056752715,3.1515292804359785,0.26799704688530945,16.0,14.0,13.0,14.333333333333334,6,1.2246467991473532e-16,-1.0,0,0,0,0,1,0,0,13.0,11.0,2023-06
linen,3.697940008672037,2023-07,15.0,10.45484486000851,14.911096473669598,11.75956719323362,12.375169508970572,-4.456251613661088,-0.2988547234960255,15.0,16.0,14.0,15.0,7,-0.4999999999999997,-0.8660254037844388,0,0,0,0,1,0,0,11.0,10.166666666666666,2023-07
linen,6.095880017344075,2023-08,13.0,3.697940008672037,10.45484486000851,14.911096473669598,9.687960447450047,-6.756904851336474,-0.6462941288763393,13.0,15.0,16.0,14.666666666666666,8,-0.8660254037844385,-0.5000000000000004,0,0,0,0,1,0,0,9.666666666666666,9.833333333333334,2023-08
linen,5.638764005203222,2023-09,11.0,6.095880017344075,3.697940008672037,10.45484486000851,6.7495549620082045,2.397940008672038,0.6484529232623111,11.0,13.0,15.0,13.0,9,-1.0,-1.8369701987210297e-16,0,0,0,0,1,0,0,9.0,10.166666666666666,2023-09
linen,7.68988795837422,2023-10,9.0,5.638764005203222,6.095880017344075,3.697940008672037,5.144194677073109,-0.45711601214085285,-0.07498769838649388,9.0,11.0,13.0,11.0,10,-0.8660254037844386,0.5000000000000001,0,0,0,0,1,0,0,9.333333333333334,11.0,2023-10
linen,8.184737980054313,2023-11,9.0,7.68988795837422,5.638764005203222,6.095880017344075,6.474843993640504,2.0511239531709977,0.36375417578715896,9.0,9.0,11.0,9.666666666666666,11,-0.5000000000000004,0.8660254037844384,0,0,0,0,1,0,0,10.0,12.333333333333334,2023-11
linen,19.388885971603184,2023-12,9.0,8.184737980054313,7.68988795837422,5.638764005203222,7.171129981210583,0.49485002168009373,0.06435074533708995,9.0,9.0,9.0,9.0,12,-2.4492935982947064e-16,1.0,0,0,0,0,1,0,0,11.333333333333334,13.833333333333334,2023-12
linen,2.601029995663981,2024-01,10.0,19.388885971603184,8.184737980054313,7.68988795837422,11.75450397001057,11.20414799154887,1.3689073515673522,10.0,9.0,9.0,9.333333333333334,1,0.49999999999999994,0.8660254037844387,0,0,0,0,1,0,0,12.666666666666666,15.0,2024-01
linen,2.3010299956639813,2024-02,11.0,2.601029995663981,19.388885971603184,8.184737980054313,10.05821798244049,-16.787855975939202,-0.8658494356265012,11.0,10.0,9.0,10.0,2,0.8660254037844386,0.5000000000000001,0,0,0,0,1,0,0,14.666666666666666,15.666666666666666,2024-02
linen,0.6,2024-03,13.0,2.3010299956639813,2.601029995663981,19.388885971603184,8.096981987643714,-0.2999999999999998,-0.11533892361876319,13.0,11.0,10.0,11.333333333333334,3,1.0,6.123233995736766e-17,0,0,0,0,1,0,0,16.333333333333332,15.5,2024-03
linen,6.697940008672037,2024-04,14.0,0.6,2.3010299956639813,2.601029995663981,1.8340199971093183,-1.7010299956639812,-0.7392472061943438,14.0,13.0,11.0,12.666666666666666,4,0.8660254037844387,-0.4999999999999998,0,0,0,0,1,0,0,17.333333333333332,14.833333333333334,2024-04
linen,48.08169350979575,2024-05,17.0,6.697940008672037,0.6,2.3010299956639813,3.1996566681120036,6.097940008672038,10.16323334778673,17.0,14.0,13.0,14.666666666666666,5,0.49999999999999994,-0.8660254037844387,0,0,0,0,1,0,0,16.666666666666668,13.833333333333334,2024-05
linen,9.646158569862113,2024-06,18.0,48.08169350979575,6.697940008672037,0.6,18.45987783948926,41.383753501123714,6.178579301627492,18.0,17.0,14.0,16.333333333333332,6,1.2246467991473532e-16,-1.0,0,0,0,0,1,0,0,14.666666666666666,12.833333333333334,2024-06
linen,4.642422680822206,2024-07,17.0,9.646158569862113,48.08169350979575,6.697940008672037,21.475264029443295,-38.43553493993363,-0.7993798082861435,17.0,18.0,17.0,17.333333333333332,7,-0.4999999999999997,-0.8660254037844388,0,0,0,0,1,0,0,12.333333333333334,11.833333333333334,2024-07
linen,6.6776069527204935,2024-08,15.0,4.642422680822206,9.646158569862113,48.08169350979575,20.790091586826687,-5.003735889039906,-0.5187283469165935,15.0,17.0,18.0,16.666666666666668,8,-0.8660254037844385,-0.5000000000000004,0,0,0,0,1,0,0,11.0,11.833333333333334,2024-08
linen,14.704299670671489,2024-09,12.0,6.6776069527204935,4.642422680822206,9.646158569862113,6.988729401134935,2.035184271898287,0.4383884044651103,12.0,15.0,17.0,14.666666666666666,9,-1.0,-1.8369701987210297e-16,0,0,0,0,1,0,0,11.0,12.666666666666666,2024-09
linen,17.171008581453705,2024-10,10.0,14.704299670671489,6.6776069527204935,4.642422680822206,8.67477643473806,8.026692717950995,1.2020313227152246,10.0,12.0,15.0,12.333333333333334,10,-0.8660254037844386,0.5000000000000001,0,0,0,0,1,0,0,11.333333333333334,14.333333333333334,2024-10
linen,17.39713058389757,2024-11,11.0,17.171008581453705,14.704299670671489,6.6776069527204935,12.850971734948558,2.4667089107822164,0.16775426004831773,11.0,10.0,12.0,11.0,11,-0.5000000000000004,0.8660254037844384,0,0,0,0,1,0,0,12.666666666666666,16.0,2024-11
linen,7.8781512503836435,2024-12,12.0,17.39713058389757,17.171008581453705,14.704299670671489,16.424146278674254,0.2261220024438657,0.01316882472984715,12.0,11.0,10.0,11.0,12,-2.4492935982947064e-16,1.0,0,0,0,0,1,0,0,14.333333333333334,17.5,2024-12
linen,3.0,2025-01,11.0,7.8781512503836435,17.39713058389757,17.171008581453705,14.148763471911638,-9.518979333513927,-0.5471580090526251,11.0,12.0,11.0,11.333333333333334,1,0.49999999999999994,0.8660254037844387,0,0,0,0,1,0,0,17.333333333333332,18.833333333333332,2025-01
linen,3.1760912590556813,2025-03,15.0,3.0,7.8781512503836435,17.39713058389757,9.425093944760404,-4.8781512503836435,-0.6191999995108106,15.0,11.0,12.0,12.666666666666666,3,1.0,6.123233995736766e-17,0,0,0,0,1,0,0,19.333333333333332,19.0,2025-03
linen,12.805149978319909,2025-04,17.0,3.1760912590556813,3.0,7.8781512503836435,4.684747503146439,0.17609125905568135,0.05869708635189386,17.0,15.0,11.0,14.333333333333334,4,0.8660254037844387,-0.4999999999999998,0,0,0,0,1,0,0,20.666666666666668,18.666666666666668,2025-04
linen,25.77973270951061,2025-05,20.0,12.805149978319909,3.1760912590556813,3.0,6.327080412458528,9.629058719264227,3.031732382314212,20.0,17.0,15.0,17.333333333333332,5,0.49999999999999994,-0.8660254037844387,0,0,0,0,1,0,0,20.333333333333332,18.0,2025-05
linen,11.334453751150932,2025-06,21.0,25.77973270951061,12.805149978319909,3.1760912590556813,13.920324648962065,12.974582731190702,1.0132316101847816,21.0,20.0,17.0,19.333333333333332,6,1.2246467991473532e-16,-1.0,0,0,0,0,1,0,0,18.666666666666668,16.833333333333332,2025-06
linen,14.70823996531185,2025-07,21.0,11.334453751150932,25.77973270951061,12.805149978319909,16.639778812993814,-14.44527895835968,-0.5603347063808212,21.0,21.0,20.0,20.666666666666668,7,-0.4999999999999997,-0.8660254037844388,0,0,0,0,1,0,0,16.666666666666668,15.666666666666666,2025-07
linen,26.75693354075872,2025-08,19.0,14.70823996531185,11.334453751150932,25.77973270951061,17.27414214199113,3.373786214160919,0.29765759234919775,19.0,21.0,21.0,20.333333333333332,8,-0.8660254037844385,-0.5000000000000004,0,0,0,0,1,0,0,15.666666666666666,15.0,2025-08
linen,7.030295287362179,2025-09,16.0,26.75693354075872,14.70823996531185,11.334453751150932,17.599875752407165,12.048693575446869,0.8191798341516525,16.0,19.0,21.0,18.666666666666668,9,-1.0,-1.8369701987210297e-16,0,0,0,0,1,0,0,15.0,14.75,2025-09
linen,11.366629663232754,2025-10,15.0,7.030295287362179,26.75693354075872,14.70823996531185,16.16515626447758,-19.72663825339654,-0.7372533262582963,15.0,16.0,19.0,16.666666666666668,10,-0.8660254037844386,0.5000000000000001,0,0,0,0,1,0,0,14.666666666666666,14.666666666666666,2025-10
loafers,1.2,2021-12,2.0,1.0,5.105169427999332,4.273168745640794,3.459446057880042,-4.105169427999332,-0.8041201150905014,2.0,2.25,1.4,1.8833333333333335,12,-2.4492935982947064e-16,1.0,0,1,0,0,0,0,0,3.3333333333333335,3.1666666666666665,2021-12
loafers,2.7481880270062007,2022-04,3.0,1.2,1.0,5.105169427999332,2.4350564759997773,0.19999999999999996,0.19999999999999996,3.0,2.0,2.25,2.4166666666666665,4,0.8660254037844387,-0.4999999999999998,0,1,0,0,0,0,0,3.3333333333333335,3.3333333333333335,2022-04
loafers,3.1030899869919435,2022-09,4.0,2.7481880270062007,1.2,1.0,1.649396009002067,1.5481880270062007,1.290156689171834,4.0,3.0,2.0,3.0,9,-1.0,-1.8369701987210297e-16,0,1,0,0,0,0,0,3.0,3.3000000000000003,2022-09
loafers,2.4,2022-11,3.0,3.1030899869919435,2.7481880270062007,1.2,2.350426004666048,0.3549019599857428,0.12914034865815327,3.0,4.0,3.0,3.3333333333333335,11,-0.5000000000000004,0.8660254037844384,0,1,0,0,0,0,0,3.0,3.3833333333333333,2022-11
loafers,2.4,2022-12,3.0,2.4,3.1030899869919435,2.7481880270062007,2.750426004666048,-0.7030899869919436,-0.22657737607973827,3.0,3.0,4.0,3.3333333333333335,12,-2.4492935982947064e-16,1.0,0,1,0,0,0,0,0,3.3333333333333335,3.4166666666666665,2022-12
loafers,1.4771212547196624,2023-01,3.0,2.4,2.4,3.1030899869919435,2.6343633289973147,0.0,0.0,3.0,3.0,3.0,3.0,1,0.49999999999999994,0.8660254037844387,0,1,0,0,0,0,0,3.6,3.4499999999999997,2023-01
loafers,1.845098040014257,2023-07,3.0,1.4771212547196624,2.4,2.4,2.092373751573221,-0.9228787452803375,-0.384532810533474,3.0,3.0,3.0,3.0,7,-0.4999999999999997,-0.8660254037844388,0,1,0,0,0,0,0,3.766666666666667,3.533333333333333,2023-07
loafers,63.04509804001425,2023-09,4.0,1.845098040014257,1.4771212547196624,2.4,1.907406431577973,0.36797678529459454,0.2491175210693395,4.0,3.0,3.0,3.3333333333333335,9,-1.0,-1.8369701987210297e-16,0,1,0,0,0,0,0,3.5,3.533333333333333,2023-09
loafers,64.6141176480171,2023-10,3.8,63.04509804001425,1.845098040014257,1.4771212547196624,22.12243911158272,61.199999999999996,33.16896916736582,3.8,4.0,3.0,3.5999999999999996,10,-0.8660254037844386,0.5000000000000001,0,1,0,0,0,0,0,3.3000000000000003,3.5666666666666664,2023-10
loafers,63.04509804001425,2023-11,3.5,64.6141176480171,63.04509804001425,1.845098040014257,43.168104576015196,1.5690196080028471,0.024887257800868312,3.5,3.8,4.0,3.766666666666666,11,-0.5000000000000004,0.8660254037844384,0,1,0,0,0,0,0,3.3000000000000003,3.65,2023-11
loafers,71.39999999999999,2023-12,3.2,63.04509804001425,64.6141176480171,63.04509804001425,63.5681045760152,-1.5690196080028471,-0.02428292244970398,3.2,3.5,3.8,3.5,12,-2.4492935982947064e-16,1.0,0,1,0,0,0,0,0,3.5666666666666664,3.9499999999999997,2023-12
loafers,1.0,2024-03,3.2,71.39999999999999,63.04509804001425,64.6141176480171,66.35307189601043,8.354901959985739,0.132522626179167,3.2,3.2,3.5,3.3000000000000003,3,1.0,6.123233995736766e-17,0,1,0,0,0,0,0,3.8333333333333335,4.25,2024-03
loafers,1.2,2024-08,3.5,1.0,71.39999999999999,63.04509804001425,45.14836601333807,-70.39999999999999,-0.9859943977591037,3.5,3.2,3.2,3.3000000000000003,8,-0.8660254037844385,-0.5000000000000004,0,1,0,0,0,0,0,4.0,4.375,2024-08
loafers,1.2,2024-10,4.0,1.2,1.0,71.39999999999999,24.533333333333328,0.19999999999999996,0.19999999999999996,4.0,3.5,3.2,3.5666666666666664,10,-0.8660254037844386,0.5000000000000001,0,1,0,0,0,0,0,4.333333333333333,4.272849462365591,2024-10
loafers,1.7781512503836436,2025-06,4.0,1.2,1.2,1.0,1.1333333333333286,0.0,0.0,4.0,4.0,3.5,3.8333333333333335,6,1.2246467991473532e-16,-1.0,0,1,0,0,0,0,0,4.666666666666667,4.374039938556067,2025-06
loafers,4.361727836017593,2025-07,4.0,1.7781512503836436,1.2,1.2,1.3927170834612097,0.5781512503836437,0.48179270865303647,4.0,4.0,4.0,4.0,7,-0.4999999999999997,-0.8660254037844388,0,1,0,0,0,0,0,4.75,4.546082949308755,2025-07
loafers,6.017033339298781,2025-08,5.0,4.361727836017593,1.7781512503836436,1.2,2.4466263621337405,2.583576585633949,1.4529565947084264,5.0,4.0,4.0,4.333333333333333,8,-0.8660254037844385,-0.5000000000000004,0,1,0,0,0,0,0,4.212365591397849,4.455299539170507,2025-08
loafers,8.982723387668546,2025-10,5.0,6.017033339298781,4.361727836017593,1.7781512503836436,4.052304141900001,1.6553055032811876,0.37950682975041805,5.0,5.0,4.0,4.666666666666667,10,-0.8660254037844386,0.5000000000000001,0,1,0,0,0,0,0,4.081413210445469,4.3191244239631335,2025-10
loafers,12.956032268465815,2025-12,4.25,8.982723387668546,6.017033339298781,4.361727836017593,6.453828187661635,2.9656900483697655,0.49288243576782054,4.25,5.0,5.0,4.75,12,-2.4492935982947064e-16,1.0,0,1,0,0,0,0,0,4.342165898617512,4.342165898617512,2025-12
magenta,12.623434863723467,2020-09,6.0,1.0,2.977723605288848,0.3,1.425907868429616,-1.977723605288848,-0.664172995027523,6.0,6.0,6.0,6.0,9,-1.0,-1.8369701987210297e-16,0,0,1,0,0,0,0,6.666666666666667,6.333333333333333,2020-09
magenta,7.04039335856662,2020-10,6.0,12.623434863723467,1.0,2.977723605288848,5.533719489670772,11.623434863723467,11.623434863723467,6.0,6.0,6.0,6.0,10,-0.8660254037844386,0.5000000000000001,0,0,1,0,0,0,0,6.666666666666667,6.5,2020-10
magenta,9.304543039380311,2020-11,7.0,7.04039335856662,12.623434863723467,1.0,6.8879427407633615,-5.583041505156848,-0.4422759387938924,7.0,6.0,6.0,6.333333333333333,11,-0.5000000000000004,0.8660254037844384,0,0,1,0,0,0,0,6.333333333333333,6.333333333333333,2020-11
magenta,7.337990178392207,2020-12,7.0,9.304543039380311,7.04039335856662,12.623434863723467,9.656123753890133,2.2641496808136914,0.32159420155959273,7.0,7.0,6.0,6.666666666666667,12,-2.4492935982947064e-16,1.0,0,0,1,0,0,0,0,6.0,6.166666666666667,2020-12
magenta,5.648945182165672,2021-03,6.0,7.337990178392207,9.304543039380311,7.04039335856662,7.894308858779713,-1.966552860988104,-0.2113540506680356,6.0,7.0,7.0,6.666666666666667,3,1.0,6.123233995736766e-17,0,0,1,0,0,0,0,6.333333333333333,6.166666666666667,2021-03
magenta,2.681241237375587,2021-04,6.0,5.648945182165672,7.337990178392207,9.304543039380311,7.430492799979397,-1.689044996226535,-0.2301781489433138,6.0,6.0,7.0,6.333333333333333,4,0.8660254037844387,-0.4999999999999998,0,0,1,0,0,0,0,6.333333333333333,6.166666666666667,2021-04
magenta,5.770115294787102,2021-05,6.0,2.681241237375587,5.648945182165672,7.337990178392207,5.222725532644489,-2.967703944790085,-0.5253554157614143,6.0,6.0,6.0,6.0,5,0.49999999999999994,-0.8660254037844387,0,0,1,0,0,0,0,6.333333333333333,6.166666666666667,2021-05
magenta,2.4913616938342726,2021-06,7.0,5.770115294787102,2.681241237375587,5.648945182165672,4.700100571442787,3.0888740574115148,1.152031385447033,7.0,6.0,6.0,6.333333333333333,6,1.2246467991473532e-16,-1.0,0,0,1,0,0,0,0,6.0,6.0,2021-06
magenta,6.234517283512687,2021-07,6.0,2.4913616938342726,5.770115294787102,2.681241237375587,3.6475727419989874,-3.2787536009528293,-0.5682301710530733,6.0,7.0,6.0,6.333333333333333,7,-0.4999999999999997,-0.8660254037844388,0,0,1,0,0,0,0,6.0,6.0,2021-07
magenta,8.247727726963317,2021-08,6.0,6.234517283512687,2.4913616938342726,5.770115294787102,4.831998090711354,3.7431555896784148,1.502453697888241,6.0,6.0,7.0,6.333333333333333,8,-0.8660254037844385,-0.5000000000000004,0,0,1,0,0,0,0,6.0,6.0,2021-08
magenta,5.256253490053927,2021-09,6.0,8.247727726963317,6.234517283512687,2.4913616938342726,5.65786890143676,2.01321044345063,0.3229136037162985,6.0,6.0,6.0,6.0,9,-1.0,-1.8369701987210297e-16,0,0,1,0,0,0,0,6.0,6.0,2021-09
magenta,12.298940431428012,2021-10,6.0,5.256253490053927,8.247727726963317,6.234517283512687,6.579499500176644,-2.99147423690939,-0.36270283597380626,6.0,6.0,6.0,6.0,10,-0.8660254037844386,0.5000000000000001,0,0,1,0,0,0,0,6.0,6.0,2021-10
magenta,3.4471580313422194,2021-11,6.0,12.298940431428012,5.256253490053927,8.247727726963317,8.600973882815085,7.042686941374084,1.3398682074029553,6.0,6.0,6.0,6.0,11,-0.5000000000000004,0.8660254037844384,0,0,1,0,0,0,0,6.0,6.0,2021-11
magenta,11.74509101132719,2021-12,6.0,3.4471580313422194,12.298940431428012,5.256253490053927,7.000783984274719,-8.851782400085792,-0.7197191050268406,6.0,6.0,6.0,6.0,12,-2.4492935982947064e-16,1.0,0,0,1,0,0,0,0,6.0,6.0,2021-12
magenta,0.3,2022-02,6.0,11.74509101132719,3.4471580313422194,12.298940431428012,9.163729824699141,8.29793297998497,2.4071809022210697,6.0,6.0,6.0,6.0,2,0.8660254037844386,0.5000000000000001,0,0,1,0,0,0,0,6.0,6.166666666666667,2022-02
magenta,0.3,2022-03,6.0,0.3,11.74509101132719,3.4471580313422194,5.164083014223137,-11.44509101132719,-0.9744574137645529,6.0,6.0,6.0,6.0,3,1.0,6.123233995736766e-17,0,0,1,0,0,0,0,6.0,6.333333333333333,2022-03
magenta,0.3,2022-04,6.0,0.3,0.3,11.74509101132719,4.115030337109063,0.0,0.0,6.0,6.0,6.0,6.0,4,0.8660254037844387,-0.4999999999999998,0,0,1,0,0,0,0,6.0,6.666666666666667,2022-04
magenta,0.3,2022-06,6.0,0.3,0.3,0.3,0.3,0.0,0.0,6.0,6.0,6.0,6.0,6,1.2246467991473532e-16,-1.0,0,0,1,0,0,0,0,6.333333333333333,7.666666666666667,2022-06
magenta,7.124178055474676,2022-07,6.0,0.3,0.3,0.3,0.3,0.0,0.0,6.0,6.0,6.0,6.0,7,-0.4999999999999997,-0.8660254037844388,0,0,1,0,0,0,0,6.666666666666667,7.833333333333333,2022-07
magenta,1.0,2022-08,6.0,7.124178055474676,0.3,0.3,2.5747260184915586,6.824178055474676,22.74726018491559,6.0,6.0,6.0,6.0,8,-0.8660254037844385,-0.5000000000000004,0,0,1,0,0,0,0,7.333333333333333,7.833333333333333,2022-08
magenta,7.691610454203248,2022-09,7.0,1.0,7.124178055474676,0.3,2.8080593518248924,-6.124178055474676,-0.8596329299726674,7.0,6.0,6.0,6.333333333333333,9,-1.0,-1.8369701987210297e-16,0,0,1,0,0,0,0,9.0,7.833333333333333,2022-09
magenta,1.2,2022-10,7.0,7.691610454203248,1.0,7.124178055474676,5.271929503225974,6.691610454203248,6.691610454203248,7.0,7.0,6.0,6.666666666666667,10,-0.8660254037844386,0.5000000000000001,0,0,1,0,0,0,0,9.0,8.0,2022-10
magenta,7.466009996484923,2022-11,8.0,1.2,7.691610454203248,1.0,3.297203484734416,-6.491610454203248,-0.8439858587294636,8.0,7.0,7.0,7.333333333333333,11,-0.5000000000000004,0.8660254037844384,0,0,1,0,0,0,0,8.333333333333334,7.833333333333333,2022-11
magenta,6.1367320227682045,2022-12,12.0,7.466009996484923,1.2,7.691610454203248,5.4525401502293915,6.2660099964849225,5.221674997070769,12.0,8.0,7.0,9.0,12,-2.4492935982947064e-16,1.0,0,0,1,0,0,0,0,6.666666666666667,7.166666666666667,2022-12
magenta,0.3,2023-05,7.0,6.1367320227682045,7.466009996484923,1.2,4.9342473397510425,-1.3292779737167182,-0.17804395846543952,7.0,12.0,8.0,9.0,5,0.49999999999999994,-0.8660254037844387,0,0,1,0,0,0,0,7.0,7.166666666666667,2023-05
magenta,2.397940008672037,2023-06,6.0,0.3,6.1367320227682045,7.466009996484923,4.634247339751043,-5.836732022768205,-0.9511140458982151,6.0,7.0,12.0,8.333333333333334,6,1.2246467991473532e-16,-1.0,0,0,1,0,0,0,0,7.333333333333333,7.333333333333333,2023-06
magenta,2.397940008672037,2023-07,7.0,2.397940008672037,0.3,6.1367320227682045,2.944890677146747,2.0979400086720372,6.9931333622401235,7.0,6.0,7.0,6.666666666666667,7,-0.4999999999999997,-0.8660254037844388,0,0,1,0,0,0,0,7.666666666666667,7.5,2023-07
magenta,9.577905475362662,2023-09,8.0,2.397940008672037,2.397940008672037,0.3,1.6986266724480246,0.0,0.0,8.0,7.0,6.0,7.0,9,-1.0,-1.8369701987210297e-16,0,0,1,0,0,0,0,7.333333333333333,7.833333333333333,2023-09
magenta,10.814797643914126,2023-10,7.0,9.577905475362662,2.397940008672037,2.397940008672037,4.791261830902246,7.179965466690625,2.9942223077827714,7.0,8.0,7.0,7.333333333333333,10,-0.8660254037844386,0.5000000000000001,0,0,1,0,0,0,0,7.333333333333333,7.666666666666667,2023-10
magenta,10.516521569930768,2023-11,8.0,10.814797643914126,9.577905475362662,2.397940008672037,7.596881042649609,1.2368921685514636,0.12914015196048156,8.0,7.0,8.0,7.666666666666667,11,-0.5000000000000004,0.8660254037844384,0,0,1,0,0,0,0,7.333333333333333,7.333333333333333,2023-11
magenta,20.43289501623239,2023-12,7.0,10.516521569930768,10.814797643914126,9.577905475362662,10.303074896402519,-0.29827607398335765,-0.02758036569932576,7.0,8.0,7.0,7.333333333333333,12,-2.4492935982947064e-16,1.0,0,0,1,0,0,0,0,8.333333333333334,7.333333333333333,2023-12
magenta,2.679181246047625,2024-04,7.0,20.43289501623239,10.516521569930768,10.814797643914126,13.921404743359096,9.916373446301622,0.9429328300580762,7.0,7.0,8.0,7.333333333333333,4,0.8660254037844387,-0.4999999999999998,0,0,1,0,0,0,0,8.0,7.333333333333333,2024-04
magenta,5.894316062684439,2024-05,8.0,2.679181246047625,20.43289501623239,10.516521569930768,11.209532610736929,-17.753713770184763,-0.8688790186647943,8.0,7.0,7.0,7.333333333333333,5,0.49999999999999994,-0.8660254037844387,0,0,1,0,0,0,0,7.333333333333333,7.166666666666667,2024-05
magenta,9.8490339314571,2024-06,10.0,5.894316062684439,2.679181246047625,20.43289501623239,9.668797441654819,3.2151348166368137,1.2000437900122796,10.0,8.0,7.0,8.333333333333334,6,1.2246467991473532e-16,-1.0,0,0,1,0,0,0,0,6.333333333333333,6.666666666666667,2024-06
magenta,16.977920980366353,2024-09,6.0,9.8490339314571,5.894316062684439,2.679181246047625,6.140843746729722,3.9547178687726614,0.6709375314651129,6.0,10.0,8.0,8.0,9,-1.0,-1.8369701987210297e-16,0,0,1,0,0,0,0,6.666666666666667,6.833333333333333,2024-09
magenta,4.683855016530412,2024-10,6.0,16.977920980366353,9.8490339314571,5.894316062684439,10.907090324835963,7.128887048909252,0.7238158684924523,6.0,6.0,10.0,7.333333333333333,10,-0.8660254037844386,0.5000000000000001,0,0,1,0,0,0,0,7.0,6.833333333333333,2024-10
magenta,12.326290957447911,2024-11,7.0,4.683855016530412,16.977920980366353,9.8490339314571,10.503603309451288,-12.29406596383594,-0.724120814206467,7.0,6.0,6.0,6.333333333333333,11,-0.5000000000000004,0.8660254037844384,0,0,1,0,0,0,0,7.0,6.833333333333333,2024-11
magenta,9.37389000704471,2024-12,7.0,12.326290957447911,4.683855016530412,16.977920980366353,11.329355651448225,7.642435940917499,1.631655103316727,7.0,7.0,6.0,6.666666666666667,12,-2.4492935982947064e-16,1.0,0,0,1,0,0,0,0,7.0,7.0,2024-12
magenta,1.3,2025-01,7.0,9.37389000704471,12.326290957447911,4.683855016530412,8.794678660341011,-2.9524009504032005,-0.23952062794844808,7.0,7.0,7.0,7.0,1,0.49999999999999994,0.8660254037844387,0,0,1,0,0,0,0,6.666666666666667,7.166666666666667,2025-01
magenta,1.0,2025-02,7.0,1.3,9.37389000704471,12.326290957447911,7.666726988164206,-8.07389000704471,-0.8613169133600866,7.0,7.0,7.0,7.0,2,0.8660254037844386,0.5000000000000001,0,0,1,0,0,0,0,6.666666666666667,7.166666666666667,2025-02
magenta,0.3,2025-05,7.0,1.0,1.3,9.37389000704471,3.8912966690149027,-0.30000000000000004,-0.23076923076923084,7.0,7.0,7.0,7.0,5,0.49999999999999994,-0.8660254037844387,0,0,1,0,0,0,0,7.0,7.166666666666667,2025-05
magenta,12.82035452293901,2025-06,6.0,0.3,1.0,1.3,0.8666666666666655,-0.7,-0.7,6.0,7.0,7.0,6.666666666666667,6,1.2246467991473532e-16,-1.0,0,0,1,0,0,0,0,7.666666666666667,7.333333333333333,2025-06
magenta,3.0,2025-07,7.0,12.82035452293901,0.3,1.0,4.706784840979669,12.520354522939009,41.73451507646337,7.0,6.0,7.0,6.666666666666667,7,-0.4999999999999997,-0.8660254037844388,0,0,1,0,0,0,0,7.666666666666667,7.333333333333333,2025-07
magenta,11.655162454859612,2025-08,8.0,3.0,12.82035452293901,0.3,5.373451507646336,-9.82035452293901,-0.7659971107170083,8.0,7.0,6.0,7.0,8,-0.8660254037844385,-0.5000000000000004,0,0,1,0,0,0,0,7.333333333333333,7.2,2025-08
magenta,9.1944022552679,2025-09,8.0,11.655162454859612,3.0,12.82035452293901,9.158505659266206,8.655162454859612,2.8850541516198707,8.0,8.0,7.0,7.666666666666667,9,-1.0,-1.8369701987210297e-16,0,0,1,0,0,0,0,7.0,7.0,2025-09
magenta,3.2791812460476253,2025-10,7.0,9.1944022552679,11.655162454859612,3.0,7.949854903375837,-2.4607601995917125,-0.2111304933862762,7.0,8.0,8.0,7.666666666666667,10,-0.8660254037844386,0.5000000000000001,0,0,1,0,0,0,0,7.0,7.0,2025-10
maxi dress,29.470740168632236,2020-04,2.0,24.98760916494904,31.527243781503064,19.01913585581772,25.17799626742327,-6.539634616554025,-0.20742804736996412,2.0,2.0,3.0,2.3333333333333335,4,0.8660254037844387,-0.4999999999999998,0,0,0,0,0,0,1,3.0,2.6666666666666665,2020-04
maxi dress,45.917432112640256,2020-05,3.0,29.470740168632236,24.98760916494904,31.527243781503064,28.661864371694776,4.483131003683198,0.17941416379970576,3.0,2.0,2.0,2.3333333333333335,5,0.49999999999999994,-0.8660254037844387,0,0,0,0,0,0,1,3.0,2.5,2020-05
maxi dress,27.581041396587967,2020-06,3.0,45.917432112640256,29.470740168632236,24.98760916494904,33.45859381540718,16.44669194400802,0.5580685062505957,3.0,3.0,2.0,2.6666666666666665,6,1.2246467991473532e-16,-1.0,0,0,0,0,0,0,1,2.6666666666666665,2.3333333333333335,2020-06
maxi dress,29.8937229477792,2020-07,3.0,27.581041396587967,45.917432112640256,29.470740168632236,34.32307122595349,-18.33639071605229,-0.3993339756254489,3.0,3.0,3.0,3.0,7,-0.4999999999999997,-0.8660254037844388,0,0,0,0,0,0,1,2.3333333333333335,2.1666666666666665,2020-07
maxi dress,62.03743910257475,2020-08,3.0,29.8937229477792,27.581041396587967,45.917432112640256,34.464065485669146,2.3126815511912326,0.0838504071669075,3.0,3.0,3.0,3.0,8,-0.8660254037844385,-0.5000000000000004,0,0,0,0,0,0,1,2.0,2.0,2020-08
maxi dress,62.51934616737168,2020-09,2.0,62.03743910257475,29.8937229477792,27.581041396587967,39.83740114898064,32.143716154795555,1.0752664099733185,2.0,3.0,3.0,2.6666666666666665,9,-1.0,-1.8369701987210297e-16,0,0,0,0,0,0,1,2.0,2.1666666666666665,2020-09
maxi dress,56.84645736969157,2020-10,2.0,62.51934616737168,62.03743910257475,29.8937229477792,51.48350273924188,0.48190706479692835,0.007768003833944936,2.0,2.0,3.0,2.3333333333333335,10,-0.8660254037844386,0.5000000000000001,0,0,0,0,0,0,1,2.0,2.3333333333333335,2020-10
maxi dress,87.91181879971089,2020-11,2.0,56.84645736969157,62.51934616737168,62.03743910257475,60.467747546546,-5.672888797680109,-0.09073813380090567,2.0,2.0,2.0,2.0,11,-0.5000000000000004,0.8660254037844384,0,0,0,0,0,0,1,2.0,2.6666666666666665,2020-11
maxi dress,65.30959745377268,2020-12,2.0,87.91181879971089,56.84645736969157,62.51934616737168,69.09254077892471,31.065361430019315,0.5464784063497723,2.0,2.0,2.0,2.0,12,-2.4492935982947064e-16,1.0,0,0,0,0,0,0,1,2.3333333333333335,3.0,2020-12
maxi dress,3.101029995663981,2021-01,2.0,65.30959745377268,87.91181879971089,56.84645736969157,70.02262454105839,-22.602221345938204,-0.2571010548357866,2.0,2.0,2.0,2.0,1,0.49999999999999994,0.8660254037844387,0,0,0,0,0,0,1,2.6666666666666665,3.3333333333333335,2021-01
maxi dress,7.202059991327962,2021-02,2.0,3.101029995663981,65.30959745377268,87.91181879971089,52.107482083049184,-62.2085674581087,-0.9525180047563615,2.0,2.0,2.0,2.0,2,0.8660254037844386,0.5000000000000001,0,0,0,0,0,0,1,3.3333333333333335,3.5,2021-02
maxi dress,26.32029151916986,2021-03,3.0,7.202059991327962,3.101029995663981,65.30959745377268,25.204229146921545,4.101029995663981,1.3224735011909758,3.0,2.0,2.0,2.3333333333333335,3,1.0,6.123233995736766e-17,0,0,0,0,0,0,1,3.6666666666666665,3.5,2021-03
maxi dress,13.971878199307293,2021-04,3.0,26.32029151916986,7.202059991327962,3.101029995663981,12.20779383538727,19.1182315278419,2.6545504412435137,3.0,3.0,2.0,2.6666666666666665,4,0.8660254037844387,-0.4999999999999998,0,0,0,0,0,0,1,4.0,3.5,2021-04
maxi dress,14.566274321789292,2021-05,4.0,13.971878199307293,26.32029151916986,7.202059991327962,15.831409903268373,-12.348413319862567,-0.4691594434229137,4.0,3.0,3.0,3.3333333333333335,5,0.49999999999999994,-0.8660254037844387,0,0,0,0,0,0,1,3.6666666666666665,3.3333333333333335,2021-05
maxi dress,20.34378724448852,2021-06,4.0,14.566274321789292,13.971878199307293,26.32029151916986,18.28614801342215,0.5943961224819994,0.042542320653172316,4.0,4.0,3.0,3.6666666666666665,6,1.2246467991473532e-16,-1.0,0,0,0,0,0,0,1,3.3333333333333335,3.0,2021-06
maxi dress,28.685278955854614,2021-07,4.0,20.34378724448852,14.566274321789292,13.971878199307293,16.293979921861702,5.777512922699229,0.39663628427324094,4.0,4.0,4.0,4.0,7,-0.4999999999999997,-0.8660254037844388,0,0,0,0,0,0,1,3.0,2.8333333333333335,2021-07
maxi dress,31.218513939877887,2021-08,3.0,28.685278955854614,20.34378724448852,14.566274321789292,21.19844684071081,8.341491711366093,0.4100264916811862,3.0,4.0,4.0,3.6666666666666665,8,-0.8660254037844385,-0.5000000000000004,0,0,0,0,0,0,1,3.0,2.8333333333333335,2021-08
maxi dress,84.84433882120975,2021-09,3.0,31.218513939877887,28.685278955854614,20.34378724448852,26.749193380073674,2.5332349840232737,0.08831132470148928,3.0,3.0,4.0,3.3333333333333335,9,-1.0,-1.8369701987210297e-16,0,0,0,0,0,0,1,2.6666666666666665,3.0,2021-09
maxi dress,74.7411780302479,2021-10,3.0,84.84433882120975,31.218513939877887,28.685278955854614,48.24937723898074,53.62582488133186,1.7177571291384033,3.0,3.0,3.0,3.0,10,-0.8660254037844386,0.5000000000000001,0,0,0,0,0,0,1,2.6666666666666665,3.1666666666666665,2021-10
maxi dress,74.44720237390524,2021-11,3.0,74.7411780302479,84.84433882120975,31.218513939877887,63.60134359711184,-10.103160790961851,-0.11907878511790848,3.0,3.0,3.0,3.0,11,-0.5000000000000004,0.8660254037844384,0,0,0,0,0,0,1,2.6666666666666665,3.5,2021-11
maxi dress,58.70451776777127,2021-12,2.0,74.44720237390524,74.7411780302479,84.84433882120975,78.01090640845429,-0.29397565634265277,-0.003933248900942932,2.0,3.0,3.0,2.6666666666666665,12,-2.4492935982947064e-16,1.0,0,0,0,0,0,0,1,3.3333333333333335,3.8333333333333335,2021-12
maxi dress,9.294025094095325,2022-01,3.0,58.70451776777127,74.44720237390524,74.7411780302479,69.2976327239748,-15.74268460613397,-0.21146106373571394,3.0,2.0,3.0,2.6666666666666665,1,0.49999999999999994,0.8660254037844387,0,0,0,0,0,0,1,3.6666666666666665,4.0,2022-01
maxi dress,6.085329835010767,2022-02,3.0,9.294025094095325,58.70451776777127,74.44720237390524,47.48191507859061,-49.41049267367595,-0.8416812632570889,3.0,3.0,2.0,2.6666666666666665,2,0.8660254037844386,0.5000000000000001,0,0,0,0,0,0,1,4.333333333333333,4.0,2022-02
maxi dress,4.4,2022-03,4.0,6.085329835010767,9.294025094095325,58.70451776777127,24.694624232292455,-3.208695259084558,-0.3452428013265323,4.0,3.0,3.0,3.3333333333333335,3,1.0,6.123233995736766e-17,0,0,0,0,0,0,1,4.333333333333333,3.8333333333333335,2022-03
maxi dress,5.445098040014257,2022-04,4.0,4.4,6.085329835010767,9.294025094095325,6.593118309702031,-1.6853298350107666,-0.2769496281556585,4.0,4.0,3.0,3.6666666666666665,4,0.8660254037844387,-0.4999999999999998,0,0,0,0,0,0,1,4.333333333333333,3.6666666666666665,2022-04
maxi dress,13.095055089759304,2022-05,5.0,5.445098040014257,4.4,6.085329835010767,5.310142625008342,1.0450980400142562,0.23752228182142177,5.0,4.0,4.0,4.333333333333333,5,0.49999999999999994,-0.8660254037844387,0,0,0,0,0,0,1,3.6666666666666665,3.3333333333333335,2022-05
maxi dress,26.56875437773312,2022-06,4.0,13.095055089759304,5.445098040014257,4.4,7.64671770992452,7.649957049745048,1.4049254932653183,4.0,5.0,4.0,4.333333333333333,6,1.2246467991473532e-16,-1.0,0,0,0,0,0,0,1,3.3333333333333335,3.0,2022-06
maxi dress,19.245098040014256,2022-07,4.0,26.56875437773312,13.095055089759304,5.445098040014257,15.03630250250223,13.473699287973817,1.028915051950459,4.0,4.0,5.0,4.333333333333333,7,-0.4999999999999997,-0.8660254037844388,0,0,0,0,0,0,1,3.0,2.8333333333333335,2022-07
maxi dress,12.394025094095324,2022-08,3.0,19.245098040014256,26.56875437773312,13.095055089759304,19.63630250250223,-7.323656337718866,-0.27564921688073996,3.0,4.0,4.0,3.6666666666666665,8,-0.8660254037844385,-0.5000000000000004,0,0,0,0,0,0,1,3.0,2.8333333333333335,2022-08
maxi dress,57.35198816100349,2022-09,3.0,12.394025094095324,19.245098040014256,26.56875437773312,19.4026258372809,-6.851072945918931,-0.3559905453157076,3.0,3.0,4.0,3.3333333333333335,9,-1.0,-1.8369701987210297e-16,0,0,0,0,0,0,1,2.6666666666666665,3.0,2022-09
maxi dress,62.24104881862024,2022-10,3.0,57.35198816100349,12.394025094095324,19.245098040014256,29.663703765037692,44.957963066908164,3.6273900307275255,3.0,3.0,3.0,3.0,10,-0.8660254037844386,0.5000000000000001,0,0,0,0,0,0,1,2.6666666666666665,3.1666666666666665,2022-10
maxi dress,88.80946893164808,2022-11,3.0,62.24104881862024,57.35198816100349,12.394025094095324,43.995687357906355,4.889060657616753,0.08524657669916791,3.0,3.0,3.0,3.0,11,-0.5000000000000004,0.8660254037844384,0,0,0,0,0,0,1,2.6666666666666665,3.5,2022-11
maxi dress,77.31121446943422,2022-12,2.0,88.80946893164808,62.24104881862024,57.35198816100349,69.46750197042394,26.56842011302784,0.4268633099428032,2.0,3.0,3.0,2.6666666666666665,12,-2.4492935982947064e-16,1.0,0,0,0,0,0,0,1,3.3333333333333335,4.0,2022-12
maxi dress,4.478151250383643,2023-01,3.0,77.31121446943422,88.80946893164808,62.24104881862024,76.12057740656752,-11.498254462213865,-0.12947104177667657,3.0,2.0,3.0,2.6666666666666665,1,0.49999999999999994,0.8660254037844387,0,0,0,0,0,0,1,3.6666666666666665,4.166666666666667,2023-01
maxi dress,5.0,2023-02,3.0,4.478151250383643,77.31121446943422,88.80946893164808,56.86627821715532,-72.83306321905057,-0.9420763044389359,3.0,3.0,2.0,2.6666666666666665,2,0.8660254037844386,0.5000000000000001,0,0,0,0,0,0,1,4.333333333333333,4.333333333333333,2023-02
maxi dress,5.1,2023-03,4.0,5.0,4.478151250383643,77.31121446943422,28.92978857327262,0.5218487496163569,0.11653218492154549,4.0,3.0,3.0,3.3333333333333335,3,1.0,6.123233995736766e-17,0,0,0,0,0,0,1,4.666666666666667,4.166666666666667,2023-03
maxi dress,8.095880017344076,2023-04,4.0,5.1,5.0,4.478151250383643,4.859383750127881,0.09999999999999964,0.020000000000000018,4.0,4.0,3.0,3.6666666666666665,4,0.8660254037844387,-0.4999999999999998,0,0,0,0,0,0,1,4.666666666666667,4.0,2023-04
maxi dress,12.304119982655925,2023-05,5.0,8.095880017344076,5.1,5.0,6.0652933391146915,2.995880017344076,0.5874274543811915,5.0,4.0,4.0,4.333333333333333,5,0.49999999999999994,-0.8660254037844387,0,0,0,0,0,0,1,4.333333333333333,3.6666666666666665,2023-05
maxi dress,12.078151250383645,2023-06,5.0,12.304119982655925,8.095880017344076,5.1,8.5,4.208239965311849,0.5198001892686646,5.0,5.0,4.0,4.666666666666667,6,1.2246467991473532e-16,-1.0,0,0,0,0,0,0,1,3.6666666666666665,3.3333333333333335,2023-06
maxi dress,11.672097857935718,2023-07,4.0,12.078151250383645,12.304119982655925,8.095880017344076,10.82605041679455,-0.2259687322722801,-0.018365290048439786,4.0,5.0,5.0,4.666666666666667,7,-0.4999999999999997,-0.8660254037844388,0,0,0,0,0,0,1,3.3333333333333335,3.3333333333333335,2023-07
maxi dress,8.456302500767288,2023-08,4.0,11.672097857935718,12.078151250383645,12.304119982655925,12.018123030325095,-0.4060533924479266,-0.03361883652806785,4.0,4.0,5.0,4.333333333333333,8,-0.8660254037844385,-0.5000000000000004,0,0,0,0,0,0,1,3.0,3.3333333333333335,2023-08
maxi dress,74.09869153670711,2023-09,3.0,8.456302500767288,11.672097857935718,12.078151250383645,10.735517203028884,-3.21579535716843,-0.2755113430600695,3.0,4.0,4.0,3.6666666666666665,9,-1.0,-1.8369701987210297e-16,0,0,0,0,0,0,1,3.0,3.6666666666666665,2023-09
maxi dress,58.426994674966544,2023-10,3.0,74.09869153670711,8.456302500767288,11.672097857935718,31.409030631803372,65.64238903593981,7.762540310021279,3.0,3.0,4.0,3.3333333333333335,10,-0.8660254037844386,0.5000000000000001,0,0,0,0,0,0,1,3.3333333333333335,4.0,2023-10
maxi dress,56.69338153862081,2023-11,3.0,58.426994674966544,74.09869153670711,8.456302500767288,46.99399623748031,-15.671696861740564,-0.21149761941446832,3.0,3.0,3.0,3.0,11,-0.5000000000000004,0.8660254037844384,0,0,0,0,0,0,1,3.6666666666666665,4.5,2023-11
maxi dress,46.05740171529439,2023-12,3.0,56.69338153862081,58.426994674966544,74.09869153670711,63.07302258343148,-1.7336131363457312,-0.02967144118895626,3.0,3.0,3.0,3.0,12,-2.4492935982947064e-16,1.0,0,0,0,0,0,0,1,4.333333333333333,5.0,2023-12
maxi dress,3.4020599913279623,2024-01,4.0,46.05740171529439,56.69338153862081,58.426994674966544,53.725925976293915,-10.635979823326423,-0.18760531714060757,4.0,3.0,3.0,3.3333333333333335,1,0.49999999999999994,0.8660254037844387,0,0,0,0,0,0,1,4.666666666666667,5.166666666666667,2024-01
maxi dress,2.6771212547196623,2024-02,4.0,3.4020599913279623,46.05740171529439,56.69338153862081,35.38428108174772,-42.65534172396643,-0.9261343483430106,4.0,4.0,3.0,3.6666666666666665,2,0.8660254037844386,0.5000000000000001,0,0,0,0,0,0,1,5.333333333333333,5.333333333333333,2024-02
maxi dress,4.756302500767287,2024-03,5.0,2.6771212547196623,3.4020599913279623,46.05740171529439,17.378860987114006,-0.7249387366083,-0.2130881696549175,5.0,4.0,4.0,4.333333333333333,3,1.0,6.123233995736766e-17,0,0,0,0,0,0,1,5.666666666666667,5.166666666666667,2024-03
maxi dress,75.63969249511257,2024-04,5.0,4.756302500767287,2.6771212547196623,3.4020599913279623,3.611827915604971,2.0791812460476247,0.7766481411262594,5.0,5.0,4.0,4.666666666666667,4,0.8660254037844387,-0.4999999999999998,0,0,0,0,0,0,1,5.666666666666667,5.0,2024-04
maxi dress,75.95602189598749,2024-05,6.0,75.63969249511257,4.756302500767287,2.6771212547196623,27.69103875019984,70.88338999434528,14.903044956226054,6.0,5.0,5.0,5.333333333333333,5,0.49999999999999994,-0.8660254037844387,0,0,0,0,0,0,1,5.333333333333333,4.666666666666667,2024-05
maxi dress,62.88650923350864,2024-06,6.0,75.95602189598749,75.63969249511257,4.756302500767287,52.11733896395578,0.31632940087492045,0.004182055617100167,6.0,6.0,5.0,5.666666666666667,6,1.2246467991473532e-16,-1.0,0,0,0,0,0,0,1,4.666666666666667,4.333333333333333,2024-06
maxi dress,43.903514359673984,2024-07,5.0,62.88650923350864,75.95602189598749,75.63969249511257,71.49407454153624,-13.06951266247885,-0.17206683994556682,5.0,6.0,6.0,5.666666666666667,7,-0.4999999999999997,-0.8660254037844388,0,0,0,0,0,0,1,4.333333333333333,4.166666666666667,2024-07
maxi dress,72.27847970149699,2024-08,5.0,43.903514359673984,62.88650923350864,75.95602189598749,60.91534849639004,-18.982994873834656,-0.30186116394769924,5.0,5.0,6.0,5.333333333333333,8,-0.8660254037844385,-0.5000000000000004,0,0,0,0,0,0,1,4.0,4.166666666666667,2024-08
maxi dress,90.49217292225802,2024-09,4.0,72.27847970149699,43.903514359673984,62.88650923350864,59.68950109822654,28.374965341823007,0.6463028246295888,4.0,5.0,5.0,4.666666666666667,9,-1.0,-1.8369701987210297e-16,0,0,0,0,0,0,1,4.0,4.5,2024-09
maxi dress,90.67586444978748,2024-10,4.0,90.49217292225802,72.27847970149699,43.903514359673984,68.89138899447634,18.21369322076103,0.25199330832609923,4.0,4.0,5.0,4.333333333333333,10,-0.8660254037844386,0.5000000000000001,0,0,0,0,0,0,1,4.0,5.0,2024-10
maxi dress,65.40496932946083,2024-11,4.0,90.67586444978748,90.49217292225802,72.27847970149699,84.4821723578475,0.1836915275294615,0.00202991619714199,4.0,4.0,4.0,4.0,11,-0.5000000000000004,0.8660254037844384,0,0,0,0,0,0,1,4.333333333333333,5.5,2024-11
maxi dress,58.10284027350394,2024-12,4.0,65.40496932946083,90.67586444978748,90.49217292225802,82.19100223383545,-25.270895120326657,-0.2786948354302222,4.0,4.0,4.0,4.0,12,-2.4492935982947064e-16,1.0,0,0,0,0,0,0,1,5.0,5.833333333333333,2024-12
maxi dress,6.4,2025-01,4.0,58.10284027350394,65.40496932946083,90.67586444978748,71.39455801758409,-7.3021290559568826,-0.11164486629715054,4.0,4.0,4.0,4.0,1,0.49999999999999994,0.8660254037844387,0,0,0,0,0,0,1,6.0,6.166666666666667,2025-01
maxi dress,6.2,2025-02,5.0,6.4,58.10284027350394,65.40496932946083,43.302603200988266,-51.702840273503945,-0.8898504794279648,5.0,4.0,4.0,4.333333333333333,2,0.8660254037844386,0.5000000000000001,0,0,0,0,0,0,1,6.666666666666667,6.333333333333333,2025-02
maxi dress,1.6,2025-03,6.0,6.2,6.4,58.10284027350394,23.567613424501317,-0.20000000000000018,-0.03125,6.0,5.0,4.0,5.0,3,1.0,6.123233995736766e-17,0,0,0,0,0,0,1,6.666666666666667,6.5,2025-03
maxi dress,23.725968963092555,2025-04,7.0,1.6,6.2,6.4,4.733333333333339,-4.6,-0.7419354838709677,7.0,6.0,5.0,6.0,4,0.8660254037844387,-0.4999999999999998,0,0,0,0,0,0,1,6.333333333333333,6.333333333333333,2025-04
maxi dress,17.018105859692977,2025-05,7.0,23.725968963092555,1.6,6.2,10.508656321030857,22.125968963092554,13.828730601932847,7.0,7.0,6.0,6.666666666666667,5,0.49999999999999994,-0.8660254037844387,0,0,0,0,0,0,1,6.0,6.0,2025-05
maxi dress,13.863611979892145,2025-06,6.0,17.018105859692977,23.725968963092555,1.6,14.114691607595182,-6.707863103399578,-0.28272240909672186,6.0,7.0,7.0,6.666666666666667,6,1.2246467991473532e-16,-1.0,0,0,0,0,0,0,1,6.333333333333333,5.666666666666667,2025-06
maxi dress,22.32683531405817,2025-07,6.0,13.863611979892145,17.018105859692977,23.725968963092555,18.20256226755923,-3.1544938798008317,-0.185361044631423,6.0,6.0,7.0,6.333333333333333,7,-0.4999999999999997,-0.8660254037844388,0,0,0,0,0,0,1,6.333333333333333,5.5,2025-07
maxi dress,27.911379055116992,2025-08,6.0,22.32683531405817,13.863611979892145,17.018105859692977,17.73618438454777,8.463223334166024,0.6104630846882564,6.0,6.0,6.0,6.0,8,-0.8660254037844385,-0.5000000000000004,0,0,0,0,0,0,1,6.0,5.4,2025-08
maxi dress,127.0956742180451,2025-09,7.0,27.911379055116992,22.32683531405817,13.863611979892145,21.367275449689107,5.584543741058823,0.2501269733262419,7.0,6.0,6.0,6.333333333333333,9,-1.0,-1.8369701987210297e-16,0,0,0,0,0,0,1,5.0,5.0,2025-09
maxi dress,67.84143550929988,2025-10,6.0,127.0956742180451,27.911379055116992,22.32683531405817,59.111296195740096,99.18429516292811,3.5535433404084937,6.0,7.0,6.0,6.333333333333333,10,-0.8660254037844386,0.5000000000000001,0,0,0,0,0,0,1,4.666666666666667,4.666666666666667,2025-10
mesh,1.5612359947967775,2021-10,16.2,2.676538705653929,3.414117648017108,2.0,2.696885451223679,-0.7375789423631791,-0.21603793963912143,16.2,14.5,15.5,15.4,10,-0.8660254037844386,0.5000000000000001,0,0,0,0,1,0,0,16.383333333333333,16.508333333333333,2021-10
mesh,3.845091011327189,2021-12,15.5,1.5612359947967775,2.676538705653929,3.414117648017108,2.550630782822605,-1.1153027108571514,-0.41669590224911834,15.5,16.2,14.5,15.4,12,-2.4492935982947064e-16,1.0,0,0,0,0,1,0,0,17.016666666666666,16.758333333333333,2021-12
mesh,0.3,2022-01,16.4,3.845091011327189,1.5612359947967775,2.676538705653929,2.6942885705926316,2.2838550165304117,1.4628506030747106,16.4,15.5,16.2,16.03333333333333,1,0.49999999999999994,0.8660254037844387,0,0,0,0,1,0,0,16.966666666666665,17.025000000000002,2022-01
mesh,3.779062935186456,2022-02,17.25,0.3,3.845091011327189,1.5612359947967775,1.9021090020413223,-3.545091011327189,-0.9219784397518199,17.25,16.4,15.5,16.383333333333333,2,0.8660254037844386,0.5000000000000001,0,0,0,0,1,0,0,16.633333333333333,16.941666666666666,2022-02
mesh,6.124178055474676,2022-07,17.4,3.779062935186456,0.3,3.845091011327189,2.6413846488378816,3.479062935186456,11.59687645062152,17.4,17.25,16.4,17.016666666666666,7,-0.4999999999999997,-0.8660254037844388,0,0,0,0,1,0,0,16.5,16.808333333333334,2022-07
mesh,1.7781512503836436,2022-08,16.25,6.124178055474676,3.779062935186456,0.3,3.4010803302203776,2.34511512028822,0.6205546614355375,16.25,17.4,17.25,16.966666666666665,8,-0.8660254037844385,-0.5000000000000004,0,0,0,0,1,0,0,17.083333333333332,16.974999999999998,2022-08
mesh,7.479422365044946,2022-09,16.25,1.7781512503836436,6.124178055474676,3.779062935186456,3.8937974136815914,-4.346026805091032,-0.7096506283330422,16.25,16.25,17.4,16.633333333333333,9,-1.0,-1.8369701987210297e-16,0,0,0,0,1,0,0,17.25,17.066666666666666,2022-09
mesh,1.2,2022-11,17.0,7.479422365044946,1.7781512503836436,6.124178055474676,5.127250556967756,5.701271114661302,3.206291429613329,17.0,16.25,16.25,16.5,11,-0.5000000000000004,0.8660254037844384,0,0,0,0,1,0,0,17.116666666666667,16.666666666666664,2022-11
mesh,1.0,2023-06,18.0,1.2,7.479422365044946,1.7781512503836436,3.48585787180953,-6.279422365044946,-0.8395598026916897,18.0,17.0,16.25,17.083333333333332,6,1.2246467991473532e-16,-1.0,0,0,0,0,1,0,0,16.866666666666667,16.208333333333332,2023-06
mesh,20.0811617126293,2023-09,16.75,1.0,1.2,7.479422365044946,3.226474121681649,-0.19999999999999996,-0.16666666666666663,16.75,18.0,17.0,17.25,9,-1.0,-1.8369701987210297e-16,0,0,0,0,1,0,0,16.883333333333336,15.950000000000001,2023-09
mesh,22.19992714575044,2023-10,16.6,20.0811617126293,1.0,1.2,7.4270539042097665,19.0811617126293,19.0811617126293,16.6,16.75,18.0,17.116666666666667,10,-0.8660254037844386,0.5000000000000001,0,0,0,0,1,0,0,16.216666666666665,15.641666666666666,2023-10
mesh,1.0,2023-11,17.25,22.19992714575044,20.0811617126293,1.0,14.427029619459914,2.1187654331211405,0.10551010262462168,17.25,16.6,16.75,16.866666666666667,11,-0.5000000000000004,0.8660254037844384,0,0,0,0,1,0,0,15.549999999999999,15.391666666666666,2023-11
mesh,5.370805425989316,2023-12,16.8,1.0,22.19992714575044,20.0811617126293,14.427029619459914,-21.19992714575044,-0.9549548071291116,16.8,17.25,16.6,16.883333333333336,12,-2.4492935982947064e-16,1.0,0,0,0,0,1,0,0,15.016666666666666,15.158333333333333,2023-12
mesh,0.6,2024-03,14.6,5.370805425989316,1.0,22.19992714575044,9.523577523913252,4.370805425989316,4.370805425989316,14.6,16.8,17.25,16.216666666666665,3,1.0,6.123233995736766e-17,0,0,0,0,1,0,0,15.066666666666668,15.933333333333335,2024-03
mesh,6.2837079843903325,2024-08,15.25,0.6,5.370805425989316,1.0,2.323601808663105,-4.770805425989316,-0.8882849121480735,15.25,14.6,16.8,15.549999999999999,8,-0.8660254037844385,-0.5000000000000004,0,0,0,0,1,0,0,15.233333333333334,17.325,2024-08
mesh,25.17422022745439,2024-09,15.2,6.2837079843903325,0.6,5.370805425989316,4.084837803459883,5.683707984390333,9.472846640650555,15.2,15.25,14.6,15.016666666666666,9,-1.0,-1.8369701987210297e-16,0,0,0,0,1,0,0,15.299999999999999,18.375,2024-09
mesh,2.0,2024-10,14.75,25.17422022745439,6.2837079843903325,0.6,10.685976070614908,18.89051224306406,3.0062683195958355,14.75,15.2,15.25,15.066666666666665,10,-0.8660254037844386,0.5000000000000001,0,0,0,0,1,0,0,16.8,19.416666666666668,2024-10
mesh,52.948440454908784,2024-11,15.75,2.0,25.17422022745439,6.2837079843903325,11.152642737281575,-23.17422022745439,-0.9205536464712878,15.75,14.75,15.2,15.233333333333333,11,-0.5000000000000004,0.8660254037844384,0,0,0,0,1,0,0,19.416666666666668,20.658333333333335,2024-11
mesh,47.31133034118159,2024-12,15.4,52.948440454908784,2.0,25.17422022745439,26.707553560787726,50.948440454908784,25.474220227454392,15.4,15.75,14.75,15.300000000000002,12,-2.4492935982947064e-16,1.0,0,0,0,0,1,0,0,21.45,21.175,2024-12
mesh,1.3010299956639813,2025-07,19.25,47.31133034118159,52.948440454908784,2.0,34.08659026536346,-5.637110113727196,-0.10646413879796501,19.25,15.4,15.75,16.8,7,-0.4999999999999997,-0.8660254037844388,0,0,0,0,1,0,0,22.03333333333333,19.853763440860217,2025-07
mesh,4.556302500767288,2025-08,23.6,1.3010299956639813,47.31133034118159,52.948440454908784,33.85360026391812,-46.01030034551761,-0.9725006676776637,23.6,19.25,15.4,19.416666666666668,8,-0.8660254037844385,-0.5000000000000004,0,0,0,0,1,0,0,21.900000000000002,19.075192012288788,2025-08
mesh,5.814117648017108,2025-09,21.5,4.556302500767288,1.3010299956639813,47.31133034118159,17.72288761253762,3.2552725051033065,2.5020733695244104,21.5,23.6,19.25,21.45,9,-1.0,-1.8369701987210297e-16,0,0,0,0,1,0,0,20.900000000000002,18.29831029185868,2025-09
mesh,1.2,2025-10,21.0,5.814117648017108,4.556302500767288,1.3010299956639813,3.890483381482792,1.2578151472498202,0.2760605001616996,21.0,21.5,23.6,22.03333333333333,10,-0.8660254037844386,0.5000000000000001,0,0,0,0,1,0,0,17.674193548387098,17.757972350230414,2025-10
mesh,25.77124180739454,2025-11,23.2,1.2,5.814117648017108,4.556302500767288,3.856806716261465,-4.614117648017108,-0.7936058276341799,23.2,21.0,21.5,21.900000000000002,11,-0.5000000000000004,0.8660254037844384,0,0,0,0,1,0,0,16.25038402457757,16.397465437788018,2025-11
mesh,3.5612359947967773,2025-12,18.5,25.77124180739454,1.2,5.814117648017108,10.92845315180388,24.57124180739454,20.47603483949545,18.5,23.2,21.0,20.900000000000002,12,-2.4492935982947064e-16,1.0,0,0,0,0,1,0,0,15.696620583717356,15.696620583717356,2025-12
mini skirt,6.976091259055681,2020-04,1.0,4.877723605288848,2.4,3.9043213737826425,3.727348326357163,2.477723605288848,1.03238483553702,1.0,1.0,1.0,1.0,4,0.8660254037844387,-0.4999999999999998,0,0,0,0,0,0,1,1.0,1.0,2020-04
mini skirt,15.714237347767742,2020-05,1.0,6.976091259055681,4.877723605288848,2.4,4.7512716214481765,2.098367653766833,0.430194046151283,1.0,1.0,1.0,1.0,5,0.49999999999999994,-0.8660254037844387,0,0,0,0,0,0,1,1.0,1.0,2020-05
mini skirt,4.744068044350276,2020-06,1.0,15.714237347767742,6.976091259055681,4.877723605288848,9.189350737370757,8.73814608871206,1.2525848307057412,1.0,1.0,1.0,1.0,6,1.2246467991473532e-16,-1.0,0,0,0,0,0,0,1,1.0,1.0,2020-06
mini skirt,5.246128035678238,2020-07,1.0,4.744068044350276,15.714237347767742,6.976091259055681,9.144798883724565,-10.970169303417467,-0.6981038316171172,1.0,1.0,1.0,1.0,7,-0.4999999999999997,-0.8660254037844388,0,0,0,0,0,0,1,1.0,1.0,2020-07
mini skirt,6.803089986991944,2020-08,1.0,5.246128035678238,4.744068044350276,15.714237347767742,8.568144475932085,0.502059991327962,0.10582900300636844,1.0,1.0,1.0,1.0,8,-0.8660254037844385,-0.5000000000000004,0,0,0,0,0,0,1,1.0,1.0,2020-08
mini skirt,7.9986312731825535,2020-09,1.0,6.803089986991944,5.246128035678238,4.744068044350276,5.597762022340152,1.5569619513137063,0.29678306376150365,1.0,1.0,1.0,1.0,9,-1.0,-1.8369701987210297e-16,0,0,0,0,0,0,1,1.0,1.0,2020-09
mini skirt,16.812849607130335,2020-10,1.0,7.9986312731825535,6.803089986991944,5.246128035678238,6.682616431950912,1.1955412861906094,0.17573503929487644,1.0,1.0,1.0,1.0,10,-0.8660254037844386,0.5000000000000001,0,0,0,0,0,0,1,1.0,1.0,2020-10
mini skirt,31.366053204344528,2020-11,1.0,16.812849607130335,7.9986312731825535,6.803089986991944,10.53819028910161,8.814218333947782,1.1019658280160622,1.0,1.0,1.0,1.0,11,-0.5000000000000004,0.8660254037844384,0,0,0,0,0,0,1,1.0,1.0,2020-11
mini skirt,25.39231723758975,2020-12,1.0,31.366053204344528,16.812849607130335,7.9986312731825535,18.725844694885804,14.553203597214193,0.8656000581270991,1.0,1.0,1.0,1.0,12,-2.4492935982947064e-16,1.0,0,0,0,0,0,0,1,1.0,1.0,2020-12
mini skirt,4.078566495593844,2021-01,1.0,25.39231723758975,31.366053204344528,16.812849607130335,24.523740016354868,-5.973735966754777,-0.19045226786541802,1.0,1.0,1.0,1.0,1,0.49999999999999994,0.8660254037844387,0,0,0,0,0,0,1,1.0,1.0,2021-01
mini skirt,3.3010299956639813,2021-02,1.0,4.078566495593844,25.39231723758975,31.366053204344528,20.278978979176042,-21.313750741995907,-0.8393779324103552,1.0,1.0,1.0,1.0,2,0.8660254037844386,0.5000000000000001,0,0,0,0,0,0,1,1.0,1.0,2021-02
mini skirt,4.336720567156407,2021-03,1.0,3.3010299956639813,4.078566495593844,25.39231723758975,10.923971242949193,-0.7775364999298624,-0.190639652625463,1.0,1.0,1.0,1.0,3,1.0,6.123233995736766e-17,0,0,0,0,0,0,1,1.0,1.0,2021-03
mini skirt,6.29734438101758,2021-04,1.0,4.336720567156407,3.3010299956639813,4.078566495593844,3.9054390194714106,1.0356905714924256,0.31374770082454306,1.0,1.0,1.0,1.0,4,0.8660254037844387,-0.4999999999999998,0,0,0,0,0,0,1,1.0,1.1666666666666667,2021-04
mini skirt,3.8,2021-05,1.0,6.29734438101758,4.336720567156407,3.3010299956639813,4.645031647945989,1.9606238138611731,0.4520982580039177,1.0,1.0,1.0,1.0,5,0.49999999999999994,-0.8660254037844387,0,0,0,0,0,0,1,1.0,1.1666666666666667,2021-05
mini skirt,2.4,2021-06,1.0,3.8,6.29734438101758,4.336720567156407,4.811354982724662,-2.49734438101758,-0.3965710353312514,1.0,1.0,1.0,1.0,6,1.2246467991473532e-16,-1.0,0,0,0,0,0,0,1,1.0,1.1666666666666667,2021-06
mini skirt,4.201029995663982,2021-07,1.0,2.4,3.8,6.29734438101758,4.165781460339193,-1.4,-0.368421052631579,1.0,1.0,1.0,1.0,7,-0.4999999999999997,-0.8660254037844388,0,0,0,0,0,0,1,1.3333333333333333,1.1666666666666667,2021-07
mini skirt,12.675353642813889,2021-08,1.0,4.201029995663982,2.4,3.8,3.4670099985546607,1.8010299956639817,0.7504291648599923,1.0,1.0,1.0,1.0,8,-0.8660254037844385,-0.5000000000000004,0,0,0,0,0,0,1,1.3333333333333333,1.1666666666666667,2021-08
mini skirt,64.66691972690214,2021-09,1.0,12.675353642813889,4.201029995663982,2.4,6.425461212825957,8.474323647149907,2.0172014139143326,1.0,1.0,1.0,1.0,9,-1.0,-1.8369701987210297e-16,0,0,0,0,0,0,1,1.3333333333333333,1.1666666666666667,2021-09
mini skirt,32.66146658495085,2021-10,2.0,64.66691972690214,12.675353642813889,4.201029995663982,27.181101121793336,51.99156608408825,4.1017842617404305,2.0,1.0,1.0,1.3333333333333333,10,-0.8660254037844386,0.5000000000000001,0,0,0,0,0,0,1,1.0,1.0,2021-10
mini skirt,23.265054096588663,2021-11,1.0,32.66146658495085,64.66691972690214,12.675353642813889,36.6679133182223,-32.005453141951286,-0.49492775096007346,1.0,2.0,1.0,1.3333333333333333,11,-0.5000000000000004,0.8660254037844384,0,0,0,0,0,0,1,1.0,1.0,2021-11
mini skirt,36.43951951528049,2021-12,1.0,23.265054096588663,32.66146658495085,64.66691972690214,40.19781346948055,-9.396412488362188,-0.28769107669805905,1.0,1.0,2.0,1.3333333333333333,12,-2.4492935982947064e-16,1.0,0,0,0,0,0,0,1,1.0,1.0,2021-12
mini skirt,0.6,2022-01,1.0,36.43951951528049,23.265054096588663,32.66146658495085,30.788680065606666,13.174465418691824,0.5662770163351387,1.0,1.0,1.0,1.0,1,0.49999999999999994,0.8660254037844387,0,0,0,0,0,0,1,1.0,1.0,2022-01
mini skirt,3.7,2022-02,1.0,0.6,36.43951951528049,23.265054096588663,20.101524537289716,-35.839519515280486,-0.9835343602774895,1.0,1.0,1.0,1.0,2,0.8660254037844386,0.5000000000000001,0,0,0,0,0,0,1,1.0,1.0,2022-02
mini skirt,2.1,2022-03,1.0,3.7,0.6,36.43951951528049,13.579839838426828,3.1,5.166666666666667,1.0,1.0,1.0,1.0,3,1.0,6.123233995736766e-17,0,0,0,0,0,0,1,1.0,1.1666666666666667,2022-03
mini skirt,4.645098040014257,2022-04,1.0,2.1,3.7,0.6,2.1333333333333333,-1.6,-0.43243243243243246,1.0,1.0,1.0,1.0,4,0.8660254037844387,-0.4999999999999998,0,0,0,0,0,0,1,1.0,1.3333333333333333,2022-04
mini skirt,4.798970004336018,2022-05,1.0,4.645098040014257,2.1,3.7,3.4816993466714194,2.5450980400142567,1.2119514476258364,1.0,1.0,1.0,1.0,5,0.49999999999999994,-0.8660254037844387,0,0,0,0,0,0,1,1.0,1.3333333333333333,2022-05
mini skirt,8.595055089759304,2022-06,1.0,4.798970004336018,4.645098040014257,2.1,3.8480226814500917,0.15387196432176165,0.03312566559333363,1.0,1.0,1.0,1.0,6,1.2246467991473532e-16,-1.0,0,0,0,0,0,0,1,1.3333333333333333,1.5,2022-06
mini skirt,6.927883410330708,2022-07,1.0,8.595055089759304,4.798970004336018,4.645098040014257,6.0130410447031934,3.796085085423286,0.7910207986283317,1.0,1.0,1.0,1.0,7,-0.4999999999999997,-0.8660254037844388,0,0,0,0,0,0,1,1.6666666666666667,1.5,2022-07
mini skirt,5.494025094095323,2022-08,1.0,6.927883410330708,8.595055089759304,4.798970004336018,6.773969501475342,-1.6671716794285967,-0.1939687020057581,1.0,1.0,1.0,1.0,8,-0.8660254037844385,-0.5000000000000004,0,0,0,0,0,0,1,1.6666666666666667,1.5,2022-08
mini skirt,18.2495405622528,2022-09,2.0,5.494025094095323,6.927883410330708,8.595055089759304,7.005654531395112,-1.4338583162353844,-0.2069691753324322,2.0,1.0,1.0,1.3333333333333333,9,-1.0,-1.8369701987210297e-16,0,0,0,0,0,0,1,1.6666666666666667,1.3333333333333333,2022-09
mini skirt,8.621482684841038,2022-10,2.0,18.2495405622528,5.494025094095323,6.927883410330708,10.22381635555961,12.755515468157476,2.321706808705043,2.0,2.0,1.0,1.6666666666666667,10,-0.8660254037844386,0.5000000000000001,0,0,0,0,0,0,1,1.3333333333333333,1.1666666666666667,2022-10
mini skirt,11.398140138124576,2022-11,1.0,8.621482684841038,18.2495405622528,5.494025094095323,10.788349447063053,-9.628057877411763,-0.5275780968057003,1.0,2.0,2.0,1.6666666666666667,11,-0.5000000000000004,0.8660254037844384,0,0,0,0,0,0,1,1.3333333333333333,1.3333333333333333,2022-11
mini skirt,10.922607043724526,2022-12,2.0,11.398140138124576,8.621482684841038,18.2495405622528,12.756387795072804,2.776657453283539,0.3220626375745872,2.0,1.0,2.0,1.6666666666666667,12,-2.4492935982947064e-16,1.0,0,0,0,0,0,0,1,1.0,1.1666666666666667,2022-12
mini skirt,3.1542425094393245,2023-01,1.0,10.922607043724526,11.398140138124576,8.621482684841038,10.314076622230045,-0.47553309440005087,-0.041720235813690776,1.0,2.0,1.0,1.3333333333333333,1,0.49999999999999994,0.8660254037844387,0,0,0,0,0,0,1,1.0,1.3333333333333333,2023-01
mini skirt,0.6,2023-02,1.0,3.1542425094393245,10.922607043724526,11.398140138124576,8.491663230429474,-7.768364534285201,-0.7112188970259108,1.0,1.0,2.0,1.3333333333333333,2,0.8660254037844386,0.5000000000000001,0,0,0,0,0,0,1,1.3333333333333333,1.5,2023-02
mini skirt,0.8999999999999999,2023-03,1.0,0.6,3.1542425094393245,10.922607043724526,4.892283184387948,-2.5542425094393244,-0.8097800032164769,1.0,1.0,1.0,1.0,3,1.0,6.123233995736766e-17,0,0,0,0,0,0,1,1.3333333333333333,1.6666666666666667,2023-03
mini skirt,12.683043716623493,2023-04,1.0,0.8999999999999999,0.6,3.1542425094393245,1.551414169813107,0.29999999999999993,0.5,1.0,1.0,1.0,1.0,4,0.8660254037844387,-0.4999999999999998,0,0,0,0,0,0,1,1.6666666666666667,1.8333333333333333,2023-04
mini skirt,8.081241237375588,2023-05,2.0,12.683043716623493,0.8999999999999999,0.6,4.727681238874497,11.783043716623492,13.092270796248327,2.0,1.0,1.0,1.3333333333333333,5,0.49999999999999994,-0.8660254037844387,0,0,0,0,0,0,1,1.6666666666666667,1.8333333333333333,2023-05
mini skirt,3.5020599913279624,2023-06,1.0,8.081241237375588,12.683043716623493,0.8999999999999999,7.221428317999693,-4.601802479247905,-0.3628310823541817,1.0,2.0,1.0,1.3333333333333333,6,1.2246467991473532e-16,-1.0,0,0,0,0,0,0,1,2.0,2.0,2023-06
mini skirt,0.8999999999999999,2023-07,2.0,3.5020599913279624,8.081241237375588,12.683043716623493,8.088781648442348,-4.579181246047625,-0.566643305346337,2.0,1.0,2.0,1.6666666666666667,7,-0.4999999999999997,-0.8660254037844388,0,0,0,0,0,0,1,2.0,2.0,2023-07
mini skirt,8.551279103983342,2023-08,2.0,0.8999999999999999,3.5020599913279624,8.081241237375588,4.161100409567848,-2.6020599913279625,-0.7430084001334527,2.0,2.0,1.0,1.6666666666666667,8,-0.8660254037844385,-0.5000000000000004,0,0,0,0,0,0,1,2.0,2.0,2023-08
mini skirt,44.34178196749835,2023-09,2.0,8.551279103983342,0.8999999999999999,3.5020599913279624,4.317779698437101,7.651279103983342,8.501421226648159,2.0,2.0,2.0,2.0,9,-1.0,-1.8369701987210297e-16,0,0,0,0,0,0,1,2.0,2.0,2023-09
mini skirt,18.8048902547732,2023-10,2.0,44.34178196749835,8.551279103983342,0.8999999999999999,17.931020357160563,35.79050286351501,4.185397579508677,2.0,2.0,2.0,2.0,10,-0.8660254037844386,0.5000000000000001,0,0,0,0,0,0,1,2.0,2.0,2023-10
mini skirt,21.537033592592653,2023-11,2.0,18.8048902547732,44.34178196749835,8.551279103983342,23.89931710875163,-25.53689171272515,-0.5759103621826291,2.0,2.0,2.0,2.0,11,-0.5000000000000004,0.8660254037844384,0,0,0,0,0,0,1,2.0,2.0,2023-11
mini skirt,7.901029995663981,2023-12,2.0,21.537033592592653,18.8048902547732,44.34178196749835,28.227901938288067,2.732143337819455,0.14528898072808283,2.0,2.0,2.0,2.0,12,-2.4492935982947064e-16,1.0,0,0,0,0,0,0,1,2.0,2.0,2023-12
mini skirt,6.701029995663982,2024-01,2.0,7.901029995663981,21.537033592592653,18.8048902547732,16.080984614343276,-13.636003596928672,-0.633142142733091,2.0,2.0,2.0,2.0,1,0.49999999999999994,0.8660254037844387,0,0,0,0,0,0,1,2.0,2.0,2024-01
mini skirt,0.6,2024-02,2.0,6.701029995663982,7.901029995663981,21.537033592592653,12.046364527973537,-1.1999999999999993,-0.15187893232382987,2.0,2.0,2.0,2.0,2,0.8660254037844386,0.5000000000000001,0,0,0,0,0,0,1,2.0,2.0,2024-02
mini skirt,5.277121254719662,2024-04,2.0,0.6,6.701029995663982,7.901029995663981,5.067353330442652,-6.101029995663982,-0.9104615260059662,2.0,2.0,2.0,2.0,4,0.8660254037844387,-0.4999999999999998,0,0,0,0,0,0,1,2.0,2.1666666666666665,2024-04
mini skirt,1.7999999999999998,2024-05,2.0,5.277121254719662,0.6,6.701029995663982,4.192717083461212,4.677121254719663,7.795202091199437,2.0,2.0,2.0,2.0,5,0.49999999999999994,-0.8660254037844387,0,0,0,0,0,0,1,2.0,2.1666666666666665,2024-05
mini skirt,1.5,2024-06,2.0,1.7999999999999998,5.277121254719662,0.6,2.559040418239885,-3.4771212547196626,-0.6589049382956387,2.0,2.0,2.0,2.0,6,1.2246467991473532e-16,-1.0,0,0,0,0,0,0,1,2.0,2.1666666666666665,2024-06
mini skirt,1.2,2024-07,2.0,1.5,1.7999999999999998,5.277121254719662,2.859040418239885,-0.2999999999999998,-0.16666666666666663,2.0,2.0,2.0,2.0,7,-0.4999999999999997,-0.8660254037844388,0,0,0,0,0,0,1,2.3333333333333335,2.1666666666666665,2024-07
mini skirt,2.3,2024-08,2.0,1.2,1.5,1.7999999999999998,1.4999999999999976,-0.30000000000000004,-0.20000000000000007,2.0,2.0,2.0,2.0,8,-0.8660254037844385,-0.5000000000000004,0,0,0,0,0,0,1,2.3333333333333335,2.1666666666666665,2024-08
mini skirt,47.19843901378573,2024-09,2.0,2.3,1.2,1.5,1.6666666666666643,1.0999999999999999,0.9166666666666665,2.0,2.0,2.0,2.0,9,-1.0,-1.8369701987210297e-16,0,0,0,0,0,0,1,2.3333333333333335,2.1666666666666665,2024-09
mini skirt,53.12255065790918,2024-10,3.0,47.19843901378573,2.3,1.2,16.899479671261908,44.89843901378573,19.521060440776406,3.0,2.0,2.0,2.3333333333333335,10,-0.8660254037844386,0.5000000000000001,0,0,0,0,0,0,1,2.0,2.0,2024-10
mini skirt,26.651164176502448,2024-11,2.0,53.12255065790918,47.19843901378573,2.3,34.20699655723163,5.92411164412345,0.12551499091724483,2.0,3.0,2.0,2.3333333333333335,11,-0.5000000000000004,0.8660254037844384,0,0,0,0,0,0,1,2.0,2.0,2024-11
mini skirt,74.37105015684175,2024-12,2.0,26.651164176502448,53.12255065790918,47.19843901378573,42.32405128273245,-26.471386481406732,-0.49830789661952213,2.0,2.0,3.0,2.3333333333333335,12,-2.4492935982947064e-16,1.0,0,0,0,0,0,0,1,2.0,2.0,2024-12
mini skirt,3.1,2025-01,2.0,74.37105015684175,26.651164176502448,53.12255065790918,51.38158833041779,47.7198859803393,1.790536640887625,2.0,2.0,2.0,2.0,1,0.49999999999999994,0.8660254037844387,0,0,0,0,0,0,1,2.0,2.0,2025-01
mini skirt,4.2,2025-02,2.0,3.1,74.37105015684175,26.651164176502448,34.70740477778139,-71.27105015684175,-0.9583171140724465,2.0,2.0,2.0,2.0,2,0.8660254037844386,0.5000000000000001,0,0,0,0,0,0,1,2.0,2.0,2025-02
mini skirt,7.322833992404172,2025-03,2.0,4.2,3.1,74.37105015684175,27.22368338561391,1.1,0.3548387096774195,2.0,2.0,2.0,2.0,3,1.0,6.123233995736766e-17,0,0,0,0,0,0,1,2.0,2.0,2025-03
mini skirt,18.54987770403688,2025-04,2.0,7.322833992404172,4.2,3.1,4.874277997468058,3.122833992404172,0.7435319029533742,2.0,2.0,2.0,2.0,4,0.8660254037844387,-0.4999999999999998,0,0,0,0,0,0,1,2.0,2.1666666666666665,2025-04
mini skirt,9.28058178682917,2025-05,2.0,18.54987770403688,7.322833992404172,4.2,10.024237232147017,11.227043711632708,1.5331555683603226,2.0,2.0,2.0,2.0,5,0.49999999999999994,-0.8660254037844387,0,0,0,0,0,0,1,2.0,2.3333333333333335,2025-05
mini skirt,9.398725181589494,2025-06,2.0,9.28058178682917,18.54987770403688,7.322833992404172,11.717764494423406,-9.26929591720771,-0.4996957966569504,2.0,2.0,2.0,2.0,6,1.2246467991473532e-16,-1.0,0,0,0,0,0,0,1,2.0,2.5,2025-06
mini skirt,4.104119982655925,2025-07,2.0,9.398725181589494,9.28058178682917,18.54987770403688,12.409728224151849,0.11814339476032387,0.012730171176120741,2.0,2.0,2.0,2.0,7,-0.4999999999999997,-0.8660254037844388,0,0,0,0,0,0,1,2.3333333333333335,2.5,2025-07
mini skirt,15.385056480489764,2025-08,2.0,4.104119982655925,9.398725181589494,9.28058178682917,7.594475650358196,-5.294605198933569,-0.5633322707748494,2.0,2.0,2.0,2.0,8,-0.8660254037844385,-0.5000000000000004,0,0,0,0,0,0,1,2.6666666666666665,2.6,2025-08
mini skirt,44.86808242578465,2025-09,2.0,15.385056480489764,4.104119982655925,9.398725181589494,9.62930054824506,11.280936497833839,2.748685843861108,2.0,2.0,2.0,2.0,9,-1.0,-1.8369701987210297e-16,0,0,0,0,0,0,1,3.0,2.75,2025-09
mini skirt,21.196542941883823,2025-10,3.0,44.86808242578465,15.385056480489764,4.104119982655925,21.452419629643448,29.483025945294884,1.916341742565792,3.0,2.0,2.0,2.3333333333333335,10,-0.8660254037844386,0.5000000000000001,0,0,0,0,0,0,1,2.6666666666666665,2.6666666666666665,2025-10
minimalist,2.3,2020-06,4.0,5.40823996531185,16.281796168466546,2.544068044350276,8.07803472604289,-10.873556203154696,-0.667835175594069,4.0,4.0,4.0,4.0,6,1.2246467991473532e-16,-1.0,0,0,0,1,0,0,0,4.083333333333333,4.091666666666667,2020-06
minimalist,7.127369273053826,2020-07,4.0,2.3,5.40823996531185,16.281796168466546,7.996678711259466,-3.10823996531185,-0.5747230125230995,4.0,4.0,4.0,4.0,7,-0.4999999999999997,-0.8660254037844388,0,0,0,1,0,0,0,4.083333333333333,4.125,2020-07
minimalist,6.357775778241936,2020-08,4.0,7.127369273053826,2.3,5.40823996531185,4.945203079455225,4.827369273053826,2.0988562056755766,4.0,4.0,4.0,4.0,8,-0.8660254037844385,-0.5000000000000004,0,0,0,1,0,0,0,4.016666666666667,4.125,2020-08
minimalist,11.95792123273941,2020-09,4.25,6.357775778241936,7.127369273053826,2.3,5.261715017098587,-0.7695934948118897,-0.10797721646350811,4.25,4.0,4.0,4.083333333333333,9,-1.0,-1.8369701987210297e-16,0,0,0,1,0,0,0,4.1000000000000005,4.083333333333333,2020-09
minimalist,7.99782563240744,2020-10,4.0,11.95792123273941,6.357775778241936,7.127369273053826,8.48102209467839,5.600145454497475,0.8808340605000131,4.0,4.25,4.0,4.083333333333333,10,-0.8660254037844386,0.5000000000000001,0,0,0,1,0,0,0,4.166666666666667,4.083333333333333,2020-10
minimalist,6.692696953259666,2020-11,3.8,7.99782563240744,11.95792123273941,6.357775778241936,8.77117421446293,-3.9600956003319707,-0.3311692327835113,3.8,4.0,4.25,4.016666666666667,11,-0.5000000000000004,0.8660254037844384,0,0,0,1,0,0,0,4.233333333333333,4.116666666666666,2020-11
minimalist,7.861440206904147,2020-12,4.5,6.692696953259666,7.99782563240744,11.95792123273941,8.882814606135506,-1.3051286791477743,-0.16318543803447683,4.5,3.8,4.0,4.1000000000000005,12,-2.4492935982947064e-16,1.0,0,0,0,1,0,0,0,4.066666666666666,4.033333333333333,2020-12
minimalist,2.255272505103306,2021-01,4.2,7.861440206904147,6.692696953259666,7.99782563240744,7.5173209308570845,1.1687432536444815,0.1746296391136084,4.2,4.5,3.8,4.166666666666667,1,0.49999999999999994,0.8660254037844387,0,0,0,1,0,0,0,4.0,4.0,2021-01
minimalist,2.255272505103306,2021-04,4.0,2.255272505103306,7.861440206904147,6.692696953259666,5.60313655508904,-5.606167701800841,-0.7131222211519641,4.0,4.2,4.5,4.233333333333333,4,0.8660254037844387,-0.4999999999999998,0,0,0,1,0,0,0,4.0,3.966666666666667,2021-04
minimalist,2.0,2021-05,4.0,2.255272505103306,2.255272505103306,7.861440206904147,4.123995072370253,0.0,0.0,4.0,4.0,4.2,4.066666666666666,5,0.49999999999999994,-0.8660254037844387,0,0,0,1,0,0,0,4.0,3.966666666666667,2021-05
minimalist,6.0,2021-06,4.0,2.0,2.255272505103306,2.255272505103306,2.1701816700688705,-0.255272505103306,-0.11318920641548502,4.0,4.0,4.0,4.0,6,1.2246467991473532e-16,-1.0,0,0,0,1,0,0,0,4.0,3.966666666666667,2021-06
minimalist,10.854929845184593,2021-07,4.0,6.0,2.0,2.255272505103306,3.418424168367769,4.0,2.0,4.0,4.0,4.0,4.0,7,-0.4999999999999997,-0.8660254037844388,0,0,0,1,0,0,0,3.9333333333333336,3.966666666666667,2021-07
minimalist,11.238040373274693,2021-08,4.0,10.854929845184593,6.0,2.0,6.284976615061531,4.854929845184593,0.8091549741974322,4.0,4.0,4.0,4.0,8,-0.8660254037844385,-0.5000000000000004,0,0,0,1,0,0,0,3.9333333333333336,3.966666666666667,2021-08
minimalist,11.351270985311077,2021-09,4.0,11.238040373274693,10.854929845184593,6.0,9.364323406153096,0.38311052809009993,0.035293689922837546,4.0,4.0,4.0,4.0,9,-1.0,-1.8369701987210297e-16,0,0,0,1,0,0,0,3.9333333333333336,3.966666666666667,2021-09
minimalist,11.604314058473948,2021-10,3.8,11.351270985311077,11.238040373274693,10.854929845184593,11.148080401256786,0.11323061203638396,0.010075654498061581,3.8,4.0,4.0,3.9333333333333336,10,-0.8660254037844386,0.5000000000000001,0,0,0,1,0,0,0,4.0,4.0,2021-10
minimalist,9.695936035129964,2021-11,4.0,11.604314058473948,11.351270985311077,11.238040373274693,11.397875139019908,0.2530430731628712,0.0222920476033317,4.0,3.8,4.0,3.9333333333333336,11,-0.5000000000000004,0.8660254037844384,0,0,0,1,0,0,0,4.0,4.0,2021-11
minimalist,21.47761668406781,2021-12,4.0,9.695936035129964,11.604314058473948,11.351270985311077,10.883840359638329,-1.9083780233439835,-0.1644541860662938,4.0,4.0,3.8,3.9333333333333336,12,-2.4492935982947064e-16,1.0,0,0,0,1,0,0,0,4.0,4.0,2021-12
minimalist,0.3,2022-02,4.0,21.47761668406781,9.695936035129964,11.604314058473948,14.259288925890575,11.781680648937847,1.2151153438152735,4.0,4.0,4.0,4.0,2,0.8660254037844386,0.5000000000000001,0,0,0,1,0,0,0,4.0,4.0,2022-02
minimalist,14.77609125905568,2022-06,4.0,0.3,21.47761668406781,9.695936035129964,10.491184239732592,-21.17761668406781,-0.9860319697286273,4.0,4.0,4.0,4.0,6,1.2246467991473532e-16,-1.0,0,0,0,1,0,0,0,4.0,4.0,2022-06
minimalist,1.3,2022-08,4.0,14.77609125905568,0.3,21.47761668406781,12.184569314374498,14.476091259055679,48.2536375301856,4.0,4.0,4.0,4.0,8,-0.8660254037844385,-0.5000000000000004,0,0,0,1,0,0,0,4.0,4.0,2022-08
minimalist,25.927174691160896,2022-09,4.0,1.3,14.77609125905568,0.3,5.4586970863518935,-13.476091259055679,-0.9120200344456264,4.0,4.0,4.0,4.0,9,-1.0,-1.8369701987210297e-16,0,0,0,1,0,0,0,4.0,4.0,2022-09
minimalist,29.486491127132865,2022-10,4.0,25.927174691160896,1.3,14.77609125905568,14.001088650072191,24.627174691160896,18.943980531662227,4.0,4.0,4.0,4.0,10,-0.8660254037844386,0.5000000000000001,0,0,0,1,0,0,0,4.0,4.0,2022-10
minimalist,18.684488786088146,2022-11,4.0,29.486491127132865,25.927174691160896,1.3,18.904555272764586,3.5593164359719687,0.1372813072912804,4.0,4.0,4.0,4.0,11,-0.5000000000000004,0.8660254037844384,0,0,0,1,0,0,0,4.0,4.0,2022-11
minimalist,9.505836496201493,2022-12,4.0,18.684488786088146,29.486491127132865,25.927174691160896,24.6993848681273,-10.80200234104472,-0.3663373269634289,4.0,4.0,4.0,4.0,12,-2.4492935982947064e-16,1.0,0,0,0,1,0,0,0,4.0,4.0,2022-12
minimalist,0.8999999999999999,2023-01,4.0,9.505836496201493,18.684488786088146,29.486491127132865,19.2256054698075,-9.178652289886653,-0.4912444967036387,4.0,4.0,4.0,4.0,1,0.49999999999999994,0.8660254037844387,0,0,0,1,0,0,0,4.0,4.0,2023-01
minimalist,1.3010299956639813,2023-02,4.0,0.8999999999999999,9.505836496201493,18.684488786088146,9.696775094096546,-8.605836496201492,-0.9053213254446741,4.0,4.0,4.0,4.0,2,0.8660254037844386,0.5000000000000001,0,0,0,1,0,0,0,4.0,4.0,2023-02
minimalist,0.8999999999999999,2023-03,4.0,1.3010299956639813,0.8999999999999999,9.505836496201493,3.9022888306218246,0.40102999566398134,0.44558888407109043,4.0,4.0,4.0,4.0,3,1.0,6.123233995736766e-17,0,0,0,1,0,0,0,4.0,4.0,2023-03
minimalist,16.69354517535133,2023-04,4.0,0.8999999999999999,1.3010299956639813,0.8999999999999999,1.033676665221327,-0.40102999566398134,-0.3082403918437834,4.0,4.0,4.0,4.0,4,0.8660254037844387,-0.4999999999999998,0,0,0,1,0,0,0,4.0,4.0,2023-04
minimalist,9.800497126653523,2023-05,4.0,16.69354517535133,0.8999999999999999,1.3010299956639813,6.29819172367177,15.793545175351328,17.548383528168145,4.0,4.0,4.0,4.0,5,0.49999999999999994,-0.8660254037844387,0,0,0,1,0,0,0,4.0,4.0,2023-05
minimalist,3.903089986991944,2023-06,4.0,9.800497126653523,16.69354517535133,0.8999999999999999,9.131347434001617,-6.893048048697805,-0.41291696738423544,4.0,4.0,4.0,4.0,6,1.2246467991473532e-16,-1.0,0,0,0,1,0,0,0,4.0,4.0,2023-06
minimalist,9.750249108319364,2023-07,4.0,3.903089986991944,9.800497126653523,16.69354517535133,10.132377429665599,-5.8974071396615795,-0.6017457138600588,4.0,4.0,4.0,4.0,7,-0.4999999999999997,-0.8660254037844388,0,0,0,1,0,0,0,4.0,3.875,2023-07
minimalist,4.6,2023-08,4.0,9.750249108319364,3.903089986991944,9.800497126653523,7.81794540732161,5.8471591213274206,1.4980846305912978,4.0,4.0,4.0,4.0,8,-0.8660254037844385,-0.5000000000000004,0,0,0,1,0,0,0,4.0,3.841666666666667,2023-08
minimalist,34.01168801868446,2023-09,4.0,4.6,9.750249108319364,3.903089986991944,6.084446365103769,-5.150249108319365,-0.5282171820538342,4.0,4.0,4.0,4.0,9,-1.0,-1.8369701987210297e-16,0,0,0,1,0,0,0,4.0,3.6750000000000003,2023-09
minimalist,28.252909662113275,2023-10,4.0,34.01168801868446,4.6,9.750249108319364,16.120645709001277,29.41168801868446,6.393845221453144,4.0,4.0,4.0,4.0,10,-0.8660254037844386,0.5000000000000001,0,0,0,1,0,0,0,3.75,3.5083333333333333,2023-10
minimalist,8.5,2023-11,4.0,28.252909662113275,34.01168801868446,4.6,22.288199226932576,-5.7587783565711845,-0.16931762849899057,4.0,4.0,4.0,4.0,11,-0.5000000000000004,0.8660254037844384,0,0,0,1,0,0,0,3.6833333333333336,3.3833333333333333,2023-11
minimalist,15.488865895668116,2023-12,4.0,8.5,28.252909662113275,34.01168801868446,23.588199226932577,-19.752909662113275,-0.6991460312705997,4.0,4.0,4.0,4.0,12,-2.4492935982947064e-16,1.0,0,0,0,1,0,0,0,3.35,3.2583333333333333,2023-12
minimalist,0.3,2024-01,3.25,15.488865895668116,8.5,28.252909662113275,17.413925185927127,6.988865895668116,0.8222195171374254,3.25,4.0,4.0,3.75,1,0.49999999999999994,0.8660254037844387,0,0,0,1,0,0,0,3.266666666666667,3.216666666666667,2024-01
minimalist,2.078151250383644,2024-03,3.8,0.3,15.488865895668116,8.5,8.09628863188937,-15.188865895668116,-0.9806312481481356,3.8,3.25,4.0,3.6833333333333336,3,1.0,6.123233995736766e-17,0,0,0,1,0,0,0,3.0833333333333335,3.0833333333333335,2024-03
minimalist,2.7771212547196624,2024-04,3.0,2.078151250383644,0.3,15.488865895668116,5.9556723820172515,1.778151250383644,5.927170834612148,3.0,3.8,3.25,3.35,4,0.8660254037844387,-0.4999999999999998,0,0,0,1,0,0,0,3.1666666666666665,3.1666666666666665,2024-04
minimalist,2.9127838567197357,2024-05,3.0,2.7771212547196624,2.078151250383644,0.3,1.7184241683677666,0.6989700043360183,0.33634221965652533,3.0,3.0,3.8,3.266666666666667,5,0.49999999999999994,-0.8660254037844387,0,0,0,1,0,0,0,3.1666666666666665,3.3000000000000003,2024-05
minimalist,0.3,2024-07,3.25,2.9127838567197357,2.7771212547196624,2.078151250383644,2.5893521206076784,0.1356626020000733,0.048850082353990576,3.25,3.0,3.0,3.0833333333333335,7,-0.4999999999999997,-0.8660254037844388,0,0,0,1,0,0,0,3.0833333333333335,3.3833333333333333,2024-07
minimalist,3.812913356642856,2024-08,3.25,0.3,2.9127838567197357,2.7771212547196624,1.9966350371464634,-2.612783856719736,-0.8970057461325509,3.25,3.25,3.0,3.1666666666666665,8,-0.8660254037844385,-0.5000000000000004,0,0,0,1,0,0,0,3.1666666666666665,3.475,2024-08
minimalist,4.0,2024-09,3.0,3.812913356642856,0.3,2.9127838567197357,2.3418990711208614,3.5129133566428563,11.709711188809521,3.0,3.25,3.25,3.1666666666666665,9,-1.0,-1.8369701987210297e-16,0,0,0,1,0,0,0,3.4333333333333336,3.5583333333333336,2024-09
minimalist,9.452564933041158,2024-10,3.0,4.0,3.812913356642856,0.3,2.704304452214283,0.18708664335714387,0.04906658658560947,3.0,3.0,3.25,3.0833333333333335,10,-0.8660254037844386,0.5000000000000001,0,0,0,1,0,0,0,3.6833333333333336,3.6,2024-10
minimalist,8.608611049198313,2024-11,3.5,9.452564933041158,4.0,3.812913356642856,5.755159429894668,5.452564933041158,1.3631412332602895,3.5,3.0,3.0,3.1666666666666665,11,-0.5000000000000004,0.8660254037844384,0,0,0,1,0,0,0,3.783333333333333,3.6500000000000004,2024-11
minimalist,20.970657053304063,2024-12,3.8,8.608611049198313,9.452564933041158,4.0,7.353725327413154,-0.8439538838428451,-0.08928305595583153,3.8,3.5,3.0,3.4333333333333336,12,-2.4492935982947064e-16,1.0,0,0,0,1,0,0,0,3.6833333333333336,3.85,2024-12
minimalist,2.3,2025-02,3.75,20.970657053304063,8.608611049198313,9.452564933041158,13.010611011847843,12.36204600410575,1.4360093554531055,3.75,3.8,3.5,3.6833333333333336,2,0.8660254037844386,0.5000000000000001,0,0,0,1,0,0,0,3.516666666666667,4.391666666666667,2025-02
minimalist,0.3,2025-03,3.8,2.3,20.970657053304063,8.608611049198313,10.626422700834123,-18.670657053304062,-0.8903229405662509,3.8,3.75,3.8,3.783333333333333,3,1.0,6.123233995736766e-17,0,0,0,1,0,0,0,3.516666666666667,4.966666666666667,2025-03
minimalist,1.9020599913279623,2025-04,3.5,0.3,2.3,20.970657053304063,7.856885684434686,-1.9999999999999998,-0.8695652173913043,3.5,3.8,3.75,3.6833333333333336,4,0.8660254037844387,-0.4999999999999998,0,0,0,1,0,0,0,4.016666666666667,5.508333333333333,2025-04
minimalist,10.40500466505037,2025-05,3.25,1.9020599913279623,0.3,2.3,1.5006866637759861,1.6020599913279623,5.340199971093208,3.25,3.5,3.8,3.516666666666667,5,0.49999999999999994,-0.8660254037844387,0,0,0,1,0,0,0,5.266666666666667,6.233333333333333,2025-05
minimalist,9.685606273598312,2025-06,3.8,10.40500466505037,1.9020599913279623,0.3,4.202354885459443,8.502944673722407,4.470387218326327,3.8,3.25,3.5,3.516666666666667,6,1.2246467991473532e-16,-1.0,0,0,0,1,0,0,0,6.416666666666667,6.683333333333334,2025-06
minimalist,3.1760912590556813,2025-07,5.0,9.685606273598312,10.40500466505037,1.9020599913279623,7.330890309992213,-0.7193983914520583,-0.06913965102470965,5.0,3.8,3.25,4.016666666666667,7,-0.4999999999999997,-0.8660254037844388,0,0,0,1,0,0,0,7.0,6.183333333333334,2025-07
minimalist,11.856302500767288,2025-08,7.0,3.1760912590556813,9.685606273598312,10.40500466505037,7.755567399234786,-6.509515014542631,-0.672081316405222,7.0,5.0,3.8,5.266666666666667,8,-0.8660254037844385,-0.5000000000000004,0,0,0,1,0,0,0,7.2,5.6535714285714285,2025-08
minimalist,30.7285129454648,2025-09,7.25,11.856302500767288,3.1760912590556813,9.685606273598312,8.239333344473758,8.680211241711607,2.732985463488356,7.25,7.0,5.0,6.416666666666667,9,-1.0,-1.8369701987210297e-16,0,0,0,1,0,0,0,6.95,4.923732718894009,2025-09
minimalist,15.905792696581258,2025-10,6.75,30.7285129454648,11.856302500767288,3.1760912590556813,15.253635568429255,18.87221044469751,1.5917450186072921,6.75,7.25,7.0,7.0,10,-0.8660254037844386,0.5000000000000001,0,0,0,1,0,0,0,5.366666666666667,4.558479262672812,2025-10
minimalist,18.2092775284318,2025-11,7.6,15.905792696581258,30.7285129454648,11.856302500767288,19.49686938093778,-14.822720248883542,-0.4823767513641176,7.6,6.75,7.25,7.199999999999999,11,-0.5000000000000004,0.8660254037844384,0,0,0,1,0,0,0,4.107142857142858,3.7980990783410142,2025-11
minimalist,78.12895859352109,2025-12,6.5,18.2092775284318,15.905792696581258,30.7285129454648,21.614527723492618,2.303484831850543,0.14482049878253767,6.5,7.6,6.75,6.949999999999999,12,-2.4492935982947064e-16,1.0,0,0,0,1,0,0,0,2.897465437788019,2.897465437788019,2025-12
mint,1.3010299956639813,2020-11,18.0,24.34142910801884,2.204119982655925,1.3010299956639813,9.282193028779583,22.137309125362915,10.0436043861314,18.0,21.0,24.0,21.0,11,-0.5000000000000004,0.8660254037844384,0,0,1,0,0,0,0,25.333333333333332,26.666666666666668,2020-11
mint,1.9542425094393248,2020-12,20.0,1.3010299956639813,24.34142910801884,2.204119982655925,9.282193028779583,-23.04039911235486,-0.9465507965908468,20.0,18.0,21.0,19.666666666666668,12,-2.4492935982947064e-16,1.0,0,0,1,0,0,0,0,28.333333333333332,27.833333333333332,2020-12
mint,2.414973347970818,2021-05,27.0,1.9542425094393248,1.3010299956639813,24.34142910801884,9.198900537707383,0.6532125137753435,0.50207336952441,27.0,20.0,18.0,21.666666666666668,5,0.49999999999999994,-0.8660254037844387,0,0,1,0,0,0,0,29.0,27.666666666666668,2021-05
mint,2.414973347970818,2021-06,29.0,2.414973347970818,1.9542425094393248,1.3010299956639813,1.8900819510247082,0.46073083853149344,0.23575929614983027,29.0,27.0,20.0,25.333333333333332,6,1.2246467991473532e-16,-1.0,0,0,1,0,0,0,0,28.0,26.833333333333332,2021-06
mint,3.8856553237545546,2021-10,29.0,2.414973347970818,2.414973347970818,1.9542425094393248,2.261396401793654,0.0,0.0,29.0,29.0,27.0,28.333333333333332,10,-0.8660254037844386,0.5000000000000001,0,0,1,0,0,0,0,27.333333333333332,26.166666666666668,2021-10
mint,4.554852434372055,2021-12,29.0,3.8856553237545546,2.414973347970818,2.414973347970818,2.905200673232063,1.4706819757837364,0.6089847645811401,29.0,29.0,29.0,29.0,12,-2.4492935982947064e-16,1.0,0,0,1,0,0,0,0,26.333333333333332,25.833333333333332,2021-12
mint,4.294025094095323,2022-03,26.0,4.554852434372055,3.8856553237545546,2.414973347970818,3.6184937020324757,0.6691971106175005,0.17222245795360003,26.0,29.0,29.0,28.0,3,1.0,6.123233995736766e-17,0,0,1,0,0,0,0,25.666666666666668,25.333333333333332,2022-03
mint,2.0413926851582254,2022-07,27.0,4.294025094095323,4.554852434372055,3.8856553237545546,4.244844284073977,-0.26082734027673204,-0.057263620289532025,27.0,26.0,29.0,27.333333333333332,7,-0.4999999999999997,-0.8660254037844388,0,0,1,0,0,0,0,25.0,24.666666666666668,2022-07
mint,6.694025094095323,2022-09,26.0,2.0413926851582254,4.294025094095323,4.554852434372055,3.6300900712085347,-2.2526324089370977,-0.5245969363417724,26.0,27.0,26.0,26.333333333333332,9,-1.0,-1.8369701987210297e-16,0,0,1,0,0,0,0,25.333333333333332,24.0,2022-09
mint,5.593038573604643,2022-10,24.0,6.694025094095323,2.0413926851582254,4.294025094095323,4.343147624449624,4.652632408937098,2.279146213643104,24.0,26.0,27.0,25.666666666666668,10,-0.8660254037844386,0.5000000000000001,0,0,1,0,0,0,0,25.0,23.333333333333332,2022-10
mint,3.6,2022-11,25.0,5.593038573604643,6.694025094095323,2.0413926851582254,4.7761521176193975,-1.1009865204906806,-0.16447301959800542,25.0,24.0,26.0,25.0,11,-0.5000000000000004,0.8660254037844384,0,0,1,0,0,0,0,24.333333333333332,22.833333333333332,2022-11
mint,1.2,2022-12,27.0,3.6,5.593038573604643,6.694025094095323,5.295687889233322,-1.9930385736046428,-0.3563427191456243,27.0,25.0,24.0,25.333333333333332,12,-2.4492935982947064e-16,1.0,0,0,1,0,0,0,0,22.666666666666668,22.333333333333332,2022-12
mint,14.954242509439323,2023-04,23.0,1.2,3.6,5.593038573604643,3.464346191201548,-2.4000000000000004,-0.6666666666666667,23.0,27.0,25.0,25.0,4,0.8660254037844387,-0.4999999999999998,0,0,1,0,0,0,0,21.666666666666668,22.5,2023-04
mint,6.422589839851483,2023-05,23.0,14.954242509439323,1.2,3.6,6.584747503146441,13.754242509439324,11.461868757866103,23.0,23.0,27.0,24.333333333333332,5,0.49999999999999994,-0.8660254037844387,0,0,1,0,0,0,0,21.333333333333332,22.333333333333332,2023-05
mint,1.0,2023-08,22.0,6.422589839851483,14.954242509439323,1.2,7.525610783096934,-8.53165266958784,-0.5705172070201847,22.0,23.0,23.0,22.666666666666668,8,-0.8660254037844385,-0.5000000000000004,0,0,1,0,0,0,0,22.0,22.666666666666668,2023-08
mint,2.0,2023-10,20.0,1.0,6.422589839851483,14.954242509439323,7.45894411643027,-5.422589839851483,-0.8442995699655135,20.0,22.0,23.0,21.666666666666668,10,-0.8660254037844386,0.5000000000000001,0,0,1,0,0,0,0,23.333333333333332,23.333333333333332,2023-10
mint,1.2,2023-11,22.0,2.0,1.0,6.422589839851483,3.1408632799504943,1.0,1.0,22.0,20.0,22.0,21.333333333333332,11,-0.5000000000000004,0.8660254037844384,0,0,1,0,0,0,0,23.333333333333332,24.666666666666668,2023-11
mint,1.0,2023-12,24.0,1.2,2.0,1.0,1.4000000000000001,-0.8,-0.4,24.0,22.0,20.0,22.0,12,-2.4492935982947064e-16,1.0,0,0,1,0,0,0,0,23.333333333333332,25.5,2023-12
mint,14.0,2024-08,24.0,1.0,1.2,2.0,1.4000000000000001,-0.19999999999999996,-0.16666666666666663,24.0,24.0,22.0,23.333333333333332,8,-0.8660254037844385,-0.5000000000000004,0,0,1,0,0,0,0,23.333333333333332,26.166666666666668,2024-08
mint,4.140298929983233,2024-09,22.0,14.0,1.0,1.2,5.3999999999999995,13.0,13.0,22.0,24.0,24.0,23.333333333333332,9,-1.0,-1.8369701987210297e-16,0,0,1,0,0,0,0,26.0,27.666666666666668,2024-09
mint,1.0,2025-02,24.0,4.140298929983233,14.0,1.0,6.3800996433277435,-9.859701070016767,-0.7042643621440547,24.0,22.0,24.0,23.333333333333332,2,0.8660254037844386,0.5000000000000001,0,0,1,0,0,0,0,27.666666666666668,28.5,2025-02
mint,31.187718690714377,2025-03,24.0,1.0,4.140298929983233,14.0,6.3800996433277435,-3.140298929983233,-0.7584715459170843,24.0,24.0,22.0,23.333333333333332,3,1.0,6.123233995736766e-17,0,0,1,0,0,0,0,29.0,29.4,2025-03
mint,6.334453751150931,2025-08,30.0,31.187718690714377,1.0,4.140298929983233,12.109339206899202,30.187718690714377,30.187718690714377,30.0,24.0,24.0,26.0,8,-0.8660254037844385,-0.5000000000000004,0,0,1,0,0,0,0,29.333333333333332,29.25,2025-08
mint,6.765707666381407,2025-09,29.0,6.334453751150931,31.187718690714377,1.0,12.840724147288435,-24.853264939563445,-0.7968926867024452,29.0,30.0,24.0,27.666666666666668,9,-1.0,-1.8369701987210297e-16,0,0,1,0,0,0,0,29.333333333333332,29.333333333333332,2025-09
mohair,0.3,2021-02,1.0,0.3,1.0,0.3,0.5333333333333333,-0.7,-0.7,1.0,1.0,1.0,1.0,2,0.8660254037844386,0.5000000000000001,0,0,0,0,1,0,0,1.0,1.0,2021-02
mohair,0.6,2021-03,1.0,0.3,0.3,1.0,0.5333333333333333,0.0,0.0,1.0,1.0,1.0,1.0,3,1.0,6.123233995736766e-17,0,0,0,0,1,0,0,1.0,1.0,2021-03
mohair,1.3010299956639813,2021-07,1.0,0.6,0.3,0.3,0.39999999999999997,0.3,1.0,1.0,1.0,1.0,1.0,7,-0.4999999999999997,-0.8660254037844388,0,0,0,0,1,0,0,1.0,1.0,2021-07
mohair,5.0,2021-12,1.0,1.3010299956639813,0.6,0.3,0.733676665221327,0.7010299956639813,1.1683833261066354,1.0,1.0,1.0,1.0,12,-2.4492935982947064e-16,1.0,0,0,0,0,1,0,0,1.0,1.0,2021-12
mohair,0.3,2022-04,1.0,5.0,1.3010299956639813,0.6,2.300343331887994,3.6989700043360187,2.843108934201204,1.0,1.0,1.0,1.0,4,0.8660254037844387,-0.4999999999999998,0,0,0,0,1,0,0,1.0,1.0,2022-04
mohair,3.397940008672037,2023-09,1.0,0.3,5.0,1.3010299956639813,2.2003433318879937,-4.7,-0.94,1.0,1.0,1.0,1.0,9,-1.0,-1.8369701987210297e-16,0,0,0,0,1,0,0,1.0,1.0,2023-09
mohair,1.0,2023-10,1.0,3.397940008672037,0.3,5.0,2.899313336224012,3.0979400086720372,10.326466695573457,1.0,1.0,1.0,1.0,10,-0.8660254037844386,0.5000000000000001,0,0,0,0,1,0,0,1.0,1.0,2023-10
mohair,2.4,2023-11,1.0,1.0,3.397940008672037,0.3,1.5659800028906787,-2.397940008672037,-0.7057040449661105,1.0,1.0,1.0,1.0,11,-0.5000000000000004,0.8660254037844384,0,0,0,0,1,0,0,1.0,1.0,2023-11
mohair,0.3,2024-02,1.0,2.4,1.0,3.397940008672037,2.2659800028906787,1.4,1.4,1.0,1.0,1.0,1.0,2,0.8660254037844386,0.5000000000000001,0,0,0,0,1,0,0,1.0,1.0,2024-02
mohair,1.0,2024-03,1.0,0.3,2.4,1.0,1.233333333333333,-2.1,-0.875,1.0,1.0,1.0,1.0,3,1.0,6.123233995736766e-17,0,0,0,0,1,0,0,1.0,1.0,2024-03
mohair,1.3010299956639813,2024-04,1.0,1.0,0.3,2.4,1.2333333333333332,0.7,2.3333333333333335,1.0,1.0,1.0,1.0,4,0.8660254037844387,-0.4999999999999998,0,0,0,0,1,0,0,1.0,1.0,2024-04
mohair,1.0,2024-07,1.0,1.3010299956639813,1.0,0.3,0.8670099985546601,0.30102999566398125,0.30102999566398125,1.0,1.0,1.0,1.0,7,-0.4999999999999997,-0.8660254037844388,0,0,0,0,1,0,0,1.0,1.0,2024-07
mohair,1.0,2024-08,1.0,1.0,1.3010299956639813,1.0,1.1003433318879934,-0.30102999566398125,-0.23137821315975926,1.0,1.0,1.0,1.0,8,-0.8660254037844385,-0.5000000000000004,0,0,0,0,1,0,0,1.0,1.0,2024-08
mohair,0.3,2025-01,1.0,1.0,1.0,1.3010299956639813,1.1003433318879934,0.0,0.0,1.0,1.0,1.0,1.0,1,0.49999999999999994,0.8660254037844387,0,0,0,0,1,0,0,1.0,1.0,2025-01
mohair,0.6,2025-02,1.0,0.3,1.0,1.0,0.7666666666666663,-0.7,-0.7,1.0,1.0,1.0,1.0,2,0.8660254037844386,0.5000000000000001,0,0,0,0,1,0,0,1.0,1.0,2025-02
mohair,0.3,2025-08,1.0,0.6,0.3,1.0,0.633333333333333,0.3,1.0,1.0,1.0,1.0,1.0,8,-0.8660254037844385,-0.5000000000000004,0,0,0,0,1,0,0,1.0,1.0,2025-08
navy,2.954242509439325,2020-05,61.0,2.3,3.0323937598229684,13.397940008672036,6.243444589498335,-0.7323937598229686,-0.24152330397412702,61.0,49.0,55.0,55.0,5,0.49999999999999994,-0.8660254037844387,0,0,1,0,0,0,0,63.0,63.666666666666664,2020-05
navy,8.662368625696619,2020-09,59.0,2.954242509439325,2.3,3.0323937598229684,2.762212089754098,0.6542425094393254,0.2844532649736198,59.0,61.0,49.0,56.333333333333336,9,-1.0,-1.8369701987210297e-16,0,0,1,0,0,0,0,67.0,63.833333333333336,2020-09
navy,4.567415968780664,2020-10,61.0,8.662368625696619,2.954242509439325,2.3,4.638870378378648,5.708126116257294,1.9321792635570119,61.0,59.0,61.0,60.333333333333336,10,-0.8660254037844386,0.5000000000000001,0,0,1,0,0,0,0,66.33333333333333,64.0,2020-10
navy,6.317781387611444,2020-11,69.0,4.567415968780664,8.662368625696619,2.954242509439325,5.394675701305537,-4.094952656915955,-0.47272897677990966,69.0,61.0,59.0,63.0,11,-0.5000000000000004,0.8660254037844384,0,0,1,0,0,0,0,64.33333333333333,64.0,2020-11
navy,6.485411706794567,2020-12,71.0,6.317781387611444,4.567415968780664,8.662368625696619,6.515855327362909,1.7503654188307802,0.3832288170805833,71.0,69.0,61.0,67.0,12,-2.4492935982947064e-16,1.0,0,0,1,0,0,0,0,60.666666666666664,63.833333333333336,2020-12
navy,3.271841606536499,2021-05,59.0,6.485411706794567,6.317781387611444,4.567415968780664,5.790203021062226,0.16763031918312254,0.026533099026159634,59.0,71.0,69.0,66.33333333333333,5,0.49999999999999994,-0.8660254037844387,0,0,1,0,0,0,0,61.666666666666664,63.666666666666664,2021-05
navy,1.6020599913279625,2021-07,63.0,3.271841606536499,6.485411706794567,6.317781387611444,5.35834490031417,-3.213570100258068,-0.49550749367095837,63.0,59.0,71.0,64.33333333333333,7,-0.4999999999999997,-0.8660254037844388,0,0,1,0,0,0,0,63.666666666666664,63.0,2021-07
navy,3.0675630009207446,2021-09,60.0,1.6020599913279625,3.271841606536499,6.485411706794567,3.786437768219676,-1.6697816152085365,-0.5103491598959558,60.0,63.0,59.0,60.666666666666664,9,-1.0,-1.8369701987210297e-16,0,0,1,0,0,0,0,67.0,62.833333333333336,2021-09
navy,8.244413159705392,2021-10,62.0,3.0675630009207446,1.6020599913279625,3.271841606536499,2.6471548662617352,1.4655030095927821,0.914761630354437,62.0,60.0,63.0,61.666666666666664,10,-0.8660254037844386,0.5000000000000001,0,0,1,0,0,0,0,65.66666666666667,62.666666666666664,2021-10
navy,8.526798544683453,2021-11,69.0,8.244413159705392,3.0675630009207446,1.6020599913279625,4.3046787173180325,5.176850158784648,1.687610053071702,69.0,62.0,60.0,63.666666666666664,11,-0.5000000000000004,0.8660254037844384,0,0,1,0,0,0,0,62.333333333333336,60.833333333333336,2021-11
navy,8.557170833754169,2021-12,70.0,8.526798544683453,8.244413159705392,3.0675630009207446,6.612924901769863,0.28238538497806154,0.03425172653382069,70.0,69.0,62.0,67.0,12,-2.4492935982947064e-16,1.0,0,0,1,0,0,0,0,58.666666666666664,59.0,2021-12
navy,1.0,2022-04,58.0,8.557170833754169,8.526798544683453,8.244413159705392,8.442794179381005,0.030372289070715652,0.003561980374175988,58.0,70.0,69.0,65.66666666666667,4,0.8660254037844387,-0.4999999999999998,0,0,1,0,0,0,0,59.666666666666664,59.333333333333336,2022-04
navy,0.6,2022-05,59.0,1.0,8.557170833754169,8.526798544683453,6.027989792812541,-7.557170833754169,-0.8831389463377952,59.0,58.0,70.0,62.333333333333336,5,0.49999999999999994,-0.8660254037844387,0,0,1,0,0,0,0,59.333333333333336,60.0,2022-05
navy,1.0,2022-06,59.0,0.6,1.0,8.557170833754169,3.3857236112513895,-0.4,-0.4,59.0,59.0,58.0,58.666666666666664,6,1.2246467991473532e-16,-1.0,0,0,1,0,0,0,0,59.333333333333336,60.5,2022-06
navy,2.341392685158225,2022-07,61.0,1.0,0.6,1.0,0.8666666666666667,0.4,0.6666666666666667,61.0,59.0,59.0,59.666666666666664,7,-0.4999999999999997,-0.8660254037844388,0,0,1,0,0,0,0,59.0,59.166666666666664,2022-07
navy,0.3,2022-08,58.0,2.341392685158225,1.0,0.6,1.3137975617194084,1.3413926851582252,1.3413926851582252,58.0,61.0,59.0,59.333333333333336,8,-0.8660254037844385,-0.5000000000000004,0,0,1,0,0,0,0,60.666666666666664,59.0,2022-08
navy,4.934504321143394,2022-09,59.0,0.3,2.341392685158225,1.0,1.2137975617194083,-2.0413926851582254,-0.871871129562478,59.0,58.0,61.0,59.333333333333336,9,-1.0,-1.8369701987210297e-16,0,0,1,0,0,0,0,61.666666666666664,58.166666666666664,2022-09
navy,9.18941178717843,2022-10,60.0,4.934504321143394,0.3,2.341392685158225,2.5252990021005397,4.634504321143394,15.448347737144648,60.0,59.0,58.0,59.0,10,-0.8660254037844386,0.5000000000000001,0,0,1,0,0,0,0,59.333333333333336,57.166666666666664,2022-10
navy,13.381330224808275,2022-11,63.0,9.18941178717843,4.934504321143394,0.3,4.807972036107275,4.254907466035037,0.8622765710840667,63.0,60.0,59.0,60.666666666666664,11,-0.5000000000000004,0.8660254037844384,0,0,1,0,0,0,0,57.333333333333336,56.166666666666664,2022-11
navy,4.140298929983233,2022-12,62.0,13.381330224808275,9.18941178717843,4.934504321143394,9.1684154443767,4.191918437629845,0.45616830921415863,62.0,63.0,60.0,61.666666666666664,12,-2.4492935982947064e-16,1.0,0,0,1,0,0,0,0,54.666666666666664,56.166666666666664,2022-12
navy,7.654369090975286,2023-04,53.0,4.140298929983233,13.381330224808275,9.18941178717843,8.90368031398998,-9.241031294825042,-0.6905913791509801,53.0,62.0,63.0,59.333333333333336,4,0.8660254037844387,-0.4999999999999998,0,0,1,0,0,0,0,55.0,58.333333333333336,2023-04
navy,3.204119982655925,2023-05,57.0,7.654369090975286,4.140298929983233,13.381330224808275,8.391999415255599,3.514070160992053,0.848747933523313,57.0,53.0,62.0,57.333333333333336,5,0.49999999999999994,-0.8660254037844387,0,0,1,0,0,0,0,55.0,57.5,2023-05
navy,1.6020599913279625,2023-06,54.0,3.204119982655925,7.654369090975286,4.140298929983233,4.999596001204814,-4.450249108319361,-0.5813998587507792,54.0,57.0,53.0,54.666666666666664,6,1.2246467991473532e-16,-1.0,0,0,1,0,0,0,0,57.666666666666664,57.833333333333336,2023-06
navy,3.9802112417116073,2023-07,54.0,1.6020599913279625,3.204119982655925,7.654369090975286,4.153516354986391,-1.6020599913279625,-0.5,54.0,54.0,57.0,55.0,7,-0.4999999999999997,-0.8660254037844388,0,0,1,0,0,0,0,61.666666666666664,57.833333333333336,2023-07
navy,1.3010299956639813,2023-10,57.0,3.9802112417116073,1.6020599913279625,3.204119982655925,2.9287970718984986,2.378151250383645,1.4844333316209792,57.0,54.0,54.0,55.0,10,-0.8660254037844386,0.5000000000000001,0,0,1,0,0,0,0,60.0,57.0,2023-10
navy,6.710528178707288,2023-11,62.0,1.3010299956639813,3.9802112417116073,1.6020599913279625,2.294433742901184,-2.679181246047626,-0.6731253904241272,62.0,57.0,54.0,57.666666666666664,11,-0.5000000000000004,0.8660254037844384,0,0,1,0,0,0,0,58.0,56.666666666666664,2023-11
navy,1.3010299956639813,2023-12,66.0,6.710528178707288,1.3010299956639813,3.9802112417116073,3.9972564720276256,5.409498183043307,4.157858159359782,66.0,62.0,57.0,61.666666666666664,12,-2.4492935982947064e-16,1.0,0,0,1,0,0,0,0,54.0,56.833333333333336,2023-12
navy,0.3,2024-02,52.0,1.3010299956639813,6.710528178707288,1.3010299956639813,3.1041960566784166,-5.409498183043307,-0.8061210740769722,52.0,66.0,62.0,60.0,2,0.8660254037844386,0.5000000000000001,0,0,1,0,0,0,0,54.0,60.0,2024-02
navy,0.3,2024-05,56.0,0.3,1.3010299956639813,6.710528178707288,2.7705193914570896,-1.0010299956639812,-0.7694134639479278,56.0,52.0,66.0,58.0,5,0.49999999999999994,-0.8660254037844387,0,0,1,0,0,0,0,55.333333333333336,59.666666666666664,2024-05
navy,1.3,2024-06,54.0,0.3,0.3,1.3010299956639813,0.6336766652213272,0.0,0.0,54.0,56.0,52.0,54.0,6,1.2246467991473532e-16,-1.0,0,0,1,0,0,0,0,59.666666666666664,59.833333333333336,2024-06
navy,6.5402989299832335,2024-09,52.0,1.3,0.3,0.3,0.6333333333333333,1.0,3.333333333333334,52.0,54.0,56.0,54.0,9,-1.0,-1.8369701987210297e-16,0,0,1,0,0,0,0,66.0,61.0,2024-09
navy,14.100686945760858,2024-10,60.0,6.5402989299832335,1.3,0.3,2.713432976661078,5.240298929983234,4.030999176910179,60.0,52.0,54.0,55.333333333333336,10,-0.8660254037844386,0.5000000000000001,0,0,1,0,0,0,0,64.0,61.0,2024-10
navy,5.581842068880394,2024-11,67.0,14.100686945760858,6.5402989299832335,1.3,7.313661958581363,7.560388015777624,1.1559697953740176,67.0,60.0,52.0,59.666666666666664,11,-0.5000000000000004,0.8660254037844384,0,0,1,0,0,0,0,60.0,59.666666666666664,2024-11
navy,16.3092775284318,2024-12,71.0,5.581842068880394,14.100686945760858,6.5402989299832335,8.740942648208161,-8.518844876880465,-0.6041439618969426,71.0,67.0,60.0,66.0,12,-2.4492935982947064e-16,1.0,0,0,1,0,0,0,0,56.0,59.0,2024-12
navy,0.3,2025-01,54.0,16.3092775284318,5.581842068880394,14.100686945760858,11.997268847691018,10.727435459551405,1.9218450338031716,54.0,71.0,67.0,64.0,1,0.49999999999999994,0.8660254037844387,0,0,1,0,0,0,0,58.0,60.833333333333336,2025-01
navy,1.0,2025-02,55.0,0.3,16.3092775284318,5.581842068880394,7.397039865770732,-16.0092775284318,-0.9816055616518259,55.0,54.0,71.0,60.0,2,0.8660254037844386,0.5000000000000001,0,0,1,0,0,0,0,59.333333333333336,63.0,2025-02
navy,3.0,2025-04,59.0,1.0,0.3,16.3092775284318,5.869759176143933,0.7,2.3333333333333335,59.0,55.0,54.0,56.0,4,0.8660254037844387,-0.4999999999999998,0,0,1,0,0,0,0,62.0,66.66666666666667,2025-04
navy,19.24092845414486,2025-06,60.0,3.0,1.0,0.3,1.4333333333333333,2.0,2.0,60.0,59.0,55.0,58.0,6,1.2246467991473532e-16,-1.0,0,0,1,0,0,0,0,63.666666666666664,69.0,2025-06
navy,2.446128035678238,2025-07,59.0,19.24092845414486,3.0,1.0,7.74697615138162,16.24092845414486,5.413642818048287,59.0,60.0,59.0,59.333333333333336,7,-0.4999999999999997,-0.8660254037844388,0,0,1,0,0,0,0,66.66666666666667,69.16666666666667,2025-07
navy,1.9020599913279623,2025-08,67.0,2.446128035678238,19.24092845414486,3.0,8.229018829941033,-16.79480041846662,-0.8728685031230239,67.0,59.0,60.0,62.0,8,-0.8660254037844385,-0.5000000000000004,0,0,1,0,0,0,0,71.33333333333333,69.6,2025-08
navy,9.994107933883816,2025-09,65.0,1.9020599913279623,2.446128035678238,19.24092845414486,7.863038827050353,-0.5440680443502757,-0.22242010083475527,65.0,67.0,59.0,63.666666666666664,9,-1.0,-1.8369701987210297e-16,0,0,1,0,0,0,0,74.33333333333333,70.75,2025-09
navy,25.026615858539977,2025-10,68.0,9.994107933883816,1.9020599913279623,2.446128035678238,4.7807653202966724,8.092047942555855,4.254359998869554,68.0,65.0,67.0,66.66666666666667,10,-0.8660254037844386,0.5000000000000001,0,0,1,0,0,0,0,71.66666666666667,71.66666666666667,2025-10
olive,14.18036404530876,2023-10,37.0,26.358231441627854,2.4,2.1760912590556813,10.311440900227845,23.958231441627856,9.982596434011606,37.0,36.0,36.0,36.333333333333336,10,-0.8660254037844386,0.5000000000000001,0,0,1,0,0,0,0,38.0,40.666666666666664,2023-10
olive,31.83331531638641,2023-11,36.0,14.18036404530876,26.358231441627854,2.4,14.312865162312205,-12.177867396319094,-0.4620138275698744,36.0,37.0,36.0,36.333333333333336,11,-0.5000000000000004,0.8660254037844384,0,0,1,0,0,0,0,41.0,42.166666666666664,2023-11
olive,2.2141176480171083,2024-10,40.0,31.83331531638641,14.18036404530876,26.358231441627854,24.123970267774343,17.65295127107765,1.2448870293226157,40.0,36.0,37.0,37.666666666666664,10,-0.8660254037844386,0.5000000000000001,0,0,1,0,0,0,0,40.666666666666664,44.0,2024-10
olive,2.0,2025-01,38.0,2.2141176480171083,31.83331531638641,14.18036404530876,16.075932336570762,-29.619197668369303,-0.9304465266651829,38.0,40.0,36.0,38.0,1,0.49999999999999994,0.8660254037844387,0,0,1,0,0,0,0,43.333333333333336,45.5,2025-01
olive,4.0,2025-02,45.0,2.0,2.2141176480171083,31.83331531638641,12.015810988134506,-0.2141176480171083,-0.09670563269700916,45.0,38.0,40.0,41.0,2,0.8660254037844386,0.5000000000000001,0,0,1,0,0,0,0,43.333333333333336,45.333333333333336,2025-02
olive,2.0,2025-06,39.0,4.0,2.0,2.2141176480171083,2.7380392160057028,2.0,1.0,39.0,45.0,38.0,40.666666666666664,6,1.2246467991473532e-16,-1.0,0,0,1,0,0,0,0,47.333333333333336,46.6,2025-06
olive,5.04494397918711,2025-09,46.0,2.0,4.0,2.0,2.6666666666666665,-2.0,-0.5,46.0,39.0,45.0,43.333333333333336,9,-1.0,-1.8369701987210297e-16,0,0,1,0,0,0,0,47.666666666666664,46.75,2025-09
olive,0.3,2025-10,45.0,5.04494397918711,2.0,4.0,3.68164799306237,3.04494397918711,1.522471989593555,45.0,46.0,39.0,43.333333333333336,10,-0.8660254037844386,0.5000000000000001,0,0,1,0,0,0,0,47.333333333333336,47.333333333333336,2025-10
pants,12.99193862058912,2020-04,24.0,3.5,8.24830486304816,8.53239375982297,6.760232874290376,-4.74830486304816,-0.5756703882661078,24.0,24.0,29.0,25.666666666666668,4,0.8660254037844387,-0.4999999999999998,0,0,0,0,0,0,1,27.0,28.166666666666668,2020-04
pants,26.43598741596133,2020-05,26.0,12.99193862058912,3.5,8.24830486304816,8.246747827879092,9.49193862058912,2.711982463025463,26.0,24.0,24.0,24.666666666666668,5,0.49999999999999994,-0.8660254037844387,0,0,0,0,0,0,1,27.333333333333332,29.0,2020-05
pants,30.35971682825729,2020-06,27.0,26.43598741596133,12.99193862058912,3.5,14.30930867885015,13.444048795372208,1.0347992850017471,27.0,26.0,24.0,25.666666666666668,6,1.2246467991473532e-16,-1.0,0,0,0,0,0,0,1,28.333333333333332,30.166666666666668,2020-06
pants,22.886207461316715,2020-07,28.0,30.35971682825729,26.43598741596133,12.99193862058912,23.26254762160258,3.9237294122959625,0.14842378877540696,28.0,27.0,26.0,27.0,7,-0.4999999999999997,-0.8660254037844388,0,0,0,0,0,0,1,29.333333333333332,30.833333333333332,2020-07
pants,5.442422680822206,2020-08,27.0,22.886207461316715,30.35971682825729,26.43598741596133,26.560637235178444,-7.473509366940576,-0.24616531864304514,27.0,28.0,27.0,27.333333333333332,8,-0.8660254037844385,-0.5000000000000004,0,0,0,0,0,0,1,30.666666666666668,31.333333333333332,2020-08
pants,16.83275150479639,2020-09,30.0,5.442422680822206,22.886207461316715,30.35971682825729,19.562782323465402,-17.44378478049451,-0.7621963931760546,30.0,27.0,28.0,28.333333333333332,9,-1.0,-1.8369701987210297e-16,0,0,0,0,0,0,1,32.0,31.333333333333332,2020-09
pants,14.332090373836184,2020-10,31.0,16.83275150479639,5.442422680822206,22.886207461316715,15.053793882311771,11.390328823974185,2.092878391108977,31.0,30.0,27.0,29.333333333333332,10,-0.8660254037844386,0.5000000000000001,0,0,0,0,0,0,1,32.333333333333336,31.0,2020-10
pants,21.029672113296044,2020-11,31.0,14.332090373836184,16.83275150479639,5.442422680822206,12.202421519818259,-2.500661130960207,-0.14855926140462883,31.0,31.0,30.0,30.666666666666668,11,-0.5000000000000004,0.8660254037844384,0,0,0,0,0,0,1,32.0,30.666666666666668,2020-11
pants,29.88748622679359,2020-12,34.0,21.029672113296044,14.332090373836184,16.83275150479639,17.39817133064287,6.69758173945986,0.4673136691690536,34.0,31.0,31.0,32.0,12,-2.4492935982947064e-16,1.0,0,0,0,0,0,0,1,30.666666666666668,29.833333333333332,2020-12
pants,17.249008078930483,2021-01,32.0,29.88748622679359,21.029672113296044,14.332090373836184,21.74974957130861,8.857814113497547,0.4212055264474228,32.0,34.0,31.0,32.333333333333336,1,0.49999999999999994,0.8660254037844387,0,0,0,0,0,0,1,29.666666666666668,29.5,2021-01
pants,8.03660258263949,2021-02,30.0,17.249008078930483,29.88748622679359,21.029672113296044,22.72205547300671,-12.638478147863108,-0.42286855615621965,30.0,32.0,34.0,32.0,2,0.8660254037844386,0.5000000000000001,0,0,0,0,0,0,1,29.333333333333332,30.0,2021-02
pants,1.2,2021-03,30.0,8.03660258263949,17.249008078930483,29.88748622679359,18.39103229612119,-9.212405496290993,-0.534083203749198,30.0,30.0,32.0,30.666666666666668,3,1.0,6.123233995736766e-17,0,0,0,0,0,0,1,29.0,30.333333333333332,2021-03
pants,20.24677896170203,2021-04,29.0,1.2,8.03660258263949,17.249008078930483,8.828536887189992,-6.8366025826394905,-0.8506831726888902,29.0,30.0,30.0,29.666666666666668,4,0.8660254037844387,-0.4999999999999998,0,0,0,0,0,0,1,29.333333333333332,31.5,2021-04
pants,13.515996477245258,2021-05,29.0,20.24677896170203,1.2,8.03660258263949,9.82779384811384,19.04677896170203,15.87231580141836,29.0,29.0,30.0,29.333333333333332,5,0.49999999999999994,-0.8660254037844387,0,0,0,0,0,0,1,30.666666666666668,33.333333333333336,2021-05
pants,7.196910013008056,2021-06,29.0,13.515996477245258,20.24677896170203,1.2,11.654258479649096,-6.730782484456773,-0.3324371988842493,29.0,29.0,29.0,29.0,6,1.2246467991473532e-16,-1.0,0,0,0,0,0,0,1,31.666666666666668,34.833333333333336,2021-06
pants,3.6149733479708175,2021-07,30.0,7.196910013008056,13.515996477245258,20.24677896170203,13.653228483985117,-6.319086464237202,-0.4675264953550149,30.0,29.0,29.0,29.333333333333332,7,-0.4999999999999997,-0.8660254037844388,0,0,0,0,0,0,1,33.666666666666664,35.333333333333336,2021-07
pants,5.1,2021-08,33.0,3.6149733479708175,7.196910013008056,13.515996477245258,8.109293279408044,-3.5819366650372384,-0.49770480088858504,33.0,30.0,29.0,30.666666666666668,8,-0.8660254037844385,-0.5000000000000004,0,0,0,0,0,0,1,36.0,35.333333333333336,2021-08
pants,18.533271608633296,2021-09,32.0,5.1,3.6149733479708175,7.196910013008056,5.303961120326291,1.4850266520291822,0.4107987830291384,32.0,33.0,30.0,31.666666666666668,9,-1.0,-1.8369701987210297e-16,0,0,0,0,0,0,1,38.0,35.666666666666664,2021-09
pants,10.660723972141952,2021-10,36.0,18.533271608633296,5.1,3.6149733479708175,9.082748318868036,13.433271608633296,2.6339748252222153,36.0,32.0,33.0,33.666666666666664,10,-0.8660254037844386,0.5000000000000001,0,0,0,0,0,0,1,37.0,35.333333333333336,2021-10
pants,10.723501985257537,2021-11,40.0,10.660723972141952,18.533271608633296,5.1,11.431331860258416,-7.872547636491344,-0.4247791648844179,40.0,36.0,32.0,36.0,11,-0.5000000000000004,0.8660254037844384,0,0,0,0,0,0,1,34.666666666666664,34.0,2021-11
pants,4.8,2021-12,38.0,10.723501985257537,10.660723972141952,18.533271608633296,13.30583252201093,0.06277801311558484,0.005888719497815886,38.0,40.0,36.0,38.0,12,-2.4492935982947064e-16,1.0,0,0,0,0,0,0,1,33.333333333333336,33.166666666666664,2021-12
pants,14.668170623495492,2022-01,33.0,4.8,10.723501985257537,10.660723972141952,8.728075319133163,-5.923501985257537,-0.5523850318115344,33.0,38.0,40.0,37.0,1,0.49999999999999994,0.8660254037844387,0,0,0,0,0,0,1,33.666666666666664,33.166666666666664,2022-01
pants,0.6,2022-02,33.0,14.668170623495492,4.8,10.723501985257537,10.063890869584343,9.868170623495491,2.055868879894894,33.0,33.0,38.0,34.666666666666664,2,0.8660254037844386,0.5000000000000001,0,0,0,0,0,0,1,33.333333333333336,33.333333333333336,2022-02
pants,0.8999999999999999,2022-03,34.0,0.6,14.668170623495492,4.8,6.689390207831832,-14.068170623495492,-0.9590951035817024,34.0,33.0,33.0,33.333333333333336,3,1.0,6.123233995736766e-17,0,0,0,0,0,0,1,33.0,33.833333333333336,2022-03
pants,7.735294120042771,2022-04,34.0,0.8999999999999999,0.6,14.668170623495492,5.389390207831831,0.29999999999999993,0.5,34.0,34.0,33.0,33.666666666666664,4,0.8660254037844387,-0.4999999999999998,0,0,0,0,0,0,1,32.666666666666664,34.5,2022-04
pants,10.6372727025023,2022-05,32.0,7.735294120042771,0.8999999999999999,0.6,3.078431373347591,6.8352941200427715,7.594771244491968,32.0,34.0,34.0,33.333333333333336,5,0.49999999999999994,-0.8660254037844387,0,0,0,0,0,0,1,33.333333333333336,35.5,2022-05
pants,10.322589839851483,2022-06,33.0,10.6372727025023,7.735294120042771,0.8999999999999999,6.4241889408483575,2.9019785824595283,0.3751607291751542,33.0,32.0,34.0,33.0,6,1.2246467991473532e-16,-1.0,0,0,0,0,0,0,1,34.666666666666664,36.5,2022-06
pants,4.890196080028514,2022-07,33.0,10.322589839851483,10.6372727025023,7.735294120042771,9.565052220798853,-0.314682862650816,-0.029583039887356666,33.0,33.0,32.0,32.666666666666664,7,-0.4999999999999997,-0.8660254037844388,0,0,0,0,0,0,1,36.333333333333336,37.0,2022-07
pants,6.231363764158987,2022-08,34.0,4.890196080028514,10.322589839851483,10.6372727025023,8.616686207460766,-5.432393759822969,-0.5262626767219425,34.0,33.0,33.0,33.333333333333336,8,-0.8660254037844385,-0.5000000000000004,0,0,0,0,0,0,1,37.666666666666664,37.5,2022-08
pants,7.379181246047624,2022-09,37.0,6.231363764158987,4.890196080028514,10.322589839851483,7.148049894679663,1.3411676841304727,0.27425642288819074,37.0,34.0,33.0,34.666666666666664,9,-1.0,-1.8369701987210297e-16,0,0,0,0,0,0,1,38.333333333333336,37.166666666666664,2022-09
pants,5.378151250383644,2022-10,38.0,7.379181246047624,6.231363764158987,4.890196080028514,6.166913696745044,1.1478174818886373,0.18420004437721227,38.0,37.0,34.0,36.333333333333336,10,-0.8660254037844386,0.5000000000000001,0,0,0,0,0,0,1,37.666666666666664,36.666666666666664,2022-10
pants,3.4,2022-11,38.0,5.378151250383644,7.379181246047624,6.231363764158987,6.3295654201967535,-2.0010299956639797,-0.27117236031243364,38.0,38.0,37.0,37.666666666666664,11,-0.5000000000000004,0.8660254037844384,0,0,0,0,0,0,1,37.333333333333336,35.833333333333336,2022-11
pants,8.55283902791128,2022-12,39.0,3.4,5.378151250383644,7.379181246047624,5.385777498810424,-1.9781512503836445,-0.36781249881035516,39.0,38.0,38.0,38.333333333333336,12,-2.4492935982947064e-16,1.0,0,0,0,0,0,0,1,36.0,35.166666666666664,2022-12
pants,3.4542425094393248,2023-01,36.0,8.55283902791128,3.4,5.378151250383644,5.776996759431643,5.152839027911279,1.515540890562141,36.0,39.0,38.0,37.666666666666664,1,0.49999999999999994,0.8660254037844387,0,0,0,0,0,0,1,35.666666666666664,34.5,2023-01
pants,0.8999999999999999,2023-02,37.0,3.4542425094393248,8.55283902791128,3.4,5.135693845783536,-5.098596518471954,-0.5961291334764081,37.0,36.0,39.0,37.333333333333336,2,0.8660254037844386,0.5000000000000001,0,0,0,0,0,0,1,34.333333333333336,34.166666666666664,2023-02
pants,2.201029995663981,2023-03,35.0,0.8999999999999999,3.4542425094393248,8.55283902791128,4.302360512450203,-2.554242509439325,-0.7394508354463847,35.0,37.0,36.0,36.0,3,1.0,6.123233995736766e-17,0,0,0,0,0,0,1,34.333333333333336,34.166666666666664,2023-03
pants,1.2,2023-04,35.0,2.201029995663981,0.8999999999999999,3.4542425094393248,2.185090835034437,1.3010299956639813,1.4455888840710904,35.0,35.0,37.0,35.666666666666664,4,0.8660254037844387,-0.4999999999999998,0,0,0,0,0,0,1,33.333333333333336,35.166666666666664,2023-04
pants,1.5,2023-05,33.0,1.2,2.201029995663981,0.8999999999999999,1.4336766652213289,-1.0010299956639812,-0.45480070586770993,33.0,35.0,35.0,34.333333333333336,5,0.49999999999999994,-0.8660254037844387,0,0,0,0,0,0,1,34.0,36.5,2023-05
pants,3.703089986991944,2023-06,35.0,1.5,1.2,2.201029995663981,1.6336766652213288,0.30000000000000004,0.25,35.0,33.0,35.0,34.333333333333336,6,1.2246467991473532e-16,-1.0,0,0,0,0,0,0,1,34.0,37.5,2023-06
pants,9.9,2023-07,32.0,3.703089986991944,1.5,1.2,2.1343633289973165,2.203089986991944,1.4687266579946292,32.0,35.0,33.0,33.333333333333336,7,-0.4999999999999997,-0.8660254037844388,0,0,0,0,0,0,1,37.0,38.5,2023-07
pants,5.254242509439324,2023-08,35.0,9.9,3.703089986991944,1.5,5.034363328997316,6.196910013008056,1.673442998894517,35.0,32.0,35.0,34.0,8,-0.8660254037844385,-0.5000000000000004,0,0,0,0,0,0,1,39.0,38.666666666666664,2023-08
pants,11.17589489240166,2023-09,35.0,5.254242509439324,9.9,3.703089986991944,6.2857774988104245,-4.645757490560676,-0.46926843338996727,35.0,35.0,32.0,34.0,9,-1.0,-1.8369701987210297e-16,0,0,0,0,0,0,1,41.0,39.166666666666664,2023-09
pants,4.5,2023-10,41.0,11.17589489240166,5.254242509439324,9.9,8.776712467280328,5.9216523829623355,1.1270230432500972,41.0,35.0,35.0,37.0,10,-0.8660254037844386,0.5000000000000001,0,0,0,0,0,0,1,40.0,38.5,2023-10
pants,17.05779681123712,2023-11,41.0,4.5,11.17589489240166,5.254242509439324,6.976712467280329,-6.67589489240166,-0.5973476805817591,41.0,41.0,35.0,39.0,11,-0.5000000000000004,0.8660254037844384,0,0,0,0,0,0,1,38.333333333333336,37.666666666666664,2023-11
pants,8.399999999999999,2023-12,41.0,17.05779681123712,4.5,11.17589489240166,10.911230567879597,12.557796811237122,2.790621513608249,41.0,41.0,41.0,41.0,12,-2.4492935982947064e-16,1.0,0,0,0,0,0,0,1,37.333333333333336,36.833333333333336,2023-12
pants,9.305149978319909,2024-01,38.0,8.399999999999999,17.05779681123712,4.5,9.985932270412377,-8.657796811237123,-0.507556568239437,38.0,41.0,41.0,40.0,1,0.49999999999999994,0.8660254037844387,0,0,0,0,0,0,1,37.0,36.166666666666664,2024-01
pants,7.708485018878649,2024-02,36.0,9.305149978319909,8.399999999999999,17.05779681123712,11.587648929852348,0.9051499783199102,0.10775594979998937,36.0,38.0,41.0,38.333333333333336,2,0.8660254037844386,0.5000000000000001,0,0,0,0,0,0,1,37.0,36.333333333333336,2024-02
pants,0.6,2024-03,38.0,7.708485018878649,9.305149978319909,8.399999999999999,8.471211665732854,-1.5966649594412594,-0.17158938471290985,38.0,36.0,38.0,37.333333333333336,3,1.0,6.123233995736766e-17,0,0,0,0,0,0,1,36.333333333333336,36.166666666666664,2024-03
pants,2.4,2024-04,37.0,0.6,7.708485018878649,9.305149978319909,5.871211665732855,-7.10848501887865,-0.9221636938347086,37.0,38.0,36.0,37.0,4,0.8660254037844387,-0.4999999999999998,0,0,0,0,0,0,1,35.333333333333336,36.666666666666664,2024-04
pants,9.602430536445524,2024-05,36.0,2.4,0.6,7.708485018878649,3.5694950062928856,1.7999999999999998,3.0,36.0,37.0,38.0,37.0,5,0.49999999999999994,-0.8660254037844387,0,0,0,0,0,0,1,35.666666666666664,38.0,2024-05
pants,0.6,2024-06,36.0,9.602430536445524,2.4,0.6,4.2008101788151775,7.202430536445524,3.0010127235189685,36.0,36.0,37.0,36.333333333333336,6,1.2246467991473532e-16,-1.0,0,0,0,0,0,0,1,36.0,39.333333333333336,2024-06
pants,8.406179973983887,2024-07,34.0,0.6,9.602430536445524,2.4,4.2008101788151775,-9.002430536445525,-0.9375158197997131,34.0,36.0,36.0,35.333333333333336,7,-0.4999999999999997,-0.8660254037844388,0,0,0,0,0,0,1,38.0,40.166666666666664,2024-07
pants,9.083707984390331,2024-08,37.0,8.406179973983887,0.6,9.602430536445524,6.2028701701431395,7.8061799739838875,13.010299956639813,37.0,34.0,36.0,35.666666666666664,8,-0.8660254037844385,-0.5000000000000004,0,0,0,0,0,0,1,40.333333333333336,40.666666666666664,2024-08
pants,37.457987720446894,2024-09,37.0,9.083707984390331,8.406179973983887,0.6,6.029962652791409,0.6775280104064443,0.08059879903872047,37.0,37.0,34.0,36.0,9,-1.0,-1.8369701987210297e-16,0,0,0,0,0,0,1,42.666666666666664,41.0,2024-09
pants,95.45505602081288,2024-10,40.0,37.457987720446894,9.083707984390331,8.406179973983887,18.31595855960704,28.374279736056565,3.123645078068959,40.0,37.0,37.0,38.0,10,-0.8660254037844386,0.5000000000000001,0,0,0,0,0,0,1,42.333333333333336,40.666666666666664,2024-10
pants,159.69111294287862,2024-11,44.0,95.45505602081288,37.457987720446894,9.083707984390331,47.332250575216705,57.99706830036598,1.5483231169064533,44.0,40.0,37.0,40.333333333333336,11,-0.5000000000000004,0.8660254037844384,0,0,0,0,0,0,1,41.0,39.5,2024-11
pants,36.45505602081289,2024-12,44.0,159.69111294287862,95.45505602081288,37.457987720446894,97.5347188947128,64.23605692206574,0.6729455683108059,44.0,44.0,40.0,42.666666666666664,12,-2.4492935982947064e-16,1.0,0,0,0,0,0,0,1,39.333333333333336,38.666666666666664,2024-12
pants,25.80205999132796,2025-01,39.0,36.45505602081289,159.69111294287862,95.45505602081288,97.20040832816812,-123.23605692206573,-0.7717151859674694,39.0,44.0,44.0,42.333333333333336,1,0.49999999999999994,0.8660254037844387,0,0,0,0,0,0,1,39.0,38.5,2025-01
pants,4.2,2025-02,40.0,25.80205999132796,36.45505602081289,159.69111294287862,73.98274298500648,-10.652996029484932,-0.29222273100891494,40.0,39.0,44.0,41.0,2,0.8660254037844386,0.5000000000000001,0,0,0,0,0,0,1,38.0,39.0,2025-02
pants,2.4,2025-03,39.0,4.2,25.80205999132796,36.45505602081289,22.15237200404695,-21.60205999132796,-0.8372222992500749,39.0,40.0,39.0,39.333333333333336,3,1.0,6.123233995736766e-17,0,0,0,0,0,0,1,38.0,40.0,2025-03
pants,16.004119982655926,2025-04,38.0,2.4,4.2,25.80205999132796,10.800686663775986,-1.8000000000000003,-0.4285714285714286,38.0,39.0,40.0,39.0,4,0.8660254037844387,-0.4999999999999998,0,0,0,0,0,0,1,38.0,41.833333333333336,2025-04
pants,12.40102999566398,2025-05,37.0,16.004119982655926,2.4,4.2,7.534706660885309,13.604119982655925,5.668383326106636,37.0,38.0,39.0,38.0,5,0.49999999999999994,-0.8660254037844387,0,0,0,0,0,0,1,40.0,44.5,2025-05
pants,32.267748481120854,2025-06,39.0,12.40102999566398,16.004119982655926,2.4,10.268383326106635,-3.6030899869919466,-0.22513515212937085,39.0,37.0,38.0,38.0,6,1.2246467991473532e-16,-1.0,0,0,0,0,0,0,1,42.0,46.166666666666664,2025-06
pants,17.904119982655924,2025-07,38.0,32.267748481120854,12.40102999566398,16.004119982655926,20.224299486480252,19.866718485456875,1.602021645976445,38.0,39.0,37.0,38.0,7,-0.4999999999999997,-0.8660254037844388,0,0,0,0,0,0,1,45.666666666666664,47.333333333333336,2025-07
pants,37.28181795004236,2025-08,43.0,17.904119982655924,32.267748481120854,12.40102999566398,20.85763281981359,-14.36362849846493,-0.44513885147173415,43.0,38.0,39.0,40.0,8,-0.8660254037844385,-0.5000000000000004,0,0,0,0,0,0,1,49.0,48.2,2025-08
pants,20.005657613025136,2025-09,45.0,37.28181795004236,17.904119982655924,32.267748481120854,29.151228804606376,19.377697967386435,1.0823038488436176,45.0,43.0,38.0,42.0,9,-1.0,-1.8369701987210297e-16,0,0,0,0,0,0,1,50.333333333333336,49.0,2025-09
pants,21.351807091577257,2025-10,49.0,20.005657613025136,37.28181795004236,17.904119982655924,25.063865181907804,-17.276160337017224,-0.46339372077207397,49.0,45.0,43.0,45.666666666666664,10,-0.8660254037844386,0.5000000000000001,0,0,0,0,0,0,1,49.0,49.0,2025-10
periwinkle,12.698248392814982,2020-11,1.0,2.706327006123967,2.531478917042256,1.0,2.0792686410554073,0.17484808908171123,0.06906954188107606,1.0,1.0,1.0,1.0,11,-0.5000000000000004,0.8660254037844384,0,0,1,0,0,0,0,1.0,1.0,2020-11
periwinkle,5.2073570017879485,2020-12,1.0,12.698248392814982,2.706327006123967,2.531478917042256,5.978684771993734,9.991921386691015,3.692059889318978,1.0,1.0,1.0,1.0,12,-2.4492935982947064e-16,1.0,0,0,1,0,0,0,0,1.0,1.0,2020-12
periwinkle,2.414973347970818,2021-05,1.0,5.2073570017879485,12.698248392814982,2.706327006123967,6.870644133575632,-7.490891391027033,-0.589915329996662,1.0,1.0,1.0,1.0,5,0.49999999999999994,-0.8660254037844387,0,0,1,0,0,0,0,1.0,1.0,2021-05
periwinkle,2.3010299956639813,2021-06,1.0,2.414973347970818,5.2073570017879485,12.698248392814982,6.7735262475245825,-2.7923836538171303,-0.5362381824135284,1.0,1.0,1.0,1.0,6,1.2246467991473532e-16,-1.0,0,0,1,0,0,0,0,1.0,1.0,2021-06
periwinkle,1.7781512503836436,2021-11,1.0,2.3010299956639813,2.414973347970818,5.2073570017879485,3.3077867818075823,-0.11394335230683694,-0.047182033045034544,1.0,1.0,1.0,1.0,11,-0.5000000000000004,0.8660254037844384,0,0,1,0,0,0,0,1.0,1.0,2021-11
periwinkle,1.0,2022-01,1.0,1.7781512503836436,2.3010299956639813,2.414973347970818,2.1647181980061476,-0.5228787452803376,-0.2272368227557402,1.0,1.0,1.0,1.0,1,0.49999999999999994,0.8660254037844387,0,0,1,0,0,0,0,1.0,1.0,2022-01
periwinkle,2.5563025007672877,2022-08,1.0,1.0,1.7781512503836436,2.3010299956639813,1.6930604153492084,-0.7781512503836436,-0.4376181442471523,1.0,1.0,1.0,1.0,8,-0.8660254037844385,-0.5000000000000004,0,0,1,0,0,0,0,1.0,1.0,2022-08
periwinkle,3.731478917042256,2022-09,1.0,2.5563025007672877,1.0,1.7781512503836436,1.7781512503836439,1.5563025007672877,1.5563025007672877,1.0,1.0,1.0,1.0,9,-1.0,-1.8369701987210297e-16,0,0,1,0,0,0,0,1.0,1.0,2022-09
periwinkle,2.531478917042256,2022-11,1.0,3.731478917042256,2.5563025007672877,1.0,2.4292604726031812,1.1751764162749683,0.45971727364904313,1.0,1.0,1.0,1.0,11,-0.5000000000000004,0.8660254037844384,0,0,1,0,0,0,0,1.0,1.0,2022-11
periwinkle,3.631363764158987,2022-12,1.0,2.531478917042256,3.731478917042256,2.5563025007672877,2.9397534449506,-1.2000000000000002,-0.3215883103397449,1.0,1.0,1.0,1.0,12,-2.4492935982947064e-16,1.0,0,0,1,0,0,0,0,1.0,1.0,2022-12
periwinkle,0.3,2023-08,1.0,3.631363764158987,2.531478917042256,3.731478917042256,3.2981071994144995,1.0998848471167313,0.4344831156649811,1.0,1.0,1.0,1.0,8,-0.8660254037844385,-0.5000000000000004,0,0,1,0,0,0,0,1.0,1.0,2023-08
periwinkle,1.2,2023-09,1.0,0.3,3.631363764158987,2.531478917042256,2.1542808937337474,-3.3313637641589873,-0.9173864092160211,1.0,1.0,1.0,1.0,9,-1.0,-1.8369701987210297e-16,0,0,1,0,0,0,0,1.0,1.0,2023-09
periwinkle,2.5367320227682044,2023-11,1.0,1.2,0.3,3.631363764158987,1.7104545880529958,0.8999999999999999,3.0,1.0,1.0,1.0,1.0,11,-0.5000000000000004,0.8660254037844384,0,0,1,0,0,0,0,1.0,1.0,2023-11
periwinkle,4.259204012361759,2023-12,1.0,2.5367320227682044,1.2,0.3,1.3455773409227347,1.3367320227682045,1.113943352306837,1.0,1.0,1.0,1.0,12,-2.4492935982947064e-16,1.0,0,0,1,0,0,0,0,1.0,1.0,2023-12
periwinkle,8.183768477508906,2024-09,1.0,4.259204012361759,2.5367320227682044,1.2,2.665312011709988,1.7224719895935547,0.6790121992128717,1.0,1.0,1.0,1.0,9,-1.0,-1.8369701987210297e-16,0,0,1,0,0,0,0,1.0,1.0,2024-09
periwinkle,12.33904865708391,2024-10,1.0,8.183768477508906,4.259204012361759,2.5367320227682044,4.99323483754629,3.9245644651471467,0.9214314350185231,1.0,1.0,1.0,1.0,10,-0.8660254037844386,0.5000000000000001,0,0,1,0,0,0,0,1.0,1.0,2024-10
periwinkle,2.2,2024-11,1.0,12.33904865708391,8.183768477508906,4.259204012361759,8.260673715651526,4.155280179575005,0.5077465462268123,1.0,1.0,1.0,1.0,11,-0.5000000000000004,0.8660254037844384,0,0,1,0,0,0,0,1.0,1.0,2024-11
periwinkle,3.204119982655925,2025-01,1.0,2.2,12.33904865708391,8.183768477508906,7.574272378197605,-10.139048657083912,-0.8217042446998563,1.0,1.0,1.0,1.0,1,0.49999999999999994,0.8660254037844387,0,0,1,0,0,0,0,1.0,1.0,2025-01
periwinkle,1.0,2025-03,1.0,3.204119982655925,2.2,12.33904865708391,5.914389546579945,1.0041199826559248,0.45641817393451123,1.0,1.0,1.0,1.0,3,1.0,6.123233995736766e-17,0,0,1,0,0,0,0,1.0,1.0,2025-03
periwinkle,2.6979400086720373,2025-05,1.0,1.0,3.204119982655925,2.2,2.1347066608853082,-2.204119982655925,-0.6879018247091075,1.0,1.0,1.0,1.0,5,0.49999999999999994,-0.8660254037844387,0,0,1,0,0,0,0,1.0,1.0,2025-05
periwinkle,1.4771212547196624,2025-06,1.0,2.6979400086720373,1.0,3.204119982655925,2.3006866637759873,1.6979400086720373,1.6979400086720373,1.0,1.0,1.0,1.0,6,1.2246467991473532e-16,-1.0,0,0,1,0,0,0,0,1.0,1.0,2025-06
periwinkle,2.6020599913279625,2025-08,1.0,1.4771212547196624,2.6979400086720373,1.0,1.7250204211305666,-1.220818753952375,-0.45250033359832875,1.0,1.0,1.0,1.0,8,-0.8660254037844385,-0.5000000000000004,0,0,1,0,0,0,0,1.0,1.0,2025-08
pink,7.113943352306837,2020-04,11.0,1.0,1.6989700043360187,2.544068044350276,1.7476793495620981,-0.6989700043360187,-0.411408089932221,11.0,9.0,10.0,10.0,4,0.8660254037844387,-0.4999999999999998,0,0,1,0,0,0,0,10.666666666666666,10.5,2020-04
pink,7.227886704613674,2020-05,11.0,7.113943352306837,1.0,1.6989700043360187,3.270971118880952,6.113943352306837,6.113943352306837,11.0,11.0,9.0,10.333333333333334,5,0.49999999999999994,-0.8660254037844387,0,0,1,0,0,0,0,10.666666666666666,10.333333333333334,2020-05
pink,3.0,2020-07,11.0,7.227886704613674,7.113943352306837,1.0,5.113943352306837,0.11394335230683694,0.016016904642611296,11.0,11.0,11.0,11.0,7,-0.4999999999999997,-0.8660254037844388,0,0,1,0,0,0,0,10.333333333333334,10.5,2020-07
pink,9.206517429522862,2020-08,10.0,3.0,7.227886704613674,7.113943352306837,5.780610018973504,-4.227886704613674,-0.5849409208247478,10.0,11.0,11.0,10.666666666666666,8,-0.8660254037844385,-0.5000000000000004,0,0,1,0,0,0,0,10.333333333333334,10.666666666666666,2020-08
pink,14.144277499953624,2020-09,11.0,9.206517429522862,3.0,7.227886704613674,6.4781347113788454,6.206517429522862,2.068839143174287,11.0,10.0,11.0,10.666666666666666,9,-1.0,-1.8369701987210297e-16,0,0,1,0,0,0,0,10.0,10.666666666666666,2020-09
pink,4.1542425094393245,2020-10,10.0,14.144277499953624,9.206517429522862,3.0,8.783598309825495,4.9377600704307625,0.5363331040461266,10.0,11.0,10.0,10.333333333333334,10,-0.8660254037844386,0.5000000000000001,0,0,1,0,0,0,0,10.666666666666666,10.833333333333334,2020-10
pink,18.76653295145649,2020-11,10.0,4.1542425094393245,14.144277499953624,9.206517429522862,9.168345812971937,-9.9900349905143,-0.7062951777174236,10.0,10.0,11.0,10.333333333333334,11,-0.5000000000000004,0.8660254037844384,0,0,1,0,0,0,0,11.0,10.833333333333334,2020-11
pink,7.42180551036007,2020-12,10.0,18.76653295145649,4.1542425094393245,14.144277499953624,12.35501765361648,14.612290442017166,3.5174379947282635,10.0,10.0,10.0,10.0,12,-2.4492935982947064e-16,1.0,0,0,1,0,0,0,0,11.333333333333334,11.0,2020-12
pink,5.662482474751174,2021-04,12.0,7.42180551036007,18.76653295145649,4.1542425094393245,10.114193657085295,-11.34472744109642,-0.6045190910032183,12.0,10.0,10.0,10.666666666666666,4,0.8660254037844387,-0.4999999999999998,0,0,1,0,0,0,0,11.0,10.833333333333334,2021-04
pink,0.3,2021-06,11.0,5.662482474751174,7.42180551036007,18.76653295145649,10.616940312189245,-1.7593230356088956,-0.2370478494960645,11.0,12.0,10.0,11.0,6,1.2246467991473532e-16,-1.0,0,0,1,0,0,0,0,10.666666666666666,10.833333333333334,2021-06
pink,2.0413926851582254,2021-07,11.0,0.3,5.662482474751174,7.42180551036007,4.461429328370415,-5.362482474751174,-0.9470197035774167,11.0,11.0,12.0,11.333333333333334,7,-0.4999999999999997,-0.8660254037844388,0,0,1,0,0,0,0,10.666666666666666,10.833333333333334,2021-07
pink,8.773399372427825,2021-08,11.0,2.0413926851582254,0.3,5.662482474751174,2.667958386636466,1.7413926851582253,5.804642283860751,11.0,11.0,11.0,11.0,8,-0.8660254037844385,-0.5000000000000004,0,0,1,0,0,0,0,10.666666666666666,10.833333333333334,2021-08
pink,13.66547550614919,2021-09,10.0,8.773399372427825,2.0413926851582254,0.3,3.7049306858620166,6.7320066872696,3.2977519397488244,10.0,11.0,11.0,10.666666666666666,9,-1.0,-1.8369701987210297e-16,0,0,1,0,0,0,0,11.0,11.0,2021-09
pink,19.80205999132796,2021-10,11.0,13.66547550614919,8.773399372427825,2.0413926851582254,8.160089187911746,4.892076133721366,0.5576032648297877,11.0,10.0,11.0,10.666666666666666,10,-0.8660254037844386,0.5000000000000001,0,0,1,0,0,0,0,11.0,11.0,2021-10
pink,9.69164879169976,2021-11,11.0,19.80205999132796,13.66547550614919,8.773399372427825,14.08031162330166,6.136584485178767,0.44905751595818444,11.0,11.0,10.0,10.666666666666666,11,-0.5000000000000004,0.8660254037844384,0,0,1,0,0,0,0,11.0,11.0,2021-11
pink,3.6020599913279625,2021-12,11.0,9.69164879169976,19.80205999132796,13.66547550614919,14.386394763058968,-10.110411199628198,-0.5105737081927797,11.0,11.0,11.0,11.0,12,-2.4492935982947064e-16,1.0,0,0,1,0,0,0,0,11.0,11.0,2021-12
pink,4.294025094095323,2022-01,11.0,3.6020599913279625,9.69164879169976,19.80205999132796,11.031922924785226,-6.089588800371798,-0.6283336232310768,11.0,11.0,11.0,11.0,1,0.49999999999999994,0.8660254037844387,0,0,1,0,0,0,0,11.0,11.166666666666666,2022-01
pink,4.294025094095323,2022-02,11.0,4.294025094095323,3.6020599913279625,9.69164879169976,5.8625779590410145,0.6919651027673606,0.1921026036305007,11.0,11.0,11.0,11.0,2,0.8660254037844386,0.5000000000000001,0,0,1,0,0,0,0,11.0,11.166666666666666,2022-02
pink,17.476100376381293,2022-03,11.0,4.294025094095323,4.294025094095323,3.6020599913279625,4.063370059839535,0.0,0.0,11.0,11.0,11.0,11.0,3,1.0,6.123233995736766e-17,0,0,1,0,0,0,0,11.0,11.333333333333334,2022-03
pink,9.682866779184884,2022-04,11.0,17.476100376381293,4.294025094095323,4.294025094095323,8.688050188190646,13.18207528228597,3.069864519518651,11.0,11.0,11.0,11.0,4,0.8660254037844387,-0.4999999999999998,0,0,1,0,0,0,0,11.333333333333334,11.333333333333334,2022-04
pink,10.588050188190646,2022-05,11.0,9.682866779184884,17.476100376381293,4.294025094095323,10.484330749887166,-7.793233597196409,-0.4459366465832879,11.0,11.0,11.0,11.0,5,0.49999999999999994,-0.8660254037844387,0,0,1,0,0,0,0,11.333333333333334,11.333333333333334,2022-05
pink,4.594025094095323,2022-06,11.0,10.588050188190646,9.682866779184884,17.476100376381293,12.582339114585608,0.9051834090057618,0.09348299730319765,11.0,11.0,11.0,11.0,6,1.2246467991473532e-16,-1.0,0,0,1,0,0,0,0,11.666666666666666,11.5,2022-06
pink,15.923467967444196,2022-07,12.0,4.594025094095323,10.588050188190646,9.682866779184884,8.288314020490283,-5.994025094095323,-0.5661122669007315,12.0,11.0,11.0,11.333333333333334,7,-0.4999999999999997,-0.8660254037844388,0,0,1,0,0,0,0,11.333333333333334,11.5,2022-07
pink,5.294025094095323,2022-08,11.0,15.923467967444196,4.594025094095323,10.588050188190646,10.368514416576721,11.329442873348874,2.4661255960291877,11.0,12.0,11.0,11.333333333333334,8,-0.8660254037844385,-0.5000000000000004,0,0,1,0,0,0,0,11.333333333333334,11.833333333333334,2022-08
pink,19.943264444907776,2022-09,12.0,5.294025094095323,15.923467967444196,4.594025094095323,8.603839385211613,-10.629442873348873,-0.6675331589249874,12.0,11.0,12.0,11.666666666666666,9,-1.0,-1.8369701987210297e-16,0,0,1,0,0,0,0,11.333333333333334,11.833333333333334,2022-09
pink,8.0552610888921,2022-10,11.0,19.943264444907776,5.294025094095323,15.923467967444196,13.720252502149096,14.649239350812453,2.7671269195817456,11.0,12.0,11.0,11.333333333333334,10,-0.8660254037844386,0.5000000000000001,0,0,1,0,0,0,0,11.666666666666666,12.0,2022-10
pink,5.890656353671036,2022-11,11.0,8.0552610888921,19.943264444907776,5.294025094095323,11.097516875965065,-11.888003356015675,-0.5960911459032027,11.0,11.0,12.0,11.333333333333334,11,-0.5000000000000004,0.8660254037844384,0,0,1,0,0,0,0,12.333333333333334,12.333333333333334,2022-11
pink,1.5,2022-12,12.0,5.890656353671036,8.0552610888921,19.943264444907776,11.296393962490301,-2.1646047352210642,-0.2687193762354857,12.0,11.0,11.0,11.333333333333334,12,-2.4492935982947064e-16,1.0,0,0,1,0,0,0,0,12.333333333333334,12.5,2022-12
pink,1.0,2023-01,12.0,1.5,5.890656353671036,8.0552610888921,5.148639147521043,-4.390656353671036,-0.7453594455454517,12.0,12.0,11.0,11.666666666666666,1,0.49999999999999994,0.8660254037844387,0,0,1,0,0,0,0,12.333333333333334,12.5,2023-01
pink,1.3010299956639813,2023-02,13.0,1.0,1.5,5.890656353671036,2.7968854512236767,-0.5,-0.33333333333333337,13.0,12.0,12.0,12.333333333333334,2,0.8660254037844386,0.5000000000000001,0,0,1,0,0,0,0,12.333333333333334,12.333333333333334,2023-02
pink,1.6,2023-04,12.0,1.3010299956639813,1.0,1.5,1.2670099985546581,0.30102999566398125,0.30102999566398125,12.0,13.0,12.0,12.333333333333334,4,0.8660254037844387,-0.4999999999999998,0,0,1,0,0,0,0,12.666666666666666,12.166666666666666,2023-04
pink,2.672097857935717,2023-05,12.0,1.6,1.3010299956639813,1.0,1.3003433318879913,0.29897000433601884,0.22979485894438523,12.0,12.0,13.0,12.333333333333334,5,0.49999999999999994,-0.8660254037844387,0,0,1,0,0,0,0,12.666666666666666,12.166666666666666,2023-05
pink,1.0,2023-06,13.0,2.672097857935717,1.6,1.3010299956639813,1.8577092845332306,1.072097857935717,0.6700611612098231,13.0,12.0,12.0,12.333333333333334,6,1.2246467991473532e-16,-1.0,0,0,1,0,0,0,0,12.333333333333334,12.0,2023-06
pink,2.397940008672037,2023-07,13.0,1.0,2.672097857935717,1.6,1.7573659526452368,-1.672097857935717,-0.6257622088838719,13.0,13.0,12.0,12.666666666666666,7,-0.4999999999999997,-0.8660254037844388,0,0,1,0,0,0,0,11.666666666666666,12.0,2023-07
pink,0.3,2023-08,12.0,2.397940008672037,1.0,2.672097857935717,2.0233459555359157,1.397940008672037,1.397940008672037,12.0,13.0,13.0,12.666666666666666,8,-0.8660254037844385,-0.5000000000000004,0,0,1,0,0,0,0,11.666666666666666,12.166666666666666,2023-08
pink,9.936589637610664,2023-09,12.0,0.3,2.397940008672037,1.0,1.2326466695573433,-2.0979400086720372,-0.8748926166146509,12.0,12.0,13.0,12.333333333333334,9,-1.0,-1.8369701987210297e-16,0,0,1,0,0,0,0,11.666666666666666,12.166666666666666,2023-09
pink,14.960037731885086,2023-10,11.0,9.936589637610664,0.3,2.397940008672037,4.211509882094231,9.636589637610664,32.12196545870221,11.0,12.0,12.0,11.666666666666666,10,-0.8660254037844386,0.5000000000000001,0,0,1,0,0,0,0,12.333333333333334,12.333333333333334,2023-10
pink,15.127772107817773,2023-11,12.0,14.960037731885086,9.936589637610664,0.3,8.398875789831914,5.023448094274421,0.5055505236183178,12.0,11.0,12.0,11.666666666666666,11,-0.5000000000000004,0.8660254037844384,0,0,1,0,0,0,0,12.666666666666666,12.5,2023-11
pink,25.536898261835223,2023-12,12.0,15.127772107817773,14.960037731885086,9.936589637610664,13.341466492437839,0.16773437593268703,0.011212162625444888,12.0,12.0,11.0,11.666666666666666,12,-2.4492935982947064e-16,1.0,0,0,1,0,0,0,0,12.666666666666666,12.666666666666666,2023-12
pink,4.0,2024-01,13.0,25.536898261835223,15.127772107817773,14.960037731885086,18.54156936717936,10.40912615401745,0.6880805765601263,13.0,12.0,12.0,12.333333333333334,1,0.49999999999999994,0.8660254037844387,0,0,1,0,0,0,0,12.333333333333334,12.5,2024-01
pink,10.339848783037636,2024-02,13.0,4.0,25.536898261835223,15.127772107817773,14.888223456550994,-21.536898261835223,-0.8433639058672219,13.0,13.0,12.0,12.666666666666666,2,0.8660254037844386,0.5000000000000001,0,0,1,0,0,0,0,12.333333333333334,12.333333333333334,2024-02
pink,2.1450980400142567,2024-05,12.0,10.339848783037636,4.0,25.536898261835223,13.292249014957617,6.339848783037636,1.584962195759409,12.0,13.0,13.0,12.666666666666666,5,0.49999999999999994,-0.8660254037844387,0,0,1,0,0,0,0,12.666666666666666,12.666666666666666,2024-05
pink,0.6,2024-06,12.0,2.1450980400142567,10.339848783037636,4.0,5.494982274350627,-8.19475074302338,-0.7925406758817153,12.0,12.0,13.0,12.333333333333334,6,1.2246467991473532e-16,-1.0,0,0,1,0,0,0,0,12.666666666666666,13.0,2024-06
pink,3.079181246047625,2024-07,13.0,0.6,2.1450980400142567,10.339848783037636,4.361648941017294,-1.5450980400142567,-0.7202925046745126,13.0,12.0,12.0,12.333333333333334,7,-0.4999999999999997,-0.8660254037844388,0,0,1,0,0,0,0,12.333333333333334,13.0,2024-07
pink,3.280211241711606,2024-08,13.0,3.079181246047625,0.6,2.1450980400142567,1.9414264286872907,2.479181246047625,4.131968743412709,13.0,13.0,12.0,12.666666666666666,8,-0.8660254037844385,-0.5000000000000004,0,0,1,0,0,0,0,12.666666666666666,13.0,2024-08
pink,25.634019426807576,2024-09,12.0,3.280211241711606,3.079181246047625,0.6,2.3197974959197403,0.20102999566398072,0.06528683425895077,12.0,13.0,13.0,12.666666666666666,9,-1.0,-1.8369701987210297e-16,0,0,1,0,0,0,0,13.333333333333334,13.166666666666666,2024-09
pink,21.03121776083629,2024-10,12.0,25.634019426807576,3.280211241711606,3.079181246047625,10.664470638188932,22.35380818509597,6.814746532431189,12.0,12.0,13.0,12.333333333333334,10,-0.8660254037844386,0.5000000000000001,0,0,1,0,0,0,0,13.666666666666666,13.666666666666666,2024-10
pink,10.728989419116417,2024-11,14.0,21.03121776083629,25.634019426807576,3.280211241711606,16.648482809785154,-4.602801665971285,-0.17955832791316995,14.0,12.0,12.0,12.666666666666666,11,-0.5000000000000004,0.8660254037844384,0,0,1,0,0,0,0,13.333333333333334,13.666666666666666,2024-11
pink,17.26934525212947,2024-12,14.0,10.728989419116417,21.03121776083629,25.634019426807576,19.131408868920094,-10.302228341719875,-0.4898541044496424,14.0,14.0,12.0,13.333333333333334,12,-2.4492935982947064e-16,1.0,0,0,1,0,0,0,0,13.0,13.666666666666666,2024-12
pink,11.0,2025-01,13.0,17.26934525212947,10.728989419116417,21.03121776083629,16.34318414402739,6.540355833013052,0.6095966337108834,13.0,14.0,14.0,13.666666666666666,1,0.49999999999999994,0.8660254037844387,0,0,1,0,0,0,0,13.666666666666666,14.0,2025-01
pink,11.0,2025-02,13.0,11.0,17.26934525212947,10.728989419116417,12.999444890415292,-6.269345252129469,-0.36303317587309225,13.0,13.0,14.0,13.333333333333334,2,0.8660254037844386,0.5000000000000001,0,0,1,0,0,0,0,14.0,14.333333333333334,2025-02
pink,11.44715803134222,2025-06,13.0,11.0,11.0,17.26934525212947,13.08978175070982,0.0,0.0,13.0,13.0,13.0,13.0,6,1.2246467991473532e-16,-1.0,0,0,1,0,0,0,0,14.333333333333334,14.5,2025-06
pink,7.0423785981398765,2025-08,15.0,11.44715803134222,11.0,11.0,11.14905267711407,0.44715803134221943,0.04065073012202003,15.0,13.0,13.0,13.666666666666666,8,-0.8660254037844385,-0.5000000000000004,0,0,1,0,0,0,0,14.333333333333334,14.4,2025-08
pink,31.61881396490427,2025-09,14.0,7.0423785981398765,11.44715803134222,11.0,9.829845543160696,-4.404779433202343,-0.3847924018469995,14.0,15.0,13.0,14.0,9,-1.0,-1.8369701987210297e-16,0,0,1,0,0,0,0,14.666666666666666,14.5,2025-09
pink,18.105445752855232,2025-10,14.0,31.61881396490427,7.0423785981398765,11.44715803134222,16.70278353146212,24.576435366764393,3.489791840111498,14.0,14.0,15.0,14.333333333333334,10,-0.8660254037844386,0.5000000000000001,0,0,1,0,0,0,0,14.666666666666666,14.666666666666666,2025-10
plaid,4.546128035678239,2020-04,4.0,3.854242509439325,1.7999999999999998,2.1,2.5847475031464415,2.0542425094393253,1.1412458385774031,4.0,3.4,4.75,4.05,4,0.8660254037844387,-0.4999999999999998,0,0,0,0,0,1,0,4.0,5.383333333333333,2020-04
plaid,2.0771212547196622,2020-05,4.0,4.546128035678239,3.854242509439325,1.7999999999999998,3.4001235150391884,0.6918855262389143,0.17951271217221954,4.0,4.0,3.4,3.8000000000000003,5,0.49999999999999994,-0.8660254037844387,0,0,0,0,0,1,0,4.266666666666667,6.616666666666667,2020-05
plaid,0.6,2020-06,4.0,2.0771212547196622,4.546128035678239,3.854242509439325,3.4924972666124092,-2.469006780958577,-0.5431010217005964,4.0,4.0,4.0,4.0,6,1.2246467991473532e-16,-1.0,0,0,0,0,0,1,0,5.3500000000000005,7.7,2020-06
plaid,3.946128035678238,2020-07,4.0,0.6,2.0771212547196622,4.546128035678239,2.4077497634659673,-1.4771212547196622,-0.7111386739523886,4.0,4.0,4.0,4.0,7,-0.4999999999999997,-0.8660254037844388,0,0,0,0,0,1,0,6.766666666666667,7.908333333333334,2020-07
plaid,0.8999999999999999,2020-08,4.8,3.946128035678238,0.6,2.0771212547196622,2.207749763465967,3.346128035678238,5.57688005946373,4.8,4.0,4.0,4.266666666666667,8,-0.8660254037844385,-0.5000000000000004,0,0,0,0,0,1,0,8.966666666666667,7.858333333333333,2020-08
plaid,4.438764005203223,2020-09,7.25,0.8999999999999999,3.946128035678238,0.6,1.815376011892746,-3.046128035678238,-0.7719283328207284,7.25,4.8,4.0,5.349999999999999,9,-1.0,-1.8369701987210297e-16,0,0,0,0,0,1,0,10.049999999999999,7.3999999999999995,2020-09
plaid,5.338764005203222,2020-10,8.25,4.438764005203223,0.8999999999999999,3.946128035678238,3.0949640136271537,3.5387640052032228,3.9319600057813586,8.25,7.25,4.8,6.766666666666666,10,-0.8660254037844386,0.5000000000000001,0,0,0,0,0,1,0,9.049999999999999,6.983333333333333,2020-10
plaid,4.977528010406445,2020-11,11.4,5.338764005203222,4.438764005203223,0.8999999999999999,3.559176003468815,0.8999999999999995,0.20275914622741786,11.4,8.25,7.25,8.966666666666667,11,-0.5000000000000004,0.8660254037844384,0,0,0,0,0,1,0,6.75,6.0,2020-11
plaid,4.977528010406445,2020-12,10.5,4.977528010406445,5.338764005203222,4.438764005203223,4.9183520069376305,-0.36123599479677715,-0.06766285126008798,10.5,11.4,8.25,10.049999999999999,12,-2.4492935982947064e-16,1.0,0,0,0,0,0,1,0,4.75,5.183333333333334,2020-12
plaid,0.3,2021-02,5.25,4.977528010406445,4.977528010406445,5.338764005203222,5.097940008672038,0.0,0.0,5.25,10.5,11.4,9.049999999999999,2,0.8660254037844386,0.5000000000000001,0,0,0,0,0,1,0,4.916666666666667,5.516666666666667,2021-02
plaid,1.2,2021-03,4.5,0.3,4.977528010406445,4.977528010406445,3.41835200693763,-4.677528010406445,-0.9397291186764204,4.5,5.25,10.5,6.75,3,1.0,6.123233995736766e-17,0,0,0,0,0,1,0,5.25,6.366666666666667,2021-03
plaid,2.6781512503836438,2021-04,4.5,1.2,0.3,4.977528010406445,2.159176003468815,0.8999999999999999,3.0,4.5,4.5,5.25,4.75,4,0.8660254037844387,-0.4999999999999998,0,0,0,0,0,1,0,5.616666666666667,7.866666666666667,2021-04
plaid,0.6,2021-06,5.75,2.6781512503836438,1.2,0.3,1.3927170834612148,1.4781512503836438,1.2317927086530367,5.75,4.5,4.5,4.916666666666667,6,1.2246467991473532e-16,-1.0,0,0,0,0,0,1,0,6.116666666666667,8.950000000000001,2021-06
plaid,3.155272505103306,2021-07,5.5,0.6,2.6781512503836438,1.2,1.4927170834612147,-2.0781512503836437,-0.775964856385893,5.5,5.75,4.5,5.25,7,-0.4999999999999997,-0.8660254037844388,0,0,0,0,0,1,0,7.483333333333333,9.233333333333334,2021-07
plaid,1.3,2021-08,5.6,3.155272505103306,0.6,2.6781512503836438,2.1444745851623166,2.555272505103306,4.2587875085055105,5.6,5.5,5.75,5.616666666666667,8,-0.8660254037844385,-0.5000000000000004,0,0,0,0,0,1,0,10.116666666666667,9.3,2021-08
plaid,3.756253490053927,2021-09,7.25,1.3,3.155272505103306,0.6,1.6850908350344354,-1.8552725051033059,-0.587991212201991,7.25,5.6,5.5,6.116666666666667,9,-1.0,-1.8369701987210297e-16,0,0,0,0,0,1,0,11.783333333333333,8.925,2021-09
plaid,4.0753536428138855,2021-10,9.6,3.756253490053927,1.3,3.155272505103306,2.7371753317190777,2.4562534900539266,1.8894257615799437,9.6,7.25,5.6,7.483333333333333,10,-0.8660254037844386,0.5000000000000001,0,0,0,0,0,1,0,10.983333333333334,8.158333333333333,2021-10
plaid,10.115106415198232,2021-11,13.5,4.0753536428138855,3.756253490053927,1.3,3.0438690442892704,0.3191001527599586,0.08495170882500203,13.5,9.6,7.25,10.116666666666667,11,-0.5000000000000004,0.8660254037844384,0,0,0,0,0,1,0,8.483333333333333,6.641666666666667,2021-11
plaid,1.922471989593555,2021-12,12.25,10.115106415198232,4.0753536428138855,3.756253490053927,5.982237849355347,6.039752772384347,1.4820193047624977,12.25,13.5,9.6,11.783333333333333,12,-2.4492935982947064e-16,1.0,0,0,0,0,0,1,0,6.066666666666666,5.308333333333334,2021-12
plaid,4.3760912590556815,2022-01,7.2,1.922471989593555,10.115106415198232,4.0753536428138855,5.370977349201891,-8.192634425604677,-0.8099405077236769,7.2,12.25,13.5,10.983333333333334,1,0.49999999999999994,0.8660254037844387,0,0,0,0,0,1,0,5.333333333333333,4.908333333333333,2022-01
plaid,0.8999999999999999,2022-02,6.0,4.3760912590556815,1.922471989593555,10.115106415198232,5.471223221282489,2.4536192694621266,1.2762834947628368,6.0,7.2,12.25,8.483333333333333,2,0.8660254037844386,0.5000000000000001,0,0,0,0,0,1,0,4.8,4.783333333333333,2022-02
plaid,0.3,2022-03,5.0,0.8999999999999999,4.3760912590556815,1.922471989593555,2.3995210828830795,-3.4760912590556816,-0.794337012936469,5.0,6.0,7.2,6.066666666666666,3,1.0,6.123233995736766e-17,0,0,0,0,0,1,0,4.55,5.075,2022-03
plaid,0.3,2022-04,5.0,0.3,0.8999999999999999,4.3760912590556815,1.8586970863518941,-0.5999999999999999,-0.6666666666666666,5.0,5.0,6.0,5.333333333333333,4,0.8660254037844387,-0.4999999999999998,0,0,0,0,0,1,0,4.483333333333333,5.95,2022-04
plaid,0.6,2022-05,4.4,0.3,0.3,0.8999999999999999,0.5000000000000006,0.0,0.0,4.4,5.0,5.0,4.800000000000001,5,0.49999999999999994,-0.8660254037844387,0,0,0,0,0,1,0,4.766666666666667,6.966666666666666,2022-05
plaid,3.555272505103306,2022-06,4.25,0.6,0.3,0.3,0.4000000000000006,0.3,1.0,4.25,4.4,5.0,4.550000000000001,6,1.2246467991473532e-16,-1.0,0,0,0,0,0,1,0,5.6000000000000005,7.224999999999999,2022-06
plaid,1.3,2022-07,4.8,3.555272505103306,0.6,0.3,1.4850908350344358,2.9552725051033057,4.9254541751721765,4.8,4.25,4.4,4.483333333333333,7,-0.4999999999999997,-0.8660254037844388,0,0,0,0,0,1,0,7.416666666666667,7.258333333333333,2022-07
plaid,1.4771212547196624,2022-08,5.25,1.3,3.555272505103306,0.6,1.818424168367769,-2.2552725051033056,-0.6343458910297437,5.25,4.8,4.25,4.766666666666667,8,-0.8660254037844385,-0.5000000000000004,0,0,0,0,0,1,0,9.166666666666666,7.05,2022-08
plaid,4.878151250383644,2022-09,6.75,1.4771212547196624,1.3,3.555272505103306,2.1107979199409903,0.17712125471966234,0.13624711901512487,6.75,5.25,4.8,5.6000000000000005,9,-1.0,-1.8369701987210297e-16,0,0,0,0,0,1,0,8.85,6.591666666666666,2022-09
plaid,1.2,2022-11,10.25,4.878151250383644,1.4771212547196624,1.3,2.5517575017011027,3.401029995663982,2.302471773929928,10.25,6.75,5.25,7.416666666666667,11,-0.5000000000000004,0.8660254037844384,0,0,0,0,0,1,0,7.1000000000000005,5.55,2022-11
plaid,1.5612359947967775,2022-12,10.5,1.2,4.878151250383644,1.4771212547196624,2.5184241683677695,-3.678151250383644,-0.754005167448298,10.5,10.25,6.75,9.166666666666666,12,-2.4492935982947064e-16,1.0,0,0,0,0,0,1,0,4.933333333333334,4.5,2022-12
plaid,0.3,2023-01,5.8,1.5612359947967775,1.2,4.878151250383644,2.5464624150601414,0.3612359947967776,0.30102999566398125,5.8,10.5,10.25,8.85,1,0.49999999999999994,0.8660254037844387,0,0,0,0,0,1,0,4.333333333333333,4.366666666666666,2023-01
plaid,0.3,2023-02,5.0,0.3,1.5612359947967775,1.2,1.020411998265593,-1.2612359947967775,-0.8078445532899399,5.0,5.8,10.5,7.1000000000000005,2,0.8660254037844386,0.5000000000000001,0,0,0,0,0,1,0,4.0,4.45,2023-02
plaid,0.3,2023-04,4.0,0.3,0.3,1.5612359947967775,0.7204119982655931,0.0,0.0,4.0,5.0,5.8,4.933333333333334,4,0.8660254037844387,-0.4999999999999998,0,0,0,0,0,1,0,4.066666666666666,5.016666666666667,2023-04
plaid,2.445098040014257,2023-05,4.0,0.3,0.3,0.3,0.3,0.0,0.0,4.0,4.0,5.0,4.333333333333333,5,0.49999999999999994,-0.8660254037844387,0,0,0,0,0,1,0,4.3999999999999995,5.933333333333334,2023-05
plaid,2.6781512503836438,2023-06,4.0,2.445098040014257,0.3,0.3,1.0150326800047529,2.145098040014257,7.150326800047523,4.0,4.0,4.0,4.0,6,1.2246467991473532e-16,-1.0,0,0,0,0,0,1,0,4.8999999999999995,6.733333333333334,2023-06
plaid,0.3,2023-07,4.2,2.6781512503836438,2.445098040014257,0.3,1.8077497634659674,0.23305321036938675,0.09531446451448944,4.2,4.0,4.0,4.066666666666666,7,-0.4999999999999997,-0.8660254037844388,0,0,0,0,0,1,0,5.966666666666666,6.783333333333334,2023-07
plaid,4.6,2023-08,5.0,0.3,2.6781512503836438,2.445098040014257,1.8077497634659674,-2.378151250383644,-0.8879824281929465,5.0,4.2,4.0,4.3999999999999995,8,-0.8660254037844385,-0.5000000000000004,0,0,0,0,0,1,0,7.466666666666666,6.616666666666667,2023-08
plaid,1.2,2023-09,5.5,4.6,0.3,2.6781512503836438,2.5260504167945483,4.3,14.333333333333332,5.5,5.0,4.2,4.8999999999999995,9,-1.0,-1.8369701987210297e-16,0,0,0,0,0,1,0,8.566666666666666,6.366666666666667,2023-09
plaid,2.5020599913279624,2023-10,7.4,1.2,4.6,0.3,2.0333333333333337,-3.3999999999999995,-0.7391304347826086,7.4,5.5,5.0,5.966666666666666,10,-0.8660254037844386,0.5000000000000001,0,0,0,0,0,1,0,7.6000000000000005,5.758333333333333,2023-10
plaid,6.487999872404836,2023-11,9.5,2.5020599913279624,1.2,4.6,2.767353330442654,1.3020599913279625,1.085049992773302,9.5,7.4,5.5,7.466666666666666,11,-0.5000000000000004,0.8660254037844384,0,0,0,0,0,1,0,5.766666666666667,4.675,2023-11
plaid,4.214117648017108,2023-12,8.8,6.487999872404836,2.5020599913279624,1.2,3.396686621244266,3.9859398810768734,1.5930632738191641,8.8,9.5,7.4,8.566666666666668,12,-2.4492935982947064e-16,1.0,0,0,0,0,0,1,0,4.166666666666667,3.841666666666667,2023-12
plaid,0.3,2024-01,4.5,4.214117648017108,6.487999872404836,2.5020599913279624,4.401392503916636,-2.2738822243877275,-0.350475072303738,4.5,8.8,9.5,7.600000000000001,1,0.49999999999999994,0.8660254037844387,0,0,0,0,0,1,0,3.9166666666666665,3.7583333333333333,2024-01
plaid,0.3,2024-02,4.0,0.3,4.214117648017108,6.487999872404836,3.667372506807315,-3.9141176480171085,-0.9288107202841951,4.0,4.5,8.8,5.766666666666667,2,0.8660254037844386,0.5000000000000001,0,0,0,0,0,1,0,3.5833333333333335,3.991666666666667,2024-02
plaid,0.3,2024-03,4.0,0.3,0.3,4.214117648017108,1.6047058826723697,0.0,0.0,4.0,4.0,4.5,4.166666666666667,3,1.0,6.123233995736766e-17,0,0,0,0,0,1,0,3.516666666666667,4.408333333333334,2024-03
plaid,3.2020599913279626,2024-04,3.75,0.3,0.3,0.3,0.3,0.0,0.0,3.75,4.0,4.0,3.9166666666666665,4,0.8660254037844387,-0.4999999999999998,0,0,0,0,0,1,0,3.6,5.158333333333334,2024-04
plaid,1.2,2024-05,3.0,3.2020599913279626,0.3,0.3,1.2673533304426545,2.9020599913279628,9.673533304426542,3.0,3.75,4.0,3.5833333333333335,5,0.49999999999999994,-0.8660254037844387,0,0,0,0,0,1,0,4.3999999999999995,6.058333333333334,2024-05
plaid,0.6,2024-06,3.8,1.2,3.2020599913279626,0.3,1.5673533304426543,-2.002059991327963,-0.6252412499297572,3.8,3.0,3.75,3.516666666666667,6,1.2246467991473532e-16,-1.0,0,0,0,0,0,1,0,5.3,6.3,2024-06
plaid,1.5,2024-08,4.0,0.6,1.2,3.2020599913279626,1.6673533304426547,-0.6,-0.5,4.0,3.8,3.0,3.6,8,-0.8660254037844385,-0.5000000000000004,0,0,0,0,0,1,0,6.716666666666666,6.3,2024-08
plaid,4.334073403221112,2024-09,5.4,1.5,0.6,1.2,1.1,0.9,1.5,5.4,4.0,3.8,4.3999999999999995,9,-1.0,-1.8369701987210297e-16,0,0,0,0,0,1,0,7.716666666666666,6.066666666666666,2024-09
plaid,4.7611921423594845,2024-10,6.5,4.334073403221112,1.5,0.6,2.1446911344070374,2.8340734032211117,1.8893822688140745,6.5,5.4,4.0,5.3,10,-0.8660254037844386,0.5000000000000001,0,0,0,0,0,1,0,7.3,5.6499999999999995,2024-10
plaid,3.109277528431799,2024-11,8.25,4.7611921423594845,4.334073403221112,1.5,3.5317551818601984,0.42711873913837284,0.09854903214627964,8.25,6.5,5.4,6.716666666666666,11,-0.5000000000000004,0.8660254037844384,0,0,0,0,0,1,0,5.883333333333333,5.008333333333333,2024-11
plaid,2.3,2024-12,8.4,3.109277528431799,4.7611921423594845,4.334073403221112,4.068181024670799,-1.6519146139276857,-0.3469539906257707,8.4,8.25,6.5,7.716666666666666,12,-2.4492935982947064e-16,1.0,0,0,0,0,0,1,0,4.416666666666667,4.358333333333333,2024-12
plaid,0.3,2025-01,5.25,2.3,3.109277528431799,4.7611921423594845,3.3901565569304277,-0.809277528431799,-0.26027831900871445,5.25,8.4,8.25,7.3,1,0.49999999999999994,0.8660254037844387,0,0,0,0,0,1,0,4.0,4.483333333333333,2025-01
plaid,0.3,2025-02,4.0,0.3,2.3,3.109277528431799,1.9030925094772664,-1.9999999999999998,-0.8695652173913043,4.0,5.25,8.4,5.883333333333333,2,0.8660254037844386,0.5000000000000001,0,0,0,0,0,1,0,4.133333333333334,4.941666666666666,2025-02
plaid,2.0,2025-04,4.0,0.3,0.3,2.3,0.9666666666666667,0.0,0.0,4.0,4.0,5.25,4.416666666666667,4,0.8660254037844387,-0.4999999999999998,0,0,0,0,0,1,0,4.3,6.008333333333333,2025-04
plaid,4.544068044350276,2025-05,4.0,2.0,0.3,0.3,0.8666666666666667,1.7,5.666666666666667,4.0,4.0,4.0,4.0,5,0.49999999999999994,-0.8660254037844387,0,0,0,0,0,1,0,4.966666666666667,6.841666666666666,2025-05
plaid,0.3,2025-06,4.4,4.544068044350276,2.0,0.3,2.2813560147834253,2.5440680443502757,1.2720340221751378,4.4,4.0,4.0,4.133333333333334,6,1.2246467991473532e-16,-1.0,0,0,0,0,0,1,0,5.75,6.6997311827956985,2025-06
plaid,2.0,2025-07,4.5,0.3,4.544068044350276,2.0,2.2813560147834253,-4.244068044350276,-0.9339798618612246,4.5,4.4,4.0,4.3,7,-0.4999999999999997,-0.8660254037844388,0,0,0,0,0,1,0,7.716666666666666,7.681874039938556,2025-07
plaid,5.334453751150931,2025-08,6.0,2.0,0.3,4.544068044350276,2.2813560147834253,1.7,5.666666666666667,6.0,4.5,4.4,4.966666666666667,8,-0.8660254037844385,-0.5000000000000004,0,0,0,0,0,1,0,8.716666666666667,7.402304147465437,2025-08
plaid,15.279156149342445,2025-09,6.75,5.334453751150931,2.0,0.3,2.5448179170503105,3.3344537511509307,1.6672268755754653,6.75,6.0,4.5,5.75,9,-1.0,-1.8369701987210297e-16,0,0,0,0,0,1,0,7.649462365591397,7.532764976958525,2025-09
plaid,20.016477485806703,2025-11,10.4,15.279156149342445,5.334453751150931,2.0,7.537869966831125,9.944702398191513,1.8642400632015796,10.4,6.75,6.0,7.716666666666666,11,-0.5000000000000004,0.8660254037844384,0,0,0,0,0,1,0,7.6470814132104445,6.815956221198157,2025-11
plaid,13.0804354034114,2025-12,9.0,20.016477485806703,15.279156149342445,5.334453751150931,13.543362462100026,4.737321336464259,0.31005124171521303,9.0,10.4,6.75,8.716666666666667,12,-2.4492935982947064e-16,1.0,0,0,0,0,0,1,0,6.0879416282642085,6.0879416282642085,2025-12
polka dot,6.899711094571145,2020-10,1.0,4.868285821603767,3.5051499783199063,0.3,2.8911452666412245,1.3631358432838612,0.3888951547623196,1.0,2.2,2.0,1.7333333333333334,10,-0.8660254037844386,0.5000000000000001,0,0,0,0,0,1,0,1.6166666666666665,1.6416666666666666,2020-10
polka dot,3.9020599913279614,2020-12,1.25,6.899711094571145,4.868285821603767,3.5051499783199063,5.091048964831606,2.031425272967377,0.41727732253365546,1.25,1.0,2.2,1.4833333333333334,12,-2.4492935982947064e-16,1.0,0,0,0,0,0,1,0,1.8666666666666665,1.7666666666666666,2020-12
polka dot,0.3,2021-01,1.6,3.9020599913279614,6.899711094571145,4.868285821603767,5.223352302500957,-2.997651103243183,-0.43446037988486297,1.6,1.25,1.0,1.2833333333333334,1,0.49999999999999994,0.8660254037844387,0,0,0,0,0,1,0,1.8333333333333333,1.7666666666666666,2021-01
polka dot,1.6020599913279625,2021-03,2.0,0.3,3.9020599913279614,6.899711094571145,3.7005903619663685,-3.6020599913279616,-0.9231175326195067,2.0,1.6,1.25,1.6166666666666665,3,1.0,6.123233995736766e-17,0,0,0,0,0,1,0,1.6666666666666667,1.5999999999999999,2021-03
polka dot,1.2,2021-09,2.0,1.6020599913279625,0.3,3.9020599913279614,1.9347066608853078,1.3020599913279625,4.340199971093209,2.0,2.0,1.6,1.8666666666666665,9,-1.0,-1.8369701987210297e-16,0,0,0,0,0,1,0,1.6666666666666667,1.5666666666666667,2021-09
polka dot,4.081842068880394,2021-11,1.5,1.2,1.6020599913279625,0.3,1.034019997109321,-0.40205999132796255,-0.2509643793018582,1.5,2.0,2.0,1.8333333333333333,11,-0.5000000000000004,0.8660254037844384,0,0,0,0,0,1,0,1.7,1.4833333333333332,2021-11
polka dot,5.767415968780664,2021-12,1.5,4.081842068880394,1.2,1.6020599913279625,2.294634020069452,2.8818420688803936,2.4015350574003285,1.5,1.5,2.0,1.6666666666666667,12,-2.4492935982947064e-16,1.0,0,0,0,0,0,1,0,1.5333333333333332,1.3999999999999997,2021-12
polka dot,4.789580712164426,2022-04,2.0,5.767415968780664,4.081842068880394,1.2,3.683086012553686,1.6855738999002705,0.4129444185876123,2.0,1.5,1.5,1.6666666666666667,4,0.8660254037844387,-0.4999999999999998,0,0,0,0,0,1,0,1.4666666666666668,1.2333333333333334,2022-04
polka dot,1.0,2022-05,1.6,4.789580712164426,5.767415968780664,4.081842068880394,4.879612916608495,-0.9778352566162383,-0.16954477740279417,1.6,2.0,1.5,1.7,5,0.49999999999999994,-0.8660254037844387,0,0,0,0,0,1,0,1.2666666666666666,1.1333333333333333,2022-05
polka dot,1.0,2022-06,1.0,1.0,4.789580712164426,5.767415968780664,3.8523322269816966,-3.789580712164426,-0.7912134568564151,1.0,1.6,2.0,1.5333333333333332,6,1.2246467991473532e-16,-1.0,0,0,0,0,0,1,0,1.2666666666666666,1.1333333333333333,2022-06
polka dot,2.0413926851582254,2022-07,1.8,1.0,1.0,4.789580712164426,2.263193570721475,0.0,0.0,1.8,1.0,1.6,1.4666666666666668,7,-0.4999999999999997,-0.8660254037844388,0,0,0,0,0,1,0,1.0,1.0,2022-07
polka dot,2.5563025007672877,2022-08,1.0,2.0413926851582254,1.0,1.0,1.3471308950527419,1.0413926851582254,1.0413926851582254,1.0,1.8,1.0,1.2666666666666666,8,-0.8660254037844385,-0.5000000000000004,0,0,0,0,0,1,0,1.0,1.0,2022-08
polka dot,2.531478917042256,2022-10,1.0,2.5563025007672877,2.0413926851582254,1.0,1.8658983953085044,0.5149098156090623,0.25223457463753607,1.0,1.0,1.8,1.2666666666666666,10,-0.8660254037844386,0.5000000000000001,0,0,0,0,0,1,0,1.0,1.0,2022-10
polka dot,6.131478917042255,2022-11,1.0,2.531478917042256,2.5563025007672877,2.0413926851582254,2.376391367655923,-0.024823583725031906,-0.009710737957491666,1.0,1.0,1.0,1.0,11,-0.5000000000000004,0.8660254037844384,0,0,0,0,0,1,0,1.0,1.0,2022-11
polka dot,9.958867293481497,2022-12,1.0,6.131478917042255,2.531478917042256,2.5563025007672877,3.7397534449505994,3.599999999999999,1.4220936132488862,1.0,1.0,1.0,1.0,12,-2.4492935982947064e-16,1.0,0,0,0,0,0,1,0,1.0,1.0,2022-12
polka dot,1.9020599913279623,2023-08,1.0,9.958867293481497,6.131478917042255,2.531478917042256,6.207275042522002,3.8273883764392416,0.6242194466005802,1.0,1.0,1.0,1.0,8,-0.8660254037844385,-0.5000000000000004,0,0,0,0,0,1,0,1.0,1.0,2023-08
polka dot,6.40823996531185,2023-10,1.0,1.9020599913279623,9.958867293481497,6.131478917042255,5.99746873395057,-8.056807302153533,-0.8090084007271648,1.0,1.0,1.0,1.0,10,-0.8660254037844386,0.5000000000000001,0,0,0,0,0,1,0,1.0,1.0,2023-10
polka dot,3.7323937598229686,2023-11,1.0,6.40823996531185,1.9020599913279623,9.958867293481497,6.089722416707104,4.506179973983888,2.3691050726732366,1.0,1.0,1.0,1.0,11,-0.5000000000000004,0.8660254037844384,0,0,0,0,0,1,0,1.0,1.0666666666666667,2023-11
polka dot,1.845098040014257,2023-12,1.0,3.7323937598229686,6.40823996531185,1.9020599913279623,4.014231238820927,-2.6758462054888814,-0.4175633590460691,1.0,1.0,1.0,1.0,12,-2.4492935982947064e-16,1.0,0,0,0,0,0,1,0,1.0,1.2333333333333334,2023-12
polka dot,0.3,2024-02,1.0,1.845098040014257,3.7323937598229686,6.40823996531185,3.9952439217163587,-1.8872957198087117,-0.5056528976455656,1.0,1.0,1.0,1.0,2,0.8660254037844386,0.5000000000000001,0,0,0,0,0,1,0,1.0,1.4416666666666667,2024-02
polka dot,0.3,2024-05,1.0,0.3,1.845098040014257,3.7323937598229686,1.9591639332790753,-1.5450980400142569,-0.8374070138854617,1.0,1.0,1.0,1.0,5,0.49999999999999994,-0.8660254037844387,0,0,0,0,0,1,0,1.1333333333333333,1.6083333333333334,2024-05
polka dot,5.690326893275039,2024-09,1.0,0.3,0.3,1.845098040014257,0.8150326800047524,0.0,0.0,1.0,1.0,1.0,1.0,9,-1.0,-1.8369701987210297e-16,0,0,0,0,0,1,0,1.4666666666666668,1.9000000000000001,2024-09
polka dot,2.345091011327189,2024-10,1.0,5.690326893275039,0.3,0.3,2.0967756310916794,5.390326893275039,17.967756310916798,1.0,1.0,1.0,1.0,10,-0.8660254037844386,0.5000000000000001,0,0,0,0,0,1,0,1.8833333333333335,2.023655913978495,2024-10
polka dot,2.0,2025-03,1.4,2.345091011327189,5.690326893275039,0.3,2.778472634867409,-3.3452358819478496,-0.5878811436828573,1.4,1.0,1.0,1.1333333333333333,3,1.0,6.123233995736766e-17,0,0,0,0,0,1,0,2.0833333333333335,2.3736559139784945,2025-03
polka dot,4.3,2025-06,2.0,2.0,2.345091011327189,5.690326893275039,3.3451393015340756,-0.345091011327189,-0.14715463479256907,2.0,1.4,1.0,1.4666666666666668,6,1.2246467991473532e-16,-1.0,0,0,0,0,0,1,0,2.3333333333333335,2.4919354838709675,2025-06
polka dot,5.234073403221112,2025-09,2.25,4.3,2.0,2.345091011327189,2.8816970037757295,2.3,1.15,2.25,2.0,1.4,1.8833333333333335,9,-1.0,-1.8369701987210297e-16,0,0,0,0,0,1,0,2.163978494623656,2.540322580645161,2025-09
polka dot,3.6,2025-10,2.0,5.234073403221112,4.3,2.0,3.844691134407037,0.9340734032211122,0.2172263728421191,2.0,2.25,2.0,2.0833333333333335,10,-0.8660254037844386,0.5000000000000001,0,0,0,0,0,1,0,2.663978494623656,2.6754032258064515,2025-10
polka dot,49.03125129555315,2025-12,2.75,3.6,5.234073403221112,4.3,4.378024467740371,-1.634073403221112,-0.31219917592586366,2.75,2.0,2.25,2.3333333333333335,12,-2.4492935982947064e-16,1.0,0,0,0,0,0,1,0,2.650537634408602,2.650537634408602,2025-12
preppy,2.1,2020-04,1.0,12.4,1.2,1.5,5.033333333333334,11.200000000000001,9.333333333333334,1.0,1.0,1.0,1.0,4,0.8660254037844387,-0.4999999999999998,0,0,0,1,0,0,0,1.0,1.0,2020-04
preppy,4.804321373782642,2020-05,1.0,2.1,12.4,1.2,5.233333333333333,-10.3,-0.8306451612903225,1.0,1.0,1.0,1.0,5,0.49999999999999994,-0.8660254037844387,0,0,0,1,0,0,0,1.0,1.0,2020-05
preppy,1.3,2020-06,1.0,4.804321373782642,2.1,12.4,6.434773791260881,2.704321373782642,1.287772082753639,1.0,1.0,1.0,1.0,6,1.2246467991473532e-16,-1.0,0,0,0,1,0,0,0,1.0,1.0,2020-06
preppy,4.2,2020-07,1.0,1.3,4.804321373782642,2.1,2.734773791260881,-3.504321373782642,-0.7294102748633453,1.0,1.0,1.0,1.0,7,-0.4999999999999997,-0.8660254037844388,0,0,0,1,0,0,0,1.0,1.0,2020-07
preppy,6.373464045536408,2020-08,1.0,4.2,1.3,4.804321373782642,3.4347737912608807,2.9000000000000004,2.230769230769231,1.0,1.0,1.0,1.0,8,-0.8660254037844385,-0.5000000000000004,0,0,0,1,0,0,0,1.0,1.0,2020-08
preppy,7.411309510866817,2020-09,1.0,6.373464045536408,4.2,1.3,3.957821348512136,2.1734640455364076,0.5174914394134305,1.0,1.0,1.0,1.0,9,-1.0,-1.8369701987210297e-16,0,0,0,1,0,0,0,1.0,1.0,2020-09
preppy,20.08578480396594,2020-10,1.0,7.411309510866817,6.373464045536408,4.2,5.994924518801075,1.0378454653304097,0.16283852202120053,1.0,1.0,1.0,1.0,10,-0.8660254037844386,0.5000000000000001,0,0,0,1,0,0,0,1.0,1.0,2020-10
preppy,13.223751652633476,2020-11,1.0,20.08578480396594,7.411309510866817,6.373464045536408,11.290186120123053,12.674475293099121,1.7101532832376245,1.0,1.0,1.0,1.0,11,-0.5000000000000004,0.8660254037844384,0,0,0,1,0,0,0,1.0,1.0,2020-11
preppy,35.55144407331708,2020-12,1.0,13.223751652633476,20.08578480396594,7.411309510866817,13.573615322488743,-6.862033151332463,-0.34163629742650403,1.0,1.0,1.0,1.0,12,-2.4492935982947064e-16,1.0,0,0,0,1,0,0,0,1.0,1.0,2020-12
preppy,1.5,2021-01,1.0,35.55144407331708,13.223751652633476,20.08578480396594,22.953660176638834,22.327692420683604,1.6884537011277811,1.0,1.0,1.0,1.0,1,0.49999999999999994,0.8660254037844387,0,0,0,1,0,0,0,1.0,1.125,2021-01
preppy,4.374084689028243,2021-02,1.0,1.5,35.55144407331708,13.223751652633476,16.75839857531685,-34.05144407331708,-0.9578076210657835,1.0,1.0,1.0,1.0,2,0.8660254037844386,0.5000000000000001,0,0,0,1,0,0,0,1.0,1.2916666666666667,2021-02
preppy,1.5,2021-03,1.0,4.374084689028243,1.5,35.55144407331708,13.808509587448441,2.874084689028243,1.9160564593521623,1.0,1.0,1.0,1.0,3,1.0,6.123233995736766e-17,0,0,0,1,0,0,0,1.0,1.4583333333333333,2021-03
preppy,4.280211241711606,2021-04,1.0,1.5,4.374084689028243,1.5,2.458028229676081,-2.874084689028243,-0.6570711116402176,1.0,1.0,1.0,1.0,4,0.8660254037844387,-0.4999999999999998,0,0,0,1,0,0,0,1.25,1.625,2021-04
preppy,0.8999999999999999,2021-05,1.0,4.280211241711606,1.5,4.374084689028243,3.384765310246616,2.780211241711606,1.8534741611410706,1.0,1.0,1.0,1.0,5,0.49999999999999994,-0.8660254037844387,0,0,0,1,0,0,0,1.5833333333333333,1.7916666666666667,2021-05
preppy,6.155272505103306,2021-06,1.0,0.8999999999999999,4.280211241711606,1.5,2.226737080570535,-3.380211241711606,-0.7897300041574349,1.0,1.0,1.0,1.0,6,1.2246467991473532e-16,-1.0,0,0,0,1,0,0,0,1.9166666666666667,2.0833333333333335,2021-06
preppy,12.594395639212884,2021-07,1.75,6.155272505103306,0.8999999999999999,4.280211241711606,3.7784945822716374,5.2552725051033065,5.839191672337007,1.75,1.0,1.0,1.25,7,-0.4999999999999997,-0.8660254037844388,0,0,0,1,0,0,0,2.0,2.2916666666666665,2021-07
preppy,4.4,2021-08,2.0,12.594395639212884,6.155272505103306,0.8999999999999999,6.549889381438731,6.439123134109578,1.0461150385739924,2.0,1.75,1.0,1.5833333333333333,8,-0.8660254037844385,-0.5000000000000004,0,0,0,1,0,0,0,2.0,2.4583333333333335,2021-08
preppy,24.97687853948202,2021-09,2.0,4.4,12.594395639212884,6.155272505103306,7.7165560481053985,-8.194395639212884,-0.6506382579962378,2.0,2.0,1.75,1.9166666666666667,9,-1.0,-1.8369701987210297e-16,0,0,0,1,0,0,0,2.25,2.625,2021-09
preppy,8.101029264490615,2021-10,2.0,24.97687853948202,4.4,12.594395639212884,13.990424726231636,20.576878539482017,4.676563304427731,2.0,2.0,2.0,2.0,10,-0.8660254037844386,0.5000000000000001,0,0,0,1,0,0,0,2.5833333333333335,2.7916666666666665,2021-10
preppy,16.764159575330936,2021-11,2.0,8.101029264490615,24.97687853948202,4.4,12.492635934657544,-16.875849274991403,-0.6756588597856625,2.0,2.0,2.0,2.0,11,-0.5000000000000004,0.8660254037844384,0,0,0,1,0,0,0,2.9166666666666665,2.9583333333333335,2021-11
preppy,15.05002999944297,2021-12,2.75,16.764159575330936,8.101029264490615,24.97687853948202,16.614022459767856,8.663130310840321,1.0693863740023226,2.75,2.0,2.0,2.25,12,-2.4492935982947064e-16,1.0,0,0,0,1,0,0,0,3.0,3.0,2021-12
preppy,4.78098558078673,2022-01,3.0,15.05002999944297,16.764159575330936,8.101029264490615,13.305072946421506,-1.7141295758879664,-0.10224965756174076,3.0,2.75,2.0,2.5833333333333335,1,0.49999999999999994,0.8660254037844387,0,0,0,1,0,0,0,3.0,3.0,2022-01
preppy,2.2,2022-02,3.0,4.78098558078673,15.05002999944297,16.764159575330936,12.198391718520213,-10.26904441865624,-0.6823271727057233,3.0,3.0,2.75,2.9166666666666665,2,0.8660254037844386,0.5000000000000001,0,0,0,1,0,0,0,3.0,3.0,2022-02
preppy,0.6,2022-03,3.0,2.2,4.78098558078673,15.05002999944297,7.343671860076566,-2.58098558078673,-0.5398438328613446,3.0,3.0,3.0,3.0,3,1.0,6.123233995736766e-17,0,0,0,1,0,0,0,3.0,3.0,2022-03
preppy,2.2,2022-04,3.0,0.6,2.2,4.78098558078673,2.526995193595577,-1.6,-0.7272727272727273,3.0,3.0,3.0,3.0,4,0.8660254037844387,-0.4999999999999998,0,0,0,1,0,0,0,3.0,3.0,2022-04
preppy,1.5,2022-05,3.0,2.2,0.6,2.2,1.6666666666666667,1.6,2.666666666666667,3.0,3.0,3.0,3.0,5,0.49999999999999994,-0.8660254037844387,0,0,0,1,0,0,0,3.0,3.0,2022-05
preppy,1.9,2022-06,3.0,1.5,2.2,0.6,1.4333333333333336,-0.7000000000000002,-0.31818181818181823,3.0,3.0,3.0,3.0,6,1.2246467991473532e-16,-1.0,0,0,0,1,0,0,0,3.0,3.0833333333333335,2022-06
preppy,6.041392685158225,2022-07,3.0,1.9,1.5,2.2,1.8666666666666665,0.3999999999999999,0.2666666666666666,3.0,3.0,3.0,3.0,7,-0.4999999999999997,-0.8660254037844388,0,0,0,1,0,0,0,3.0,3.25,2022-07
preppy,1.2,2022-08,3.0,6.041392685158225,1.9,1.5,3.1471308950527415,4.141392685158225,2.1796803606095922,3.0,3.0,3.0,3.0,8,-0.8660254037844385,-0.5000000000000004,0,0,0,1,0,0,0,3.0,3.2916666666666665,2022-08
preppy,4.077528010406445,2022-09,3.0,1.2,6.041392685158225,1.9,3.047130895052742,-4.841392685158225,-0.8013703027535328,3.0,3.0,3.0,3.0,9,-1.0,-1.8369701987210297e-16,0,0,0,1,0,0,0,3.1666666666666665,3.2916666666666665,2022-09
preppy,9.348426655697263,2022-10,3.0,4.077528010406445,1.2,6.041392685158225,3.7729735651882232,2.8775280104064445,2.3979400086720375,3.0,3.0,3.0,3.0,10,-0.8660254037844386,0.5000000000000001,0,0,0,1,0,0,0,3.5,3.3249999999999997,2022-10
preppy,7.952839027911279,2022-11,3.0,9.348426655697263,4.077528010406445,1.2,4.875318222034569,5.270898645290819,1.29267012558558,3.0,3.0,3.0,3.0,11,-0.5000000000000004,0.8660254037844384,0,0,0,1,0,0,0,3.5833333333333335,3.3249999999999997,2022-11
preppy,8.010622029812916,2022-12,3.5,7.952839027911279,9.348426655697263,4.077528010406445,7.126264564671662,-1.3955876277859849,-0.1492858294968239,3.5,3.0,3.0,3.1666666666666665,12,-2.4492935982947064e-16,1.0,0,0,0,1,0,0,0,3.4166666666666665,3.2416666666666667,2022-12
preppy,5.853212513775344,2023-01,4.0,8.010622029812916,7.952839027911279,9.348426655697263,8.43729590447382,0.057783001901637654,0.00726570746608135,4.0,3.5,3.0,3.5,1,0.49999999999999994,0.8660254037844387,0,0,0,1,0,0,0,3.15,3.0749999999999997,2023-01
preppy,1.9989700043360188,2023-02,3.25,5.853212513775344,8.010622029812916,7.952839027911279,7.272224523833178,-2.157409516037572,-0.2693186007289321,3.25,4.0,3.5,3.5833333333333335,2,0.8660254037844386,0.5000000000000001,0,0,0,1,0,0,0,3.0666666666666664,3.033333333333333,2023-02
preppy,0.3,2023-03,3.0,1.9989700043360188,5.853212513775344,8.010622029812916,5.287601515974759,-3.8542425094393256,-0.6584832688661981,3.0,3.25,4.0,3.4166666666666665,3,1.0,6.123233995736766e-17,0,0,0,1,0,0,0,3.0666666666666664,3.033333333333333,2023-03
preppy,4.999340549453581,2023-04,3.2,0.3,1.9989700043360188,5.853212513775344,2.7173941727037865,-1.6989700043360187,-0.8499227105212874,3.2,3.0,3.25,3.15,4,0.8660254037844387,-0.4999999999999998,0,0,0,1,0,0,0,3.0,3.0,2023-04
preppy,3.2222192947339194,2023-05,3.0,4.999340549453581,0.3,1.9989700043360188,2.432770184596532,4.699340549453582,15.664468498178607,3.0,3.2,3.0,3.0666666666666664,5,0.49999999999999994,-0.8660254037844387,0,0,0,1,0,0,0,3.0,3.0416666666666665,2023-05
preppy,2.978151250383644,2023-06,3.0,3.2222192947339194,4.999340549453581,0.3,2.8405199480624987,-1.777121254719662,-0.35547113407065223,3.0,3.0,3.2,3.0666666666666664,6,1.2246467991473532e-16,-1.0,0,0,0,1,0,0,0,3.0,3.108333333333333,2023-06
preppy,4.52221929473392,2023-07,3.0,2.978151250383644,3.2222192947339194,4.999340549453581,3.733237031523714,-0.2440680443502754,-0.07574532396015266,3.0,3.0,3.0,3.0,7,-0.4999999999999997,-0.8660254037844388,0,0,0,1,0,0,0,3.0,3.108333333333333,2023-07
preppy,5.3,2023-08,3.0,4.52221929473392,2.978151250383644,3.2222192947339194,3.5741966132838265,1.5440680443502757,0.5184652875341269,3.0,3.0,3.0,3.0,8,-0.8660254037844385,-0.5000000000000004,0,0,0,1,0,0,0,3.0833333333333335,3.108333333333333,2023-08
preppy,23.29405214950676,2023-09,3.0,5.3,4.52221929473392,2.978151250383644,4.266790181705853,0.7777807052660801,0.17199093068569193,3.0,3.0,3.0,3.0,9,-1.0,-1.8369701987210297e-16,0,0,0,1,0,0,0,3.216666666666667,3.108333333333333,2023-09
preppy,24.442898649331504,2023-10,3.0,23.29405214950676,5.3,4.52221929473392,11.038757148080228,17.99405214950676,3.395104179152219,3.0,3.0,3.0,3.0,10,-0.8660254037844386,0.5000000000000001,0,0,0,1,0,0,0,3.216666666666667,3.108333333333333,2023-10
preppy,11.16432598178872,2023-11,3.25,24.442898649331504,23.29405214950676,5.3,17.678983599612753,1.1488464998247423,0.049319306596000256,3.25,3.0,3.0,3.0833333333333335,11,-0.5000000000000004,0.8660254037844384,0,0,0,1,0,0,0,3.1333333333333333,3.0666666666666664,2023-11
preppy,12.85044291509853,2023-12,3.4,11.16432598178872,24.442898649331504,23.29405214950676,19.63375892687566,-13.278572667542784,-0.5432486898564277,3.4,3.25,3.0,3.216666666666667,12,-2.4492935982947064e-16,1.0,0,0,0,1,0,0,0,3.0,3.0,2023-12
preppy,1.9,2024-01,3.0,12.85044291509853,11.16432598178872,24.442898649331504,16.152555848739585,1.68611693330981,0.15102720361804267,3.0,3.4,3.25,3.216666666666667,1,0.49999999999999994,0.8660254037844387,0,0,0,1,0,0,0,3.0,3.0,2024-01
preppy,1.2,2024-02,3.0,1.9,12.85044291509853,11.16432598178872,8.638256298962416,-10.95044291509853,-0.8521451740960921,3.0,3.0,3.4,3.1333333333333333,2,0.8660254037844386,0.5000000000000001,0,0,0,1,0,0,0,3.0,3.0,2024-02
preppy,0.6,2024-03,3.0,1.2,1.9,12.85044291509853,5.316814305032842,-0.7,-0.368421052631579,3.0,3.0,3.0,3.0,3,1.0,6.123233995736766e-17,0,0,0,1,0,0,0,3.0,3.0666666666666664,2024-03
preppy,2.9010299956639813,2024-04,3.0,0.6,1.2,1.9,1.233333333333332,-0.6,-0.5,3.0,3.0,3.0,3.0,4,0.8660254037844387,-0.4999999999999998,0,0,0,1,0,0,0,3.0,3.0666666666666664,2024-04
preppy,3.4,2024-05,3.0,2.9010299956639813,0.6,1.2,1.5670099985546593,2.3010299956639813,3.8350499927733024,3.0,3.0,3.0,3.0,5,0.49999999999999994,-0.8660254037844387,0,0,0,1,0,0,0,3.0,3.1916666666666664,2024-05
preppy,6.9,2024-06,3.0,3.4,2.9010299956639813,0.6,2.3003433318879924,0.49897000433601857,0.17199753366280368,3.0,3.0,3.0,3.0,6,1.2246467991473532e-16,-1.0,0,0,0,1,0,0,0,3.1333333333333333,3.2916666666666665,2024-06
preppy,0.8999999999999999,2024-07,3.0,6.9,3.4,2.9010299956639813,4.400343331887993,3.5000000000000004,1.0294117647058827,3.0,3.0,3.0,3.0,7,-0.4999999999999997,-0.8660254037844388,0,0,0,1,0,0,0,3.1333333333333333,3.2916666666666665,2024-07
preppy,2.2,2024-08,3.0,0.8999999999999999,6.9,3.4,3.7333333333333325,-6.0,-0.8695652173913044,3.0,3.0,3.0,3.0,8,-0.8660254037844385,-0.5000000000000004,0,0,0,1,0,0,0,3.3833333333333333,3.3333333333333335,2024-08
preppy,20.07443147994459,2024-09,3.4,2.2,0.8999999999999999,6.9,3.333333333333332,1.3000000000000003,1.444444444444445,3.4,3.0,3.0,3.133333333333333,9,-1.0,-1.8369701987210297e-16,0,0,0,1,0,0,0,3.4499999999999997,3.266666666666667,2024-09
preppy,14.711639704440554,2024-10,3.0,20.07443147994459,2.2,0.8999999999999999,7.7248104933148625,17.87443147994459,8.124741581792994,3.0,3.4,3.0,3.133333333333333,10,-0.8660254037844386,0.5000000000000001,0,0,0,1,0,0,0,3.4499999999999997,3.266666666666667,2024-10
preppy,20.04000580749813,2024-11,3.75,14.711639704440554,20.07443147994459,2.2,12.328690394795046,-5.362791775504036,-0.26714538744779626,3.75,3.0,3.4,3.383333333333333,11,-0.5000000000000004,0.8660254037844384,0,0,0,1,0,0,0,3.283333333333333,3.1,2024-11
preppy,41.02516255163489,2024-12,3.6,20.04000580749813,14.711639704440554,20.07443147994459,18.275358997294422,5.328366103057576,0.3621870987942468,3.6,3.75,3.0,3.4499999999999997,12,-2.4492935982947064e-16,1.0,0,0,0,1,0,0,0,3.0833333333333335,2.8333333333333335,2024-12
preppy,4.577121254719662,2025-01,3.0,41.02516255163489,20.04000580749813,14.711639704440554,25.25893602119119,20.985156744136763,1.0471632067234729,3.0,3.6,3.75,3.4499999999999997,1,0.49999999999999994,0.8660254037844387,0,0,0,1,0,0,0,3.0833333333333335,2.6666666666666665,2025-01
preppy,3.601029995663981,2025-02,3.25,4.577121254719662,41.02516255163489,20.04000580749813,21.880763204617562,-36.44804129691523,-0.8884313682131344,3.25,3.0,3.6,3.283333333333333,2,0.8660254037844386,0.5000000000000001,0,0,0,1,0,0,0,2.9166666666666665,2.4583333333333335,2025-02
preppy,4.079181246047625,2025-03,3.0,3.601029995663981,4.577121254719662,41.02516255163489,16.40110460067284,-0.9760912590556812,-0.21325440265520434,3.0,3.25,3.0,3.0833333333333335,3,1.0,6.123233995736766e-17,0,0,0,1,0,0,0,2.5833333333333335,2.2916666666666665,2025-03
preppy,10.455399086639266,2025-04,3.0,4.079181246047625,3.601029995663981,4.577121254719662,4.08577749881042,0.47815125038364403,0.1327818015843769,3.0,3.0,3.25,3.0833333333333335,4,0.8660254037844387,-0.4999999999999998,0,0,0,1,0,0,0,2.25,2.125,2025-04
preppy,2.8,2025-05,2.75,10.455399086639266,4.079181246047625,3.601029995663981,6.045203442783621,6.376217840591641,1.5631121678571271,2.75,3.0,3.0,2.9166666666666665,5,0.49999999999999994,-0.8660254037844387,0,0,0,1,0,0,0,2.0,2.0,2025-05
preppy,7.59563519459755,2025-06,2.0,2.8,10.455399086639266,4.079181246047625,5.778193444228961,-7.6553990866392665,-0.7321957797308702,2.0,2.75,3.0,2.5833333333333335,6,1.2246467991473532e-16,-1.0,0,0,0,1,0,0,0,2.0,2.0,2025-06
preppy,5.446128035678238,2025-07,2.0,7.59563519459755,2.8,10.455399086639266,6.95034476041227,4.79563519459755,1.7127268552134112,2.0,2.0,2.75,2.25,7,-0.4999999999999997,-0.8660254037844388,0,0,0,1,0,0,0,2.0,1.8333333333333333,2025-07
preppy,8.3,2025-08,2.0,5.446128035678238,7.59563519459755,2.8,5.280587743425261,-2.149507158919312,-0.2829924165457768,2.0,2.0,2.0,2.0,8,-0.8660254037844385,-0.5000000000000004,0,0,0,1,0,0,0,2.0,1.7916666666666667,2025-08
preppy,33.44400159021712,2025-09,2.0,8.3,5.446128035678238,7.59563519459755,7.1139210767585945,2.8538719643217627,0.5240185220813218,2.0,2.0,2.0,2.0,9,-1.0,-1.8369701987210297e-16,0,0,0,1,0,0,0,2.0,1.6411290322580647,2025-09
preppy,33.37966113104962,2025-10,2.0,33.44400159021712,8.3,5.446128035678238,15.730043208631784,25.14400159021712,3.029397781953869,2.0,2.0,2.0,2.0,10,-0.8660254037844386,0.5000000000000001,0,0,0,1,0,0,0,1.6666666666666667,1.5693548387096774,2025-10
preppy,16.091996540097995,2025-11,2.0,33.37966113104962,33.44400159021712,8.3,25.041220907088913,-0.06434045916749653,-0.0019238265790035847,2.0,2.0,2.0,2.0,11,-0.5000000000000004,0.8660254037844384,0,0,0,1,0,0,0,1.5833333333333333,1.4616935483870968,2025-11
preppy,74.2809243545365,2025-12,2.0,16.091996540097995,33.37966113104962,33.44400159021712,27.63855308712158,-17.28766459095163,-0.5179101286582779,2.0,2.0,2.0,2.0,12,-2.4492935982947064e-16,1.0,0,0,0,1,0,0,0,1.282258064516129,1.282258064516129,2025-12
quiet luxury,0.6,2021-10,0.0,2.5051499783199063,2.810907216986647,1.6989700043360187,2.3383423998808577,-0.30575723866674087,-0.108775286789622,0.0,0.0,0.0,0.0,10,-0.8660254037844386,0.5000000000000001,0,0,0,1,0,0,0,0.0,0.0,2021-10
quiet luxury,5.535294120042771,2022-04,0.0,0.6,2.5051499783199063,2.810907216986647,1.9720190651021845,-1.9051499783199062,-0.7604933815569823,0.0,0.0,0.0,0.0,4,0.8660254037844387,-0.4999999999999998,0,0,0,1,0,0,0,0.0,0.0,2022-04
quiet luxury,1.2,2022-09,0.0,5.535294120042771,0.6,2.5051499783199063,2.880148032787559,4.935294120042771,8.225490200071285,0.0,0.0,0.0,0.0,9,-1.0,-1.8369701987210297e-16,0,0,0,1,0,0,0,0.0,0.0,2022-09
quiet luxury,34.87159000497336,2022-10,0.0,1.2,5.535294120042771,0.6,2.445098040014257,-4.335294120042771,-0.7832093518472822,0.0,0.0,0.0,0.0,10,-0.8660254037844386,0.5000000000000001,0,0,0,1,0,0,0,0.0,0.0,2022-10
quiet luxury,11.186663153680705,2022-11,0.0,34.87159000497336,1.2,5.535294120042771,13.868961375005378,33.67159000497336,28.059658337477803,0.0,0.0,0.0,0.0,11,-0.5000000000000004,0.8660254037844384,0,0,0,1,0,0,0,0.0,0.0,2022-11
quiet luxury,0.3,2023-09,0.0,11.186663153680705,34.87159000497336,1.2,15.75275105288469,-23.68492685129266,-0.6792040984628097,0.0,0.0,0.0,0.0,9,-1.0,-1.8369701987210297e-16,0,0,0,1,0,0,0,0.0,0.0,2023-09
quiet luxury,6.0,2023-10,0.0,0.3,11.186663153680705,34.87159000497336,15.452751052884688,-10.886663153680704,-0.9731823515306893,0.0,0.0,0.0,0.0,10,-0.8660254037844386,0.5000000000000001,0,0,0,1,0,0,0,0.0,0.0,2023-10
quiet luxury,3.979164414548301,2023-11,0.0,6.0,0.3,11.186663153680705,5.8288877178935685,5.7,19.0,0.0,0.0,0.0,0.0,11,-0.5000000000000004,0.8660254037844384,0,0,0,1,0,0,0,0.0,0.0,2023-11
quiet luxury,3.259204012361759,2023-12,0.0,3.979164414548301,6.0,0.3,3.426388138182767,-2.020835585451699,-0.33680593090861655,0.0,0.0,0.0,0.0,12,-2.4492935982947064e-16,1.0,0,0,0,1,0,0,0,0.0,0.0,2023-12
quiet luxury,2.3,2024-03,0.0,3.259204012361759,3.979164414548301,6.0,4.4127894756366866,-0.7199604021865418,-0.1809325594977379,0.0,0.0,0.0,0.0,3,1.0,6.123233995736766e-17,0,0,0,1,0,0,0,0.0,0.0,2024-03
quiet luxury,5.883707984390332,2024-08,0.0,2.3,3.259204012361759,3.979164414548301,3.179456142303353,-0.9592040123617593,-0.2943062197774723,0.0,0.0,0.0,0.0,8,-0.8660254037844385,-0.5000000000000004,0,0,0,1,0,0,0,0.0,0.0,2024-08
quiet luxury,4.1542425094393245,2024-09,0.0,5.883707984390332,2.3,3.259204012361759,3.8143039989173637,3.5837079843903323,1.5581339062566664,0.0,0.0,0.0,0.0,9,-1.0,-1.8369701987210297e-16,0,0,0,1,0,0,0,0.0,0.0,2024-09
quiet luxury,12.938587937212326,2024-10,0.0,4.1542425094393245,5.883707984390332,2.3,4.112650164609885,-1.7294654749510077,-0.2939414191763656,0.0,0.0,0.0,0.0,10,-0.8660254037844386,0.5000000000000001,0,0,0,1,0,0,0,0.0,0.0,2024-10
quiet luxury,7.513205833039381,2024-11,0.0,12.938587937212326,4.1542425094393245,5.883707984390332,7.65884614368066,8.784345427773001,2.1145480572723176,0.0,0.0,0.0,0.0,11,-0.5000000000000004,0.8660254037844384,0,0,0,1,0,0,0,0.0,0.0,2024-11
quiet luxury,4.431363764158987,2024-12,0.0,7.513205833039381,12.938587937212326,4.1542425094393245,8.202012093230342,-5.425382104172945,-0.41931794493347674,0.0,0.0,0.0,0.0,12,-2.4492935982947064e-16,1.0,0,0,0,1,0,0,0,0.0,0.0,2024-12
quiet luxury,15.645667984808345,2025-03,0.0,4.431363764158987,7.513205833039381,12.938587937212326,8.294385844803564,-3.081842068880394,-0.41019002239070435,0.0,0.0,0.0,0.0,3,1.0,6.123233995736766e-17,0,0,0,1,0,0,0,0.0,0.0,2025-03
quiet luxury,6.998970004336019,2025-04,0.0,15.645667984808345,4.431363764158987,7.513205833039381,9.196745860668905,11.214304220649357,2.5306665887713873,0.0,0.0,0.0,0.0,4,0.8660254037844387,-0.4999999999999998,0,0,0,1,0,0,0,0.0,0.0,2025-04
quiet luxury,6.532499586094662,2025-05,0.0,6.998970004336019,15.645667984808345,4.431363764158987,9.025333917767783,-8.646697980472325,-0.5526576422859101,0.0,0.0,0.0,0.0,5,0.49999999999999994,-0.8660254037844387,0,0,0,1,0,0,0,0.0,0.0,2025-05
quiet luxury,6.698970004336019,2025-06,0.0,6.532499586094662,6.998970004336019,15.645667984808345,9.725712525079675,-0.4664704182413564,-0.06664843797764064,0.0,0.0,0.0,0.0,6,1.2246467991473532e-16,-1.0,0,0,0,1,0,0,0,0.0,0.0,2025-06
quiet luxury,3.6020599913279625,2025-08,0.0,6.698970004336019,6.532499586094662,6.998970004336019,6.743479864922233,0.16647041824135655,0.025483418107780986,0.0,0.0,0.0,0.0,8,-0.8660254037844385,-0.5000000000000004,0,0,0,1,0,0,0,0.0,0.0,2025-08
quiet luxury,1.2,2025-09,0.0,3.6020599913279625,6.698970004336019,6.532499586094662,5.611176527252881,-3.0969100130080562,-0.46229644423001304,0.0,0.0,0.0,0.0,9,-1.0,-1.8369701987210297e-16,0,0,0,1,0,0,0,0.0,0.0,2025-09
quiet luxury,15.50900312761172,2025-10,0.0,1.2,3.6020599913279625,6.698970004336019,3.8336766652213274,-2.4020599913279623,-0.6668572975216887,0.0,0.0,0.0,0.0,10,-0.8660254037844386,0.5000000000000001,0,0,0,1,0,0,0,0.0,0.0,2025-10
quiet luxury,20.320392136609225,2025-11,0.0,15.50900312761172,1.2,3.6020599913279625,6.770354372979895,14.30900312761172,11.924169273009767,0.0,0.0,0.0,0.0,11,-0.5000000000000004,0.8660254037844384,0,0,0,1,0,0,0,0.0,0.0,2025-11
red,6.0,2020-04,62.0,4.954242509439325,6.224279286061882,7.176091259055681,6.118204351518963,-1.2700367766225567,-0.20404559600443517,62.0,57.0,66.0,61.666666666666664,4,0.8660254037844387,-0.4999999999999998,0,0,1,0,0,0,0,64.0,63.166666666666664,2020-04
red,24.0,2020-05,64.0,6.0,4.954242509439325,6.224279286061882,5.726173931833736,1.0457574905606748,0.2110832258550508,64.0,62.0,57.0,61.0,5,0.49999999999999994,-0.8660254037844387,0,0,1,0,0,0,0,64.0,62.333333333333336,2020-05
red,10.079181246047623,2020-06,64.0,24.0,6.0,4.954242509439325,11.651414169813108,18.0,3.0,64.0,64.0,62.0,63.333333333333336,6,1.2246467991473532e-16,-1.0,0,0,1,0,0,0,0,63.666666666666664,62.5,2020-06
red,16.495574584479414,2020-07,64.0,10.079181246047623,24.0,6.0,13.359727082015874,-13.920818753952377,-0.5800341147480157,64.0,64.0,64.0,64.0,7,-0.4999999999999997,-0.8660254037844388,0,0,1,0,0,0,0,62.333333333333336,61.666666666666664,2020-07
red,3.0,2020-08,64.0,16.495574584479414,10.079181246047623,24.0,16.858251943509014,6.41639333843179,0.6365986662803458,64.0,64.0,64.0,64.0,8,-0.8660254037844385,-0.5000000000000004,0,0,1,0,0,0,0,60.666666666666664,61.166666666666664,2020-08
red,27.87260193127159,2020-09,63.0,3.0,16.495574584479414,10.079181246047623,9.858251943509012,-13.495574584479414,-0.8181330401899015,63.0,64.0,64.0,63.666666666666664,9,-1.0,-1.8369701987210297e-16,0,0,1,0,0,0,0,61.333333333333336,60.5,2020-09
red,27.515249751706907,2020-10,60.0,27.87260193127159,3.0,16.495574584479414,15.789392171917001,24.87260193127159,8.290867310423863,60.0,63.0,64.0,62.333333333333336,10,-0.8660254037844386,0.5000000000000001,0,0,1,0,0,0,0,61.0,60.5,2020-10
red,23.83887483382987,2020-11,59.0,27.515249751706907,27.87260193127159,3.0,19.462617227659496,-0.3573521795646819,-0.012820912107374904,59.0,60.0,63.0,60.666666666666664,11,-0.5000000000000004,0.8660254037844384,0,0,1,0,0,0,0,61.666666666666664,61.333333333333336,2020-11
red,45.52778436155592,2020-12,65.0,23.83887483382987,27.515249751706907,27.87260193127159,26.408908838936124,-3.6763749178770375,-0.1336122677806686,65.0,59.0,60.0,61.333333333333336,12,-2.4492935982947064e-16,1.0,0,0,1,0,0,0,0,59.666666666666664,60.666666666666664,2020-12
red,48.18639121569549,2021-01,59.0,45.52778436155592,23.83887483382987,27.515249751706907,32.2939696490309,21.688909527726054,0.909812634988427,59.0,65.0,59.0,61.0,1,0.49999999999999994,0.8660254037844387,0,0,1,0,0,0,0,60.0,62.333333333333336,2021-01
red,34.54916319408987,2021-02,61.0,48.18639121569549,45.52778436155592,23.83887483382987,39.18435013702709,2.6586068541395633,0.05839526107895798,61.0,59.0,65.0,61.666666666666664,2,0.8660254037844386,0.5000000000000001,0,0,1,0,0,0,0,61.0,62.833333333333336,2021-02
red,20.80924217287338,2021-03,59.0,34.54916319408987,48.18639121569549,45.52778436155592,42.754446257113756,-13.637228021605615,-0.28300994694874837,59.0,61.0,59.0,59.666666666666664,3,1.0,6.123233995736766e-17,0,0,1,0,0,0,0,61.666666666666664,63.5,2021-03
red,25.3126866299165,2021-04,60.0,20.80924217287338,34.54916319408987,48.18639121569549,34.514932194219575,-13.739921021216492,-0.3976918614216075,60.0,59.0,61.0,60.0,4,0.8660254037844387,-0.4999999999999998,0,0,1,0,0,0,0,64.66666666666667,65.83333333333333,2021-04
red,15.972521605716974,2021-05,64.0,25.3126866299165,20.80924217287338,34.54916319408987,26.890363998959916,4.50344445704312,0.2164155916698276,64.0,60.0,59.0,61.0,5,0.49999999999999994,-0.8660254037844387,0,0,1,0,0,0,0,64.66666666666667,66.66666666666667,2021-05
red,33.846414910483794,2021-06,61.0,15.972521605716974,25.3126866299165,20.80924217287338,20.69815013616895,-9.340165024199525,-0.3689914532091032,61.0,64.0,60.0,61.666666666666664,6,1.2246467991473532e-16,-1.0,0,0,1,0,0,0,0,65.33333333333333,67.33333333333333,2021-06
red,18.01069450762733,2021-07,69.0,33.846414910483794,15.972521605716974,25.3126866299165,25.043874382039093,17.87389330476682,1.1190401707373052,69.0,61.0,64.0,64.66666666666667,7,-0.4999999999999997,-0.8660254037844388,0,0,1,0,0,0,0,67.0,66.0,2021-07
red,9.532754378992498,2021-08,64.0,18.01069450762733,33.846414910483794,15.972521605716974,22.6098770079427,-15.835720402856463,-0.46786994855255437,64.0,69.0,61.0,64.66666666666667,8,-0.8660254037844385,-0.5000000000000004,0,0,1,0,0,0,0,68.66666666666667,65.83333333333333,2021-08
red,64.73314768120574,2021-09,63.0,9.532754378992498,18.01069450762733,33.846414910483794,20.463287932367873,-8.477940128634833,-0.4707170023368349,63.0,64.0,69.0,65.33333333333333,9,-1.0,-1.8369701987210297e-16,0,0,1,0,0,0,0,69.33333333333333,66.66666666666667,2021-09
red,48.51720598964944,2021-10,74.0,64.73314768120574,9.532754378992498,18.01069450762733,30.75886552260852,55.200393302213236,5.790602705956563,74.0,63.0,64.0,67.0,10,-0.8660254037844386,0.5000000000000001,0,0,1,0,0,0,0,65.0,65.66666666666667,2021-10
red,37.0554373491835,2021-11,69.0,48.51720598964944,64.73314768120574,9.532754378992498,40.927702683282554,-16.215941691556296,-0.25050445208404937,69.0,74.0,63.0,68.66666666666667,11,-0.5000000000000004,0.8660254037844384,0,0,1,0,0,0,0,63.0,65.0,2021-11
red,76.93720204879936,2021-12,65.0,37.0554373491835,48.51720598964944,64.73314768120574,50.10193034001289,-11.461768640465941,-0.23624131700640738,65.0,69.0,74.0,69.33333333333333,12,-2.4492935982947064e-16,1.0,0,0,1,0,0,0,0,64.0,64.66666666666667,2021-12
red,11.544068044350276,2022-01,61.0,76.93720204879936,37.0554373491835,48.51720598964944,54.169948462544106,39.881764699615864,1.0762729454195643,61.0,65.0,69.0,65.0,1,0.49999999999999994,0.8660254037844387,0,0,1,0,0,0,0,66.33333333333333,65.5,2022-01
red,4.6,2022-02,63.0,11.544068044350276,76.93720204879936,37.0554373491835,41.84556914744439,-65.39313400444908,-0.849954667742815,63.0,61.0,65.0,63.0,2,0.8660254037844386,0.5000000000000001,0,0,1,0,0,0,0,67.0,65.66666666666667,2022-02
red,10.0,2022-03,68.0,4.6,11.544068044350276,76.93720204879936,31.02709003104988,-6.944068044350276,-0.6015269502633205,68.0,63.0,61.0,64.0,3,1.0,6.123233995736766e-17,0,0,1,0,0,0,0,65.33333333333333,64.83333333333333,2022-03
red,0.6,2022-04,68.0,10.0,4.6,11.544068044350276,8.714689348116764,5.4,1.1739130434782612,68.0,68.0,63.0,66.33333333333333,4,0.8660254037844387,-0.4999999999999998,0,0,1,0,0,0,0,64.66666666666667,64.33333333333333,2022-04
red,11.740362689494244,2022-05,65.0,0.6,10.0,4.6,5.066666666666671,-9.4,-0.94,65.0,68.0,68.0,67.0,5,0.49999999999999994,-0.8660254037844387,0,0,1,0,0,0,0,64.33333333333333,63.833333333333336,2022-05
red,77.77815125038364,2022-06,63.0,11.740362689494244,0.6,10.0,7.446787563164752,11.140362689494244,18.567271149157076,63.0,65.0,68.0,65.33333333333333,6,1.2246467991473532e-16,-1.0,0,0,1,0,0,0,0,64.33333333333333,64.16666666666667,2022-06
red,8.569276095488933,2022-07,66.0,77.77815125038364,11.740362689494244,0.6,30.039504646625968,66.0377885608894,5.624850808057464,66.0,63.0,65.0,64.66666666666667,7,-0.4999999999999997,-0.8660254037844388,0,0,1,0,0,0,0,64.0,63.5,2022-07
red,4.597695185925513,2022-08,64.0,8.569276095488933,77.77815125038364,11.740362689494244,32.695930011788946,-69.20887515489471,-0.8898241220994995,64.0,66.0,63.0,64.33333333333333,8,-0.8660254037844385,-0.5000000000000004,0,0,1,0,0,0,0,63.333333333333336,63.833333333333336,2022-08
red,69.68587767956745,2022-09,63.0,4.597695185925513,8.569276095488933,77.77815125038364,30.315040843932703,-3.9715809095634196,-0.4634674930889615,63.0,64.0,66.0,64.33333333333333,9,-1.0,-1.8369701987210297e-16,0,0,1,0,0,0,0,64.0,64.0,2022-09
red,51.721637099812334,2022-10,65.0,69.68587767956745,4.597695185925513,8.569276095488933,27.617616320327304,65.08818249364194,14.156698054470901,65.0,63.0,64.0,64.0,10,-0.8660254037844386,0.5000000000000001,0,0,1,0,0,0,0,63.0,63.833333333333336,2022-10
red,42.59116063135591,2022-11,62.0,51.721637099812334,69.68587767956745,4.597695185925513,42.00173665510177,-17.96424057975512,-0.25778882576982165,62.0,65.0,63.0,63.333333333333336,11,-0.5000000000000004,0.8660254037844384,0,0,1,0,0,0,0,64.33333333333333,63.333333333333336,2022-11
red,60.15046146116837,2022-12,65.0,42.59116063135591,51.721637099812334,69.68587767956745,54.6662251369119,-9.130476468456422,-0.1765310802292751,65.0,62.0,65.0,64.0,12,-2.4492935982947064e-16,1.0,0,0,1,0,0,0,0,64.0,63.166666666666664,2022-12
red,5.0,2023-01,62.0,60.15046146116837,42.59116063135591,51.721637099812334,51.48775306411221,17.559300829812457,0.4122757062620448,62.0,65.0,62.0,63.0,1,0.49999999999999994,0.8660254037844387,0,0,1,0,0,0,0,64.66666666666667,63.5,2023-01
red,2.3010299956639813,2023-02,66.0,5.0,60.15046146116837,42.59116063135591,35.913874030841434,-55.15046146116837,-0.9168751181862856,66.0,62.0,65.0,64.33333333333333,2,0.8660254037844386,0.5000000000000001,0,0,1,0,0,0,0,62.333333333333336,63.666666666666664,2023-02
red,12.0,2023-03,64.0,2.3010299956639813,5.0,60.15046146116837,22.483830485610792,-2.6989700043360187,-0.5397940008672037,64.0,66.0,62.0,64.0,3,1.0,6.123233995736766e-17,0,0,1,0,0,0,0,62.333333333333336,63.833333333333336,2023-03
red,32.936513742478894,2023-04,64.0,12.0,2.3010299956639813,5.0,6.4336766652213315,9.698970004336019,4.215055876113123,64.0,64.0,66.0,64.66666666666667,4,0.8660254037844387,-0.4999999999999998,0,0,1,0,0,0,0,62.333333333333336,64.16666666666667,2023-04
red,9.28330122870355,2023-05,59.0,32.936513742478894,12.0,2.3010299956639813,15.745847912714297,20.936513742478894,1.744709478539908,59.0,64.0,64.0,62.333333333333336,5,0.49999999999999994,-0.8660254037844387,0,0,1,0,0,0,0,65.0,64.66666666666667,2023-05
red,10.565847818673518,2023-06,64.0,9.28330122870355,32.936513742478894,12.0,18.07327165706082,-23.653212513775344,-0.7181456027408667,64.0,59.0,64.0,62.333333333333336,6,1.2246467991473532e-16,-1.0,0,0,1,0,0,0,0,65.33333333333333,65.33333333333333,2023-06
red,15.681241237375588,2023-07,64.0,10.565847818673518,9.28330122870355,32.936513742478894,17.595220929951992,1.282546589969968,0.13815630435479043,64.0,64.0,59.0,62.333333333333336,7,-0.4999999999999997,-0.8660254037844388,0,0,1,0,0,0,0,66.0,64.83333333333333,2023-07
red,12.40823996531185,2023-08,67.0,15.681241237375588,10.565847818673518,9.28330122870355,11.84346342825089,5.1153934187020695,0.4841441507099311,67.0,64.0,64.0,65.0,8,-0.8660254037844385,-0.5000000000000004,0,0,1,0,0,0,0,64.33333333333333,65.0,2023-08
red,72.38539704533454,2023-09,65.0,12.40823996531185,15.681241237375588,10.565847818673518,12.88510967378699,-3.2730012720637376,-0.20872080357151035,65.0,67.0,64.0,65.33333333333333,9,-1.0,-1.8369701987210297e-16,0,0,1,0,0,0,0,65.33333333333333,65.66666666666667,2023-09
red,20.43104941044438,2023-10,66.0,72.38539704533454,12.40823996531185,15.681241237375588,33.491626082673996,59.97715708002269,4.833655477947981,66.0,65.0,67.0,66.0,10,-0.8660254037844386,0.5000000000000001,0,0,1,0,0,0,0,63.666666666666664,65.83333333333333,2023-10
red,18.38460011324225,2023-11,62.0,20.43104941044438,72.38539704533454,12.40823996531185,35.07489547369693,-51.95434763489016,-0.717746254846837,62.0,66.0,65.0,64.33333333333333,11,-0.5000000000000004,0.8660254037844384,0,0,1,0,0,0,0,65.66666666666667,66.83333333333333,2023-11
red,25.72366121616177,2023-12,68.0,18.38460011324225,20.43104941044438,72.38539704533454,37.067015523007065,-2.0464492972021304,-0.10016368988643254,68.0,62.0,66.0,65.33333333333333,12,-2.4492935982947064e-16,1.0,0,0,1,0,0,0,0,66.0,66.83333333333333,2023-12
red,11.602059991327964,2024-01,61.0,25.72366121616177,18.38460011324225,20.43104941044438,21.513103579949473,7.339061102919519,0.39919612380544867,61.0,68.0,62.0,63.666666666666664,1,0.49999999999999994,0.8660254037844387,0,0,1,0,0,0,0,68.0,68.66666666666667,2024-01
red,7.602059991327962,2024-02,68.0,11.602059991327964,25.72366121616177,18.38460011324225,18.570107106910665,-14.121601224833805,-0.5489732237633975,68.0,61.0,68.0,65.66666666666667,2,0.8660254037844386,0.5000000000000001,0,0,1,0,0,0,0,68.0,68.33333333333333,2024-02
red,35.778151250383644,2024-03,69.0,7.602059991327962,11.602059991327964,25.72366121616177,14.97592706627257,-4.000000000000003,-0.3447663607143756,69.0,68.0,61.0,66.0,3,1.0,6.123233995736766e-17,0,0,1,0,0,0,0,67.66666666666667,67.66666666666667,2024-03
red,72.49611014876312,2024-04,67.0,35.778151250383644,7.602059991327962,11.602059991327964,18.32742374434653,28.17609125905568,3.706375810135347,67.0,69.0,68.0,68.0,4,0.8660254037844387,-0.4999999999999998,0,0,1,0,0,0,0,69.33333333333333,67.5,2024-04
red,42.915668872095054,2024-05,68.0,72.49611014876312,35.778151250383644,7.602059991327962,38.62544046349158,36.71795889837948,1.0262676414278324,68.0,67.0,69.0,68.0,5,0.49999999999999994,-0.8660254037844387,0,0,1,0,0,0,0,68.66666666666667,67.5,2024-05
red,93.8272614155614,2024-06,68.0,42.915668872095054,72.49611014876312,35.778151250383644,50.396643423747285,-29.58044127666807,-0.40802797854903594,68.0,68.0,67.0,67.66666666666667,6,1.2246467991473532e-16,-1.0,0,0,1,0,0,0,0,67.66666666666667,69.0,2024-06
red,36.99830061817205,2024-07,72.0,93.8272614155614,42.915668872095054,72.49611014876312,69.74634681213986,50.91159254346634,1.1863171163707635,72.0,68.0,68.0,69.33333333333333,7,-0.4999999999999997,-0.8660254037844388,0,0,1,0,0,0,0,65.66666666666667,68.83333333333333,2024-07
red,75.68981921100735,2024-08,66.0,36.99830061817205,93.8272614155614,42.915668872095054,57.91374363527617,-56.82896079738934,-0.6056764307091262,66.0,72.0,68.0,68.66666666666667,8,-0.8660254037844385,-0.5000000000000004,0,0,1,0,0,0,0,66.33333333333333,69.5,2024-08
red,158.15867013037985,2024-09,65.0,75.68981921100735,36.99830061817205,93.8272614155614,68.8384604149136,38.691518592835294,1.0457647499039888,65.0,66.0,72.0,67.66666666666667,9,-1.0,-1.8369701987210297e-16,0,0,1,0,0,0,0,70.33333333333333,69.83333333333333,2024-09
red,150.50694663613103,2024-10,66.0,158.15867013037985,75.68981921100735,36.99830061817205,90.28226331985309,82.4688509193725,1.089563322769561,66.0,65.0,66.0,65.66666666666667,10,-0.8660254037844386,0.5000000000000001,0,0,1,0,0,0,0,72.0,69.83333333333333,2024-10
red,151.69669867678863,2024-11,68.0,150.50694663613103,158.15867013037985,75.68981921100735,128.11847865917275,-7.651723494248813,-0.04838004447015787,68.0,66.0,65.0,66.33333333333333,11,-0.5000000000000004,0.8660254037844384,0,0,1,0,0,0,0,72.66666666666667,69.66666666666667,2024-11
red,257.25637730433846,2024-12,77.0,151.69669867678863,150.50694663613103,158.15867013037985,153.4541051477665,1.189752040657595,0.007904964303966366,77.0,68.0,66.0,70.33333333333333,12,-2.4492935982947064e-16,1.0,0,0,1,0,0,0,0,69.33333333333333,68.33333333333333,2024-12
red,93.0,2025-01,71.0,257.25637730433846,151.69669867678863,150.50694663613103,186.4866742057527,105.55967862754983,0.6958600915400257,71.0,77.0,68.0,72.0,1,0.49999999999999994,0.8660254037844387,0,0,1,0,0,0,0,67.66666666666667,68.33333333333333,2025-01
red,115.0,2025-02,70.0,93.0,257.25637730433846,151.69669867678863,167.31769199370902,-164.25637730433846,-0.6384929268828989,70.0,71.0,77.0,72.66666666666667,2,0.8660254037844386,0.5000000000000001,0,0,1,0,0,0,0,66.66666666666667,69.16666666666667,2025-02
red,27.39590623023813,2025-03,67.0,115.0,93.0,257.25637730433846,155.08545910144616,22.0,0.23655913978494625,67.0,70.0,71.0,69.33333333333333,3,1.0,6.123233995736766e-17,0,0,1,0,0,0,0,67.33333333333333,70.83333333333333,2025-03
red,63.89230038485909,2025-04,66.0,27.39590623023813,115.0,93.0,78.46530207674604,-87.60409376976187,-0.7617747284327119,66.0,67.0,70.0,67.66666666666667,4,0.8660254037844387,-0.4999999999999998,0,0,1,0,0,0,0,69.0,72.33333333333333,2025-04
red,32.82978669183526,2025-05,67.0,63.89230038485909,27.39590623023813,115.0,68.76273553836575,36.49639415462096,1.3321842266469068,67.0,66.0,67.0,66.66666666666667,5,0.49999999999999994,-0.8660254037844387,0,0,1,0,0,0,0,71.66666666666667,73.83333333333333,2025-05
red,94.05250322919518,2025-06,69.0,32.82978669183526,63.89230038485909,27.39590623023813,41.37266443564416,-31.06251369302383,-0.4861699063254402,69.0,67.0,66.0,67.33333333333333,6,1.2246467991473532e-16,-1.0,0,0,1,0,0,0,0,74.33333333333333,75.33333333333333,2025-06
red,30.40720996964787,2025-07,71.0,94.05250322919518,32.82978669183526,63.89230038485909,63.59153010196318,61.22271653735992,1.8648527056249793,71.0,69.0,67.0,69.0,7,-0.4999999999999997,-0.8660254037844388,0,0,1,0,0,0,0,75.66666666666667,75.83333333333333,2025-07
red,46.28330122870355,2025-08,75.0,30.40720996964787,94.05250322919518,32.82978669183526,52.429833296892774,-63.645293259547316,-0.6766996206836837,75.0,71.0,69.0,71.66666666666667,8,-0.8660254037844385,-0.5000000000000004,0,0,1,0,0,0,0,76.0,76.0,2025-08
red,168.73049631871996,2025-09,77.0,46.28330122870355,30.40720996964787,94.05250322919518,56.91433814251553,15.87609125905568,0.5221160137645977,77.0,75.0,71.0,74.33333333333333,9,-1.0,-1.8369701987210297e-16,0,0,1,0,0,0,0,76.33333333333333,75.75,2025-09
red,255.75936766979905,2025-10,75.0,168.73049631871996,46.28330122870355,30.40720996964787,81.80700250569046,122.44719509001641,2.645602017128334,75.0,77.0,75.0,75.66666666666667,10,-0.8660254037844386,0.5000000000000001,0,0,1,0,0,0,0,76.0,76.0,2025-10
sandals,1.0,2020-06,16.0,3.4771212547196626,1.845098040014257,1.6989700043360187,2.340396433023313,1.6320232147054057,0.8845184262906676,16.0,14.4,8.5,12.966666666666667,6,1.2246467991473532e-16,-1.0,0,1,0,0,0,0,0,8.200000000000001,7.066666666666667,2020-06
sandals,4.40823996531185,2020-08,10.6,1.0,3.4771212547196626,1.845098040014257,2.107406431577973,-2.4771212547196626,-0.7124057728379036,10.6,16.0,14.4,13.666666666666666,8,-0.8660254037844385,-0.5000000000000004,0,1,0,0,0,0,0,6.6000000000000005,7.433333333333334,2020-08
sandals,2.283707984390332,2020-09,7.75,4.40823996531185,1.0,3.4771212547196626,2.9617870733438374,3.40823996531185,3.40823996531185,7.75,10.6,16.0,11.450000000000001,9,-1.0,-1.8369701987210297e-16,0,1,0,0,0,0,0,6.016666666666667,7.7250000000000005,2020-09
sandals,12.539328881416116,2020-10,6.25,2.283707984390332,4.40823996531185,1.0,2.5639826499007277,-2.124531980921518,-0.4819456285590894,6.25,7.75,10.6,8.200000000000001,10,-0.8660254037844386,0.5000000000000001,0,1,0,0,0,0,0,5.933333333333334,7.95,2020-10
sandals,7.605343723709604,2020-11,5.8,12.539328881416116,2.283707984390332,4.40823996531185,6.410425610372767,10.255620897025784,4.490775951708934,5.8,6.25,7.75,6.6000000000000005,11,-0.5000000000000004,0.8660254037844384,0,1,0,0,0,0,0,8.266666666666667,8.233333333333333,2020-11
sandals,7.438764005203222,2020-12,6.0,7.605343723709604,12.539328881416116,2.283707984390332,7.476126863172017,-4.933985157706513,-0.39348079983920936,6.0,5.8,6.25,6.016666666666667,12,-2.4492935982947064e-16,1.0,0,1,0,0,0,0,0,9.433333333333334,8.666666666666666,2020-12
sandals,0.3,2021-01,6.0,7.438764005203222,7.605343723709604,12.539328881416116,9.194478870109647,-0.16657971850638198,-0.02190298355445408,6.0,6.0,5.8,5.933333333333334,1,0.49999999999999994,0.8660254037844387,0,1,0,0,0,0,0,9.966666666666667,9.541666666666666,2021-01
sandals,2.414973347970818,2021-08,12.8,0.3,7.438764005203222,7.605343723709604,5.114702576304276,-7.138764005203222,-0.9596707195187053,12.8,6.0,6.0,8.266666666666667,8,-0.8660254037844385,-0.5000000000000004,0,1,0,0,0,0,0,8.200000000000001,10.033333333333333,2021-08
sandals,6.04494397918711,2021-09,9.5,2.414973347970818,0.3,7.438764005203222,3.3845791177246802,2.1149733479708184,7.049911159902727,9.5,12.8,6.0,9.433333333333334,9,-1.0,-1.8369701987210297e-16,0,1,0,0,0,0,0,7.8999999999999995,11.616666666666667,2021-09
sandals,11.905559719999829,2021-10,7.6,6.04494397918711,2.414973347970818,0.3,2.9199724423859763,3.629970631216292,1.503110017452729,7.6,9.5,12.8,9.966666666666667,10,-0.8660254037844386,0.5000000000000001,0,1,0,0,0,0,0,9.116666666666667,14.266666666666666,2021-10
sandals,1.922471989593555,2021-12,7.5,11.905559719999829,6.04494397918711,2.414973347970818,6.788492349052586,5.860615740812719,0.9695070394350984,7.5,7.6,9.5,8.200000000000001,12,-2.4492935982947064e-16,1.0,0,1,0,0,0,0,0,11.866666666666667,16.48333333333333,2021-12
sandals,1.845098040014257,2022-01,8.6,1.922471989593555,11.905559719999829,6.04494397918711,6.624325229593498,-9.983087730406274,-0.8385231744825868,8.6,7.5,7.6,7.8999999999999995,1,0.49999999999999994,0.8660254037844387,0,1,0,0,0,0,0,15.333333333333334,16.8,2022-01
sandals,3.779062935186456,2022-02,11.25,1.845098040014257,1.922471989593555,11.905559719999829,5.224376583202547,-0.077373949579298,-0.040247114131247375,11.25,8.6,7.5,9.116666666666667,2,0.8660254037844386,0.5000000000000001,0,1,0,0,0,0,0,19.416666666666668,16.258333333333333,2022-02
sandals,4.294025094095323,2022-03,15.75,3.779062935186456,1.845098040014257,1.922471989593555,2.5155443215980893,1.933964895172199,1.04816375782246,15.75,11.25,8.6,11.866666666666667,3,1.0,6.123233995736766e-17,0,1,0,0,0,0,0,21.099999999999998,14.966666666666667,2022-03
sandals,3.690196080028514,2022-04,19.0,4.294025094095323,3.779062935186456,1.845098040014257,3.306062023098679,0.5149621589088671,0.13626715610214069,19.0,15.75,11.25,15.333333333333334,4,0.8660254037844387,-0.4999999999999998,0,1,0,0,0,0,0,18.266666666666666,13.174999999999999,2022-04
sandals,0.3,2022-06,23.5,3.690196080028514,4.294025094095323,3.779062935186456,3.921094703103431,-0.6038290140668092,-0.1406207464639947,23.5,19.0,15.75,19.416666666666668,6,1.2246467991473532e-16,-1.0,0,1,0,0,0,0,0,13.1,10.791666666666666,2022-06
sandals,1.845098040014257,2022-07,20.8,0.3,3.690196080028514,4.294025094095323,2.761407058041279,-3.390196080028514,-0.9187035069427308,20.8,23.5,19.0,21.099999999999998,7,-0.4999999999999997,-0.8660254037844388,0,1,0,0,0,0,0,8.833333333333334,9.158333333333333,2022-07
sandals,19.18463300813328,2022-09,10.5,1.845098040014257,0.3,3.690196080028514,1.9450980400142568,1.5450980400142569,5.150326800047523,10.5,20.8,23.5,18.266666666666666,9,-1.0,-1.8369701987210297e-16,0,1,0,0,0,0,0,8.083333333333334,9.658333333333333,2022-09
sandals,8.19921854758853,2022-10,8.0,19.18463300813328,1.845098040014257,0.3,7.109910349382512,17.339534968119022,9.397622561013094,8.0,10.5,20.8,13.1,10,-0.8660254037844386,0.5000000000000001,0,1,0,0,0,0,0,8.483333333333333,12.116666666666667,2022-10
sandals,17.244117033449097,2022-11,8.0,8.19921854758853,19.18463300813328,1.845098040014257,9.742983198578688,-10.98541446054475,-0.57261530391994,8.0,8.0,10.5,8.833333333333334,11,-0.5000000000000004,0.8660254037844384,0,1,0,0,0,0,0,9.483333333333333,14.783333333333333,2022-11
sandals,4.881241237375587,2022-12,8.25,17.244117033449097,8.19921854758853,19.18463300813328,14.875989529723634,9.044898485860568,1.1031415290815443,8.25,8.0,8.0,8.083333333333334,12,-2.4492935982947064e-16,1.0,0,1,0,0,0,0,0,11.233333333333334,16.675,2022-12
sandals,2.4771212547196626,2023-01,9.2,4.881241237375587,17.244117033449097,8.19921854758853,10.108192272804404,-12.36287579607351,-0.7169329558650495,9.2,8.25,8.0,8.483333333333333,1,0.49999999999999994,0.8660254037844387,0,1,0,0,0,0,0,15.75,17.474999999999998,2023-01
sandals,4.6020599913279625,2023-02,11.0,2.4771212547196626,4.881241237375587,17.244117033449097,8.200826508514782,-2.4041199826559243,-0.4925222634455383,11.0,9.2,8.25,9.483333333333333,2,0.8660254037844386,0.5000000000000001,0,1,0,0,0,0,0,20.083333333333332,17.433333333333334,2023-02
sandals,1.6020599913279625,2023-03,13.5,4.6020599913279625,2.4771212547196626,4.881241237375587,3.986807494474404,2.1249387366083,0.8578258866253119,13.5,11.0,9.2,11.233333333333334,3,1.0,6.123233995736766e-17,0,1,0,0,0,0,0,22.116666666666664,16.55,2023-03
sandals,4.9943171526696375,2023-05,22.75,1.6020599913279625,4.6020599913279625,2.4771212547196626,2.893747079125196,-3.0,-0.6518819845141404,22.75,13.5,11.0,15.75,5,0.49999999999999994,-0.8660254037844387,0,1,0,0,0,0,0,19.2,14.133333333333333,2023-05
sandals,3.57978359661681,2023-06,24.0,4.9943171526696375,1.6020599913279625,4.6020599913279625,3.7328123784418543,3.392257161341675,2.1174345403443984,24.0,22.75,13.5,20.083333333333332,6,1.2246467991473532e-16,-1.0,0,1,0,0,0,0,0,14.783333333333333,11.6,2023-06
sandals,2.0,2023-07,19.6,3.57978359661681,4.9943171526696375,1.6020599913279625,3.3920535802048035,-1.4145335560528274,-0.2832286202122165,19.6,24.0,22.75,22.116666666666664,7,-0.4999999999999997,-0.8660254037844388,0,1,0,0,0,0,0,10.983333333333334,10.5,2023-07
sandals,5.57415784926368,2023-08,14.0,2.0,3.57978359661681,4.9943171526696375,3.5247002497621494,-1.5797835966168101,-0.44130701032035446,14.0,19.6,24.0,19.2,8,-0.8660254037844385,-0.5000000000000004,0,1,0,0,0,0,0,9.066666666666666,11.0,2023-08
sandals,66.25921568803136,2023-09,10.75,5.57415784926368,2.0,3.57978359661681,3.7179804819601636,3.5741578492636803,1.7870789246318401,10.75,14.0,19.6,14.783333333333333,9,-1.0,-1.8369701987210297e-16,0,1,0,0,0,0,0,8.416666666666666,11.416666666666666,2023-09
sandals,65.75663610824584,2023-10,8.2,66.25921568803136,5.57415784926368,2.0,24.611124512431683,60.68505783876768,10.886856719851213,8.2,10.75,14.0,10.983333333333334,10,-0.8660254037844386,0.5000000000000001,0,1,0,0,0,0,0,10.016666666666667,11.549999999999999,2023-10
sandals,60.09019608002851,2023-11,8.25,65.75663610824584,66.25921568803136,5.57415784926368,45.86333654851362,-0.5025795797855181,-0.007585051748149496,8.25,8.2,10.75,9.066666666666666,11,-0.5000000000000004,0.8660254037844384,0,1,0,0,0,0,0,12.933333333333332,11.383333333333333,2023-11
sandals,63.54616294870779,2023-12,8.8,60.09019608002851,65.75663610824584,66.25921568803136,64.03534929210191,-5.66644002821733,-0.08617290000798505,8.8,8.25,8.2,8.416666666666666,12,-2.4492935982947064e-16,1.0,0,1,0,0,0,0,0,14.416666666666666,11.125,2023-12
sandals,2.0,2024-03,13.0,63.54616294870779,60.09019608002851,65.75663610824584,63.13099837899404,3.455966868679276,0.05751299037328139,13.0,8.8,8.25,10.016666666666667,3,1.0,6.123233995736766e-17,0,1,0,0,0,0,0,13.083333333333334,10.258333333333333,2024-03
sandals,0.3,2024-07,17.0,2.0,63.54616294870779,60.09019608002851,41.8787863429121,-61.54616294870779,-0.9685268172428549,17.0,13.0,8.8,12.933333333333332,7,-0.4999999999999997,-0.8660254037844388,0,1,0,0,0,0,0,9.833333333333334,8.758333333333333,2024-07
sandals,2.4,2024-08,13.25,0.3,2.0,63.54616294870779,21.9487209829026,-1.7,-0.85,13.25,17.0,13.0,14.416666666666666,8,-0.8660254037844385,-0.5000000000000004,0,1,0,0,0,0,0,7.833333333333333,8.091666666666667,2024-08
sandals,5.7432494522910655,2024-09,9.0,2.4,0.3,2.0,1.5666666666666664,2.1,7.0,9.0,13.25,17.0,13.083333333333334,9,-1.0,-1.8369701987210297e-16,0,1,0,0,0,0,0,7.433333333333334,8.858333333333333,2024-09
sandals,15.398463075790112,2024-10,7.25,5.7432494522910655,2.4,0.3,2.8144164840970216,3.3432494522910656,1.3930206051212775,7.25,9.0,13.25,9.833333333333334,10,-0.8660254037844386,0.5000000000000001,0,1,0,0,0,0,0,7.683333333333334,10.441666666666666,2024-10
sandals,1.2,2024-11,7.25,15.398463075790112,5.7432494522910655,2.4,7.847237509360393,9.655213623499046,1.68114126048407,7.25,7.25,9.0,7.833333333333333,11,-0.5000000000000004,0.8660254037844384,0,1,0,0,0,0,0,8.35,12.441666666666668,2024-11
sandals,16.880446885313017,2024-12,7.8,1.2,15.398463075790112,5.7432494522910655,7.447237509360392,-14.198463075790112,-0.9220701446570552,7.8,7.25,7.25,7.433333333333334,12,-2.4492935982947064e-16,1.0,0,1,0,0,0,0,0,10.283333333333333,14.541666666666666,2024-12
sandals,1.0,2025-01,8.0,16.880446885313017,1.2,15.398463075790112,11.159636653701043,15.680446885313017,13.06703907109418,8.0,7.8,7.25,7.683333333333334,1,0.49999999999999994,0.8660254037844387,0,1,0,0,0,0,0,13.200000000000001,16.291666666666668,2025-01
sandals,1.0,2025-02,9.25,1.0,16.880446885313017,1.2,6.3601489617710065,-15.880446885313017,-0.9407598621769866,9.25,8.0,7.8,8.35,2,0.8660254037844386,0.5000000000000001,0,1,0,0,0,0,0,16.533333333333335,17.216666666666665,2025-02
sandals,13.560377730547048,2025-03,13.6,1.0,1.0,16.880446885313017,6.293482295104339,0.0,0.0,13.6,9.25,8.0,10.283333333333333,3,1.0,6.123233995736766e-17,0,1,0,0,0,0,0,18.8,16.616666666666667,2025-03
sandals,3.0,2025-04,16.75,13.560377730547048,1.0,1.0,5.186792576849016,12.560377730547048,12.560377730547048,16.75,13.6,9.25,13.200000000000001,4,0.8660254037844387,-0.4999999999999998,0,1,0,0,0,0,0,19.383333333333333,15.283333333333333,2025-04
sandals,2.845098040014257,2025-05,19.25,3.0,13.560377730547048,1.0,5.853459243515682,-10.560377730547048,-0.7787672246590895,19.25,16.75,13.6,16.533333333333335,5,0.49999999999999994,-0.8660254037844387,0,1,0,0,0,0,0,17.900000000000002,13.508333333333333,2025-05
sandals,4.556302500767288,2025-06,20.4,2.845098040014257,3.0,13.560377730547048,6.468491923520435,-0.15490195998574308,-0.05163398666191432,20.4,19.25,16.75,18.8,6,1.2246467991473532e-16,-1.0,0,1,0,0,0,0,0,14.433333333333332,11.525,2025-06
sandals,12.550824945089012,2025-07,18.5,4.556302500767288,2.845098040014257,3.0,3.4671335135938484,1.7112044607530308,0.6014571156024049,18.5,20.4,19.25,19.383333333333333,7,-0.4999999999999997,-0.8660254037844388,0,1,0,0,0,0,0,11.183333333333332,9.683602150537634,2025-07
sandals,18.22751238194403,2025-08,14.8,12.550824945089012,4.556302500767288,2.845098040014257,6.650741828623519,7.994522444321724,1.7546074789756463,14.8,18.5,20.4,17.900000000000002,8,-0.8660254037844385,-0.5000000000000004,0,1,0,0,0,0,0,9.116666666666667,9.651459293394778,2025-08
sandals,1.0,2025-09,10.0,18.22751238194403,12.550824945089012,4.556302500767288,11.778213275933444,5.676687436855019,0.4522959615555979,10.0,14.8,18.5,14.433333333333332,9,-1.0,-1.8369701987210297e-16,0,1,0,0,0,0,0,8.616666666666667,11.323502304147466,2025-09
sandals,5.982723387668545,2025-10,8.75,1.0,18.22751238194403,12.550824945089012,10.592779109011014,-17.22751238194403,-0.9451378784418992,8.75,10.0,14.8,11.183333333333332,10,-0.8660254037844386,0.5000000000000001,0,1,0,0,0,0,0,8.183870967741937,11.838202764976959,2025-10
sandals,12.2567107228898,2025-11,8.6,5.982723387668545,1.0,18.22751238194403,8.403411923204192,4.982723387668545,4.982723387668545,8.6,8.75,10.0,9.116666666666667,11,-0.5000000000000004,0.8660254037844384,0,1,0,0,0,0,0,10.186251920122887,12.647753456221198,2025-11
sandals,23.912064536931634,2025-12,8.5,12.2567107228898,5.982723387668545,1.0,6.413144703519449,6.273987335221254,1.048684174192819,8.5,8.6,8.75,8.616666666666667,12,-2.4492935982947064e-16,1.0,0,1,0,0,0,0,0,14.030337941628263,14.030337941628263,2025-12
satin,2.9542425094393248,2020-07,10.0,2.079181246047625,1.4771212547196624,2.7323937598229686,2.0962320868634188,0.6020599913279627,0.40759009418101266,10.0,10.0,8.0,9.333333333333334,7,-0.4999999999999997,-0.8660254037844388,0,0,0,0,1,0,0,10.0,10.166666666666666,2020-07
satin,2.462397997898956,2020-08,10.0,2.9542425094393248,2.079181246047625,1.4771212547196624,2.1701816700688705,0.8750612633916997,0.42086819754416727,10.0,10.0,10.0,10.0,8,-0.8660254037844385,-0.5000000000000004,0,0,0,0,1,0,0,10.333333333333334,10.333333333333334,2020-08
satin,2.345091011327189,2020-09,10.0,2.462397997898956,2.9542425094393248,2.079181246047625,2.4986072511286355,-0.4918445115403687,-0.16648752090217334,10.0,10.0,10.0,10.0,9,-1.0,-1.8369701987210297e-16,0,0,0,0,1,0,0,10.333333333333334,11.0,2020-09
satin,2.345091011327189,2020-11,10.0,2.345091011327189,2.462397997898956,2.9542425094393248,2.5872438395551565,-0.11730698657176708,-0.04763932827749995,10.0,10.0,10.0,10.0,11,-0.5000000000000004,0.8660254037844384,0,0,0,0,1,0,0,10.333333333333334,11.5,2020-11
satin,1.4771212547196624,2020-12,11.0,2.345091011327189,2.345091011327189,2.462397997898956,2.3841933401844444,0.0,0.0,11.0,10.0,10.0,10.333333333333334,12,-2.4492935982947064e-16,1.0,0,0,0,0,1,0,0,10.333333333333334,12.0,2020-12
satin,1.7781512503836436,2021-01,10.0,1.4771212547196624,2.345091011327189,2.345091011327189,2.05576775912468,-0.8679697566075266,-0.37012199203147544,10.0,11.0,10.0,10.333333333333334,1,0.49999999999999994,0.8660254037844387,0,0,0,0,1,0,0,11.666666666666666,12.666666666666666,2021-01
satin,1.0,2021-02,10.0,1.7781512503836436,1.4771212547196624,2.345091011327189,1.8667878388101649,0.30102999566398125,0.20379504709050633,10.0,10.0,11.0,10.333333333333334,2,0.8660254037844386,0.5000000000000001,0,0,0,0,1,0,0,12.666666666666666,13.333333333333334,2021-02
satin,1.0,2021-05,11.0,1.0,1.7781512503836436,1.4771212547196624,1.4184241683677685,-0.7781512503836436,-0.4376181442471523,11.0,10.0,10.0,10.333333333333334,5,0.49999999999999994,-0.8660254037844387,0,0,0,0,1,0,0,13.666666666666666,13.5,2021-05
satin,2.3010299956639813,2021-07,14.0,1.0,1.0,1.7781512503836436,1.259383750127881,0.0,0.0,14.0,11.0,10.0,11.666666666666666,7,-0.4999999999999997,-0.8660254037844388,0,0,0,0,1,0,0,13.666666666666666,13.333333333333334,2021-07
satin,6.9599948383284165,2021-08,13.0,2.3010299956639813,1.0,1.0,1.433676665221327,1.3010299956639813,1.3010299956639813,13.0,14.0,11.0,12.666666666666666,8,-0.8660254037844385,-0.5000000000000004,0,0,0,0,1,0,0,14.0,13.166666666666666,2021-08
satin,2.278753600952829,2021-09,14.0,6.9599948383284165,2.3010299956639813,1.0,3.4203416113307994,4.658964842664435,2.024730164945135,14.0,13.0,14.0,13.666666666666666,9,-1.0,-1.8369701987210297e-16,0,0,0,0,1,0,0,13.333333333333334,12.833333333333334,2021-09
satin,3.060697840353612,2021-10,14.0,2.278753600952829,6.9599948383284165,2.3010299956639813,3.8465928116484087,-4.681241237375588,-0.6725926306146346,14.0,14.0,13.0,13.666666666666666,10,-0.8660254037844386,0.5000000000000001,0,0,0,0,1,0,0,13.0,12.333333333333334,2021-10
satin,9.29095229477166,2021-12,14.0,3.060697840353612,2.278753600952829,6.9599948383284165,4.099815426544953,0.781944239400783,0.3431455858473791,14.0,14.0,14.0,14.0,12,-2.4492935982947064e-16,1.0,0,0,0,0,1,0,0,12.333333333333334,12.0,2021-12
satin,4.294025094095323,2022-02,12.0,9.29095229477166,3.060697840353612,2.278753600952829,4.876801245359367,6.2302544544180485,2.0355666515902295,12.0,14.0,14.0,13.333333333333334,2,0.8660254037844386,0.5000000000000001,0,0,0,0,1,0,0,12.333333333333334,12.0,2022-02
satin,2.681241237375587,2022-05,13.0,4.294025094095323,9.29095229477166,3.060697840353612,5.548558409740198,-4.996927200676337,-0.537827236879505,13.0,12.0,14.0,13.0,5,0.49999999999999994,-0.8660254037844387,0,0,0,0,1,0,0,11.666666666666666,11.833333333333334,2022-05
satin,1.7781512503836436,2022-06,12.0,2.681241237375587,4.294025094095323,9.29095229477166,5.42207287541419,-1.612783856719736,-0.3755878974572042,12.0,13.0,12.0,12.333333333333334,6,1.2246467991473532e-16,-1.0,0,0,0,0,1,0,0,11.666666666666666,11.666666666666666,2022-06
satin,17.37238572855634,2022-09,12.0,1.7781512503836436,2.681241237375587,4.294025094095323,2.9178058606181847,-0.9030899869919435,-0.33681787912373473,12.0,12.0,13.0,12.333333333333334,9,-1.0,-1.8369701987210297e-16,0,0,0,0,1,0,0,11.666666666666666,11.5,2022-09
satin,26.984132787105267,2022-10,11.0,17.37238572855634,1.7781512503836436,2.681241237375587,7.277259405438524,15.594234478172694,8.7699145248798,11.0,12.0,12.0,11.666666666666666,10,-0.8660254037844386,0.5000000000000001,0,0,0,0,1,0,0,12.0,11.5,2022-10
satin,9.780686697202798,2022-11,12.0,26.984132787105267,17.37238572855634,1.7781512503836436,15.378223255348416,9.611747058548929,0.5532773223397496,12.0,11.0,12.0,11.666666666666666,11,-0.5000000000000004,0.8660254037844384,0,0,0,0,1,0,0,11.666666666666666,11.5,2022-11
satin,2.4,2022-12,12.0,9.780686697202798,26.984132787105267,17.37238572855634,18.0457350709548,-17.20344608990247,-0.6375393356396233,12.0,12.0,11.0,11.666666666666666,12,-2.4492935982947064e-16,1.0,0,0,0,0,1,0,0,11.333333333333334,11.333333333333334,2022-12
satin,1.0,2023-01,12.0,2.4,9.780686697202798,26.984132787105267,13.054939828102688,-7.380686697202798,-0.7546184563210289,12.0,12.0,12.0,12.0,1,0.49999999999999994,0.8660254037844387,0,0,0,0,1,0,0,11.0,11.166666666666666,2023-01
satin,4.6020599913279625,2023-02,11.0,1.0,2.4,9.780686697202798,4.3935622324009325,-1.4,-0.5833333333333333,11.0,12.0,12.0,11.666666666666666,2,0.8660254037844386,0.5000000000000001,0,0,0,0,1,0,0,11.333333333333334,11.166666666666666,2023-02
satin,1.6020599913279625,2023-03,11.0,4.6020599913279625,1.0,2.4,2.6673533304426544,3.6020599913279625,3.6020599913279625,11.0,11.0,12.0,11.333333333333334,3,1.0,6.123233995736766e-17,0,0,0,0,1,0,0,11.333333333333334,11.166666666666666,2023-03
satin,12.0,2023-04,11.0,1.6020599913279625,4.6020599913279625,1.0,2.401373327551975,-3.0,-0.6518819845141404,11.0,11.0,11.0,11.0,4,0.8660254037844387,-0.4999999999999998,0,0,0,0,1,0,0,11.333333333333334,11.166666666666666,2023-04
satin,2.0,2023-05,12.0,12.0,1.6020599913279625,4.6020599913279625,6.068039994218641,10.397940008672037,6.490356206981418,12.0,11.0,11.0,11.333333333333334,5,0.49999999999999994,-0.8660254037844387,0,0,0,0,1,0,0,11.0,11.333333333333334,2023-05
satin,1.3010299956639813,2023-06,11.0,2.0,12.0,1.6020599913279625,5.200686663775987,-10.0,-0.8333333333333334,11.0,12.0,11.0,11.333333333333334,6,1.2246467991473532e-16,-1.0,0,0,0,0,1,0,0,11.0,11.666666666666666,2023-06
satin,2.397940008672037,2023-07,11.0,1.3010299956639813,2.0,12.0,5.100343331887994,-0.6989700043360187,-0.3494850021680094,11.0,11.0,12.0,11.333333333333334,7,-0.4999999999999997,-0.8660254037844388,0,0,0,0,1,0,0,11.0,11.833333333333334,2023-07
satin,4.380211241711606,2023-08,11.0,2.397940008672037,1.3010299956639813,2.0,1.8996566681120062,1.0969100130080558,0.8431089342012037,11.0,11.0,11.0,11.0,8,-0.8660254037844385,-0.5000000000000004,0,0,0,0,1,0,0,11.666666666666666,12.0,2023-08
satin,4.729828991381504,2023-09,11.0,4.380211241711606,2.397940008672037,1.3010299956639813,2.6930604153492084,1.9822712330395693,0.8266558904187673,11.0,11.0,11.0,11.0,9,-1.0,-1.8369701987210297e-16,0,0,0,0,1,0,0,12.333333333333334,12.166666666666666,2023-09
satin,5.56329598612474,2023-10,11.0,4.729828991381504,4.380211241711606,2.397940008672037,3.835993413921716,0.349617749669898,0.07981755453722861,11.0,11.0,11.0,11.0,10,-0.8660254037844386,0.5000000000000001,0,0,0,0,1,0,0,12.666666666666666,12.166666666666666,2023-10
satin,4.3,2023-11,13.0,5.56329598612474,4.729828991381504,4.380211241711606,4.891112073072617,0.8334669947432358,0.17621503785061665,13.0,11.0,11.0,11.666666666666666,11,-0.5000000000000004,0.8660254037844384,0,0,0,0,1,0,0,12.333333333333334,12.0,2023-11
satin,4.816177639345071,2023-12,13.0,4.3,5.56329598612474,4.729828991381504,4.864374992502081,-1.2632959861247404,-0.22707689637141204,13.0,13.0,11.0,12.333333333333334,12,-2.4492935982947064e-16,1.0,0,0,0,0,1,0,0,12.0,11.833333333333334,2023-12
satin,9.869214112841028,2024-04,12.0,4.816177639345071,4.3,5.56329598612474,4.893157875156604,0.516177639345071,0.12004131147559782,12.0,13.0,13.0,12.666666666666666,4,0.8660254037844387,-0.4999999999999998,0,0,0,0,1,0,0,11.666666666666666,11.833333333333334,2024-04
satin,4.982723387668545,2024-05,12.0,9.869214112841028,4.816177639345071,4.3,6.328463917395367,5.053036473495958,1.049179837598992,12.0,12.0,13.0,12.333333333333334,5,0.49999999999999994,-0.8660254037844387,0,0,0,0,1,0,0,11.666666666666666,12.166666666666666,2024-05
satin,6.87030938543588,2024-06,12.0,4.982723387668545,9.869214112841028,4.816177639345071,6.5560383799515485,-4.886490725172483,-0.49512460357046806,12.0,12.0,12.0,12.0,6,1.2246467991473532e-16,-1.0,0,0,0,0,1,0,0,11.666666666666666,12.333333333333334,2024-06
satin,16.237878134748836,2024-07,11.0,6.87030938543588,4.982723387668545,9.869214112841028,7.240748961981818,1.887585997767335,0.3788261661160668,11.0,12.0,12.0,11.666666666666666,7,-0.4999999999999997,-0.8660254037844388,0,0,0,0,1,0,0,12.0,12.5,2024-07
satin,13.34226413439983,2024-08,12.0,16.237878134748836,6.87030938543588,4.982723387668545,9.363636969284421,9.367568749312955,1.3634857214976264,12.0,11.0,12.0,11.666666666666666,8,-0.8660254037844385,-0.5000000000000004,0,0,0,0,1,0,0,12.666666666666666,12.666666666666666,2024-08
satin,0.3,2024-09,12.0,13.34226413439983,16.237878134748836,6.87030938543588,12.150150551528183,-2.8956140003490063,-0.17832465401698216,12.0,12.0,11.0,11.666666666666666,9,-1.0,-1.8369701987210297e-16,0,0,0,0,1,0,0,13.0,12.833333333333334,2024-09
satin,5.771617760304913,2024-10,12.0,0.3,13.34226413439983,16.237878134748836,9.960047423049556,-13.04226413439983,-0.9775150606390319,12.0,12.0,12.0,12.0,10,-0.8660254037844386,0.5000000000000001,0,0,0,0,1,0,0,13.0,13.0,2024-10
satin,6.507217537103836,2024-11,14.0,5.771617760304913,0.3,13.34226413439983,6.471293964901583,5.471617760304913,18.238725867683044,14.0,12.0,12.0,12.666666666666666,11,-0.5000000000000004,0.8660254037844384,0,0,0,0,1,0,0,12.666666666666666,12.833333333333334,2024-11
satin,8.3,2024-12,13.0,6.507217537103836,5.771617760304913,0.3,4.19294509913625,0.7355997767989226,0.1274512289878429,13.0,14.0,12.0,13.0,12,-2.4492935982947064e-16,1.0,0,0,0,0,1,0,0,12.666666666666666,12.833333333333334,2024-12
satin,2.0,2025-01,12.0,8.3,6.507217537103836,5.771617760304913,6.859611765802917,1.7927824628961648,0.2755067665517261,12.0,13.0,14.0,13.0,1,0.49999999999999994,0.8660254037844387,0,0,0,0,1,0,0,13.0,13.0,2025-01
satin,1.0,2025-02,13.0,2.0,8.3,6.507217537103836,5.60240584570128,-6.300000000000001,-0.7590361445783133,13.0,12.0,13.0,12.666666666666666,2,0.8660254037844386,0.5000000000000001,0,0,0,0,1,0,0,13.0,13.5,2025-02
satin,8.079181246047625,2025-03,13.0,1.0,2.0,8.3,3.766666666666668,-1.0,-0.5,13.0,13.0,12.0,12.666666666666666,3,1.0,6.123233995736766e-17,0,0,0,0,1,0,0,13.0,13.833333333333334,2025-03
satin,1.0,2025-04,13.0,8.079181246047625,1.0,2.0,3.6930604153492097,7.079181246047625,7.079181246047625,13.0,13.0,13.0,13.0,4,0.8660254037844387,-0.4999999999999998,0,0,0,0,1,0,0,13.0,14.333333333333334,2025-04
satin,19.176272177401103,2025-05,13.0,1.0,8.079181246047625,1.0,3.359727082015876,-7.079181246047625,-0.8762250815341956,13.0,13.0,13.0,13.0,5,0.49999999999999994,-0.8660254037844387,0,0,0,0,1,0,0,14.0,15.0,2025-05
satin,2.5185139398778875,2025-06,13.0,19.176272177401103,1.0,8.079181246047625,9.418484474482911,18.176272177401103,18.176272177401103,13.0,13.0,13.0,13.0,6,1.2246467991473532e-16,-1.0,0,0,0,0,1,0,0,14.666666666666666,15.333333333333334,2025-06
satin,2.903089986991944,2025-07,13.0,2.5185139398778875,19.176272177401103,1.0,7.564928705759665,-16.657758237523215,-0.8686650921211938,13.0,13.0,13.0,13.0,7,-0.4999999999999997,-0.8660254037844388,0,0,0,0,1,0,0,15.666666666666666,15.5,2025-07
satin,16.10594649534969,2025-08,16.0,2.903089986991944,2.5185139398778875,19.176272177401103,8.19929203475698,0.3845760471140567,0.1526995904309758,16.0,13.0,13.0,14.0,8,-0.8660254037844385,-0.5000000000000004,0,0,0,0,1,0,0,16.0,15.4,2025-08
satin,15.89370746543164,2025-09,15.0,16.10594649534969,2.903089986991944,2.5185139398778875,7.1758501407398425,13.202856508357748,4.547863334418364,15.0,16.0,13.0,14.666666666666666,9,-1.0,-1.8369701987210297e-16,0,0,0,0,1,0,0,16.0,15.5,2025-09
satin,8.89501749525715,2025-10,16.0,15.89370746543164,16.10594649534969,2.903089986991944,11.634247982591093,-0.21223902991805055,-0.013177681297980914,16.0,15.0,16.0,15.666666666666666,10,-0.8660254037844386,0.5000000000000001,0,0,0,0,1,0,0,15.333333333333334,15.333333333333334,2025-10
sequins,2.0413926851582254,2020-05,0.0,4.082785370316451,0.3,0.6,1.6609284567721503,3.782785370316451,12.609284567721502,0.0,0.0,0.0,0.0,5,0.49999999999999994,-0.8660254037844387,0,0,0,0,1,0,0,0.0,0.19166666666666665,2020-05
sequins,2.0413926851582254,2020-07,0.0,2.0413926851582254,4.082785370316451,0.3,2.1413926851582255,-2.0413926851582254,-0.5,0.0,0.0,0.0,0.0,7,-0.4999999999999997,-0.8660254037844388,0,0,0,0,1,0,0,0.13333333333333333,0.35833333333333334,2020-07
sequins,1.0,2020-08,0.0,2.0413926851582254,2.0413926851582254,4.082785370316451,2.7218569135443005,0.0,0.0,0.0,0.0,0.0,0.0,8,-0.8660254037844385,-0.5000000000000004,0,0,0,0,1,0,0,0.13333333333333333,0.44166666666666665,2020-08
sequins,0.3,2020-10,0.0,1.0,2.0413926851582254,2.0413926851582254,1.6942617901054835,-1.0413926851582254,-0.510138344635789,0.0,0.0,0.0,0.0,10,-0.8660254037844386,0.5000000000000001,0,0,0,0,1,0,0,0.3833333333333333,0.525,2020-10
sequins,0.3,2020-11,0.4,0.3,1.0,2.0413926851582254,1.1137975617194085,-0.7,-0.7,0.4,0.0,0.0,0.13333333333333333,11,-0.5000000000000004,0.8660254037844384,0,0,0,0,1,0,0,0.5833333333333334,0.525,2020-11
sequins,0.3,2021-01,0.0,0.3,0.3,1.0,0.5333333333333333,0.0,0.0,0.0,0.4,0.0,0.13333333333333333,1,0.49999999999999994,0.8660254037844387,0,0,0,0,1,0,0,0.75,0.525,2021-01
sequins,0.3,2021-06,0.75,0.3,0.3,0.3,0.3,0.0,0.0,0.75,0.0,0.4,0.3833333333333333,6,1.2246467991473532e-16,-1.0,0,0,0,0,1,0,0,0.6666666666666666,0.39999999999999997,2021-06
sequins,0.3,2021-10,1.0,0.3,0.3,0.3,0.3,0.0,0.0,1.0,0.75,0.0,0.5833333333333334,10,-0.8660254037844386,0.5000000000000001,0,0,0,0,1,0,0,0.4666666666666666,0.3333333333333333,2021-10
sequins,1.845098040014257,2022-04,0.5,0.3,0.3,0.3,0.3,0.0,0.0,0.5,1.0,0.75,0.75,4,0.8660254037844387,-0.4999999999999998,0,0,0,0,1,0,0,0.3,0.4166666666666667,2022-04
sequins,1.0,2022-06,0.5,1.845098040014257,0.3,0.3,0.8150326800047522,1.5450980400142569,5.150326800047523,0.5,0.5,1.0,0.6666666666666666,6,1.2246467991473532e-16,-1.0,0,0,0,0,1,0,0,0.13333333333333333,0.5,2022-06
sequins,4.041392685158225,2022-07,0.4,1.0,1.845098040014257,0.3,1.0483660133380857,-0.8450980400142569,-0.4580233796182055,0.4,0.5,0.5,0.4666666666666666,7,-0.4999999999999997,-0.8660254037844388,0,0,0,0,1,0,0,0.19999999999999998,0.43333333333333335,2022-07
sequins,0.3,2023-03,0.0,4.041392685158225,1.0,1.845098040014257,2.2954969083908274,3.0413926851582254,3.0413926851582254,0.0,0.4,0.5,0.3,3,1.0,6.123233995736766e-17,0,0,0,0,1,0,0,0.5333333333333333,0.43333333333333335,2023-03
sequins,1.2,2023-09,0.0,0.3,4.041392685158225,1.0,1.780464228386075,-3.7413926851582255,-0.9257681637565851,0.0,0.0,0.4,0.13333333333333333,9,-1.0,-1.8369701987210297e-16,0,0,0,0,1,0,0,0.8666666666666667,0.43333333333333335,2023-09
sequins,2.0,2023-10,0.6,1.2,0.3,4.041392685158225,1.8471308950527419,0.8999999999999999,3.0,0.6,0.0,0.0,0.19999999999999998,10,-0.8660254037844386,0.5000000000000001,0,0,0,0,1,0,0,0.6666666666666666,0.3333333333333333,2023-10
sequins,1.2,2023-11,1.0,2.0,1.2,0.3,1.1666666666666667,0.8,0.6666666666666667,1.0,0.6,0.0,0.5333333333333333,11,-0.5000000000000004,0.8660254037844384,0,0,0,0,1,0,0,0.3333333333333333,0.16666666666666666,2023-11
sequins,1.7725455056635948,2023-12,1.0,1.2,2.0,1.2,1.4666666666666668,-0.8,-0.4,1.0,1.0,0.6,0.8666666666666667,12,-2.4492935982947064e-16,1.0,0,0,0,0,1,0,0,0.0,0.0,2023-12
sequins,2.0,2024-03,0.0,1.7725455056635948,1.2,2.0,1.6575151685545315,0.5725455056635949,0.4771212547196624,0.0,1.0,1.0,0.6666666666666666,3,1.0,6.123233995736766e-17,0,0,0,0,1,0,0,0.0,0.0,2024-03
sequins,1.3010299956639813,2024-04,0.0,2.0,1.7725455056635948,1.2,1.6575151685545315,0.2274544943364052,0.12832082088140928,0.0,0.0,1.0,0.3333333333333333,4,0.8660254037844387,-0.4999999999999998,0,0,0,0,1,0,0,0.0,0.13333333333333333,2024-04
sequins,19.4033397106238,2024-05,0.0,1.3010299956639813,2.0,1.7725455056635948,1.6911918337758587,-0.6989700043360187,-0.3494850021680094,0.0,0.0,0.0,0.0,5,0.49999999999999994,-0.8660254037844387,0,0,0,0,1,0,0,0.0,0.21666666666666667,2024-05
sequins,10.69845549501979,2024-06,0.0,19.4033397106238,1.3010299956639813,2.0,7.568123235429261,18.10230971495982,13.913829639047867,0.0,0.0,0.0,0.0,6,1.2246467991473532e-16,-1.0,0,0,0,0,1,0,0,0.0,0.3833333333333333,2024-06
sequins,17.22502699157416,2024-07,0.0,10.69845549501979,19.4033397106238,1.3010299956639813,10.467608400435857,-8.704884215604011,-0.44862814058952305,0.0,0.0,0.0,0.0,7,-0.4999999999999997,-0.8660254037844388,0,0,0,0,1,0,0,0.26666666666666666,0.5499999999999999,2024-07
sequins,8.52014277597015,2024-08,0.0,17.22502699157416,10.69845549501979,19.4033397106238,15.775607399072584,6.5265714965543715,0.6100480110977271,0.0,0.0,0.0,0.0,8,-0.8660254037844385,-0.5000000000000004,0,0,0,0,1,0,0,0.43333333333333335,0.7166666666666667,2024-08
sequins,6.74165771605451,2024-10,0.0,8.52014277597015,17.22502699157416,10.69845549501979,12.147875087521365,-8.704884215604011,-0.5053625878126121,0.0,0.0,0.0,0.0,10,-0.8660254037844386,0.5000000000000001,0,0,0,0,1,0,0,0.7666666666666666,1.163095238095238,2024-10
sequins,6.0,2024-12,0.8,6.74165771605451,8.52014277597015,17.22502699157416,10.82894249453294,-1.7784850599156403,-0.208738879931872,0.8,0.0,0.0,0.2666666666666667,12,-2.4492935982947064e-16,1.0,0,0,0,0,1,0,0,0.8333333333333334,1.0512672811059909,2024-12
sequins,2.0387640052032223,2025-09,0.5,6.0,6.74165771605451,8.52014277597015,7.087266830674888,-0.7416577160545099,-0.11001117934070348,0.5,0.8,0.0,0.4333333333333334,9,-1.0,-1.8369701987210297e-16,0,0,0,0,1,0,0,1.0,1.161520737327189,2025-09
sequins,3.483707984390332,2025-10,1.0,2.0387640052032223,6.0,6.74165771605451,4.926807240419244,-3.9612359947967777,-0.6602059991327962,1.0,0.5,0.8,0.7666666666666667,10,-0.8660254037844386,0.5000000000000001,0,0,0,0,1,0,0,1.5595238095238095,1.2019009216589862,2025-10
sequins,6.1367320227682045,2025-11,1.0,3.483707984390332,2.0387640052032223,6.0,3.840823996531185,1.4449439791871095,0.7087352805422316,1.0,1.0,0.5,0.8333333333333334,11,-0.5000000000000004,0.8660254037844384,0,0,0,0,1,0,0,1.269201228878648,1.269201228878648,2025-11
shirt,39.4317740180128,2020-04,53.0,8.292256071356476,9.915505361754375,10.145954283132651,9.451238572081168,-1.623249290397899,-0.16370817534515392,53.0,46.0,58.0,52.333333333333336,4,0.8660254037844387,-0.4999999999999998,0,0,0,0,0,0,1,70.33333333333333,67.16666666666667,2020-04
shirt,15.793731229004226,2020-05,67.0,39.4317740180128,8.292256071356476,9.915505361754375,19.213178483707885,31.139517946656326,3.75525281403453,67.0,53.0,46.0,55.333333333333336,5,0.49999999999999994,-0.8660254037844387,0,0,0,0,0,0,1,70.33333333333333,65.66666666666667,2020-05
shirt,20.262078559416384,2020-06,73.0,15.793731229004226,39.4317740180128,8.292256071356476,21.1725871061245,-23.638042789008576,-0.5994668862276016,73.0,67.0,53.0,64.33333333333333,6,1.2246467991473532e-16,-1.0,0,0,0,0,0,0,1,67.33333333333333,63.666666666666664,2020-06
shirt,52.60201379003592,2020-07,71.0,20.262078559416384,15.793731229004226,39.4317740180128,25.1625279354778,4.468347330412158,0.28291904336109686,71.0,73.0,67.0,70.33333333333333,7,-0.4999999999999997,-0.8660254037844388,0,0,0,0,0,0,1,64.0,60.5,2020-07
shirt,15.254512993386836,2020-08,67.0,52.60201379003592,20.262078559416384,15.793731229004226,29.55260785948551,32.33993523061953,1.596081820321944,67.0,71.0,73.0,70.33333333333333,8,-0.8660254037844385,-0.5000000000000004,0,0,0,0,0,0,1,61.0,58.5,2020-08
shirt,20.16147500284903,2020-09,64.0,15.254512993386836,52.60201379003592,20.262078559416384,29.372868447613047,-37.347500796649086,-0.7100013498670197,64.0,67.0,71.0,67.33333333333333,9,-1.0,-1.8369701987210297e-16,0,0,0,0,0,0,1,60.0,57.333333333333336,2020-09
shirt,4.954242509439325,2020-10,61.0,20.16147500284903,15.254512993386836,52.60201379003592,29.339333928757267,4.906962009462195,0.3216728067024801,61.0,64.0,67.0,64.0,10,-0.8660254037844386,0.5000000000000001,0,0,0,0,0,0,1,57.0,57.666666666666664,2020-10
shirt,10.041010919787666,2020-11,58.0,4.954242509439325,20.16147500284903,15.254512993386836,13.456743501891731,-15.207232493409705,-0.7542718224366403,58.0,61.0,64.0,61.0,11,-0.5000000000000004,0.8660254037844384,0,0,0,0,0,0,1,56.0,59.166666666666664,2020-11
shirt,21.777485947679747,2020-12,61.0,10.041010919787666,4.954242509439325,20.16147500284903,11.718909477358673,5.086768410348341,1.0267499825970399,61.0,58.0,61.0,60.0,12,-2.4492935982947064e-16,1.0,0,0,0,0,0,0,1,54.666666666666664,61.333333333333336,2020-12
shirt,18.42290495817439,2021-01,52.0,21.777485947679747,10.041010919787666,4.954242509439325,12.257579792302247,11.73647502789208,1.1688539253316805,52.0,61.0,58.0,57.0,1,0.49999999999999994,0.8660254037844387,0,0,0,0,0,0,1,58.333333333333336,65.5,2021-01
shirt,40.14565367887701,2021-02,55.0,18.42290495817439,21.777485947679747,10.041010919787666,16.747133941880602,-3.354580989505358,-0.15403894634875281,55.0,52.0,61.0,56.0,2,0.8660254037844386,0.5000000000000001,0,0,0,0,0,0,1,62.333333333333336,68.0,2021-02
shirt,10.115014403811315,2021-03,57.0,40.14565367887701,18.42290495817439,21.777485947679747,26.78201486157705,21.722748720702622,1.1791163646569247,57.0,55.0,52.0,54.666666666666664,3,1.0,6.123233995736766e-17,0,0,0,0,0,0,1,68.0,70.66666666666667,2021-03
shirt,23.101910335608743,2021-04,63.0,10.115014403811315,40.14565367887701,18.42290495817439,22.89452434695424,-30.030639275065695,-0.7480421047637986,63.0,57.0,55.0,58.333333333333336,4,0.8660254037844387,-0.4999999999999998,0,0,0,0,0,0,1,72.66666666666667,71.5,2021-04
shirt,16.31810439080326,2021-05,67.0,23.101910335608743,10.115014403811315,40.14565367887701,24.45419280609902,12.986895931797427,1.283922633555914,67.0,63.0,57.0,62.333333333333336,5,0.49999999999999994,-0.8660254037844387,0,0,0,0,0,0,1,73.66666666666667,71.33333333333333,2021-05
shirt,23.95478285961025,2021-06,74.0,16.31810439080326,23.101910335608743,10.115014403811315,16.511676376741107,-6.783805944805483,-0.2936469688547394,74.0,67.0,63.0,68.0,6,1.2246467991473532e-16,-1.0,0,0,0,0,0,0,1,73.33333333333333,70.16666666666667,2021-06
shirt,53.4182046684882,2021-07,77.0,23.95478285961025,16.31810439080326,23.101910335608743,21.124932528674083,7.636678468806991,0.46798808770404454,77.0,74.0,67.0,72.66666666666667,7,-0.4999999999999997,-0.8660254037844388,0,0,0,0,0,0,1,70.33333333333333,66.66666666666667,2021-07
shirt,16.969937497965844,2021-08,70.0,53.4182046684882,23.95478285961025,16.31810439080326,31.23036397296724,29.46342180887795,1.2299598782235561,70.0,77.0,74.0,73.66666666666667,8,-0.8660254037844385,-0.5000000000000004,0,0,0,0,0,0,1,69.0,65.0,2021-08
shirt,41.47258427394102,2021-09,73.0,16.969937497965844,53.4182046684882,23.95478285961025,31.44764167535477,-36.44826717052236,-0.6823192092792939,73.0,70.0,77.0,73.33333333333333,9,-1.0,-1.8369701987210297e-16,0,0,0,0,0,0,1,67.0,64.33333333333333,2021-09
shirt,10.764026607692038,2021-10,68.0,41.47258427394102,16.969937497965844,53.4182046684882,37.286908813465026,24.502646775975172,1.4438855051123354,68.0,73.0,70.0,70.33333333333333,10,-0.8660254037844386,0.5000000000000001,0,0,0,0,0,0,1,63.0,65.5,2021-10
shirt,30.57829905273213,2021-11,66.0,10.764026607692038,41.47258427394102,16.969937497965844,23.0688494598663,-30.70855766624898,-0.7404544038878346,66.0,68.0,73.0,69.0,11,-0.5000000000000004,0.8660254037844384,0,0,0,0,0,0,1,61.0,69.0,2021-11
shirt,16.33937167925844,2021-12,67.0,30.57829905273213,10.764026607692038,41.47258427394102,27.60496997812173,19.814272445040093,1.8407862751733348,67.0,66.0,68.0,67.0,12,-2.4492935982947064e-16,1.0,0,0,0,0,0,0,1,61.666666666666664,71.16666666666667,2021-12
shirt,19.985606273598314,2022-01,56.0,16.33937167925844,30.57829905273213,10.764026607692038,19.227232446560873,-14.23892737347369,-0.4656546575373185,56.0,67.0,66.0,63.0,1,0.49999999999999994,0.8660254037844387,0,0,0,0,0,0,1,68.0,75.5,2022-01
shirt,18.116246451989504,2022-02,60.0,19.985606273598314,16.33937167925844,30.57829905273213,22.301092335196298,3.646234594339873,0.22315635300520675,60.0,56.0,67.0,61.0,2,0.8660254037844386,0.5000000000000001,0,0,0,0,0,0,1,77.0,78.0,2022-02
shirt,2.0,2022-03,69.0,18.116246451989504,19.985606273598314,16.33937167925844,18.147074801615418,-1.8693598216088105,-0.09353530716144953,69.0,60.0,56.0,61.666666666666664,3,1.0,6.123233995736766e-17,0,0,0,0,0,0,1,80.66666666666667,78.66666666666667,2022-03
shirt,10.66890750230186,2022-04,75.0,2.0,18.116246451989504,19.985606273598314,13.367284241862606,-16.116246451989504,-0.889601855146966,75.0,69.0,60.0,68.0,4,0.8660254037844387,-0.4999999999999998,0,0,0,0,0,0,1,83.0,77.33333333333333,2022-04
shirt,7.510545010206612,2022-06,87.0,10.66890750230186,2.0,18.116246451989504,10.261717984763788,8.66890750230186,4.33445375115093,87.0,75.0,69.0,77.0,6,1.2246467991473532e-16,-1.0,0,0,0,0,0,0,1,79.0,74.16666666666667,2022-06
shirt,3.5563025007672877,2022-07,80.0,7.510545010206612,10.66890750230186,2.0,6.726484170836158,-3.1583624920952476,-0.2960342932407858,80.0,87.0,75.0,80.66666666666667,7,-0.4999999999999997,-0.8660254037844388,0,0,0,0,0,0,1,76.66666666666667,71.5,2022-07
shirt,3.856302500767287,2022-08,82.0,3.5563025007672877,7.510545010206612,10.66890750230186,7.24525167109192,-3.9542425094393243,-0.5264920860024971,82.0,80.0,87.0,83.0,8,-0.8660254037844385,-0.5000000000000004,0,0,0,0,0,0,1,71.66666666666667,68.83333333333333,2022-08
shirt,12.06066155470655,2022-09,75.0,3.856302500767287,3.5563025007672877,7.510545010206612,4.974383337247063,0.2999999999999994,0.08435727836292695,75.0,82.0,80.0,79.0,9,-1.0,-1.8369701987210297e-16,0,0,0,0,0,0,1,69.33333333333333,67.33333333333333,2022-09
shirt,16.459622133129976,2022-10,73.0,12.06066155470655,3.856302500767287,3.5563025007672877,6.491088852080375,8.204359053939264,2.127519574075645,73.0,75.0,82.0,76.66666666666667,10,-0.8660254037844386,0.5000000000000001,0,0,0,0,0,0,1,66.33333333333333,68.0,2022-10
shirt,3.6,2022-11,67.0,16.459622133129976,12.06066155470655,3.856302500767287,10.79219539620127,4.398960578423425,0.36473625915709196,67.0,73.0,75.0,71.66666666666667,11,-0.5000000000000004,0.8660254037844384,0,0,0,0,0,0,1,66.0,70.0,2022-11
shirt,12.458595581095125,2022-12,68.0,3.6,16.459622133129976,12.06066155470655,10.706761229278841,-12.859622133129976,-0.7812829498221645,68.0,67.0,73.0,69.33333333333333,12,-2.4492935982947064e-16,1.0,0,0,0,0,0,0,1,65.33333333333333,73.5,2022-12
shirt,4.0,2023-01,64.0,12.458595581095125,3.6,16.459622133129976,10.839405904741701,8.858595581095125,2.4607209947486455,64.0,68.0,67.0,66.33333333333333,1,0.49999999999999994,0.8660254037844387,0,0,0,0,0,0,1,69.66666666666667,76.66666666666667,2023-01
shirt,4.0,2023-02,66.0,4.0,12.458595581095125,3.6,6.686198527031709,-8.458595581095125,-0.6789365242684604,66.0,64.0,68.0,66.0,2,0.8660254037844386,0.5000000000000001,0,0,0,0,0,0,1,74.0,79.5,2023-02
shirt,4.0,2023-03,66.0,4.0,4.0,12.458595581095125,6.819531860365042,0.0,0.0,66.0,66.0,64.0,65.33333333333333,3,1.0,6.123233995736766e-17,0,0,0,0,0,0,1,81.66666666666667,81.5,2023-03
shirt,30.89211812077025,2023-04,77.0,4.0,4.0,4.0,4.0,0.0,0.0,77.0,66.0,66.0,69.66666666666667,4,0.8660254037844387,-0.4999999999999998,0,0,0,0,0,0,1,83.66666666666667,81.33333333333333,2023-04
shirt,0.6,2023-05,79.0,30.89211812077025,4.0,4.0,12.964039373590083,26.89211812077025,6.723029530192562,79.0,77.0,66.0,74.0,5,0.49999999999999994,-0.8660254037844387,0,0,0,0,0,0,1,85.0,80.16666666666667,2023-05
shirt,20.146051296874862,2023-06,89.0,0.6,30.89211812077025,4.0,11.83070604025675,-30.292118120770247,-0.9805775700567262,89.0,79.0,77.0,81.66666666666667,6,1.2246467991473532e-16,-1.0,0,0,0,0,0,0,1,81.33333333333333,77.0,2023-06
shirt,53.91039746213459,2023-07,83.0,20.146051296874862,0.6,30.89211812077025,17.21272313921504,19.54605129687486,32.5767521614581,83.0,89.0,79.0,83.66666666666667,7,-0.4999999999999997,-0.8660254037844388,0,0,0,0,0,0,1,79.0,73.66666666666667,2023-07
shirt,9.588696260590256,2023-08,83.0,53.91039746213459,20.146051296874862,0.6,24.885482919669816,33.764346165259724,1.6759783675571893,83.0,83.0,89.0,85.0,8,-0.8660254037844385,-0.5000000000000004,0,0,0,0,0,0,1,75.33333333333333,72.66666666666667,2023-08
shirt,1.0,2023-09,78.0,9.588696260590256,53.91039746213459,20.146051296874862,27.881715006533238,-44.321701201544336,-0.8221364205796269,78.0,83.0,83.0,81.33333333333333,9,-1.0,-1.8369701987210297e-16,0,0,0,0,0,0,1,72.66666666666667,72.33333333333333,2023-09
shirt,26.58654401929265,2023-10,76.0,1.0,9.588696260590256,53.91039746213459,21.499697907574944,-8.588696260590256,-0.8957105353195907,76.0,78.0,83.0,79.0,10,-0.8660254037844386,0.5000000000000001,0,0,0,0,0,0,1,68.33333333333333,73.83333333333333,2023-10
shirt,8.437526906643551,2023-11,72.0,26.58654401929265,1.0,9.588696260590256,12.391746759960968,25.58654401929265,25.58654401929265,72.0,76.0,78.0,75.33333333333333,11,-0.5000000000000004,0.8660254037844384,0,0,0,0,0,0,1,70.0,77.33333333333333,2023-11
shirt,6.204119982655925,2023-12,70.0,8.437526906643551,26.58654401929265,1.0,12.008023641978733,-18.149017112649098,-0.6826391989676875,70.0,72.0,76.0,72.66666666666667,12,-2.4492935982947064e-16,1.0,0,0,0,0,0,0,1,72.0,80.16666666666667,2023-12
shirt,3.504119982655925,2024-01,63.0,6.204119982655925,8.437526906643551,26.58654401929265,13.742730302864041,-2.2334069239876264,-0.2646992357712167,63.0,70.0,72.0,68.33333333333333,1,0.49999999999999994,0.8660254037844387,0,0,0,0,0,0,1,79.33333333333333,84.16666666666667,2024-01
shirt,3.397940008672037,2024-03,77.0,3.504119982655925,6.204119982655925,8.437526906643551,6.048588957318468,-2.7,-0.4351946783021684,77.0,63.0,70.0,70.0,3,1.0,6.123233995736766e-17,0,0,0,0,0,0,1,84.66666666666667,84.66666666666667,2024-03
shirt,2.379181246047625,2024-04,76.0,3.397940008672037,3.504119982655925,6.204119982655925,4.368726657994629,-0.10617997398388779,-0.030301466419368817,76.0,77.0,63.0,72.0,4,0.8660254037844387,-0.4999999999999998,0,0,0,0,0,0,1,88.33333333333333,85.0,2024-04
shirt,0.3,2024-05,85.0,2.379181246047625,3.397940008672037,3.504119982655925,3.0937470791251958,-1.0187587626244121,-0.2998165829956949,85.0,76.0,77.0,79.33333333333333,5,0.49999999999999994,-0.8660254037844387,0,0,0,0,0,0,1,89.0,83.33333333333333,2024-05
shirt,12.91703333929878,2024-06,93.0,0.3,2.379181246047625,3.397940008672037,2.025707084906554,-2.079181246047625,-0.8739062017665237,93.0,85.0,76.0,84.66666666666667,6,1.2246467991473532e-16,-1.0,0,0,0,0,0,0,1,84.66666666666667,81.5,2024-06
shirt,9.459392487759231,2024-07,87.0,12.91703333929878,0.3,2.379181246047625,5.198738195115468,12.617033339298779,42.0567777976626,87.0,93.0,85.0,88.33333333333333,7,-0.4999999999999997,-0.8660254037844388,0,0,0,0,0,0,1,81.66666666666667,78.33333333333333,2024-07
shirt,17.45453625072505,2024-08,87.0,9.459392487759231,12.91703333929878,0.3,7.558808609019337,-3.457640851539548,-0.2676807251878821,87.0,87.0,93.0,89.0,8,-0.8660254037844385,-0.5000000000000004,0,0,0,0,0,0,1,77.66666666666667,77.66666666666667,2024-08
shirt,30.506969206580816,2024-09,80.0,17.45453625072505,9.459392487759231,12.91703333929878,13.27698735926102,7.995143762965817,0.8452068960360615,80.0,87.0,87.0,84.66666666666667,9,-1.0,-1.8369701987210297e-16,0,0,0,0,0,0,1,78.33333333333333,78.5,2024-09
shirt,62.92902202165159,2024-10,78.0,30.506969206580816,17.45453625072505,9.459392487759231,19.140299315021696,13.052432955855767,0.7477960324104045,78.0,80.0,87.0,81.66666666666667,10,-0.8660254037844386,0.5000000000000001,0,0,0,0,0,0,1,75.0,80.66666666666667,2024-10
shirt,43.54184522523556,2024-11,75.0,62.92902202165159,30.506969206580816,17.45453625072505,36.96350915965248,32.42205281507077,1.0627752824451946,75.0,78.0,80.0,77.66666666666667,11,-0.5000000000000004,0.8660254037844384,0,0,0,0,0,0,1,77.66666666666667,84.33333333333333,2024-11
shirt,24.205365034993303,2024-12,82.0,43.54184522523556,62.92902202165159,30.506969206580816,45.65927881782266,-19.38717679641603,-0.30808005866904475,82.0,75.0,78.0,78.33333333333333,12,-2.4492935982947064e-16,1.0,0,0,0,0,0,0,1,78.66666666666667,86.5,2024-12
shirt,24.668907502301863,2025-01,68.0,24.205365034993303,43.54184522523556,62.92902202165159,43.55874409396015,-19.33648019024226,-0.4440895899155741,68.0,82.0,75.0,75.0,1,0.49999999999999994,0.8660254037844387,0,0,0,0,0,0,1,86.33333333333333,91.83333333333333,2025-01
shirt,3.6,2025-03,83.0,24.668907502301863,24.205365034993303,43.54184522523556,30.805372587510245,0.4635424673085602,0.019150401848450738,83.0,68.0,82.0,77.66666666666667,3,1.0,6.123233995736766e-17,0,0,0,0,0,0,1,91.0,93.16666666666667,2025-03
shirt,41.20986227529431,2025-04,85.0,3.6,24.668907502301863,24.205365034993303,17.491424179098388,-21.06890750230186,-0.8540673112636187,85.0,83.0,68.0,78.66666666666667,4,0.8660254037844387,-0.4999999999999998,0,0,0,0,0,0,1,94.33333333333333,93.33333333333333,2025-04
shirt,52.47882820539739,2025-05,91.0,41.20986227529431,3.6,24.668907502301863,23.15958992586539,37.60986227529431,10.447183965359532,91.0,85.0,83.0,86.33333333333333,5,0.49999999999999994,-0.8660254037844387,0,0,0,0,0,0,1,97.33333333333333,92.83333333333333,2025-05
shirt,54.09797260397947,2025-06,97.0,52.47882820539739,41.20986227529431,3.6,32.4295634935639,11.268965930103079,0.2734531325250007,97.0,91.0,85.0,91.0,6,1.2246467991473532e-16,-1.0,0,0,0,0,0,0,1,95.33333333333333,90.66666666666667,2025-06
shirt,20.70823996531185,2025-07,95.0,54.09797260397947,52.47882820539739,41.20986227529431,49.26222102822373,1.6191443985820797,0.030853287963002796,95.0,97.0,91.0,94.33333333333333,7,-0.4999999999999997,-0.8660254037844388,0,0,0,0,0,0,1,92.33333333333333,86.33333333333333,2025-07
shirt,32.63606575282787,2025-08,100.0,20.70823996531185,54.09797260397947,52.47882820539739,42.42834692489624,-33.389732638667624,-0.6172085760606019,100.0,95.0,97.0,97.33333333333333,8,-0.8660254037844385,-0.5000000000000004,0,0,0,0,0,0,1,88.33333333333333,83.6,2025-08
shirt,69.66626207383516,2025-09,91.0,32.63606575282787,20.70823996531185,54.09797260397947,35.81409277403973,11.927825787516017,0.575994184319681,91.0,100.0,95.0,95.33333333333333,9,-1.0,-1.8369701987210297e-16,0,0,0,0,0,0,1,86.0,81.75,2025-09
shirt,73.32704117846998,2025-10,86.0,69.66626207383516,32.63606575282787,20.70823996531185,41.00352259732495,37.03019632100729,1.1346403270988223,86.0,91.0,100.0,92.33333333333333,10,-0.8660254037844386,0.5000000000000001,0,0,0,0,0,0,1,80.33333333333333,80.33333333333333,2025-10
silk,8.231388025122545,2020-05,19.0,5.68278537031645,6.096910013008056,0.3,4.026565127774835,-0.41412464269160587,-0.06792369278996258,19.0,17.0,16.0,17.333333333333332,5,0.49999999999999994,-0.8660254037844387,0,0,0,0,1,0,0,22.0,22.833333333333332,2020-05
silk,2.341392685158225,2020-07,21.0,8.231388025122545,5.68278537031645,6.096910013008056,6.670361136149016,2.5486026548060945,0.4484777250463312,21.0,19.0,17.0,19.0,7,-0.4999999999999997,-0.8660254037844388,0,0,0,0,1,0,0,24.0,23.166666666666668,2020-07
silk,14.214756712370466,2020-09,21.0,2.341392685158225,8.231388025122545,5.68278537031645,5.41852202686574,-5.88999533996432,-0.7155531147344536,21.0,21.0,19.0,20.333333333333332,9,-1.0,-1.8369701987210297e-16,0,0,0,0,1,0,0,24.666666666666668,23.0,2020-09
silk,11.347771468507162,2020-10,24.0,14.214756712370466,2.341392685158225,8.231388025122545,8.262512474217079,11.87336402721224,5.0710690703340395,24.0,21.0,21.0,22.0,10,-0.8660254037844386,0.5000000000000001,0,0,0,0,1,0,0,23.666666666666668,22.5,2020-10
silk,22.84180125217573,2020-11,27.0,11.347771468507162,14.214756712370466,2.341392685158225,9.301306955345284,-2.8669852438633043,-0.20169077120878864,27.0,24.0,21.0,24.0,11,-0.5000000000000004,0.8660254037844384,0,0,0,0,1,0,0,22.333333333333332,21.5,2020-11
silk,7.308485018878649,2020-12,23.0,22.84180125217573,11.347771468507162,14.214756712370466,16.134776477684454,11.49402978366857,1.0128887258231547,23.0,27.0,24.0,24.666666666666668,12,-2.4492935982947064e-16,1.0,0,0,0,0,1,0,0,21.333333333333332,21.166666666666668,2020-12
silk,1.0,2021-01,21.0,7.308485018878649,22.84180125217573,11.347771468507162,13.832685913187182,-15.533316233297082,-0.6800390241473404,21.0,23.0,27.0,23.666666666666668,1,0.49999999999999994,0.8660254037844387,0,0,0,0,1,0,0,21.333333333333332,21.166666666666668,2021-01
silk,0.6,2021-02,23.0,1.0,7.308485018878649,22.84180125217573,10.383428757018127,-6.308485018878649,-0.863172737247612,23.0,21.0,23.0,22.333333333333332,2,0.8660254037844386,0.5000000000000001,0,0,0,0,1,0,0,20.666666666666668,21.5,2021-02
silk,0.3,2021-04,20.0,0.6,1.0,7.308485018878649,2.969495006292883,-0.4,-0.4,20.0,23.0,21.0,21.333333333333332,4,0.8660254037844387,-0.4999999999999998,0,0,0,0,1,0,0,21.0,22.0,2021-04
silk,0.6,2021-06,21.0,0.3,0.6,1.0,0.6333333333333333,-0.3,-0.5,21.0,20.0,23.0,21.333333333333332,6,1.2246467991473532e-16,-1.0,0,0,0,0,1,0,0,21.0,22.333333333333332,2021-06
silk,0.3,2021-07,21.0,0.6,0.3,0.6,0.5,0.3,1.0,21.0,21.0,20.0,20.666666666666668,7,-0.4999999999999997,-0.8660254037844388,0,0,0,0,1,0,0,22.333333333333332,22.5,2021-07
silk,25.010151791719604,2021-09,21.0,0.3,0.6,0.3,0.39999999999999997,-0.3,-0.5,21.0,21.0,21.0,21.0,9,-1.0,-1.8369701987210297e-16,0,0,0,0,1,0,0,23.0,23.166666666666668,2021-09
silk,27.961325447734264,2021-10,21.0,25.010151791719604,0.3,0.6,8.636717263906535,24.710151791719603,82.36717263906534,21.0,21.0,21.0,21.0,10,-0.8660254037844386,0.5000000000000001,0,0,0,0,1,0,0,23.666666666666668,23.333333333333332,2021-10
silk,15.376016567353634,2021-11,25.0,27.961325447734264,25.010151791719604,0.3,17.757159079817956,2.95117365601466,0.11799903017748736,25.0,21.0,21.0,22.333333333333332,11,-0.5000000000000004,0.8660254037844384,0,0,0,0,1,0,0,22.666666666666668,22.666666666666668,2021-11
silk,28.759232221267613,2021-12,23.0,15.376016567353634,27.961325447734264,25.010151791719604,22.782497935602503,-12.58530888038063,-0.4500970064493288,23.0,25.0,21.0,23.0,12,-2.4492935982947064e-16,1.0,0,0,0,0,1,0,0,23.333333333333332,22.5,2021-12
silk,4.079062935186456,2022-02,23.0,28.759232221267613,15.376016567353634,27.961325447734264,24.032191412118504,13.383215653913979,0.870395501675592,23.0,23.0,25.0,23.666666666666668,2,0.8660254037844386,0.5000000000000001,0,0,0,0,1,0,0,23.0,22.5,2022-02
silk,1.3,2022-03,22.0,4.079062935186456,28.759232221267613,15.376016567353634,16.071437241269233,-24.680169286081156,-0.8581650962096976,22.0,23.0,23.0,22.666666666666668,3,1.0,6.123233995736766e-17,0,0,0,0,1,0,0,22.666666666666668,22.5,2022-03
silk,0.6,2022-04,25.0,1.3,4.079062935186456,28.759232221267613,11.37943171881802,-2.779062935186456,-0.6812993521658972,25.0,22.0,23.0,23.333333333333332,4,0.8660254037844387,-0.4999999999999998,0,0,0,0,1,0,0,21.666666666666668,22.0,2022-04
silk,0.3,2022-06,22.0,0.6,1.3,4.079062935186456,1.9930209783954853,-0.7000000000000001,-0.5384615384615385,22.0,25.0,22.0,23.0,6,1.2246467991473532e-16,-1.0,0,0,0,0,1,0,0,22.0,22.5,2022-06
silk,0.6,2022-07,21.0,0.3,0.6,1.3,0.7333333333333334,-0.3,-0.5,21.0,22.0,25.0,22.666666666666668,7,-0.4999999999999997,-0.8660254037844388,0,0,0,0,1,0,0,22.333333333333332,22.333333333333332,2022-07
silk,3.3,2022-09,22.0,0.6,0.3,0.6,0.5,0.3,1.0,22.0,21.0,22.0,21.666666666666668,9,-1.0,-1.8369701987210297e-16,0,0,0,0,1,0,0,22.333333333333332,22.333333333333332,2022-09
silk,11.481746166491618,2022-10,23.0,3.3,0.6,0.3,1.4000000000000001,2.6999999999999997,4.5,23.0,22.0,21.0,22.0,10,-0.8660254037844386,0.5000000000000001,0,0,0,0,1,0,0,23.0,22.166666666666668,2022-10
silk,32.622868559507715,2022-11,22.0,11.481746166491618,3.3,0.6,5.1272487221638725,8.181746166491617,2.4793170201489754,22.0,23.0,22.0,22.333333333333332,11,-0.5000000000000004,0.8660254037844384,0,0,0,0,1,0,0,22.333333333333332,22.333333333333332,2022-11
silk,24.590344746407236,2022-12,22.0,32.622868559507715,11.481746166491618,3.3,15.80153824199978,21.141122393016097,1.8412811158214288,22.0,22.0,23.0,22.333333333333332,12,-2.4492935982947064e-16,1.0,0,0,0,0,1,0,0,22.333333333333332,22.666666666666668,2022-12
silk,0.6,2023-01,25.0,24.590344746407236,32.622868559507715,11.481746166491618,22.898319824135523,-8.032523813100479,-0.24622371262196852,25.0,22.0,22.0,23.0,1,0.49999999999999994,0.8660254037844387,0,0,0,0,1,0,0,21.333333333333332,22.166666666666668,2023-01
silk,2.397940008672037,2023-07,20.0,0.6,24.590344746407236,32.622868559507715,19.27107110197165,-23.990344746407235,-0.9756001794123824,20.0,25.0,22.0,22.333333333333332,7,-0.4999999999999997,-0.8660254037844388,0,0,0,0,1,0,0,22.333333333333332,22.5,2023-07
silk,17.984216848102935,2023-09,22.0,2.397940008672037,0.6,24.590344746407236,9.196094918359755,1.797940008672037,2.9965666811200617,22.0,20.0,25.0,22.333333333333332,9,-1.0,-1.8369701987210297e-16,0,0,0,0,1,0,0,23.0,22.666666666666668,2023-09
silk,19.118156034802027,2023-10,22.0,17.984216848102935,2.397940008672037,0.6,6.994052285591656,15.586276839430898,6.499861040336231,22.0,22.0,20.0,21.333333333333332,10,-0.8660254037844386,0.5000000000000001,0,0,0,0,1,0,0,23.0,22.333333333333332,2023-10
silk,6.237762018432186,2023-11,23.0,19.118156034802027,17.984216848102935,2.397940008672037,13.166770963859,1.1339391866990916,0.06305190803005156,23.0,22.0,22.0,22.333333333333332,11,-0.5000000000000004,0.8660254037844384,0,0,0,0,1,0,0,22.666666666666668,22.0,2023-11
silk,25.333016972316432,2023-12,24.0,6.237762018432186,19.118156034802027,17.984216848102935,14.446711633779046,-12.880394016369841,-0.6737257501676845,24.0,23.0,22.0,23.0,12,-2.4492935982947064e-16,1.0,0,0,0,0,1,0,0,22.333333333333332,21.5,2023-12
silk,2.3,2024-01,22.0,25.333016972316432,6.237762018432186,19.118156034802027,16.896311675183547,19.095254953884247,3.061234926478278,22.0,24.0,23.0,23.0,1,0.49999999999999994,0.8660254037844387,0,0,0,0,1,0,0,21.666666666666668,21.5,2024-01
silk,3.079181246047625,2024-02,22.0,2.3,25.333016972316432,6.237762018432186,11.290259663582871,-23.03301697231643,-0.9092093925285959,22.0,22.0,24.0,22.666666666666668,2,0.8660254037844386,0.5000000000000001,0,0,0,0,1,0,0,21.333333333333332,21.5,2024-02
silk,0.6,2024-03,23.0,3.079181246047625,2.3,25.333016972316432,10.237399406121352,0.7791812460476253,0.33877445480331536,23.0,22.0,22.0,22.333333333333332,3,1.0,6.123233995736766e-17,0,0,0,0,1,0,0,20.666666666666668,21.333333333333332,2024-03
silk,12.22924976420066,2024-04,20.0,0.6,3.079181246047625,2.3,1.993060415349207,-2.479181246047625,-0.8051430065150768,20.0,23.0,22.0,21.666666666666668,4,0.8660254037844387,-0.4999999999999998,0,0,0,0,1,0,0,21.333333333333332,21.666666666666668,2024-04
silk,44.8295058790078,2024-05,21.0,12.22924976420066,0.6,3.079181246047625,5.302810336749427,11.62924976420066,19.382082940334435,21.0,20.0,23.0,21.333333333333332,5,0.49999999999999994,-0.8660254037844387,0,0,0,0,1,0,0,21.666666666666668,22.333333333333332,2024-05
silk,25.67760695272049,2024-06,21.0,44.8295058790078,12.22924976420066,0.6,19.219585214402816,32.60025611480714,2.665760921020652,21.0,21.0,20.0,20.666666666666668,6,1.2246467991473532e-16,-1.0,0,0,0,0,1,0,0,22.0,23.0,2024-06
silk,33.05120150601505,2024-07,22.0,25.67760695272049,44.8295058790078,12.22924976420066,27.578787531976314,-19.151898926287306,-0.4272163734745852,22.0,21.0,21.0,21.333333333333332,7,-0.4999999999999997,-0.8660254037844388,0,0,0,0,1,0,0,22.0,23.5,2024-07
silk,15.5646679576299,2024-08,22.0,33.05120150601505,25.67760695272049,44.8295058790078,34.519438112581106,7.373594553294556,0.28716050397030224,22.0,22.0,21.0,21.666666666666668,8,-0.8660254037844385,-0.5000000000000004,0,0,0,0,1,0,0,23.0,23.833333333333332,2024-08
silk,9.129871700176071,2024-09,22.0,15.5646679576299,33.05120150601505,25.67760695272049,24.764492138788473,-17.486533548385147,-0.5290740654376133,22.0,22.0,22.0,22.0,9,-1.0,-1.8369701987210297e-16,0,0,0,0,1,0,0,24.0,24.0,2024-09
silk,9.219563149049288,2024-10,22.0,9.129871700176071,15.5646679576299,33.05120150601505,19.248580387940336,-6.434796257453829,-0.413423291455405,22.0,22.0,22.0,22.0,10,-0.8660254037844386,0.5000000000000001,0,0,0,0,1,0,0,25.0,24.166666666666668,2024-10
silk,8.993132544962211,2024-11,25.0,9.219563149049288,9.129871700176071,15.5646679576299,11.304700935618415,0.08969144887321612,0.009823955014777175,25.0,22.0,22.0,23.0,11,-0.5000000000000004,0.8660254037844384,0,0,0,0,1,0,0,24.666666666666668,23.833333333333332,2024-11
silk,23.32045950202125,2024-12,25.0,8.993132544962211,9.219563149049288,9.129871700176071,9.114189131395852,-0.22643060408707605,-0.024559797511710224,25.0,25.0,22.0,24.0,12,-2.4492935982947064e-16,1.0,0,0,0,0,1,0,0,24.0,23.333333333333332,2024-12
silk,2.4771212547196626,2025-01,25.0,23.32045950202125,8.993132544962211,9.219563149049288,13.844385065344246,14.32732695705904,1.593140864479413,25.0,25.0,25.0,25.0,1,0.49999999999999994,0.8660254037844387,0,0,0,0,1,0,0,23.333333333333332,23.166666666666668,2025-01
silk,1.0,2025-02,24.0,2.4771212547196626,23.32045950202125,8.993132544962211,11.596904433901036,-20.84333824730159,-0.8937790546320512,24.0,25.0,25.0,24.666666666666668,2,0.8660254037844386,0.5000000000000001,0,0,0,0,1,0,0,23.0,24.0,2025-02
silk,7.322833992404172,2025-03,23.0,1.0,2.4771212547196626,23.32045950202125,8.932526918913632,-1.4771212547196626,-0.5963055913816497,23.0,24.0,25.0,24.0,3,1.0,6.123233995736766e-17,0,0,0,0,1,0,0,22.666666666666668,25.666666666666668,2025-03
silk,9.255272505103306,2025-04,23.0,7.322833992404172,1.0,2.4771212547196626,3.5999850823746056,6.322833992404172,6.322833992404172,23.0,23.0,24.0,23.333333333333332,4,0.8660254037844387,-0.4999999999999998,0,0,0,0,1,0,0,23.0,26.833333333333332,2025-04
silk,48.2188316938864,2025-05,23.0,9.255272505103306,7.322833992404172,1.0,5.859368832502487,1.9324385126991341,0.263892164523136,23.0,23.0,23.0,23.0,5,0.49999999999999994,-0.8660254037844387,0,0,0,0,1,0,0,25.0,28.333333333333332,2025-05
silk,14.12138451860299,2025-06,22.0,48.2188316938864,9.255272505103306,7.322833992404172,21.598979397131288,38.963559188783094,4.2098770368240155,22.0,23.0,23.0,22.666666666666668,6,1.2246467991473532e-16,-1.0,0,0,0,0,1,0,0,28.666666666666668,29.833333333333332,2025-06
silk,1.9030899869919435,2025-07,24.0,14.12138451860299,48.2188316938864,9.255272505103306,23.865162905864228,-34.097447175283406,-0.7071396377197289,24.0,22.0,23.0,23.0,7,-0.4999999999999997,-0.8660254037844388,0,0,0,0,1,0,0,30.666666666666668,30.666666666666668,2025-07
silk,41.36173999020073,2025-08,29.0,1.9030899869919435,14.12138451860299,48.2188316938864,21.41443539982711,-12.218294531611047,-0.8652334702390632,29.0,24.0,22.0,25.0,8,-0.8660254037844385,-0.5000000000000004,0,0,0,0,1,0,0,31.666666666666668,31.0,2025-08
silk,12.8,2025-09,33.0,41.36173999020073,1.9030899869919435,14.12138451860299,19.128738165265215,39.45865000320879,20.733990653577976,33.0,29.0,24.0,28.666666666666668,9,-1.0,-1.8369701987210297e-16,0,0,0,0,1,0,0,31.0,30.5,2025-09
silk,22.04504215261636,2025-10,30.0,12.8,41.36173999020073,1.9030899869919435,18.68827665906422,-28.56173999020073,-0.6905352627081809,30.0,33.0,29.0,30.666666666666668,10,-0.8660254037844386,0.5000000000000001,0,0,0,0,1,0,0,30.666666666666668,30.666666666666668,2025-10
silver,2.414973347970818,2020-09,66.25,1.0,2.0,2.6989700043360187,1.8996566681120062,-1.0,-0.5,66.25,75.4,61.4,67.68333333333334,9,-1.0,-1.8369701987210297e-16,0,0,1,0,0,0,0,86.38333333333333,86.59166666666665,2020-09
silver,1.845098040014257,2022-04,86.75,2.414973347970818,1.0,2.0,1.8049911159902727,1.4149733479708182,1.4149733479708182,86.75,66.25,75.4,76.13333333333334,4,0.8660254037844387,-0.4999999999999998,0,0,1,0,0,0,0,87.13333333333333,86.59999999999998,2022-04
silver,1.0,2022-05,85.6,1.845098040014257,2.414973347970818,1.0,1.7533571293283583,-0.5698753079565613,-0.2359758166421998,85.6,86.75,66.25,79.53333333333333,5,0.49999999999999994,-0.8660254037844387,0,0,1,0,0,0,0,87.06666666666668,86.16666666666667,2022-05
silver,2.0413926851582254,2022-07,86.8,1.0,1.845098040014257,2.414973347970818,1.7533571293283583,-0.8450980400142569,-0.4580233796182055,86.8,85.6,86.75,86.38333333333333,7,-0.4999999999999997,-0.8660254037844388,0,0,1,0,0,0,0,86.8,87.2,2022-07
silver,1.7781512503836436,2022-12,89.0,2.0413926851582254,1.0,1.845098040014257,1.6288302417241607,1.0413926851582254,1.0413926851582254,89.0,86.8,85.6,87.13333333333333,12,-2.4492935982947064e-16,1.0,0,0,1,0,0,0,0,86.06666666666666,78.40833333333333,2022-12
silver,1.0,2023-01,85.4,1.7781512503836436,2.0413926851582254,1.0,1.6065146451806231,-0.26324143477458173,-0.12895188499912658,85.4,89.0,86.8,87.06666666666666,1,0.49999999999999994,0.8660254037844387,0,0,1,0,0,0,0,85.26666666666667,70.71666666666667,2023-01
silver,3.204119982655925,2023-04,86.0,1.0,1.7781512503836436,2.0413926851582254,1.6065146451806231,-0.7781512503836436,-0.4376181442471523,86.0,85.4,89.0,86.8,4,0.8660254037844387,-0.4999999999999998,0,0,1,0,0,0,0,87.60000000000001,62.650000000000006,2023-04
silver,3.204119982655925,2023-07,86.8,3.204119982655925,1.0,1.7781512503836436,1.9940904110131896,2.204119982655925,2.204119982655925,86.8,86.0,85.4,86.06666666666666,7,-0.4999999999999997,-0.8660254037844388,0,0,1,0,0,0,0,70.75,55.01666666666667,2023-07
silver,1.0,2023-09,83.0,3.204119982655925,3.204119982655925,1.0,2.4694133217706167,0.0,0.0,83.0,86.8,86.0,85.26666666666667,9,-1.0,-1.8369701987210297e-16,0,0,1,0,0,0,0,56.166666666666664,47.98333333333333,2023-09
silver,4.44967122218987,2023-12,93.0,1.0,3.204119982655925,3.204119982655925,2.4694133217706167,-2.204119982655925,-0.6879018247091075,93.0,83.0,86.8,87.60000000000001,12,-2.4492935982947064e-16,1.0,0,0,1,0,0,0,0,37.699999999999996,38.94166666666666,2023-12
silver,1.0,2024-05,36.25,4.44967122218987,1.0,3.204119982655925,2.884597068281932,3.4496712221898704,3.4496712221898704,36.25,93.0,83.0,70.75,5,0.49999999999999994,-0.8660254037844387,0,0,1,0,0,0,0,39.28333333333333,40.10833333333333,2024-05
silver,3.0,2024-08,39.25,1.0,4.44967122218987,1.0,2.1498904073966236,-3.4496712221898704,-0.7752642948060648,39.25,36.25,93.0,56.166666666666664,8,-0.8660254037844385,-0.5000000000000004,0,0,1,0,0,0,0,39.8,40.19166666666666,2024-08
silver,3.5563025007672877,2024-09,37.6,3.0,1.0,4.44967122218987,2.81655707406329,2.0,2.0,37.6,39.25,36.25,37.699999999999996,9,-1.0,-1.8369701987210297e-16,0,0,1,0,0,0,0,40.18333333333333,41.550000000000004,2024-09
silver,3.5563025007672877,2024-10,41.0,3.5563025007672877,3.0,1.0,2.5187675002557626,0.5563025007672877,0.1854341669224293,41.0,37.6,39.25,39.28333333333333,10,-0.8660254037844386,0.5000000000000001,0,0,1,0,0,0,0,40.93333333333333,43.083333333333336,2024-10
silver,15.556302500767288,2024-12,40.8,3.5563025007672877,3.5563025007672877,3.0,3.3708683338448586,0.0,0.0,40.8,41.0,37.6,39.800000000000004,12,-2.4492935982947064e-16,1.0,0,0,1,0,0,0,0,40.583333333333336,45.449999999999996,2024-12
silver,2.0,2025-02,38.75,15.556302500767288,3.5563025007672877,3.5563025007672877,7.556302500767288,12.0,3.374291134517086,38.75,40.8,41.0,40.18333333333334,2,0.8660254037844386,0.5000000000000001,0,0,1,0,0,0,0,42.916666666666664,48.65833333333333,2025-02
silver,2.0,2025-04,43.25,2.0,15.556302500767288,3.5563025007672877,7.037535000511525,-13.556302500767288,-0.8714347448629677,43.25,38.75,40.8,40.93333333333334,4,0.8660254037844387,-0.4999999999999998,0,0,1,0,0,0,0,45.23333333333333,54.36666666666667,2025-04
silver,1.7781512503836436,2025-05,39.75,2.0,2.0,15.556302500767288,6.518767500255763,0.0,0.0,39.75,43.25,38.75,40.583333333333336,5,0.49999999999999994,-0.8660254037844387,0,0,1,0,0,0,0,50.31666666666666,54.86532258064516,2025-05
silver,1.3010299956639813,2025-07,45.75,1.7781512503836436,2.0,2.0,1.926050416794548,-0.22184874961635637,-0.11092437480817818,45.75,39.75,43.25,42.916666666666664,7,-0.4999999999999997,-0.8660254037844388,0,0,1,0,0,0,0,54.4,55.11532258064516,2025-07
silver,2.0,2025-08,50.2,1.3010299956639813,1.7781512503836436,2.0,1.6930604153492084,-0.4771212547196624,-0.26832433664837085,50.2,45.75,39.75,45.23333333333333,8,-0.8660254037844385,-0.5000000000000004,0,0,1,0,0,0,0,63.5,52.14650537634409,2025-08
silver,4.0,2025-09,55.0,2.0,1.3010299956639813,1.7781512503836436,1.6930604153492084,0.6989700043360187,0.5372435736804815,55.0,50.2,45.75,50.31666666666666,9,-1.0,-1.8369701987210297e-16,0,0,1,0,0,0,0,59.413978494623656,51.575806451612905,2025-09
silver,4.536732022768204,2025-11,58.0,4.0,2.0,1.3010299956639813,2.433676665221327,2.0,1.0,58.0,55.0,50.2,54.4,11,-0.5000000000000004,0.8660254037844384,0,0,1,0,0,0,0,55.83064516129033,49.96975806451613,2025-11
silver,20.83368762756009,2025-12,77.5,4.536732022768204,4.0,2.0,3.5122440075894015,0.536732022768204,0.134183005692051,77.5,58.0,55.0,63.5,12,-2.4492935982947064e-16,1.0,0,0,1,0,0,0,0,40.793010752688176,40.793010752688176,2025-12
skirt,40.31597203801588,2020-04,7.0,11.854844860008509,18.17815125038364,19.74836697431802,16.593787694903387,-6.32330639037513,-0.34785200669081684,7.0,7.0,9.0,7.666666666666667,4,0.8660254037844387,-0.4999999999999998,0,0,0,0,0,0,1,9.333333333333334,9.666666666666666,2020-04
skirt,38.86823503446054,2020-05,9.0,40.31597203801588,11.854844860008509,18.17815125038364,23.449656049469343,28.46112717800737,2.4008013191314714,9.0,7.0,7.0,7.666666666666667,5,0.49999999999999994,-0.8660254037844387,0,0,0,0,0,0,1,9.666666666666666,9.833333333333334,2020-05
skirt,13.088136088700551,2020-06,9.0,38.86823503446054,40.31597203801588,11.854844860008509,30.346350644161646,-1.4477370035553392,-0.035909763063388334,9.0,9.0,7.0,8.333333333333334,6,1.2246467991473532e-16,-1.0,0,0,0,0,0,0,1,10.0,10.0,2020-06
skirt,21.928418718397232,2020-07,10.0,13.088136088700551,38.86823503446054,40.31597203801588,30.757447720392324,-25.78009894575999,-0.6632690916606678,10.0,9.0,9.0,9.333333333333334,7,-0.4999999999999997,-0.8660254037844388,0,0,0,0,0,0,1,10.0,9.666666666666666,2020-07
skirt,39.01431880846085,2020-08,10.0,21.928418718397232,13.088136088700551,38.86823503446054,24.628263280519445,8.84028262969668,0.6754424441940825,10.0,10.0,9.0,9.666666666666666,8,-0.8660254037844385,-0.5000000000000004,0,0,0,0,0,0,1,10.0,9.333333333333334,2020-08
skirt,43.233786411740574,2020-09,10.0,39.01431880846085,21.928418718397232,13.088136088700551,24.67695787185288,17.085900090063618,0.7791669937298809,10.0,10.0,10.0,10.0,9,-1.0,-1.8369701987210297e-16,0,0,0,0,0,0,1,10.0,9.166666666666666,2020-09
skirt,52.78453864540551,2020-10,10.0,43.233786411740574,39.01431880846085,21.928418718397232,34.725507979532885,4.219467603279725,0.10815176920030378,10.0,10.0,10.0,10.0,10,-0.8660254037844386,0.5000000000000001,0,0,0,0,0,0,1,9.333333333333334,9.166666666666666,2020-10
skirt,97.63583706961884,2020-11,10.0,52.78453864540551,43.233786411740574,39.01431880846085,45.01088128853565,9.550752233664937,0.22090945592198552,10.0,10.0,10.0,10.0,11,-0.5000000000000004,0.8660254037844384,0,0,0,0,0,0,1,8.666666666666666,9.166666666666666,2020-11
skirt,90.96876220456352,2020-12,10.0,97.63583706961884,52.78453864540551,43.233786411740574,64.55138737558832,44.85129842421333,0.8497052276143611,10.0,10.0,10.0,10.0,12,-2.4492935982947064e-16,1.0,0,0,0,0,0,0,1,8.333333333333334,9.166666666666666,2020-12
skirt,9.079596491257824,2021-01,8.0,90.96876220456352,97.63583706961884,52.78453864540551,80.46304597319596,-6.667074865055326,-0.06828512014805999,8.0,10.0,10.0,9.333333333333334,1,0.49999999999999994,0.8660254037844387,0,0,0,0,0,0,1,9.0,9.5,2021-01
skirt,19.561627184561583,2021-02,8.0,9.079596491257824,90.96876220456352,97.63583706961884,65.8947319218134,-81.88916571330569,-0.9001899523394599,8.0,8.0,10.0,8.666666666666666,2,0.8660254037844386,0.5000000000000001,0,0,0,0,0,0,1,9.666666666666666,9.833333333333334,2021-02
skirt,18.9350683188744,2021-03,9.0,19.561627184561583,9.079596491257824,90.96876220456352,39.86999529346098,10.48203069330376,1.1544599700434102,9.0,8.0,8.0,8.333333333333334,3,1.0,6.123233995736766e-17,0,0,0,0,0,0,1,10.0,10.166666666666666,2021-03
skirt,16.322380822238934,2021-04,10.0,18.9350683188744,19.561627184561583,9.079596491257824,15.858763998231273,-0.6265588656871834,-0.03202999728885925,10.0,9.0,8.0,9.0,4,0.8660254037844387,-0.4999999999999998,0,0,0,0,0,0,1,10.0,10.5,2021-04
skirt,15.022206277439016,2021-05,10.0,16.322380822238934,18.9350683188744,19.561627184561583,18.273025441891644,-2.6126874966354663,-0.13798141377874773,10.0,10.0,9.0,9.666666666666666,5,0.49999999999999994,-0.8660254037844387,0,0,0,0,0,0,1,10.0,10.833333333333334,2021-05
skirt,18.691025335628296,2021-06,10.0,15.022206277439016,16.322380822238934,18.9350683188744,16.759885139517454,-1.3001745447999173,-0.07965593738803434,10.0,10.0,10.0,10.0,6,1.2246467991473532e-16,-1.0,0,0,0,0,0,0,1,10.333333333333334,11.0,2021-06
skirt,20.809269960975836,2021-07,10.0,18.691025335628296,15.022206277439016,16.322380822238934,16.67853747843542,3.66881905818928,0.24422637996252705,10.0,10.0,10.0,10.0,7,-0.4999999999999997,-0.8660254037844388,0,0,0,0,0,0,1,11.0,10.833333333333334,2021-07
skirt,36.43077310553576,2021-08,10.0,20.809269960975836,18.691025335628296,15.022206277439016,18.17416719134772,2.1182446253475398,0.11332950372229189,10.0,10.0,10.0,10.0,8,-0.8660254037844385,-0.5000000000000004,0,0,0,0,0,0,1,11.666666666666666,10.833333333333334,2021-08
skirt,161.93330009585816,2021-09,11.0,36.43077310553576,20.809269960975836,18.691025335628296,25.31035613404664,15.621503144559927,0.7506992399952204,11.0,10.0,10.0,10.333333333333334,9,-1.0,-1.8369701987210297e-16,0,0,0,0,0,0,1,11.666666666666666,10.666666666666666,2021-09
skirt,118.26396784269346,2021-10,12.0,161.93330009585816,36.43077310553576,20.809269960975836,73.05778105412325,125.5025269903224,3.4449592004747194,12.0,11.0,10.0,11.0,10,-0.8660254037844386,0.5000000000000001,0,0,0,0,0,0,1,10.666666666666666,10.5,2021-10
skirt,62.05536852046007,2021-11,12.0,118.26396784269346,161.93330009585816,36.43077310553576,105.54268034802914,-43.6693322531647,-0.2696748119584679,12.0,12.0,11.0,11.666666666666666,11,-0.5000000000000004,0.8660254037844384,0,0,0,0,0,0,1,10.0,10.333333333333334,2021-11
skirt,104.8858532808624,2021-12,11.0,62.05536852046007,118.26396784269346,161.93330009585816,114.08421215300392,-56.20859932223339,-0.47528085136631115,11.0,12.0,12.0,11.666666666666666,12,-2.4492935982947064e-16,1.0,0,0,0,0,0,0,1,9.666666666666666,10.333333333333334,2021-12
skirt,3.0,2022-01,9.0,104.8858532808624,62.05536852046007,118.26396784269346,95.06839654800531,42.830484760402335,0.6901978955500174,9.0,11.0,12.0,10.666666666666666,1,0.49999999999999994,0.8660254037844387,0,0,0,0,0,0,1,10.333333333333334,10.666666666666666,2022-01
skirt,6.1,2022-02,10.0,3.0,104.8858532808624,62.05536852046007,56.64707393377417,-101.8858532808624,-0.9713974772940386,10.0,9.0,11.0,10.0,2,0.8660254037844386,0.5000000000000001,0,0,0,0,0,0,1,10.666666666666666,10.833333333333334,2022-02
skirt,4.5,2022-03,10.0,6.1,3.0,104.8858532808624,37.99528442695415,3.0999999999999996,1.0333333333333332,10.0,10.0,9.0,9.666666666666666,3,1.0,6.123233995736766e-17,0,0,0,0,0,0,1,11.0,10.833333333333334,2022-03
skirt,10.190196080028514,2022-04,11.0,4.5,6.1,3.0,4.533333333333343,-1.5999999999999996,-0.2622950819672131,11.0,10.0,10.0,10.333333333333334,4,0.8660254037844387,-0.4999999999999998,0,0,0,0,0,0,1,11.0,11.0,2022-04
skirt,12.539332693830262,2022-05,11.0,10.190196080028514,4.5,6.1,6.930065360009515,5.690196080028514,1.2644880177841142,11.0,11.0,10.0,10.666666666666666,5,0.49999999999999994,-0.8660254037844387,0,0,0,0,0,0,1,11.0,11.0,2022-05
skirt,20.378356318462856,2022-06,11.0,12.539332693830262,10.190196080028514,4.5,9.076509591286268,2.3491366138017487,0.23052908848395548,11.0,11.0,11.0,11.0,6,1.2246467991473532e-16,-1.0,0,0,0,0,0,0,1,10.666666666666666,11.0,2022-06
skirt,21.75576682066141,2022-07,11.0,20.378356318462856,12.539332693830262,10.190196080028514,14.369295030773886,7.839023624632594,0.6251547682828158,11.0,11.0,11.0,11.0,7,-0.4999999999999997,-0.8660254037844388,0,0,0,0,0,0,1,11.0,10.833333333333334,2022-07
skirt,12.648267603534649,2022-08,11.0,21.75576682066141,20.378356318462856,12.539332693830262,18.22448527765152,1.377410502198554,0.06759183521345213,11.0,11.0,11.0,11.0,8,-0.8660254037844385,-0.5000000000000004,0,0,0,0,0,0,1,11.0,10.666666666666666,2022-08
skirt,55.06932706679223,2022-09,10.0,12.648267603534649,21.75576682066141,20.378356318462856,18.26079691421965,-9.107499217126762,-0.4186246015689682,10.0,11.0,11.0,10.666666666666666,9,-1.0,-1.8369701987210297e-16,0,0,0,0,0,0,1,11.333333333333334,10.833333333333334,2022-09
skirt,29.24705498018068,2022-10,12.0,55.06932706679223,12.648267603534649,21.75576682066141,29.824453830329436,42.421059463257585,3.353902747234943,12.0,10.0,11.0,11.0,10,-0.8660254037844386,0.5000000000000001,0,0,0,0,0,0,1,10.666666666666666,10.666666666666666,2022-10
skirt,40.68044381621324,2022-11,11.0,29.24705498018068,55.06932706679223,12.648267603534649,32.321549883502534,-25.822272086611555,-0.4689048053064523,11.0,12.0,10.0,11.0,11,-0.5000000000000004,0.8660254037844384,0,0,0,0,0,0,1,10.333333333333334,10.666666666666666,2022-11
skirt,31.689961541590563,2022-12,11.0,40.68044381621324,29.24705498018068,55.06932706679223,41.66560862106206,11.433388836032563,0.39092444841986373,11.0,11.0,12.0,11.333333333333334,12,-2.4492935982947064e-16,1.0,0,0,0,0,0,0,1,10.333333333333334,10.833333333333334,2022-12
skirt,7.208485018878649,2023-01,10.0,31.689961541590563,40.68044381621324,29.24705498018068,33.87248677932817,-8.990482274622678,-0.2210025612119677,10.0,11.0,11.0,10.666666666666666,1,0.49999999999999994,0.8660254037844387,0,0,0,0,0,0,1,10.666666666666666,11.166666666666666,2023-01
skirt,2.1,2023-02,10.0,7.208485018878649,31.689961541590563,40.68044381621324,26.526296792227495,-24.481476522711915,-0.7725309634908176,10.0,10.0,11.0,10.333333333333334,2,0.8660254037844386,0.5000000000000001,0,0,0,0,0,0,1,11.0,11.5,2023-02
skirt,4.8,2023-03,11.0,2.1,7.208485018878649,31.689961541590563,13.666148853489744,-5.10848501887865,-0.7086766505721787,11.0,10.0,10.0,10.333333333333334,3,1.0,6.123233995736766e-17,0,0,0,0,0,0,1,11.333333333333334,11.833333333333334,2023-03
skirt,28.70023961457347,2023-04,11.0,4.8,2.1,7.208485018878649,4.702828339626223,2.6999999999999997,1.2857142857142856,11.0,11.0,10.0,10.666666666666666,4,0.8660254037844387,-0.4999999999999998,0,0,0,0,0,0,1,11.666666666666666,12.166666666666666,2023-04
skirt,17.08433122436753,2023-05,11.0,28.70023961457347,4.8,2.1,11.866746538191164,23.90023961457347,4.979216586369473,11.0,11.0,11.0,11.0,5,0.49999999999999994,-0.8660254037844387,0,0,0,0,0,0,1,12.0,12.5,2023-05
skirt,8.904119982655924,2023-06,12.0,17.08433122436753,28.70023961457347,4.8,16.86152361298034,-11.615908390205938,-0.404732104895305,12.0,11.0,11.0,11.333333333333334,6,1.2246467991473532e-16,-1.0,0,0,0,0,0,0,1,12.333333333333334,12.666666666666666,2023-06
skirt,7.540362689494244,2023-07,12.0,8.904119982655924,17.08433122436753,28.70023961457347,18.229563607198983,-8.180211241711607,-0.478813664654552,12.0,12.0,11.0,11.666666666666666,7,-0.4999999999999997,-0.8660254037844388,0,0,0,0,0,0,1,12.666666666666666,12.333333333333334,2023-07
skirt,17.23149034569495,2023-08,12.0,7.540362689494244,8.904119982655924,17.08433122436753,11.17627129883924,-1.3637572931616804,-0.15316025568142655,12.0,12.0,12.0,12.0,8,-0.8660254037844385,-0.5000000000000004,0,0,0,0,0,0,1,13.0,12.333333333333334,2023-08
skirt,139.83925582250652,2023-09,13.0,17.23149034569495,7.540362689494244,8.904119982655924,11.225324339281713,9.691127656200706,1.285233622741126,13.0,12.0,12.0,12.333333333333334,9,-1.0,-1.8369701987210297e-16,0,0,0,0,0,0,1,13.0,12.166666666666666,2023-09
skirt,54.45410124875632,2023-10,13.0,139.83925582250652,17.23149034569495,7.540362689494244,54.870369619231916,122.60776547681157,7.115331466813224,13.0,13.0,12.0,12.666666666666666,10,-0.8660254037844386,0.5000000000000001,0,0,0,0,0,0,1,12.0,12.0,2023-10
skirt,75.37841637085845,2023-11,13.0,54.45410124875632,139.83925582250652,17.23149034569495,70.50828247231927,-85.3851545737502,-0.610595029782816,13.0,13.0,13.0,13.0,11,-0.5000000000000004,0.8660254037844384,0,0,0,0,0,0,1,11.666666666666666,12.0,2023-11
skirt,47.908554471028985,2023-12,13.0,75.37841637085845,54.45410124875632,139.83925582250652,89.89059114737377,20.92431512210213,0.384255999865208,13.0,13.0,13.0,13.0,12,-2.4492935982947064e-16,1.0,0,0,0,0,0,0,1,11.333333333333334,12.166666666666666,2023-12
skirt,16.382271233039567,2024-01,10.0,47.908554471028985,75.37841637085845,54.45410124875632,59.24702403021459,-27.46986189982946,-0.36442609466188525,10.0,13.0,13.0,12.0,1,0.49999999999999994,0.8660254037844387,0,0,0,0,0,0,1,12.0,12.833333333333334,2024-01
skirt,2.1,2024-02,12.0,16.382271233039567,47.908554471028985,75.37841637085845,46.55641402497567,-31.526283237989418,-0.6580512308517643,12.0,10.0,13.0,11.666666666666666,2,0.8660254037844386,0.5000000000000001,0,0,0,0,0,0,1,12.333333333333334,13.166666666666666,2024-02
skirt,2.078151250383644,2024-03,12.0,2.1,16.382271233039567,47.908554471028985,22.130275234689524,-14.282271233039568,-0.8718126461143711,12.0,12.0,10.0,11.333333333333334,3,1.0,6.123233995736766e-17,0,0,0,0,0,0,1,13.0,13.5,2024-03
skirt,43.70927512449554,2024-04,12.0,2.078151250383644,2.1,16.382271233039567,6.853474161141079,-0.021848749616355967,-0.010404166483979016,12.0,12.0,12.0,12.0,4,0.8660254037844387,-0.4999999999999998,0,0,0,0,0,0,1,13.666666666666666,14.0,2024-04
skirt,29.98746927420082,2024-05,13.0,43.70927512449554,2.078151250383644,2.1,15.96247545829307,41.6311238741119,20.03276896540925,13.0,12.0,12.0,12.333333333333334,5,0.49999999999999994,-0.8660254037844387,0,0,0,0,0,0,1,14.0,14.166666666666666,2024-05
skirt,37.39322620273927,2024-06,14.0,29.98746927420082,43.70927512449554,2.078151250383644,25.258298549693347,-13.721805850294722,-0.31393350292841504,14.0,13.0,12.0,13.0,6,1.2246467991473532e-16,-1.0,0,0,0,0,0,0,1,14.0,14.166666666666666,2024-06
skirt,18.25627627820372,2024-07,14.0,37.39322620273927,29.98746927420082,43.70927512449554,37.02999020047855,7.405756928538452,0.24696171793696053,14.0,14.0,13.0,13.666666666666666,7,-0.4999999999999997,-0.8660254037844388,0,0,0,0,0,0,1,14.333333333333334,13.833333333333334,2024-07
skirt,33.75953789326368,2024-08,14.0,18.25627627820372,37.39322620273927,29.98746927420082,28.545657251714612,-19.13694992453555,-0.5117758446617708,14.0,14.0,14.0,14.0,8,-0.8660254037844385,-0.5000000000000004,0,0,0,0,0,0,1,14.333333333333334,13.5,2024-08
skirt,172.53366004893795,2024-09,14.0,33.75953789326368,18.25627627820372,37.39322620273927,29.803013458068904,15.503261615059962,0.8492017418453182,14.0,14.0,14.0,14.0,9,-1.0,-1.8369701987210297e-16,0,0,0,0,0,0,1,14.333333333333334,13.5,2024-09
skirt,162.86846759127965,2024-10,15.0,172.53366004893795,33.75953789326368,18.25627627820372,74.84982474013513,138.77412215567426,4.110664150511521,15.0,14.0,14.0,14.333333333333334,10,-0.8660254037844386,0.5000000000000001,0,0,0,0,0,0,1,13.333333333333334,13.166666666666666,2024-10
skirt,130.6249388779745,2024-11,14.0,162.86846759127965,172.53366004893795,33.75953789326368,123.05388851116044,-9.665192457658293,-0.05601917014289748,14.0,15.0,14.0,14.333333333333334,11,-0.5000000000000004,0.8660254037844384,0,0,0,0,0,0,1,12.666666666666666,13.166666666666666,2024-11
skirt,180.44756456219315,2024-12,14.0,130.6249388779745,162.86846759127965,172.53366004893795,155.34235550606405,-32.24352871330515,-0.19797281321649485,14.0,14.0,15.0,14.333333333333334,12,-2.4492935982947064e-16,1.0,0,0,0,0,0,0,1,12.666666666666666,13.166666666666666,2024-12
skirt,19.8,2025-01,12.0,180.44756456219315,130.6249388779745,162.86846759127965,157.98032367714913,49.82262568421865,0.38141740859118256,12.0,14.0,14.0,13.333333333333334,1,0.49999999999999994,0.8660254037844387,0,0,0,0,0,0,1,13.0,13.666666666666666,2025-01
skirt,7.0,2025-02,12.0,19.8,180.44756456219315,130.6249388779745,110.29083448005588,-160.64756456219314,-0.8902728332851745,12.0,12.0,14.0,12.666666666666666,2,0.8660254037844386,0.5000000000000001,0,0,0,0,0,0,1,13.666666666666666,14.333333333333334,2025-02
skirt,18.245667984808343,2025-03,14.0,7.0,19.8,180.44756456219315,69.08252152073106,-12.8,-0.6464646464646464,14.0,12.0,12.0,12.666666666666666,3,1.0,6.123233995736766e-17,0,0,0,0,0,0,1,13.666666666666666,14.5,2025-03
skirt,37.62572414034603,2025-04,13.0,18.245667984808343,7.0,19.8,15.015222661602792,11.245667984808343,1.6065239978297634,13.0,14.0,12.0,13.0,4,0.8660254037844387,-0.4999999999999998,0,0,0,0,0,0,1,14.333333333333334,15.0,2025-04
skirt,17.08711264065155,2025-05,14.0,37.62572414034603,18.245667984808343,7.0,20.9571307083848,19.380056155537687,1.062173013981941,14.0,13.0,14.0,13.666666666666666,5,0.49999999999999994,-0.8660254037844387,0,0,0,0,0,0,1,15.0,15.666666666666666,2025-05
skirt,16.776876431973136,2025-06,14.0,17.08711264065155,37.62572414034603,18.245667984808343,24.319501588601984,-20.53861149969448,-0.5458662117195225,14.0,14.0,13.0,13.666666666666666,6,1.2246467991473532e-16,-1.0,0,0,0,0,0,0,1,15.333333333333334,15.666666666666666,2025-06
skirt,9.504119982655926,2025-07,15.0,16.776876431973136,17.08711264065155,37.62572414034603,23.82990440432358,-0.3102362086784147,-0.018156151668383025,15.0,14.0,14.0,14.333333333333334,7,-0.4999999999999997,-0.8660254037844388,0,0,0,0,0,0,1,15.666666666666666,15.166666666666666,2025-07
skirt,37.32332547475487,2025-08,16.0,9.504119982655926,16.776876431973136,17.08711264065155,14.456036351760213,-7.27275644931721,-0.43349883864298444,16.0,15.0,14.0,15.0,8,-0.8660254037844385,-0.5000000000000004,0,0,0,0,0,0,1,16.333333333333332,15.0,2025-08
skirt,101.46920754456168,2025-09,15.0,37.32332547475487,9.504119982655926,16.776876431973136,21.20144062979465,27.81920549209894,2.927068002389093,15.0,16.0,15.0,15.333333333333334,9,-1.0,-1.8369701987210297e-16,0,0,0,0,0,0,1,16.0,15.0,2025-09
skirt,66.1139970657963,2025-10,16.0,101.46920754456168,37.32332547475487,9.504119982655926,49.432217667324174,64.14588206980682,1.71865398524562,16.0,15.0,16.0,15.666666666666666,10,-0.8660254037844386,0.5000000000000001,0,0,0,0,0,0,1,14.666666666666666,14.666666666666666,2025-10
slip dress,2.4,2020-04,0.0,0.8999999999999999,5.497940008672037,0.8999999999999999,2.432646669557346,-4.597940008672037,-0.8363023244014289,0.0,0.0,0.0,0.0,4,0.8660254037844387,-0.4999999999999998,0,0,0,0,0,0,1,0.08333333333333333,0.10833333333333334,2020-04
slip dress,2.1,2020-05,0.0,2.4,0.8999999999999999,5.497940008672037,2.932646669557345,1.5,1.666666666666667,0.0,0.0,0.0,0.0,5,0.49999999999999994,-0.8660254037844387,0,0,0,0,0,0,1,0.21666666666666667,0.10833333333333334,2020-05
slip dress,2.4,2020-06,0.0,2.1,2.4,0.8999999999999999,1.8,-0.2999999999999998,-0.12499999999999989,0.0,0.0,0.0,0.0,6,1.2246467991473532e-16,-1.0,0,0,0,0,0,0,1,0.21666666666666667,0.10833333333333334,2020-06
slip dress,4.521189299069938,2020-07,0.25,2.4,2.1,2.4,2.3,0.2999999999999998,0.1428571428571428,0.25,0.0,0.0,0.08333333333333333,7,-0.4999999999999997,-0.8660254037844388,0,0,0,0,0,0,1,0.13333333333333333,0.06666666666666667,2020-07
slip dress,16.136051946114826,2020-08,0.4,4.521189299069938,2.4,2.1,3.0070630996899794,2.1211892990699384,0.8838288746124743,0.4,0.25,0.0,0.21666666666666667,8,-0.8660254037844385,-0.5000000000000004,0,0,0,0,0,0,1,0.0,0.0,2020-08
slip dress,10.154877597478746,2020-09,0.0,16.136051946114826,4.521189299069938,2.4,7.6857470817282545,11.614862647044887,2.568983928506201,0.0,0.4,0.25,0.21666666666666667,9,-1.0,-1.8369701987210297e-16,0,0,0,0,0,0,1,0.0,0.08333333333333333,2020-09
slip dress,3.714117648017108,2020-10,0.0,10.154877597478746,16.136051946114826,4.521189299069938,10.270706280887836,-5.981174348636079,-0.37067148572710207,0.0,0.0,0.4,0.13333333333333333,10,-0.8660254037844386,0.5000000000000001,0,0,0,0,0,0,1,0.0,0.25,2020-10
slip dress,10.211206093516928,2020-11,0.0,3.714117648017108,10.154877597478746,16.136051946114826,10.00168239720356,-6.440759949461638,-0.6342528393508899,0.0,0.0,0.0,0.0,11,-0.5000000000000004,0.8660254037844384,0,0,0,0,0,0,1,0.0,0.4166666666666667,2020-11
slip dress,0.6,2020-12,0.0,10.211206093516928,3.714117648017108,10.154877597478746,8.026733779670927,6.49708844549982,1.7492952731232099,0.0,0.0,0.0,0.0,12,-2.4492935982947064e-16,1.0,0,0,0,0,0,0,1,0.16666666666666666,0.5833333333333334,2020-12
slip dress,0.3,2021-01,0.0,0.6,10.211206093516928,3.714117648017108,4.841774580511346,-9.611206093516929,-0.9412410253494993,0.0,0.0,0.0,0.0,1,0.49999999999999994,0.8660254037844387,0,0,0,0,0,0,1,0.5,0.75,2021-01
slip dress,1.2,2021-02,0.0,0.3,0.6,10.211206093516928,3.703735364505643,-0.3,-0.5,0.0,0.0,0.0,0.0,2,0.8660254037844386,0.5000000000000001,0,0,0,0,0,0,1,0.8333333333333334,0.9166666666666666,2021-02
slip dress,0.8999999999999999,2021-03,0.5,1.2,0.3,0.6,0.6999999999999998,0.8999999999999999,3.0,0.5,0.0,0.0,0.16666666666666666,3,1.0,6.123233995736766e-17,0,0,0,0,0,0,1,1.0,1.0,2021-03
slip dress,4.79734438101758,2021-04,1.0,0.8999999999999999,1.2,0.3,0.7999999999999998,-0.30000000000000004,-0.25,1.0,0.5,0.0,0.5,4,0.8660254037844387,-0.4999999999999998,0,0,0,0,0,0,1,1.0,1.0,2021-04
slip dress,1.7999999999999998,2021-05,1.0,4.79734438101758,0.8999999999999999,1.2,2.2991147936725267,3.89734438101758,4.33038264557509,1.0,1.0,0.5,0.8333333333333334,5,0.49999999999999994,-0.8660254037844387,0,0,0,0,0,0,1,1.0,1.0,2021-05
slip dress,4.1424226808222055,2021-06,1.0,1.7999999999999998,4.79734438101758,0.8999999999999999,2.4991147936725264,-2.99734438101758,-0.6247924149197319,1.0,1.0,1.0,1.0,6,1.2246467991473532e-16,-1.0,0,0,0,0,0,0,1,1.0,0.9583333333333334,2021-06
slip dress,1.9,2021-07,1.0,4.1424226808222055,1.7999999999999998,4.79734438101758,3.579922353946595,2.3424226808222057,1.3013459337901145,1.0,1.0,1.0,1.0,7,-0.4999999999999997,-0.8660254037844388,0,0,0,0,0,0,1,1.0,0.9583333333333334,2021-07
slip dress,4.198970004336019,2021-08,1.0,1.9,4.1424226808222055,1.7999999999999998,2.6141408936074018,-2.2424226808222056,-0.5413312096816543,1.0,1.0,1.0,1.0,8,-0.8660254037844385,-0.5000000000000004,0,0,0,0,0,0,1,1.0,0.9583333333333334,2021-08
slip dress,0.6,2021-09,1.0,4.198970004336019,1.9,4.1424226808222055,3.413797561719408,2.298970004336019,1.2099842128084308,1.0,1.0,1.0,1.0,9,-1.0,-1.8369701987210297e-16,0,0,0,0,0,0,1,0.9166666666666666,0.9583333333333334,2021-09
slip dress,2.822471989593555,2021-10,1.0,0.6,4.198970004336019,1.9,2.2329900014453394,-3.5989700043360187,-0.8571078146830254,1.0,1.0,1.0,1.0,10,-0.8660254037844386,0.5000000000000001,0,0,0,0,0,0,1,0.9166666666666666,0.9583333333333334,2021-10
slip dress,14.60433646694634,2021-11,1.0,2.822471989593555,0.6,4.198970004336019,2.540480664643191,2.2224719895935547,3.704119982655925,1.0,1.0,1.0,1.0,11,-0.5000000000000004,0.8660254037844384,0,0,0,0,0,0,1,0.9166666666666666,0.9583333333333334,2021-11
slip dress,3.522471989593555,2021-12,0.75,14.60433646694634,2.822471989593555,0.6,6.008936152179966,11.781864477352784,4.174306962404757,0.75,1.0,1.0,0.9166666666666666,12,-2.4492935982947064e-16,1.0,0,0,0,0,0,0,1,1.0,1.0,2021-12
slip dress,0.6,2022-01,1.0,3.522471989593555,14.60433646694634,2.822471989593555,6.983093482044484,-11.081864477352784,-0.758806434132363,1.0,0.75,1.0,0.9166666666666666,1,0.49999999999999994,0.8660254037844387,0,0,0,0,0,0,1,1.0,1.0,2022-01
slip dress,0.8999999999999999,2022-02,1.0,0.6,3.522471989593555,14.60433646694634,6.242269485513298,-2.922471989593555,-0.8296650756137789,1.0,1.0,0.75,0.9166666666666666,2,0.8660254037844386,0.5000000000000001,0,0,0,0,0,0,1,1.0,1.0,2022-02
slip dress,0.6,2022-03,1.0,0.8999999999999999,0.6,3.522471989593555,1.6741573298645183,0.29999999999999993,0.5,1.0,1.0,1.0,1.0,3,1.0,6.123233995736766e-17,0,0,0,0,0,0,1,1.0,1.0,2022-03
slip dress,1.2,2022-04,1.0,0.6,0.8999999999999999,0.6,0.6999999999999998,-0.29999999999999993,-0.33333333333333326,1.0,1.0,1.0,1.0,4,0.8660254037844387,-0.4999999999999998,0,0,0,0,0,0,1,1.0,1.0,2022-04
slip dress,1.5,2022-05,1.0,1.2,0.6,0.8999999999999999,0.8999999999999999,0.6,1.0,1.0,1.0,1.0,1.0,5,0.49999999999999994,-0.8660254037844387,0,0,0,0,0,0,1,1.0,1.0,2022-05
slip dress,19.17369928797381,2022-06,1.0,1.5,1.2,0.6,1.0999999999999999,0.30000000000000004,0.25,1.0,1.0,1.0,1.0,6,1.2246467991473532e-16,-1.0,0,0,0,0,0,0,1,1.0,1.0,2022-06
slip dress,13.982785370316453,2022-07,1.0,19.17369928797381,1.5,1.2,7.29123309599127,17.67369928797381,11.782466191982541,1.0,1.0,1.0,1.0,7,-0.4999999999999997,-0.8660254037844388,0,0,0,0,0,0,1,1.0,1.0,2022-07
slip dress,2.2,2022-08,1.0,13.982785370316453,19.17369928797381,1.5,11.552161552763422,-5.190913917657358,-0.2707309549239264,1.0,1.0,1.0,1.0,8,-0.8660254037844385,-0.5000000000000004,0,0,0,0,0,0,1,1.0,1.0,2022-08
slip dress,0.8999999999999999,2022-09,1.0,2.2,13.982785370316453,19.17369928797381,11.785494886096755,-11.782785370316454,-0.842663679536246,1.0,1.0,1.0,1.0,9,-1.0,-1.8369701987210297e-16,0,0,0,0,0,0,1,1.0,1.0,2022-09
slip dress,5.25894875062167,2022-10,1.0,0.8999999999999999,2.2,13.982785370316453,5.694261790105485,-1.3000000000000003,-0.590909090909091,1.0,1.0,1.0,1.0,10,-0.8660254037844386,0.5000000000000001,0,0,0,0,0,0,1,1.0,1.0,2022-10
slip dress,0.6,2022-11,1.0,5.25894875062167,0.8999999999999999,2.2,2.786316250207223,4.3589487506216695,4.843276389579634,1.0,1.0,1.0,1.0,11,-0.5000000000000004,0.8660254037844384,0,0,0,0,0,0,1,1.0,1.0,2022-11
slip dress,3.289634032601127,2022-12,1.0,0.6,5.25894875062167,0.8999999999999999,2.2529829168738895,-4.65894875062167,-0.8859087569680019,1.0,1.0,1.0,1.0,12,-2.4492935982947064e-16,1.0,0,0,0,0,0,0,1,1.0,1.0,2022-12
slip dress,0.6,2023-01,1.0,3.289634032601127,0.6,5.25894875062167,3.0495275944075986,2.689634032601127,4.482723387668545,1.0,1.0,1.0,1.0,1,0.49999999999999994,0.8660254037844387,0,0,0,0,0,0,1,1.0,1.0,2023-01
slip dress,2.201029995663981,2023-02,1.0,0.6,3.289634032601127,0.6,1.496544677533709,-2.689634032601127,-0.8176088908207283,1.0,1.0,1.0,1.0,2,0.8660254037844386,0.5000000000000001,0,0,0,0,0,0,1,1.0,1.0,2023-02
slip dress,1.7999999999999998,2023-03,1.0,2.201029995663981,0.6,3.289634032601127,2.030221342755036,1.601029995663981,2.6683833261066354,1.0,1.0,1.0,1.0,3,1.0,6.123233995736766e-17,0,0,0,0,0,0,1,1.0,1.0,2023-03
slip dress,1.2,2023-04,1.0,1.7999999999999998,2.201029995663981,0.6,1.533676665221327,-0.40102999566398134,-0.182201058801565,1.0,1.0,1.0,1.0,4,0.8660254037844387,-0.4999999999999998,0,0,0,0,0,0,1,1.0,1.0,2023-04
slip dress,2.8,2023-05,1.0,1.2,1.7999999999999998,2.201029995663981,1.7336766652213271,-0.5999999999999999,-0.33333333333333326,1.0,1.0,1.0,1.0,5,0.49999999999999994,-0.8660254037844387,0,0,0,0,0,0,1,1.0,1.0,2023-05
slip dress,0.8999999999999999,2023-06,1.0,2.8,1.2,1.7999999999999998,1.9333333333333333,1.5999999999999999,1.3333333333333335,1.0,1.0,1.0,1.0,6,1.2246467991473532e-16,-1.0,0,0,0,0,0,0,1,1.0,1.0,2023-06
slip dress,4.756302500767287,2023-07,1.0,0.8999999999999999,2.8,1.2,1.6333333333333335,-1.9,-0.6785714285714286,1.0,1.0,1.0,1.0,7,-0.4999999999999997,-0.8660254037844388,0,0,0,0,0,0,1,1.0,0.8333333333333334,2023-07
slip dress,1.5,2023-08,1.0,4.756302500767287,0.8999999999999999,2.8,2.818767500255762,3.856302500767287,4.284780556408097,1.0,1.0,1.0,1.0,8,-0.8660254037844385,-0.5000000000000004,0,0,0,0,0,0,1,1.0,0.6666666666666666,2023-08
slip dress,22.00178479072073,2023-09,1.0,1.5,4.756302500767287,0.8999999999999999,2.3854341669224293,-3.256302500767287,-0.6846289739229118,1.0,1.0,1.0,1.0,9,-1.0,-1.8369701987210297e-16,0,0,0,0,0,0,1,1.0,0.5,2023-09
slip dress,20.797800307268133,2023-10,1.0,22.00178479072073,1.5,4.756302500767287,9.419362430496006,20.50178479072073,13.667856527147153,1.0,1.0,1.0,1.0,10,-0.8660254037844386,0.5000000000000001,0,0,0,0,0,0,1,0.6666666666666666,0.3333333333333333,2023-10
slip dress,11.558328829096602,2023-11,1.0,20.797800307268133,22.00178479072073,1.5,14.766528365996288,-1.2039844834525972,-0.05472212799574239,1.0,1.0,1.0,1.0,11,-0.5000000000000004,0.8660254037844384,0,0,0,0,0,0,1,0.3333333333333333,0.16666666666666666,2023-11
slip dress,9.9,2023-12,1.0,11.558328829096602,20.797800307268133,22.00178479072073,18.119304642361822,-9.23947147817153,-0.44425234119315227,1.0,1.0,1.0,1.0,12,-2.4492935982947064e-16,1.0,0,0,0,0,0,0,1,0.0,0.0,2023-12
slip dress,0.3,2024-01,0.0,9.9,11.558328829096602,20.797800307268133,14.085376378788245,-1.658328829096602,-0.14347479238711158,0.0,1.0,1.0,0.6666666666666666,1,0.49999999999999994,0.8660254037844387,0,0,0,0,0,0,1,0.0,0.0,2024-01
slip dress,0.3,2024-02,0.0,0.3,9.9,11.558328829096602,7.252776276365534,-9.6,-0.9696969696969697,0.0,0.0,1.0,0.3333333333333333,2,0.8660254037844386,0.5000000000000001,0,0,0,0,0,0,1,0.0,0.0,2024-02
slip dress,16.411329952303795,2024-04,0.0,0.3,0.3,9.9,3.5,0.0,0.0,0.0,0.0,0.0,0.0,4,0.8660254037844387,-0.4999999999999998,0,0,0,0,0,0,1,0.0,0.0,2024-04
slip dress,10.715763793467984,2024-05,0.0,16.411329952303795,0.3,0.3,5.670443317434599,16.111329952303794,53.704433174345986,0.0,0.0,0.0,0.0,5,0.49999999999999994,-0.8660254037844387,0,0,0,0,0,0,1,0.0,0.0,2024-05
slip dress,9.812556034926432,2024-06,0.0,10.715763793467984,16.411329952303795,0.3,9.142364581923927,-5.6955661588358115,-0.3470508590948339,0.0,0.0,0.0,0.0,6,1.2246467991473532e-16,-1.0,0,0,0,0,0,0,1,0.0,0.0,2024-06
slip dress,2.9,2024-07,0.0,9.812556034926432,10.715763793467984,16.411329952303795,12.31321659356607,-0.9032077585415514,-0.08428776295835494,0.0,0.0,0.0,0.0,7,-0.4999999999999997,-0.8660254037844388,0,0,0,0,0,0,1,0.0,0.0,2024-07
slip dress,13.314156905768606,2024-08,0.0,2.9,9.812556034926432,10.715763793467984,7.8094399427981385,-6.912556034926432,-0.7044602864250811,0.0,0.0,0.0,0.0,8,-0.8660254037844385,-0.5000000000000004,0,0,0,0,0,0,1,0.0,0.0,2024-08
slip dress,8.399999999999999,2024-09,0.0,13.314156905768606,2.9,9.812556034926432,8.67557098023168,10.414156905768605,3.5910885881960715,0.0,0.0,0.0,0.0,9,-1.0,-1.8369701987210297e-16,0,0,0,0,0,0,1,0.0,0.0,2024-09
slip dress,26.716453780043874,2024-10,0.0,8.399999999999999,13.314156905768606,2.9,8.204718968589534,-4.914156905768607,-0.36909260875838534,0.0,0.0,0.0,0.0,10,-0.8660254037844386,0.5000000000000001,0,0,0,0,0,0,1,0.0,0.0,2024-10
slip dress,1.7999999999999998,2024-11,0.0,26.716453780043874,8.399999999999999,13.314156905768606,16.143536895270827,18.316453780043876,2.1805302119099856,0.0,0.0,0.0,0.0,11,-0.5000000000000004,0.8660254037844384,0,0,0,0,0,0,1,0.0,0.0,2024-11
slip dress,0.6,2024-12,0.0,1.7999999999999998,26.716453780043874,8.399999999999999,12.305484593347957,-24.916453780043874,-0.9326257887809748,0.0,0.0,0.0,0.0,12,-2.4492935982947064e-16,1.0,0,0,0,0,0,0,1,0.0,0.0,2024-12
slip dress,1.9020599913279623,2025-01,0.0,0.6,1.7999999999999998,26.716453780043874,9.705484593347958,-1.1999999999999997,-0.6666666666666666,0.0,0.0,0.0,0.0,1,0.49999999999999994,0.8660254037844387,0,0,0,0,0,0,1,0.0,0.0,2025-01
slip dress,0.8999999999999999,2025-02,0.0,1.9020599913279623,0.6,1.7999999999999998,1.4340199971093206,1.3020599913279622,2.170099985546604,0.0,0.0,0.0,0.0,2,0.8660254037844386,0.5000000000000001,0,0,0,0,0,0,1,0.0,0.0,2025-02
slip dress,1.0,2025-03,0.0,0.8999999999999999,1.9020599913279623,0.6,1.1340199971093208,-1.0020599913279624,-0.5268288045049271,0.0,0.0,0.0,0.0,3,1.0,6.123233995736766e-17,0,0,0,0,0,0,1,0.0,0.0,2025-03
slip dress,11.678151250383644,2025-04,0.0,1.0,0.8999999999999999,1.9020599913279623,1.267353330442654,0.10000000000000009,0.11111111111111116,0.0,0.0,0.0,0.0,4,0.8660254037844387,-0.4999999999999998,0,0,0,0,0,0,1,0.0,0.0,2025-04
slip dress,9.27759762610892,2025-05,0.0,11.678151250383644,1.0,0.8999999999999999,4.526050416794548,10.678151250383644,10.678151250383644,0.0,0.0,0.0,0.0,5,0.49999999999999994,-0.8660254037844387,0,0,0,0,0,0,1,0.0,0.0,2025-05
slip dress,6.103089986991944,2025-06,0.0,9.27759762610892,11.678151250383644,1.0,7.318582958830855,-2.4005536242747247,-0.20555938802349927,0.0,0.0,0.0,0.0,6,1.2246467991473532e-16,-1.0,0,0,0,0,0,0,1,0.0,0.0,2025-06
slip dress,5.461727836017593,2025-07,0.0,6.103089986991944,9.27759762610892,11.678151250383644,9.019612954494836,-3.1745076391169755,-0.3421691441093876,0.0,0.0,0.0,0.0,7,-0.4999999999999997,-0.8660254037844388,0,0,0,0,0,0,1,0.0,0.0,2025-07
slip dress,6.803089986991944,2025-08,0.0,5.461727836017593,6.103089986991944,9.27759762610892,6.947471816372818,-0.6413621509743512,-0.10508810329543616,0.0,0.0,0.0,0.0,8,-0.8660254037844385,-0.5000000000000004,0,0,0,0,0,0,1,0.0,0.023809523809523798,2025-08
slip dress,23.438253172045,2025-09,0.0,6.803089986991944,5.461727836017593,6.103089986991944,6.12263593666716,1.3413621509743514,0.24559300485986912,0.0,0.0,0.0,0.0,9,-1.0,-1.8369701987210297e-16,0,0,0,0,0,0,1,0.0,0.03993855606758832,2025-09
slip dress,36.5096553966614,2025-10,0.0,23.438253172045,6.803089986991944,5.461727836017593,11.901023665018178,16.635163185053052,2.445236387709236,0.0,0.0,0.0,0.0,10,-0.8660254037844386,0.5000000000000001,0,0,0,0,0,0,1,0.0,0.04792626728110598,2025-10
slip dress,21.621388541755135,2025-11,0.0,36.5096553966614,23.438253172045,6.803089986991944,22.250332851899447,13.071402224616403,0.5576952398571569,0.0,0.0,0.0,0.0,11,-0.5000000000000004,0.8660254037844384,0,0,0,0,0,0,1,0.047619047619047596,0.05990783410138247,2025-11
slip dress,8.383707984390334,2025-12,0.0,21.621388541755135,36.5096553966614,23.438253172045,27.18976570348718,-14.888266854906266,-0.4077898488263385,0.0,0.0,0.0,0.0,12,-2.4492935982947064e-16,1.0,0,0,0,0,0,0,1,0.07987711213517663,0.07987711213517663,2025-12
sneakers,14.45992179802713,2020-10,26.5,0.8999999999999999,2.3,14.0,5.733333333333333,-1.4,-0.6086956521739131,26.5,26.75,28.0,27.083333333333332,10,-0.8660254037844386,0.5000000000000001,0,1,0,0,0,0,0,30.833333333333332,30.34166666666667,2020-10
sneakers,14.098685803230351,2020-11,27.0,14.45992179802713,0.8999999999999999,2.3,5.886640599342376,13.55992179802713,15.066579775585701,27.0,26.5,26.75,26.75,11,-0.5000000000000004,0.8660254037844384,0,1,0,0,0,0,0,31.96666666666667,31.3,2020-11
sneakers,0.3,2021-03,32.5,14.098685803230351,14.45992179802713,0.8999999999999999,9.819535867085827,-0.3612359947967789,-0.02498187748470848,32.5,27.0,26.5,28.666666666666668,3,1.0,6.123233995736766e-17,0,1,0,0,0,0,0,31.05,31.34166666666667,2021-03
sneakers,2.0,2021-04,33.0,0.3,14.098685803230351,14.45992179802713,9.619535867085828,-13.79868580323035,-0.9787214209758995,33.0,32.5,27.0,30.833333333333332,4,0.8660254037844387,-0.4999999999999998,0,1,0,0,0,0,0,29.849999999999998,30.408333333333335,2021-04
sneakers,2.792391689498254,2021-05,30.4,2.0,0.3,14.098685803230351,5.466228601076783,1.7,5.666666666666667,30.4,33.0,32.5,31.96666666666667,5,0.49999999999999994,-0.8660254037844387,0,1,0,0,0,0,0,30.633333333333336,30.383333333333336,2021-05
sneakers,8.24494397918711,2021-09,29.75,2.792391689498254,2.0,0.3,1.697463896499418,0.7923916894982539,0.39619584474912695,29.75,30.4,33.0,31.05,9,-1.0,-1.8369701987210297e-16,0,1,0,0,0,0,0,31.633333333333336,31.383333333333336,2021-09
sneakers,3.792391689498254,2021-10,29.4,8.24494397918711,2.792391689498254,2.0,4.3457785562284545,5.452552289688855,1.9526459379588643,29.4,29.75,30.4,29.849999999999998,10,-0.8660254037844386,0.5000000000000001,0,1,0,0,0,0,0,30.96666666666667,31.441666666666666,2021-10
sneakers,5.447158031342219,2021-11,32.75,3.792391689498254,8.24494397918711,2.792391689498254,4.943242452727873,-4.452552289688855,-0.5400342683866051,32.75,29.4,29.75,30.633333333333336,11,-0.5000000000000004,0.8660254037844384,0,1,0,0,0,0,0,30.133333333333336,31.650000000000002,2021-11
sneakers,10.44715803134222,2021-12,32.75,5.447158031342219,3.792391689498254,8.24494397918711,5.828164566675862,1.6547663418439655,0.4363384579779248,32.75,32.75,29.4,31.633333333333336,12,-2.4492935982947064e-16,1.0,0,1,0,0,0,0,0,31.133333333333336,32.31666666666667,2021-12
sneakers,2.0,2022-01,27.4,10.44715803134222,5.447158031342219,3.792391689498254,6.56223591739423,5.0,0.9179098478932808,27.4,32.75,32.75,30.966666666666665,1,0.49999999999999994,0.8660254037844387,0,1,0,0,0,0,0,31.916666666666668,33.291666666666664,2022-01
sneakers,3.779062935186456,2022-02,30.25,2.0,10.44715803134222,5.447158031342219,5.964772020894813,-8.44715803134222,-0.8085603765158087,30.25,27.4,32.75,30.133333333333336,2,0.8660254037844386,0.5000000000000001,0,1,0,0,0,0,0,33.166666666666664,33.333333333333336,2022-02
sneakers,4.145098040014257,2022-04,35.75,3.779062935186456,2.0,10.44715803134222,5.408740322176225,1.779062935186456,0.889531467593228,35.75,30.25,27.4,31.133333333333336,4,0.8660254037844387,-0.4999999999999998,0,1,0,0,0,0,0,33.5,32.475,2022-04
sneakers,1.0,2022-06,29.75,4.145098040014257,3.779062935186456,2.0,3.308053658400238,0.3660351048278008,0.09685869515950274,29.75,35.75,30.25,31.916666666666668,6,1.2246467991473532e-16,-1.0,0,1,0,0,0,0,0,34.666666666666664,33.1,2022-06
sneakers,4.577895817530089,2022-11,34.0,1.0,4.145098040014257,3.779062935186456,2.9747203250669045,-3.1450980400142567,-0.7587511826387198,34.0,29.75,35.75,33.166666666666664,11,-0.5000000000000004,0.8660254037844384,0,1,0,0,0,0,0,33.5,32.666666666666664,2022-11
sneakers,2.0,2022-12,36.75,4.577895817530089,1.0,4.145098040014257,3.240997952514782,3.577895817530089,3.577895817530089,36.75,34.0,29.75,33.5,12,-2.4492935982947064e-16,1.0,0,1,0,0,0,0,0,31.45,31.791666666666668,2022-12
sneakers,2.0,2023-03,33.25,2.0,4.577895817530089,1.0,2.5259652725100294,-2.577895817530089,-0.563118061284527,33.25,36.75,34.0,34.666666666666664,3,1.0,6.123233995736766e-17,0,1,0,0,0,0,0,31.53333333333333,31.316666666666666,2023-03
sneakers,2.361727836017593,2023-06,30.5,2.0,2.0,4.577895817530089,2.8592986058433625,0.0,0.0,30.5,33.25,36.75,33.5,6,1.2246467991473532e-16,-1.0,0,1,0,0,0,0,0,31.833333333333332,30.191666666666666,2023-06
sneakers,8.361727836017593,2023-07,30.6,2.361727836017593,2.0,2.0,2.1205759453391977,0.36172783601759306,0.18086391800879653,30.6,30.5,33.25,31.45,7,-0.4999999999999997,-0.8660254037844388,0,1,0,0,0,0,0,32.13333333333333,29.883333333333336,2023-07
sneakers,29.045098040014256,2023-09,33.5,8.361727836017593,2.361727836017593,2.0,4.241151890678395,6.0,2.5405128857342665,33.5,30.6,30.5,31.53333333333333,9,-1.0,-1.8369701987210297e-16,0,1,0,0,0,0,0,31.099999999999998,28.96666666666667,2023-09
sneakers,27.70102999566398,2023-10,31.4,29.045098040014256,8.361727836017593,2.361727836017593,13.256184570683146,20.683370203996663,2.4735761088640564,31.4,33.5,30.6,31.833333333333332,10,-0.8660254037844386,0.5000000000000001,0,1,0,0,0,0,0,28.55,28.441666666666666,2023-10
sneakers,34.8,2023-11,31.5,27.70102999566398,29.045098040014256,8.361727836017593,21.702618623898612,-1.3440680443502764,-0.04627521113885058,31.5,31.4,33.5,32.13333333333333,11,-0.5000000000000004,0.8660254037844384,0,1,0,0,0,0,0,27.633333333333336,27.650000000000002,2023-11
sneakers,36.0,2023-12,30.4,34.8,27.70102999566398,29.045098040014256,30.515376011892744,7.098970004336017,0.25627097640222085,30.4,31.5,31.4,31.099999999999998,12,-2.4492935982947064e-16,1.0,0,1,0,0,0,0,0,26.833333333333332,27.21666666666667,2023-12
sneakers,8.3,2024-01,23.75,36.0,34.8,27.70102999566398,32.833676665221326,1.2000000000000028,0.034482758620689724,23.75,30.4,31.5,28.55,1,0.49999999999999994,0.8660254037844387,0,1,0,0,0,0,0,28.333333333333332,27.633333333333336,2024-01
sneakers,0.6,2024-02,28.75,8.3,36.0,34.8,26.366666666666664,-27.7,-0.7694444444444444,28.75,23.75,30.4,27.633333333333336,2,0.8660254037844386,0.5000000000000001,0,1,0,0,0,0,0,27.666666666666668,27.508333333333336,2024-02
sneakers,0.3,2024-03,28.0,0.6,8.3,36.0,14.966666666666667,-7.700000000000001,-0.927710843373494,28.0,28.75,23.75,26.833333333333332,3,1.0,6.123233995736766e-17,0,1,0,0,0,0,0,27.599999999999998,26.925,2024-03
sneakers,4.644438589467839,2024-04,28.25,0.3,0.6,8.3,3.066666666666667,-0.3,-0.5,28.25,28.0,28.75,28.333333333333332,4,0.8660254037844387,-0.4999999999999998,0,1,0,0,0,0,0,26.933333333333334,26.383333333333336,2024-04
sneakers,2.380211241711606,2024-08,26.75,4.644438589467839,0.3,0.6,1.8481461964892798,4.344438589467839,14.481461964892798,26.75,28.25,28.0,27.666666666666668,8,-0.8660254037844385,-0.5000000000000004,0,1,0,0,0,0,0,27.349999999999998,27.225000000000005,2024-08
sneakers,2.1,2024-09,27.8,2.380211241711606,4.644438589467839,0.3,2.441549943726482,-2.264227347756233,-0.4875136798860482,27.8,26.75,28.25,27.599999999999998,9,-1.0,-1.8369701987210297e-16,0,1,0,0,0,0,0,26.25,27.508333333333336,2024-09
sneakers,5.2,2024-10,26.25,2.1,2.380211241711606,4.644438589467839,3.0415499437264817,-0.28021124171160583,-0.11772536689227064,26.25,27.8,26.75,26.933333333333334,10,-0.8660254037844386,0.5000000000000001,0,1,0,0,0,0,0,25.833333333333332,27.71666666666667,2024-10
sneakers,13.30102999566398,2024-11,28.0,5.2,2.1,2.380211241711606,3.2267370805705355,3.1,1.4761904761904763,28.0,26.25,27.8,27.349999999999998,11,-0.5000000000000004,0.8660254037844384,0,1,0,0,0,0,0,27.099999999999998,27.283333333333335,2024-11
sneakers,7.9,2025-01,24.5,13.30102999566398,5.2,2.1,6.86700999855466,8.101029995663978,1.5578903837815345,24.5,28.0,26.25,26.25,1,0.49999999999999994,0.8660254037844387,0,1,0,0,0,0,0,28.766666666666666,27.866666666666664,2025-01
sneakers,4.0,2025-02,25.0,7.9,13.30102999566398,5.2,8.800343331887992,-5.401029995663979,-0.40606103417740336,25.0,24.5,28.0,25.833333333333332,2,0.8660254037844386,0.5000000000000001,0,1,0,0,0,0,0,29.599999999999998,29.399999999999995,2025-02
sneakers,7.322833992404172,2025-03,31.8,4.0,7.9,13.30102999566398,8.400343331887994,-3.9000000000000004,-0.49367088607594944,31.8,25.0,24.5,27.100000000000005,3,1.0,6.123233995736766e-17,0,1,0,0,0,0,0,27.46666666666667,29.933333333333337,2025-03
sneakers,11.903089986991944,2025-04,29.5,7.322833992404172,4.0,7.9,6.407611330801391,3.3228339924041723,0.8307084981010431,29.5,31.8,25.0,28.76666666666667,4,0.8660254037844387,-0.4999999999999998,0,1,0,0,0,0,0,26.96666666666667,30.225000000000005,2025-04
sneakers,0.6,2025-05,27.5,11.903089986991944,7.322833992404172,4.0,7.7419746597987045,4.580255994587771,0.6254758744140285,27.5,29.5,31.8,29.600000000000005,5,0.49999999999999994,-0.8660254037844387,0,1,0,0,0,0,0,29.2,31.141666666666666,2025-05
sneakers,57.14323199497833,2025-06,25.4,0.6,11.903089986991944,7.322833992404172,6.608641326465372,-11.303089986991944,-0.9495929207747149,25.4,27.5,29.5,27.46666666666667,6,1.2246467991473532e-16,-1.0,0,1,0,0,0,0,0,32.4,31.866666666666664,2025-06
sneakers,2.641392685158225,2025-07,28.0,57.14323199497833,0.6,11.903089986991944,23.215440660656757,56.54323199497833,94.23871999163055,28.0,25.4,27.5,26.96666666666667,7,-0.4999999999999997,-0.8660254037844388,0,1,0,0,0,0,0,33.483333333333334,29.88817204301075,2025-07
sneakers,34.6957613023492,2025-08,34.2,2.641392685158225,57.14323199497833,0.6,20.128208226712186,-54.501839309820106,-0.95377593123556,34.2,28.0,25.4,29.2,8,-0.8660254037844385,-0.5000000000000004,0,1,0,0,0,0,0,33.083333333333336,28.325076804915515,2025-08
sneakers,5.3,2025-09,35.0,34.6957613023492,2.641392685158225,57.14323199497833,31.49346199416192,32.054368617190974,12.135404477078291,35.0,34.2,28.0,32.4,9,-1.0,-1.8369701987210297e-16,0,1,0,0,0,0,0,31.333333333333332,27.33045314900154,2025-09
sneakers,14.908626933457176,2025-10,31.25,5.3,34.6957613023492,2.641392685158225,14.212384662502473,-29.395761302349197,-0.8472435882350521,31.25,35.0,34.2,33.483333333333334,10,-0.8660254037844386,0.5000000000000001,0,1,0,0,0,0,0,26.293010752688172,26.546543778801844,2025-10
sneakers,10.50102999566398,2025-11,33.0,14.908626933457176,5.3,34.6957613023492,18.30146274526879,9.608626933457177,1.8129484780107883,33.0,31.25,35.0,33.083333333333336,11,-0.5000000000000004,0.8660254037844384,0,1,0,0,0,0,0,23.566820276497694,24.933179723502302,2025-11
sneakers,18.3,2025-12,29.75,10.50102999566398,14.908626933457176,5.3,10.236552309707053,-4.407596937793196,-0.2956407023574983,29.75,33.0,31.25,31.333333333333332,12,-2.4492935982947064e-16,1.0,0,1,0,0,0,0,0,23.32757296466974,23.32757296466974,2025-12
streetwear,6.0010299956639805,2020-03,1.0,9.24830486304816,29.058563883221964,8.0,15.435622915423375,-19.810259020173802,-0.6817356528624592,1.0,1.0,1.0,1.0,3,1.0,6.123233995736766e-17,0,0,0,1,0,0,0,1.3333333333333333,1.6666666666666667,2020-03
streetwear,34.868810921216614,2020-04,1.25,6.0010299956639805,9.24830486304816,29.058563883221964,14.7692995806447,-3.2472748673841796,-0.3511210881854414,1.25,1.0,1.0,1.0833333333333333,4,0.8660254037844387,-0.4999999999999998,0,0,0,1,0,0,0,1.5833333333333333,1.6666666666666667,2020-04
streetwear,15.155272505103309,2020-05,1.0,34.868810921216614,6.0010299956639805,9.24830486304816,16.706048593309585,28.867780925552633,4.8104710268755415,1.0,1.25,1.0,1.0833333333333333,5,0.49999999999999994,-0.8660254037844387,0,0,0,1,0,0,0,1.9166666666666667,1.8,2020-05
streetwear,8.442422680822206,2020-06,1.75,15.155272505103309,34.868810921216614,6.0010299956639805,18.675037807327968,-19.713538416113305,-0.5653630822299769,1.75,1.0,1.25,1.3333333333333333,6,1.2246467991473532e-16,-1.0,0,0,0,1,0,0,0,2.0,1.8416666666666668,2020-06
streetwear,29.29539414991754,2020-07,2.0,8.442422680822206,15.155272505103309,34.868810921216614,19.488835369047376,-6.712849824281102,-0.442938246212376,2.0,1.75,1.0,1.5833333333333333,7,-0.4999999999999997,-0.8660254037844388,0,0,0,1,0,0,0,1.75,1.8416666666666668,2020-07
streetwear,54.68408859351513,2020-08,2.0,29.29539414991754,8.442422680822206,15.155272505103309,17.63102977861435,20.852971469095337,2.470022203041896,2.0,2.0,1.75,1.9166666666666667,8,-0.8660254037844385,-0.5000000000000004,0,0,0,1,0,0,0,1.6833333333333333,1.7583333333333335,2020-08
streetwear,47.0917862475822,2020-09,2.0,54.68408859351513,29.29539414991754,8.442422680822206,30.807301808084958,25.388694443597586,0.8666445760610819,2.0,2.0,2.0,2.0,9,-1.0,-1.8369701987210297e-16,0,0,0,1,0,0,0,1.6833333333333333,1.5916666666666668,2020-09
streetwear,44.06603432100758,2020-10,1.25,47.0917862475822,54.68408859351513,29.29539414991754,43.69042299700496,-7.592302345932929,-0.13883933226663092,1.25,2.0,2.0,1.75,10,-0.8660254037844386,0.5000000000000001,0,0,0,1,0,0,0,1.9333333333333333,1.675,2020-10
streetwear,83.47329925012093,2020-11,1.8,44.06603432100758,47.0917862475822,54.68408859351513,48.61396972070164,-3.025751926574621,-0.06425222247181095,1.8,1.25,2.0,1.6833333333333333,11,-0.5000000000000004,0.8660254037844384,0,0,0,1,0,0,0,1.8333333333333333,1.6083333333333334,2020-11
streetwear,44.87765670653383,2020-12,2.0,83.47329925012093,44.06603432100758,47.0917862475822,58.210373272903574,39.40726492911335,0.8942775436074752,2.0,1.8,1.25,1.6833333333333333,12,-2.4492935982947064e-16,1.0,0,0,0,1,0,0,0,1.5,1.4833333333333334,2020-12
streetwear,6.4,2021-01,2.0,44.87765670653383,83.47329925012093,44.06603432100758,57.47233009255411,-38.595642543587104,-0.462371116157017,2.0,2.0,1.8,1.9333333333333333,1,0.49999999999999994,0.8660254037844387,0,0,0,1,0,0,0,1.4166666666666667,1.4000000000000001,2021-01
streetwear,1.7999999999999998,2021-02,1.5,6.4,44.87765670653383,83.47329925012093,44.91698531888492,-38.47765670653383,-0.8573900584459836,1.5,2.0,2.0,1.8333333333333333,2,0.8660254037844386,0.5000000000000001,0,0,0,1,0,0,0,1.3833333333333335,1.4833333333333334,2021-02
streetwear,6.4,2021-03,1.0,1.7999999999999998,6.4,44.87765670653383,17.692552235511275,-4.6000000000000005,-0.71875,1.0,1.5,2.0,1.5,3,1.0,6.123233995736766e-17,0,0,0,1,0,0,0,1.4666666666666668,1.6500000000000001,2021-03
streetwear,9.555272505103307,2021-04,1.75,6.4,1.7999999999999998,6.4,4.866666666666667,4.6000000000000005,2.5555555555555562,1.75,1.0,1.5,1.4166666666666667,4,0.8660254037844387,-0.4999999999999998,0,0,0,1,0,0,0,1.3833333333333335,1.6583333333333334,2021-04
streetwear,8.4,2021-05,1.4,9.555272505103307,6.4,1.7999999999999998,5.9184241683677685,3.155272505103307,0.49301132892239163,1.4,1.75,1.0,1.3833333333333335,5,0.49999999999999994,-0.8660254037844387,0,0,0,1,0,0,0,1.5833333333333333,1.7583333333333335,2021-05
streetwear,21.15291187753452,2021-06,1.25,8.4,9.555272505103307,6.4,8.118424168367769,-1.1552725051033068,-0.12090419236984562,1.25,1.4,1.75,1.4666666666666668,6,1.2246467991473532e-16,-1.0,0,0,0,1,0,0,0,1.8333333333333333,1.8833333333333335,2021-06
streetwear,10.96023839221013,2021-07,1.5,21.15291187753452,8.4,9.555272505103307,13.036061460879276,12.75291187753452,1.518203794944586,1.5,1.25,1.4,1.3833333333333335,7,-0.4999999999999997,-0.8660254037844388,0,0,0,1,0,0,0,1.9333333333333333,1.9666666666666668,2021-07
streetwear,22.68486865735652,2021-08,2.0,10.96023839221013,21.15291187753452,8.4,13.50438342324822,-10.192673485324391,-0.4818567554356209,2.0,1.5,1.25,1.5833333333333333,8,-0.8660254037844385,-0.5000000000000004,0,0,0,1,0,0,0,1.9333333333333333,1.9666666666666668,2021-08
streetwear,46.14304712692496,2021-09,2.0,22.68486865735652,10.96023839221013,21.15291187753452,18.266006309033724,11.724630265146391,1.0697422670550254,2.0,2.0,1.5,1.8333333333333333,9,-1.0,-1.8369701987210297e-16,0,0,0,1,0,0,0,1.9333333333333333,1.9666666666666668,2021-09
streetwear,51.678670971448696,2021-10,1.8,46.14304712692496,22.68486865735652,10.96023839221013,26.596051392163872,23.45817846956844,1.0340892347181891,1.8,2.0,2.0,1.9333333333333333,10,-0.8660254037844386,0.5000000000000001,0,0,0,1,0,0,0,2.0,2.0,2021-10
streetwear,49.70730758521426,2021-11,2.0,51.678670971448696,46.14304712692496,22.68486865735652,40.16886225191006,5.535623844523734,0.11996658628323731,2.0,1.8,2.0,1.9333333333333333,11,-0.5000000000000004,0.8660254037844384,0,0,0,1,0,0,0,2.0,1.9333333333333333,2021-11
streetwear,35.9195161322826,2021-12,2.0,49.70730758521426,51.678670971448696,46.14304712692496,49.17634189452931,-1.9713633862344366,-0.03814655735484318,2.0,2.0,1.8,1.9333333333333333,12,-2.4492935982947064e-16,1.0,0,0,0,1,0,0,0,2.0,1.8083333333333333,2021-12
streetwear,9.996199347095736,2022-01,2.0,35.9195161322826,49.70730758521426,51.678670971448696,45.768498229648515,-13.787791452931657,-0.27737956696397126,2.0,2.0,2.0,2.0,1,0.49999999999999994,0.8660254037844387,0,0,0,1,0,0,0,2.0,1.8083333333333333,2022-01
streetwear,9.457214185570098,2022-02,2.0,9.996199347095736,35.9195161322826,49.70730758521426,31.874341021530867,-25.923316785186866,-0.7217056234754881,2.0,2.0,2.0,2.0,2,0.8660254037844386,0.5000000000000001,0,0,0,1,0,0,0,1.8666666666666665,1.8083333333333333,2022-02
streetwear,2.7,2022-03,2.0,9.457214185570098,9.996199347095736,35.9195161322826,18.45764322164948,-0.5389851615256376,-0.05391900889633949,2.0,2.0,2.0,2.0,3,1.0,6.123233995736766e-17,0,0,0,1,0,0,0,1.6166666666666665,1.8083333333333333,2022-03
streetwear,19.71732053033581,2022-04,2.0,2.7,9.457214185570098,9.996199347095736,7.384471177555278,-6.757214185570098,-0.71450366386756,2.0,2.0,2.0,2.0,4,0.8660254037844387,-0.4999999999999998,0,0,0,1,0,0,0,1.6166666666666665,1.7750000000000001,2022-04
streetwear,3.7,2022-05,1.6,19.71732053033581,2.7,9.457214185570098,10.62484490530197,17.017320530335812,6.302711307531782,1.6,2.0,2.0,1.8666666666666665,5,0.49999999999999994,-0.8660254037844387,0,0,0,1,0,0,0,1.75,1.8416666666666668,2022-05
streetwear,29.37609125905568,2022-06,1.25,3.7,19.71732053033581,2.7,8.705773510111937,-16.017320530335812,-0.8123477277600972,1.25,1.6,2.0,1.6166666666666665,6,1.2246467991473532e-16,-1.0,0,0,0,1,0,0,0,2.0,1.9666666666666668,2022-06
streetwear,10.81517913013942,2022-07,2.0,29.37609125905568,3.7,19.71732053033581,17.597803929797163,25.67609125905568,6.939484124069103,2.0,1.25,1.6,1.6166666666666665,7,-0.4999999999999997,-0.8660254037844388,0,0,0,1,0,0,0,1.9333333333333333,1.9666666666666668,2022-07
streetwear,4.578151250383644,2022-08,2.0,10.81517913013942,29.37609125905568,3.7,14.630423463065034,-18.56091212891626,-0.6318373661504249,2.0,2.0,1.25,1.75,8,-0.8660254037844385,-0.5000000000000004,0,0,0,1,0,0,0,1.9333333333333333,1.925,2022-08
streetwear,55.4931474652826,2022-09,2.0,4.578151250383644,10.81517913013942,29.37609125905568,14.923140546526247,-6.237027879755776,-0.5766920551851622,2.0,2.0,2.0,2.0,9,-1.0,-1.8369701987210297e-16,0,0,0,1,0,0,0,1.9333333333333333,1.925,2022-09
streetwear,25.20204968663224,2022-10,1.8,55.4931474652826,4.578151250383644,10.81517913013942,23.628825948601886,50.914996214898956,11.121300592817317,1.8,2.0,2.0,1.9333333333333333,10,-0.8660254037844386,0.5000000000000001,0,0,0,1,0,0,0,2.0,1.9583333333333333,2022-10
streetwear,29.90451422987188,2022-11,2.0,25.20204968663224,55.4931474652826,4.578151250383644,28.424449467432826,-30.291097778650357,-0.5458529415294195,2.0,1.8,2.0,1.9333333333333333,11,-0.5000000000000004,0.8660254037844384,0,0,0,1,0,0,0,1.9166666666666667,1.7916666666666667,2022-11
streetwear,19.156596241093407,2022-12,2.0,29.90451422987188,25.20204968663224,55.4931474652826,36.866570460595575,4.702464543239639,0.1865905591692385,2.0,2.0,1.8,1.9333333333333333,12,-2.4492935982947064e-16,1.0,0,0,0,1,0,0,0,1.9166666666666667,1.6666666666666667,2022-12
streetwear,22.50360630701959,2023-01,2.0,19.156596241093407,29.90451422987188,25.20204968663224,24.754386719199175,-10.747917988778472,-0.3594078775585755,2.0,2.0,2.0,2.0,1,0.49999999999999994,0.8660254037844387,0,0,0,1,0,0,0,1.9166666666666667,1.5999999999999999,2023-01
streetwear,11.832204133050826,2023-02,1.75,22.50360630701959,19.156596241093407,29.90451422987188,23.854905592661627,3.3470100659261846,0.17471841154883294,1.75,2.0,2.0,1.9166666666666667,2,0.8660254037844386,0.5000000000000001,0,0,0,1,0,0,0,1.6666666666666667,1.5999999999999999,2023-02
streetwear,11.814664992862536,2023-03,2.0,11.832204133050826,22.50360630701959,19.156596241093407,17.83080222705461,-10.671402173968765,-0.47420853477338054,2.0,1.75,2.0,1.9166666666666667,3,1.0,6.123233995736766e-17,0,0,0,1,0,0,0,1.4166666666666667,1.4749999999999999,2023-03
streetwear,10.398051951724344,2023-04,2.0,11.814664992862536,11.832204133050826,22.50360630701959,15.38349181097765,-0.017539140188290503,-0.0014823223121462892,2.0,2.0,1.75,1.9166666666666667,4,0.8660254037844387,-0.4999999999999998,0,0,0,1,0,0,0,1.2833333333333334,1.4083333333333332,2023-04
streetwear,27.490222292922564,2023-05,1.0,10.398051951724344,11.814664992862536,11.832204133050826,11.348307025879237,-1.4166130411381914,-0.11990293774677441,1.0,2.0,2.0,1.6666666666666667,5,0.49999999999999994,-0.8660254037844387,0,0,0,1,0,0,0,1.5333333333333332,1.5333333333333332,2023-05
streetwear,22.922262262493117,2023-06,1.25,27.490222292922564,10.398051951724344,11.814664992862536,16.567646412503148,17.09217034119822,1.6437858187815428,1.25,1.0,2.0,1.4166666666666667,6,1.2246467991473532e-16,-1.0,0,0,0,1,0,0,0,1.5333333333333332,1.625,2023-06
streetwear,8.812605001534575,2023-07,1.6,22.922262262493117,27.490222292922564,10.398051951724344,20.27017883571334,-4.567960030429447,-0.16616671854288645,1.6,1.25,1.0,1.2833333333333334,7,-0.4999999999999997,-0.8660254037844388,0,0,0,1,0,0,0,1.5333333333333332,1.5250000000000001,2023-07
streetwear,31.32239128253805,2023-08,1.75,8.812605001534575,22.922262262493117,27.490222292922564,19.741696518983417,-14.109657260958542,-0.6155438367898649,1.75,1.6,1.25,1.5333333333333332,8,-0.8660254037844385,-0.5000000000000004,0,0,0,1,0,0,0,1.5333333333333332,1.3999999999999997,2023-08
streetwear,41.98168625301592,2023-09,1.25,31.32239128253805,8.812605001534575,22.922262262493117,21.01908618218858,22.509786281003475,2.55427155501509,1.25,1.75,1.6,1.5333333333333332,9,-1.0,-1.8369701987210297e-16,0,0,0,1,0,0,0,1.7166666666666668,1.3583333333333334,2023-09
streetwear,28.454106654692865,2023-10,1.6,41.98168625301592,31.32239128253805,8.812605001534575,27.37222751236285,10.659294970477873,0.3403091058510701,1.6,1.25,1.75,1.5333333333333332,10,-0.8660254037844386,0.5000000000000001,0,0,0,1,0,0,0,1.5166666666666666,1.2583333333333333,2023-10
streetwear,53.60106623457698,2023-11,1.75,28.454106654692865,41.98168625301592,31.32239128253805,33.91939473008228,-13.527579598323058,-0.3222257323537415,1.75,1.6,1.25,1.5333333333333332,11,-0.5000000000000004,0.8660254037844384,0,0,0,1,0,0,0,1.2666666666666666,1.1333333333333333,2023-11
streetwear,56.4494432571135,2023-12,1.8,53.60106623457698,28.454106654692865,41.98168625301592,41.34561971409526,25.14695957988412,0.8837725916001196,1.8,1.75,1.6,1.7166666666666668,12,-2.4492935982947064e-16,1.0,0,0,0,1,0,0,0,1.0,1.0,2023-12
streetwear,9.303089986991942,2024-01,1.0,56.4494432571135,53.60106623457698,28.454106654692865,46.16820538212778,2.8483770225365177,0.053140305270626964,1.0,1.8,1.75,1.5166666666666666,1,0.49999999999999994,0.8660254037844387,0,0,0,1,0,0,0,1.0,1.0,2024-01
streetwear,3.9,2024-02,1.0,9.303089986991942,56.4494432571135,53.60106623457698,39.78453315956081,-47.14635327012156,-0.8351960719148526,1.0,1.0,1.8,1.2666666666666666,2,0.8660254037844386,0.5000000000000001,0,0,0,1,0,0,0,1.0,1.0,2024-02
streetwear,1.9,2024-03,1.0,3.9,9.303089986991942,56.4494432571135,23.217511081368485,-5.403089986991942,-0.5807844484517316,1.0,1.0,1.0,1.0,3,1.0,6.123233995736766e-17,0,0,0,1,0,0,0,1.0,1.0,2024-03
streetwear,11.200370545117565,2024-04,1.0,1.9,3.9,9.303089986991942,5.034363328997315,-2.0,-0.5128205128205128,1.0,1.0,1.0,1.0,4,0.8660254037844387,-0.4999999999999998,0,0,0,1,0,0,0,1.0,1.0,2024-04
streetwear,23.74899576553634,2024-05,1.0,11.200370545117565,1.9,3.9,5.6667901817058555,9.300370545117564,4.89493186585135,1.0,1.0,1.0,1.0,5,0.49999999999999994,-0.8660254037844387,0,0,0,1,0,0,0,1.0,1.125,2024-05
streetwear,2.7,2024-06,1.0,23.74899576553634,11.200370545117565,1.9,12.283122103551301,12.548625220418774,1.12037589916067,1.0,1.0,1.0,1.0,6,1.2246467991473532e-16,-1.0,0,0,0,1,0,0,0,1.0,1.2583333333333333,2024-06
streetwear,38.83035998138906,2024-07,1.0,2.7,23.74899576553634,11.200370545117565,12.549788770217967,-21.04899576553634,-0.8863109822976961,1.0,1.0,1.0,1.0,7,-0.4999999999999997,-0.8660254037844388,0,0,0,1,0,0,0,1.0,1.2583333333333333,2024-07
streetwear,14.332499586094665,2024-08,1.0,38.83035998138906,2.7,23.74899576553634,21.759785248975135,36.130359981389056,13.381614807921872,1.0,1.0,1.0,1.0,8,-0.8660254037844385,-0.5000000000000004,0,0,0,1,0,0,0,1.25,1.2583333333333333,2024-08
streetwear,97.2504506333988,2024-09,1.0,14.332499586094665,38.83035998138906,2.7,18.62095318916124,-24.497860395294396,-0.6308944961374536,1.0,1.0,1.0,1.0,9,-1.0,-1.8369701987210297e-16,0,0,0,1,0,0,0,1.5166666666666666,1.2916666666666667,2024-09
streetwear,116.46582969717348,2024-10,1.0,97.2504506333988,14.332499586094665,38.83035998138906,50.13777006696083,82.91795104730413,5.785309851168655,1.0,1.0,1.0,1.0,10,-0.8660254037844386,0.5000000000000001,0,0,0,1,0,0,0,1.5166666666666666,1.3333333333333333,2024-10
streetwear,85.48051383558999,2024-11,1.75,116.46582969717348,97.2504506333988,14.332499586094665,76.01625997222231,19.215379063774677,0.19758652981681424,1.75,1.0,1.0,1.25,11,-0.5000000000000004,0.8660254037844384,0,0,0,1,0,0,0,1.2666666666666666,1.2083333333333333,2024-11
streetwear,63.25990081160956,2024-12,1.8,85.48051383558999,116.46582969717348,97.2504506333988,99.73226472205408,-30.985315861583487,-0.26604640985385497,1.8,1.75,1.0,1.5166666666666666,12,-2.4492935982947064e-16,1.0,0,0,0,1,0,0,0,1.0666666666666667,1.075,2024-12
streetwear,26.50848501887865,2025-01,1.0,63.25990081160956,85.48051383558999,116.46582969717348,88.40208144812435,-22.220613023980427,-0.25994945545974046,1.0,1.8,1.75,1.5166666666666666,1,0.49999999999999994,0.8660254037844387,0,0,0,1,0,0,0,1.1500000000000001,1.2416666666666667,2025-01
streetwear,1.6,2025-02,1.0,26.50848501887865,63.25990081160956,85.48051383558999,58.41629988869273,-36.75141579273091,-0.5809591118736979,1.0,1.0,1.8,1.2666666666666666,2,0.8660254037844386,0.5000000000000001,0,0,0,1,0,0,0,1.1500000000000001,1.575,2025-02
streetwear,7.841392685158225,2025-03,1.2,1.6,26.50848501887865,63.25990081160956,30.456128610162736,-24.908485018878647,-0.9396419675111376,1.2,1.0,1.0,1.0666666666666667,3,1.0,6.123233995736766e-17,0,0,0,1,0,0,0,1.0833333333333333,2.0,2025-03
streetwear,21.31853992195166,2025-04,1.25,7.841392685158225,1.6,26.50848501887865,11.98329256801229,6.241392685158225,3.9008704282238904,1.25,1.2,1.0,1.1500000000000001,4,0.8660254037844387,-0.4999999999999998,0,0,0,1,0,0,0,1.3333333333333333,2.2916666666666665,2025-04
streetwear,17.507209969647867,2025-05,1.0,21.31853992195166,7.841392685158225,1.6,10.253310869036628,13.477147236793435,1.718718571804505,1.0,1.25,1.2,1.1500000000000001,5,0.49999999999999994,-0.8660254037844387,0,0,0,1,0,0,0,2.0,2.6916666666666664,2025-05
streetwear,132.86801853206384,2025-06,1.0,17.507209969647867,21.31853992195166,7.841392685158225,15.555714192252585,-3.811329952303794,-0.1787800649696124,1.0,1.0,1.25,1.0833333333333333,6,1.2246467991473532e-16,-1.0,0,0,0,1,0,0,0,2.9166666666666665,3.025,2025-06
streetwear,12.74551266781415,2025-07,2.0,132.86801853206384,17.507209969647867,21.31853992195166,57.23125614122112,115.36080856241597,6.589331410454107,2.0,1.0,1.0,1.3333333333333333,7,-0.4999999999999997,-0.8660254037844388,0,0,0,1,0,0,0,3.25,2.960483870967742,2025-07
streetwear,80.39148842709446,2025-08,3.0,12.74551266781415,132.86801853206384,17.507209969647867,54.37358038984195,-120.12250586424969,-0.904073886187003,3.0,2.0,1.0,2.0,8,-0.8660254037844385,-0.5000000000000004,0,0,0,1,0,0,0,3.3833333333333333,3.061674347158218,2025-08
streetwear,165.47956812682185,2025-09,3.75,80.39148842709446,12.74551266781415,132.86801853206384,75.33500654232414,67.6459757592803,5.307434665229638,3.75,3.0,2.0,2.9166666666666665,9,-1.0,-1.8369701987210297e-16,0,0,0,1,0,0,0,3.1333333333333333,2.786136712749616,2025-09
streetwear,77.85307608623737,2025-10,3.0,165.47956812682185,80.39148842709446,12.74551266781415,86.20552307391013,85.08807969972739,1.058421499147788,3.0,3.75,3.0,3.25,10,-0.8660254037844386,0.5000000000000001,0,0,0,1,0,0,0,2.6709677419354843,2.7433640552995393,2025-10
streetwear,157.50836686886967,2025-11,3.4,77.85307608623737,165.47956812682185,80.39148842709446,107.90804421338454,-87.62649204058448,-0.5295305821285952,3.4,3.0,3.75,3.3833333333333333,11,-0.5000000000000004,0.8660254037844384,0,0,0,1,0,0,0,2.740015360983103,2.5792050691244244,2025-11
streetwear,65.17103265452374,2025-12,3.0,157.50836686886967,77.85307608623737,165.47956812682185,133.61367036064294,79.6552907826323,1.0231489208518703,3.0,3.4,3.0,3.1333333333333333,12,-2.4492935982947064e-16,1.0,0,0,0,1,0,0,0,2.4389400921658986,2.4389400921658986,2025-12
striped,1.9542425094393248,2020-11,5.0,4.845098040014257,3.681241237375588,1.0,3.175446425796615,1.1638568026386689,0.3161587974246425,5.0,6.0,7.0,6.0,11,-0.5000000000000004,0.8660254037844384,0,0,0,0,0,1,0,5.75,5.3,2020-11
striped,0.3,2021-03,5.5,1.9542425094393248,4.845098040014257,3.681241237375588,3.4935272622763898,-2.890855530574932,-0.596655734662167,5.5,5.0,6.0,5.5,3,1.0,6.123233995736766e-17,0,0,0,0,0,1,0,5.583333333333333,5.383333333333333,2021-03
striped,6.760422483423212,2021-07,5.75,0.3,1.9542425094393248,4.845098040014257,2.366446849817861,-1.6542425094393247,-0.8464878342626625,5.75,5.5,5.0,5.416666666666667,7,-0.4999999999999997,-0.8660254037844388,0,0,0,0,0,1,0,5.25,5.325,2021-07
striped,7.960422483423212,2021-09,6.0,6.760422483423212,0.3,1.9542425094393248,3.004888330954179,6.460422483423212,21.534741611410706,6.0,5.75,5.5,5.75,9,-1.0,-1.8369701987210297e-16,0,0,0,0,0,1,0,4.8500000000000005,5.125000000000001,2021-09
striped,10.160422483423211,2021-11,5.0,7.960422483423212,6.760422483423212,0.3,5.006948322282141,1.2000000000000002,0.1775036993534711,5.0,6.0,5.75,5.583333333333333,11,-0.5000000000000004,0.8660254037844384,0,0,0,0,0,1,0,5.183333333333334,5.250000000000001,2021-11
striped,3.380211241711606,2021-12,4.75,10.160422483423211,7.960422483423212,6.760422483423212,8.293755816756546,2.1999999999999993,0.27636724113340483,4.75,5.0,6.0,5.25,12,-2.4492935982947064e-16,1.0,0,0,0,0,0,1,0,5.400000000000001,5.333333333333333,2021-12
striped,0.6,2022-01,4.8,3.380211241711606,10.160422483423211,7.960422483423212,7.16701873618601,-6.780211241711605,-0.6673158771471914,4.8,4.75,5.0,4.8500000000000005,1,0.49999999999999994,0.8660254037844387,0,0,0,0,0,1,0,5.3999999999999995,5.408333333333334,2022-01
striped,3.690196080028514,2022-04,6.0,0.6,3.380211241711606,10.160422483423211,4.713544575044939,-2.780211241711606,-0.8224963006465289,6.0,4.8,4.75,5.183333333333334,4,0.8660254037844387,-0.4999999999999998,0,0,0,0,0,1,0,5.316666666666666,5.116666666666666,2022-04
striped,1.2,2022-10,5.4,3.690196080028514,0.6,3.380211241711606,2.55680244058004,3.0901960800285138,5.150326800047523,5.4,6.0,4.8,5.3999999999999995,10,-0.8660254037844386,0.5000000000000001,0,0,0,0,0,1,0,5.266666666666667,5.05,2022-10
striped,1.0,2023-01,4.8,1.2,3.690196080028514,0.6,1.8300653600095045,-2.4901960800285137,-0.6748140277709234,4.8,5.4,6.0,5.3999999999999995,1,0.49999999999999994,0.8660254037844387,0,0,0,0,0,1,0,5.416666666666667,5.25,2023-01
striped,3.079181246047625,2023-08,5.75,1.0,1.2,3.690196080028514,1.963398693342838,-0.19999999999999996,-0.16666666666666663,5.75,4.8,5.4,5.316666666666666,8,-0.8660254037844385,-0.5000000000000004,0,0,0,0,0,1,0,4.916666666666667,5.291666666666667,2023-08
striped,3.683452722650242,2023-09,5.25,3.079181246047625,1.0,1.2,1.759727082015875,2.079181246047625,2.079181246047625,5.25,5.75,4.8,5.266666666666667,9,-1.0,-1.8369701987210297e-16,0,0,0,0,0,1,0,4.833333333333333,5.416666666666667,2023-09
striped,1.3010299956639813,2023-11,5.25,3.683452722650242,3.079181246047625,1.0,2.5875446562326223,0.6042714766026167,0.1962442052991351,5.25,5.25,5.75,5.416666666666667,11,-0.5000000000000004,0.8660254037844384,0,0,0,0,0,1,0,5.083333333333333,5.541666666666667,2023-11
striped,1.0,2024-01,4.25,1.3010299956639813,3.683452722650242,3.079181246047625,2.687887988120616,-2.3824227269862606,-0.6467906354101673,4.25,5.25,5.25,4.916666666666667,1,0.49999999999999994,0.8660254037844387,0,0,0,0,0,1,0,5.666666666666667,5.833333333333333,2024-01
striped,2.0,2024-03,5.0,1.0,1.3010299956639813,3.683452722650242,1.9948275727714078,-0.30102999566398125,-0.23137821315975926,5.0,4.25,5.25,4.833333333333333,3,1.0,6.123233995736766e-17,0,0,0,0,0,1,0,6.0,5.916666666666667,2024-03
striped,0.3,2024-04,6.0,2.0,1.0,1.3010299956639813,1.433676665221327,1.0,1.0,6.0,5.0,4.25,5.083333333333333,4,0.8660254037844387,-0.4999999999999998,0,0,0,0,0,1,0,6.0,5.875,2024-04
striped,0.3,2024-05,6.0,0.3,2.0,1.0,1.0999999999999999,-1.7,-0.85,6.0,6.0,5.0,5.666666666666667,5,0.49999999999999994,-0.8660254037844387,0,0,0,0,0,1,0,6.0,5.958333333333333,2024-05
striped,0.6,2024-07,6.0,0.3,0.3,2.0,0.8666666666666667,0.0,0.0,6.0,6.0,6.0,6.0,7,-0.4999999999999997,-0.8660254037844388,0,0,0,0,0,1,0,5.833333333333333,6.125,2024-07
striped,0.3,2024-08,6.0,0.6,0.3,0.3,0.39999999999999997,0.3,1.0,6.0,6.0,6.0,6.0,8,-0.8660254037844385,-0.5000000000000004,0,0,0,0,0,1,0,5.75,6.291666666666667,2024-08
striped,3.206517429522861,2024-09,6.0,0.3,0.6,0.3,0.39999999999999997,-0.3,-0.5,6.0,6.0,6.0,6.0,9,-1.0,-1.8369701987210297e-16,0,0,0,0,0,1,0,5.916666666666667,6.691666666666666,2024-09
striped,1.5,2024-11,5.5,3.206517429522861,0.3,0.6,1.368839143174287,2.9065174295228613,9.68839143174287,5.5,6.0,6.0,5.833333333333333,11,-0.5000000000000004,0.8660254037844384,0,0,0,0,0,1,0,6.416666666666667,7.108333333333333,2024-11
striped,1.0,2025-02,5.75,1.5,3.206517429522861,0.3,1.6688391431742868,-1.7065174295228611,-0.5322027611048401,5.75,5.5,6.0,5.75,2,0.8660254037844386,0.5000000000000001,0,0,0,0,0,1,0,6.833333333333333,7.441666666666666,2025-02
striped,2.0,2025-04,6.5,1.0,1.5,3.206517429522861,1.9021724765076204,-0.5,-0.33333333333333337,6.5,5.75,5.5,5.916666666666667,4,0.8660254037844387,-0.4999999999999998,0,0,0,0,0,1,0,7.466666666666666,7.558333333333334,2025-04
striped,0.6,2025-05,7.0,2.0,1.0,1.5,1.5,1.0,1.0,7.0,6.5,5.75,6.416666666666667,5,0.49999999999999994,-0.8660254037844387,0,0,0,0,0,1,0,7.8,7.433333333333334,2025-05
striped,4.281241237375587,2025-06,7.0,0.6,2.0,1.0,1.2,-1.4,-0.7,7.0,7.0,6.5,6.833333333333333,6,1.2246467991473532e-16,-1.0,0,0,0,0,0,1,0,8.049999999999999,6.949462365591397,2025-06
striped,4.078151250383644,2025-08,8.4,4.281241237375587,0.6,2.0,2.2937470791251955,3.681241237375587,6.135402062292646,8.4,7.0,7.0,7.466666666666666,8,-0.8660254037844385,-0.5000000000000004,0,0,0,0,0,1,0,7.6499999999999995,7.323271889400921,2025-08
striped,1.0,2025-09,8.0,4.078151250383644,4.281241237375587,0.6,2.9864641625864103,-0.20308998699194358,-0.0474371743453631,8.0,8.4,7.0,7.8,9,-1.0,-1.8369701987210297e-16,0,0,0,0,0,1,0,7.066666666666666,6.979185867895545,2025-09
striped,4.0,2025-10,7.75,1.0,4.078151250383644,4.281241237375587,3.119797495919743,-3.0781512503836437,-0.7547908504114635,7.75,8.0,8.4,8.049999999999999,10,-0.8660254037844386,0.5000000000000001,0,0,0,0,0,1,0,5.848924731182795,6.825023041474654,2025-10
striped,4.938764005203222,2025-11,7.2,4.0,1.0,4.078151250383644,3.0260504167945483,3.0,3.0,7.2,7.75,8.0,7.6499999999999995,11,-0.5000000000000004,0.8660254037844384,0,0,0,0,0,1,0,6.996543778801843,6.7312788018433185,2025-11
striped,13.256032268465818,2025-12,6.25,4.938764005203222,4.0,1.0,3.3129213350677404,0.9387640052032218,0.23469100130080545,6.25,7.2,7.75,7.066666666666666,12,-2.4492935982947064e-16,1.0,0,0,0,0,0,1,0,6.891705069124424,6.891705069124424,2025-12
suede,5.0,2021-10,8.0,3.9084850188786495,5.566579718506381,3.255272505103306,4.243445747496112,-1.658094699627731,-0.2978659757831743,8.0,7.0,8.0,7.666666666666667,10,-0.8660254037844386,0.5000000000000001,0,0,0,0,1,0,0,7.333333333333333,7.5,2021-10
suede,3.8514180174511568,2021-11,9.0,5.0,3.9084850188786495,5.566579718506381,4.825021579128343,1.0915149811213505,0.279268047811146,9.0,8.0,7.0,8.0,11,-0.5000000000000004,0.8660254037844384,0,0,0,0,1,0,0,6.666666666666667,7.0,2021-11
suede,0.3,2022-02,7.0,3.8514180174511568,5.0,3.9084850188786495,4.253301012109936,-1.1485819825488432,-0.2297163965097686,7.0,9.0,8.0,8.0,2,0.8660254037844386,0.5000000000000001,0,0,0,0,1,0,0,7.0,7.0,2022-02
suede,0.3,2022-07,6.0,0.3,3.8514180174511568,5.0,3.050472672483719,-3.551418017451157,-0.9221066114764301,6.0,7.0,9.0,7.333333333333333,7,-0.4999999999999997,-0.8660254037844388,0,0,0,0,1,0,0,7.666666666666667,7.333333333333333,2022-07
suede,0.3,2022-09,7.0,0.3,0.3,3.8514180174511568,1.4838060058170521,0.0,0.0,7.0,6.0,7.0,6.666666666666667,9,-1.0,-1.8369701987210297e-16,0,0,0,0,1,0,0,7.333333333333333,7.5,2022-09
suede,2.8010299956639813,2022-10,8.0,0.3,0.3,0.3,0.3,0.0,0.0,8.0,7.0,6.0,7.0,10,-0.8660254037844386,0.5000000000000001,0,0,0,0,1,0,0,7.0,7.666666666666667,2022-10
suede,27.558231441627857,2022-12,8.0,2.8010299956639813,0.3,0.3,1.133676665221327,2.5010299956639814,8.33676665221327,8.0,8.0,7.0,7.666666666666667,12,-2.4492935982947064e-16,1.0,0,0,0,0,1,0,0,7.0,7.666666666666667,2022-12
suede,0.3,2023-06,6.0,27.558231441627857,2.8010299956639813,0.3,10.219753812430612,24.757201445963876,8.838606328489249,6.0,8.0,8.0,7.333333333333333,6,1.2246467991473532e-16,-1.0,0,0,0,0,1,0,0,7.666666666666667,7.833333333333333,2023-06
suede,25.434091731355167,2023-09,7.0,0.3,27.558231441627857,2.8010299956639813,10.219753812430612,-27.258231441627856,-0.9891139603557129,7.0,6.0,8.0,7.0,9,-1.0,-1.8369701987210297e-16,0,0,0,0,1,0,0,8.333333333333334,7.833333333333333,2023-09
suede,12.943670843306592,2023-10,8.0,25.434091731355167,0.3,27.558231441627857,17.764107724327676,25.134091731355166,83.78030577118389,8.0,7.0,6.0,7.0,10,-0.8660254037844386,0.5000000000000001,0,0,0,0,1,0,0,8.333333333333334,7.666666666666667,2023-10
suede,3.0,2023-11,8.0,12.943670843306592,25.434091731355167,0.3,12.892587524887253,-12.490420888048575,-0.4910897161171427,8.0,8.0,7.0,7.666666666666667,11,-0.5000000000000004,0.8660254037844384,0,0,0,0,1,0,0,8.0,8.166666666666666,2023-11
suede,18.531749493146883,2023-12,9.0,3.0,12.943670843306592,25.434091731355167,13.792587524887253,-9.943670843306592,-0.7682264918262075,9.0,8.0,8.0,8.333333333333334,12,-2.4492935982947064e-16,1.0,0,0,0,0,1,0,0,7.333333333333333,8.5,2023-12
suede,4.3,2024-01,8.0,18.531749493146883,3.0,12.943670843306592,11.491806778817825,15.531749493146883,5.177249831048961,8.0,9.0,8.0,8.333333333333334,1,0.49999999999999994,0.8660254037844387,0,0,0,0,1,0,0,7.0,9.166666666666666,2024-01
suede,2.0,2024-03,7.0,4.3,18.531749493146883,3.0,8.610583164382295,-14.231749493146882,-0.7679657820978987,7.0,8.0,9.0,8.0,3,1.0,6.123233995736766e-17,0,0,0,0,1,0,0,8.333333333333334,9.5,2024-03
suede,1.0,2024-05,7.0,2.0,4.3,18.531749493146883,8.27724983104896,-2.3,-0.5348837209302326,7.0,7.0,8.0,7.333333333333333,5,0.49999999999999994,-0.8660254037844387,0,0,0,0,1,0,0,9.666666666666666,9.833333333333334,2024-05
suede,6.0,2024-06,7.0,1.0,2.0,4.3,2.433333333333333,-1.0,-0.5,7.0,7.0,7.0,7.0,6,1.2246467991473532e-16,-1.0,0,0,0,0,1,0,0,11.333333333333334,10.833333333333334,2024-06
suede,11.016051216011844,2024-09,11.0,6.0,1.0,2.0,3.0,5.0,5.0,11.0,7.0,7.0,8.333333333333334,9,-1.0,-1.8369701987210297e-16,0,0,0,0,1,0,0,10.666666666666666,11.5,2024-09
suede,5.619563149049287,2024-10,11.0,11.016051216011844,6.0,1.0,6.005350405337282,5.016051216011844,0.836008536001974,11.0,11.0,7.0,9.666666666666666,10,-0.8660254037844386,0.5000000000000001,0,0,0,0,1,0,0,10.0,12.166666666666666,2024-10
suede,2.522471989593555,2024-11,12.0,5.619563149049287,11.016051216011844,6.0,7.54520478835371,-5.396488066962557,-0.4898749979592284,12.0,11.0,11.0,11.333333333333334,11,-0.5000000000000004,0.8660254037844384,0,0,0,0,1,0,0,10.333333333333334,12.666666666666666,2024-11
suede,4.0,2025-04,9.0,2.522471989593555,5.619563149049287,11.016051216011844,6.386028784884895,-3.097091159455732,-0.5511266760975353,9.0,12.0,11.0,10.666666666666666,4,0.8660254037844387,-0.4999999999999998,0,0,0,0,1,0,0,12.333333333333334,13.333333333333334,2025-04
suede,2.2020599913279626,2025-06,9.0,4.0,2.522471989593555,5.619563149049287,4.047345046214281,1.477528010406445,0.5857460524842215,9.0,9.0,12.0,10.0,6,1.2246467991473532e-16,-1.0,0,0,0,0,1,0,0,14.333333333333334,13.666666666666666,2025-06
suede,2.0,2025-08,13.0,2.2020599913279626,4.0,2.522471989593555,2.908177326973839,-1.7979400086720374,-0.44948500216800935,13.0,9.0,9.0,10.333333333333334,8,-0.8660254037844385,-0.5000000000000004,0,0,0,0,1,0,0,15.0,13.8,2025-08
suede,6.679181246047625,2025-09,15.0,2.0,2.2020599913279626,4.0,2.734019997109321,-0.2020599913279626,-0.09175953067750409,15.0,13.0,9.0,12.333333333333334,9,-1.0,-1.8369701987210297e-16,0,0,0,0,1,0,0,14.333333333333334,13.5,2025-09
suede,1.5612359947967775,2025-10,15.0,6.679181246047625,2.0,2.2020599913279626,3.627080412458529,4.679181246047625,2.3395906230238124,15.0,15.0,13.0,14.333333333333334,10,-0.8660254037844386,0.5000000000000001,0,0,0,0,1,0,0,13.0,13.0,2025-10
sunglasses,6.277670660106965,2021-11,17.25,1.4771212547196624,2.9731278535996983,1.845098040014257,2.098449049444539,-1.496006598880036,-0.5031760060599998,17.25,24.6,18.5,20.116666666666667,11,-0.5000000000000004,0.8660254037844384,1,0,0,0,0,0,0,24.616666666666664,24.208333333333332,2021-11
sunglasses,0.3,2022-03,22.25,6.277670660106965,1.4771212547196624,2.9731278535996983,3.5759732561421083,4.800549405387303,3.2499359074610172,22.25,17.25,24.6,21.366666666666664,3,1.0,6.123233995736766e-17,1,0,0,0,0,0,0,23.116666666666664,25.458333333333332,2022-03
sunglasses,0.3,2022-04,24.0,0.3,6.277670660106965,1.4771212547196624,2.6849306382755427,-5.977670660106965,-0.952211573967009,24.0,22.25,17.25,21.166666666666668,4,0.8660254037844387,-0.4999999999999998,1,0,0,0,0,0,0,23.583333333333332,25.858333333333334,2022-04
sunglasses,2.0413926851582254,2022-07,27.6,0.3,0.3,6.277670660106965,2.2925568867023216,0.0,0.0,27.6,24.0,22.25,24.616666666666664,7,-0.4999999999999997,-0.8660254037844388,1,0,0,0,0,0,0,23.8,24.71666666666667,2022-07
sunglasses,4.077528010406445,2022-09,17.75,2.0413926851582254,0.3,0.3,0.8804642283860752,1.7413926851582253,5.804642283860751,17.75,27.6,24.0,23.116666666666664,9,-1.0,-1.8369701987210297e-16,1,0,0,0,0,0,0,27.8,24.59166666666667,2022-09
sunglasses,43.41447236508384,2023-04,25.4,4.077528010406445,2.0413926851582254,0.3,2.1396402318548904,2.0361353252482193,0.9974246209716391,25.4,17.75,27.6,23.583333333333332,4,0.8660254037844387,-0.4999999999999998,1,0,0,0,0,0,0,28.133333333333336,23.275000000000002,2023-04
sunglasses,36.12577610449358,2023-05,28.25,43.41447236508384,4.077528010406445,2.0413926851582254,16.51113102021617,39.33694435467739,9.647253005812294,28.25,25.4,17.75,23.8,5,0.49999999999999994,-0.8660254037844387,1,0,0,0,0,0,0,25.633333333333336,21.566666666666666,2023-05
sunglasses,8.010299956639813,2023-06,29.75,36.12577610449358,43.41447236508384,4.077528010406445,27.87259215999462,-7.288696260590257,-0.16788632599971898,29.75,28.25,25.4,27.8,6,1.2246467991473532e-16,-1.0,1,0,0,0,0,0,0,21.383333333333336,20.566666666666666,2023-06
sunglasses,34.11547614785377,2023-07,26.4,8.010299956639813,36.12577610449358,43.41447236508384,29.18351614207241,-28.11547614785377,-0.7782663565906496,26.4,29.75,28.25,28.133333333333336,7,-0.4999999999999997,-0.8660254037844388,1,0,0,0,0,0,0,18.416666666666668,19.958333333333332,2023-07
sunglasses,36.27465712774616,2023-09,20.75,34.11547614785377,8.010299956639813,36.12577610449358,26.083850736329055,26.105176191213957,3.2589511419700496,20.75,26.4,29.75,25.633333333333336,9,-1.0,-1.8369701987210297e-16,1,0,0,0,0,0,0,17.5,20.125,2023-09
sunglasses,14.714156357642226,2023-10,17.0,36.27465712774616,34.11547614785377,8.010299956639813,26.133477744079915,2.1591809798923904,0.06329036624125273,17.0,20.75,26.4,21.383333333333336,10,-0.8660254037844386,0.5000000000000001,1,0,0,0,0,0,0,19.75,20.5,2023-10
sunglasses,4.4,2023-11,17.5,14.714156357642226,36.27465712774616,34.11547614785377,28.368096544414055,-21.560500770103936,-0.5943681478277159,17.5,17.0,20.75,18.416666666666668,11,-0.5000000000000004,0.8660254037844384,1,0,0,0,0,0,0,21.5,20.150000000000002,2023-11
sunglasses,20.17175698723952,2023-12,18.0,4.4,14.714156357642226,36.27465712774616,18.462937828462795,-10.314156357642226,-0.7009682449300104,18.0,17.5,17.0,17.5,12,-2.4492935982947064e-16,1.0,1,0,0,0,0,0,0,22.75,19.566666666666666,2023-12
sunglasses,0.3,2024-04,23.75,20.17175698723952,4.4,14.714156357642226,13.095304448293916,15.771756987239518,3.584490224372617,23.75,18.0,17.5,19.75,4,0.8660254037844387,-0.4999999999999998,1,0,0,0,0,0,0,21.25,18.066666666666666,2024-04
sunglasses,0.3,2024-05,22.75,0.3,20.17175698723952,4.4,8.290585662413173,-19.871756987239518,-0.9851277208926432,22.75,23.75,18.0,21.5,5,0.49999999999999994,-0.8660254037844387,1,0,0,0,0,0,0,18.8,16.875,2024-05
sunglasses,0.3,2024-07,21.75,0.3,0.3,20.17175698723952,6.923918995746507,0.0,0.0,21.75,22.75,23.75,22.75,7,-0.4999999999999997,-0.8660254037844388,1,0,0,0,0,0,0,16.383333333333333,15.625,2024-07
sunglasses,3.483707984390332,2024-08,19.25,0.3,0.3,0.3,0.3,0.0,0.0,19.25,21.75,22.75,21.25,8,-0.8660254037844385,-0.5000000000000004,1,0,0,0,0,0,0,14.883333333333333,15.041666666666666,2024-08
sunglasses,94.5100529446967,2024-09,15.4,3.483707984390332,0.3,0.3,1.3612359947967771,3.183707984390332,10.612359947967773,15.4,19.25,21.75,18.8,9,-1.0,-1.8369701987210297e-16,1,0,0,0,0,0,0,14.950000000000001,16.641666666666666,2024-09
sunglasses,120.87739045500958,2024-10,14.5,94.5100529446967,3.483707984390332,0.3,32.764586976362345,91.02634496030636,26.129154730584137,14.5,15.4,19.25,16.383333333333333,10,-0.8660254037844386,0.5000000000000001,1,0,0,0,0,0,0,14.866666666666667,18.391666666666666,2024-10
sunglasses,52.84446811975703,2024-11,14.75,120.87739045500958,94.5100529446967,3.483707984390332,72.95705046136554,26.36733751031288,0.2789897655198854,14.75,14.5,15.4,14.883333333333333,11,-0.5000000000000004,0.8660254037844384,1,0,0,0,0,0,0,15.200000000000001,19.266666666666666,2024-11
sunglasses,164.89225066683107,2024-12,15.6,52.84446811975703,120.87739045500958,94.5100529446967,89.41063717315444,-68.03292233525255,-0.5628258690823932,15.6,14.75,14.5,14.950000000000001,12,-2.4492935982947064e-16,1.0,1,0,0,0,0,0,0,18.333333333333332,19.708333333333332,2024-12
sunglasses,8.0,2025-01,14.25,164.89225066683107,52.84446811975703,120.87739045500958,112.87136974719924,112.04778254707404,2.1203313522457914,14.25,15.6,14.75,14.866666666666667,1,0.49999999999999994,0.8660254037844387,1,0,0,0,0,0,0,21.916666666666668,20.400000000000002,2025-01
sunglasses,4.0,2025-02,15.75,8.0,164.89225066683107,52.84446811975703,75.2455729288627,-156.89225066683107,-0.9514834689462502,15.75,14.25,15.6,15.200000000000001,2,0.8660254037844386,0.5000000000000001,1,0,0,0,0,0,0,23.333333333333332,20.775000000000002,2025-02
sunglasses,0.3,2025-06,25.0,4.0,8.0,164.89225066683107,58.96408355561036,-4.0,-0.5,25.0,15.75,14.25,18.333333333333332,6,1.2246467991473532e-16,-1.0,1,0,0,0,0,0,0,21.083333333333332,18.366397849462366,2025-06
sunglasses,2.361727836017593,2025-07,25.0,0.3,4.0,8.0,4.1000000000000005,-3.7,-0.925,25.0,25.0,15.75,21.916666666666668,7,-0.4999999999999997,-0.8660254037844388,1,0,0,0,0,0,0,18.883333333333333,16.83068356374808,2025-07
sunglasses,18.03809722490803,2025-09,20.0,2.361727836017593,0.3,4.0,2.2205759453391978,2.0617278360175932,6.872426120058644,20.0,25.0,25.0,23.333333333333332,9,-1.0,-1.8369701987210297e-16,1,0,0,0,0,0,0,18.216666666666665,17.43283410138249,2025-09
sunglasses,10.283707984390333,2025-10,18.25,18.03809722490803,2.361727836017593,0.3,6.8999416869752075,15.676369388890436,6.63766973900106,18.25,20.0,25.0,21.083333333333332,10,-0.8660254037844386,0.5000000000000001,1,0,0,0,0,0,0,15.649462365591397,17.269400921658985,2025-10
sunglasses,20.817021277001533,2025-11,18.4,10.283707984390333,18.03809722490803,2.361727836017593,10.227844348438651,-7.754389240517696,-0.4298895356772995,18.4,18.25,20.0,18.883333333333333,11,-0.5000000000000004,0.8660254037844384,1,0,0,0,0,0,0,14.778033794162825,16.98675115207373,2025-11
sunglasses,11.650050105069722,2025-12,18.0,20.817021277001533,10.283707984390333,18.03809722490803,16.37960882876663,10.5333132926112,1.0242719171528152,18.0,18.4,18.25,18.216666666666665,12,-2.4492935982947064e-16,1.0,1,0,0,0,0,0,0,16.64900153609831,16.64900153609831,2025-12
sweater,3.8542425094393247,2020-04,7.0,2.6,2.7,0.6,1.9666666666666668,-0.10000000000000009,-0.03703703703703709,7.0,7.0,10.0,8.0,4,0.8660254037844387,-0.4999999999999998,0,0,0,0,0,0,1,7.0,9.166666666666666,2020-04
sweater,6.574816440645175,2020-05,7.0,3.8542425094393247,2.6,2.7,3.0514141698131083,1.2542425094393246,0.4824009651689709,7.0,7.0,7.0,7.0,5,0.49999999999999994,-0.8660254037844387,0,0,0,0,0,0,1,7.333333333333333,11.166666666666666,2020-05
sweater,4.977121254719663,2020-06,7.0,6.574816440645175,3.8542425094393247,2.6,4.343019650028166,2.72057393120585,0.7058647515154959,7.0,7.0,7.0,7.0,6,1.2246467991473532e-16,-1.0,0,0,0,0,0,0,1,8.666666666666666,14.0,2020-06
sweater,11.976032995097512,2020-07,7.0,4.977121254719663,6.574816440645175,3.8542425094393247,5.135393401601387,-1.5976951859255122,-0.24300224962154737,7.0,7.0,7.0,7.0,7,-0.4999999999999997,-0.8660254037844388,0,0,0,0,0,0,1,11.333333333333334,15.166666666666666,2020-07
sweater,3.9424226808222063,2020-08,8.0,11.976032995097512,4.977121254719663,6.574816440645175,7.842656896820784,6.998911740377849,1.4062168434697027,8.0,7.0,7.0,7.333333333333333,8,-0.8660254037844385,-0.5000000000000004,0,0,0,0,0,0,1,15.0,15.666666666666666,2020-08
sweater,6.414117648017108,2020-09,11.0,3.9424226808222063,11.976032995097512,4.977121254719663,6.965192310213126,-8.033610314275306,-0.6708072963362686,11.0,8.0,7.0,8.666666666666666,9,-1.0,-1.8369701987210297e-16,0,0,0,0,0,0,1,19.333333333333332,15.333333333333334,2020-09
sweater,7.747249024081872,2020-10,15.0,6.414117648017108,3.9424226808222063,11.976032995097512,7.444191107978942,2.4716949671949013,0.6269482415516696,15.0,11.0,8.0,11.333333333333334,10,-0.8660254037844386,0.5000000000000001,0,0,0,0,0,0,1,19.0,14.166666666666666,2020-10
sweater,13.301898289207978,2020-11,19.0,7.747249024081872,6.414117648017108,3.9424226808222063,6.034596450973729,1.333131376064764,0.20784329961220704,19.0,15.0,11.0,15.0,11,-0.5000000000000004,0.8660254037844384,0,0,0,0,0,0,1,16.333333333333332,12.166666666666666,2020-11
sweater,6.077121254719662,2020-12,24.0,13.301898289207978,7.747249024081872,6.414117648017108,9.154421653768985,5.554649265126106,0.7169834412008447,24.0,19.0,15.0,19.333333333333332,12,-2.4492935982947064e-16,1.0,0,0,0,0,0,0,1,11.333333333333334,9.166666666666666,2020-12
sweater,3.2020599913279626,2021-01,14.0,6.077121254719662,13.301898289207978,7.747249024081872,9.042089522669837,-7.224777034488316,-0.5431387969903425,14.0,24.0,19.0,19.0,1,0.49999999999999994,0.8660254037844387,0,0,0,0,0,0,1,9.333333333333334,8.0,2021-01
sweater,2.3781512503836435,2021-02,11.0,3.2020599913279626,6.077121254719662,13.301898289207978,7.527026511751868,-2.8750612633916997,-0.47309591875575074,11.0,14.0,24.0,16.333333333333332,2,0.8660254037844386,0.5000000000000001,0,0,0,0,0,0,1,8.0,7.5,2021-02
sweater,1.2,2021-03,9.0,2.3781512503836435,3.2020599913279626,6.077121254719662,3.885777498810422,-0.8239087409443191,-0.2573058416068671,9.0,11.0,14.0,11.333333333333334,3,1.0,6.123233995736766e-17,0,0,0,0,0,0,1,7.0,7.833333333333333,2021-03
sweater,5.796452541703388,2021-04,8.0,1.2,2.3781512503836435,3.2020599913279626,2.260070413903868,-1.1781512503836435,-0.4954063582766589,8.0,9.0,11.0,9.333333333333334,4,0.8660254037844387,-0.4999999999999998,0,0,0,0,0,0,1,6.666666666666667,9.166666666666666,2021-04
sweater,3.718301291319745,2021-05,7.0,5.796452541703388,1.2,2.3781512503836435,3.1248679306956766,4.596452541703388,3.830377118086157,7.0,8.0,9.0,8.0,5,0.49999999999999994,-0.8660254037844387,0,0,0,0,0,0,1,7.0,12.0,2021-05
sweater,2.445098040014257,2021-06,6.0,3.718301291319745,5.796452541703388,1.2,3.5715846110077103,-2.0781512503836432,-0.35852122232211747,6.0,7.0,8.0,7.0,6,1.2246467991473532e-16,-1.0,0,0,0,0,0,0,1,8.666666666666666,15.666666666666666,2021-06
sweater,10.841479629585718,2021-07,7.0,2.445098040014257,3.718301291319745,5.796452541703388,3.986617291012463,-1.273203251305488,-0.34241529977082286,7.0,6.0,7.0,6.666666666666667,7,-0.4999999999999997,-0.8660254037844388,0,0,0,0,0,0,1,11.666666666666666,17.0,2021-07
sweater,6.930480726113574,2021-08,8.0,10.841479629585718,2.445098040014257,3.718301291319745,5.668292986973239,8.396381589571462,3.43396520391571,8.0,7.0,6.0,7.0,8,-0.8660254037844385,-0.5000000000000004,0,0,0,0,0,0,1,17.0,17.666666666666668,2021-08
sweater,31.974027349330388,2021-09,11.0,6.930480726113574,10.841479629585718,2.445098040014257,6.739019465237848,-3.9109989034721444,-0.3607440162318134,11.0,8.0,7.0,8.666666666666666,9,-1.0,-1.8369701987210297e-16,0,0,0,0,0,0,1,22.666666666666668,17.333333333333332,2021-09
sweater,14.395625715285355,2021-10,16.0,31.974027349330388,6.930480726113574,10.841479629585718,16.58199590167656,25.043546623216812,3.613536724639383,16.0,11.0,8.0,11.666666666666666,10,-0.8660254037844386,0.5000000000000001,0,0,0,0,0,0,1,22.333333333333332,16.166666666666668,2021-10
sweater,24.299320560635003,2021-11,24.0,14.395625715285355,31.974027349330388,6.930480726113574,17.766711263576436,-17.578401634045033,-0.5497712703499382,24.0,16.0,11.0,17.0,11,-0.5000000000000004,0.8660254037844384,0,0,0,0,0,0,1,18.333333333333332,13.333333333333334,2021-11
sweater,12.58222170742588,2021-12,28.0,24.299320560635003,14.395625715285355,31.974027349330388,23.556324541750246,9.903694845349648,0.6879655696267408,28.0,24.0,16.0,22.666666666666668,12,-2.4492935982947064e-16,1.0,0,0,0,0,0,0,1,12.0,9.833333333333334,2021-12
sweater,0.8999999999999999,2022-01,15.0,12.58222170742588,24.299320560635003,14.395625715285355,17.09238932778208,-11.717098853209123,-0.48219862049109596,15.0,28.0,24.0,22.333333333333332,1,0.49999999999999994,0.8660254037844387,0,0,0,0,0,0,1,10.0,8.5,2022-01
sweater,1.5,2022-02,12.0,0.8999999999999999,12.58222170742588,24.299320560635003,12.593847422686961,-11.68222170742588,-0.9284705021952657,12.0,15.0,28.0,18.333333333333332,2,0.8660254037844386,0.5000000000000001,0,0,0,0,0,0,1,8.333333333333334,7.833333333333333,2022-02
sweater,0.6,2022-03,9.0,1.5,0.8999999999999999,12.58222170742588,4.994073902475294,0.6000000000000001,0.6666666666666667,9.0,12.0,15.0,12.0,3,1.0,6.123233995736766e-17,0,0,0,0,0,0,1,7.666666666666667,8.333333333333334,2022-03
sweater,1.6,2022-04,9.0,0.6,1.5,0.8999999999999999,1.0,-0.9,-0.6000000000000001,9.0,9.0,12.0,10.0,4,0.8660254037844387,-0.4999999999999998,0,0,0,0,0,0,1,7.0,9.833333333333334,2022-04
sweater,4.340362689494244,2022-05,7.0,1.6,0.6,1.5,1.2333333333333334,1.0,1.666666666666667,7.0,9.0,9.0,8.333333333333334,5,0.49999999999999994,-0.8660254037844387,0,0,0,0,0,0,1,7.333333333333333,12.833333333333334,2022-05
sweater,2.3010299956639813,2022-06,7.0,4.340362689494244,1.6,0.6,2.180120896498081,2.7403626894942437,1.7127266809339021,7.0,7.0,9.0,7.666666666666667,6,1.2246467991473532e-16,-1.0,0,0,0,0,0,0,1,9.0,16.333333333333332,2022-06
sweater,2.341392685158225,2022-07,7.0,2.3010299956639813,4.340362689494244,1.6,2.7471308950527416,-2.0393326938302625,-0.46985306061321197,7.0,7.0,7.0,7.0,7,-0.4999999999999997,-0.8660254037844388,0,0,0,0,0,0,1,12.666666666666666,17.833333333333332,2022-07
sweater,6.227883410330708,2022-08,8.0,2.341392685158225,2.3010299956639813,4.340362689494244,2.994261790105483,0.04036268949424393,0.017541140085223894,8.0,7.0,7.0,7.333333333333333,8,-0.8660254037844385,-0.5000000000000004,0,0,0,0,0,0,1,18.333333333333332,18.5,2022-08
sweater,2.9020599913279623,2022-09,12.0,6.227883410330708,2.341392685158225,2.3010299956639813,3.6234353637176384,3.886490725172483,1.6599055552741868,12.0,8.0,7.0,9.0,9,-1.0,-1.8369701987210297e-16,0,0,0,0,0,0,1,23.666666666666668,18.166666666666668,2022-09
sweater,20.40567156457012,2022-10,18.0,2.9020599913279623,6.227883410330708,2.341392685158225,3.823778695605632,-3.325823419002746,-0.5340214644169359,18.0,12.0,8.0,12.666666666666666,10,-0.8660254037844386,0.5000000000000001,0,0,0,0,0,0,1,23.0,16.5,2022-10
sweater,20.15321442723713,2022-11,25.0,20.40567156457012,2.9020599913279623,6.227883410330708,9.84520498874293,17.503611573242157,6.0314437418754485,25.0,18.0,12.0,18.333333333333332,11,-0.5000000000000004,0.8660254037844384,0,0,0,0,0,0,1,18.666666666666668,13.5,2022-11
sweater,17.063426663426945,2022-12,28.0,20.15321442723713,20.40567156457012,2.9020599913279623,14.486981994378406,-0.25245713733298913,-0.012371910257113261,28.0,25.0,18.0,23.666666666666668,12,-2.4492935982947064e-16,1.0,0,0,0,0,0,0,1,12.666666666666666,10.0,2022-12
sweater,0.3,2023-01,16.0,17.063426663426945,20.15321442723713,20.40567156457012,19.207437551744732,-3.089787763810186,-0.15331488557152095,16.0,28.0,25.0,23.0,1,0.49999999999999994,0.8660254037844387,0,0,0,0,0,0,1,10.0,8.5,2023-01
sweater,0.3,2023-02,12.0,0.3,17.063426663426945,20.15321442723713,12.505547030221358,-16.763426663426944,-0.9824185372658466,12.0,16.0,28.0,18.666666666666668,2,0.8660254037844386,0.5000000000000001,0,0,0,0,0,0,1,8.333333333333334,8.166666666666666,2023-02
sweater,3.2,2023-03,10.0,0.3,0.3,17.063426663426945,5.8878088878089825,0.0,0.0,10.0,12.0,16.0,12.666666666666666,3,1.0,6.123233995736766e-17,0,0,0,0,0,0,1,7.333333333333333,8.5,2023-03
sweater,0.6,2023-04,8.0,3.2,0.3,0.3,1.2666666666666668,2.9000000000000004,9.666666666666668,8.0,10.0,12.0,10.0,4,0.8660254037844387,-0.4999999999999998,0,0,0,0,0,0,1,7.0,9.833333333333334,2023-04
sweater,1.2,2023-05,7.0,0.6,3.2,0.3,1.366666666666667,-2.6,-0.8125,7.0,8.0,10.0,8.333333333333334,5,0.49999999999999994,-0.8660254037844387,0,0,0,0,0,0,1,8.0,12.833333333333334,2023-05
sweater,3.6,2023-06,7.0,1.2,0.6,3.2,1.6666666666666667,0.6,1.0,7.0,7.0,8.0,7.333333333333333,6,1.2246467991473532e-16,-1.0,0,0,0,0,0,0,1,9.666666666666666,17.0,2023-06
sweater,0.3,2023-07,7.0,3.6,1.2,0.6,1.8,2.4000000000000004,2.0,7.0,7.0,7.0,7.0,7,-0.4999999999999997,-0.8660254037844388,0,0,0,0,0,0,1,12.666666666666666,18.666666666666668,2023-07
sweater,1.6010299956639813,2023-08,10.0,0.3,3.6,1.2,1.7000000000000002,-3.3000000000000003,-0.9166666666666666,10.0,7.0,7.0,8.0,8,-0.8660254037844385,-0.5000000000000004,0,0,0,0,0,0,1,17.666666666666668,19.166666666666668,2023-08
sweater,19.1,2023-09,12.0,1.6010299956639813,0.3,3.6,1.8336766652213272,1.3010299956639813,4.336766652213271,12.0,10.0,7.0,9.666666666666666,9,-1.0,-1.8369701987210297e-16,0,0,0,0,0,0,1,24.333333333333332,18.833333333333332,2023-09
sweater,18.172545505663592,2023-10,16.0,19.1,1.6010299956639813,0.3,7.000343331887994,17.49897000433602,10.9298202105694,16.0,12.0,10.0,12.666666666666666,10,-0.8660254037844386,0.5000000000000001,0,0,0,0,0,0,1,24.666666666666668,17.666666666666668,2023-10
sweater,13.731363764158989,2023-11,25.0,18.172545505663592,19.1,1.6010299956639813,12.957858500442526,-0.9274544943364091,-0.04855782692860777,25.0,16.0,12.0,17.666666666666668,11,-0.5000000000000004,0.8660254037844384,0,0,0,0,0,0,1,20.666666666666668,14.833333333333334,2023-11
sweater,20.80102999566398,2023-12,32.0,13.731363764158989,18.172545505663592,19.1,17.001303089940862,-4.441181741504604,-0.2443896338088949,32.0,25.0,16.0,24.333333333333332,12,-2.4492935982947064e-16,1.0,0,0,0,0,0,0,1,13.333333333333334,10.833333333333334,2023-12
sweater,0.3,2024-01,17.0,20.80102999566398,13.731363764158989,18.172545505663592,17.56831308849552,7.069666231504993,0.5148553598119605,17.0,32.0,25.0,24.666666666666668,1,0.49999999999999994,0.8660254037844387,0,0,0,0,0,0,1,10.666666666666666,9.666666666666666,2024-01
sweater,2.201029995663981,2024-02,13.0,0.3,20.80102999566398,13.731363764158989,11.61079791994099,-20.50102999566398,-0.9855776372582254,13.0,17.0,32.0,20.666666666666668,2,0.8660254037844386,0.5000000000000001,0,0,0,0,0,0,1,9.0,10.0,2024-02
sweater,0.6,2024-03,10.0,2.201029995663981,0.3,20.80102999566398,7.767353330442654,1.9010299956639811,6.336766652213271,10.0,13.0,17.0,13.333333333333334,3,1.0,6.123233995736766e-17,0,0,0,0,0,0,1,8.333333333333334,11.5,2024-03
sweater,0.8999999999999999,2024-04,9.0,0.6,2.201029995663981,0.3,1.033676665221327,-1.601029995663981,-0.727400352933855,9.0,10.0,13.0,10.666666666666666,4,0.8660254037844387,-0.4999999999999998,0,0,0,0,0,0,1,8.666666666666666,14.666666666666666,2024-04
sweater,0.3,2024-05,8.0,0.8999999999999999,0.6,2.201029995663981,1.2336766652213271,0.29999999999999993,0.5,8.0,9.0,10.0,9.0,5,0.49999999999999994,-0.8660254037844387,0,0,0,0,0,0,1,11.0,19.666666666666668,2024-05
sweater,1.7999999999999998,2024-07,8.0,0.3,0.8999999999999999,0.6,0.6,-0.5999999999999999,-0.6666666666666666,8.0,8.0,9.0,8.333333333333334,7,-0.4999999999999997,-0.8660254037844388,0,0,0,0,0,0,1,14.666666666666666,21.5,2024-07
sweater,14.231905256033828,2024-08,10.0,1.7999999999999998,0.3,0.8999999999999999,0.9999999999999999,1.4999999999999998,5.0,10.0,8.0,8.0,8.666666666666666,8,-0.8660254037844385,-0.5000000000000004,0,0,0,0,0,0,1,20.666666666666668,22.166666666666668,2024-08
sweater,29.87282889087536,2024-09,15.0,14.231905256033828,1.7999999999999998,0.3,5.443968418677943,12.43190525603383,6.906614031129905,15.0,10.0,8.0,11.0,9,-1.0,-1.8369701987210297e-16,0,0,0,0,0,0,1,28.333333333333332,21.5,2024-09
sweater,18.559706993476368,2024-10,19.0,29.87282889087536,14.231905256033828,1.7999999999999998,15.30157804896973,15.640923634841533,1.0990041989079664,19.0,15.0,10.0,14.666666666666666,10,-0.8660254037844386,0.5000000000000001,0,0,0,0,0,0,1,28.333333333333332,19.833333333333332,2024-10
sweater,26.41029995663981,2024-11,28.0,18.559706993476368,29.87282889087536,14.231905256033828,20.888147046795186,-11.313121897398993,-0.37870942650679396,28.0,19.0,15.0,20.666666666666668,11,-0.5000000000000004,0.8660254037844384,0,0,0,0,0,0,1,23.666666666666668,16.666666666666668,2024-11
sweater,15.138764005203225,2024-12,38.0,26.41029995663981,18.559706993476368,29.87282889087536,24.94761194699718,7.850592963163443,0.4229912124109978,38.0,28.0,19.0,28.333333333333332,12,-2.4492935982947064e-16,1.0,0,0,0,0,0,0,1,14.666666666666666,11.666666666666666,2024-12
sweater,11.2,2025-01,19.0,15.138764005203225,26.41029995663981,18.559706993476368,20.036256985106466,-11.271535951436586,-0.4267856090215595,19.0,38.0,28.0,28.333333333333332,1,0.49999999999999994,0.8660254037844387,0,0,0,0,0,0,1,11.333333333333334,10.0,2025-01
sweater,3.9,2025-02,14.0,11.2,15.138764005203225,26.41029995663981,17.583021320614346,-3.9387640052032253,-0.26017738329558904,14.0,19.0,38.0,23.666666666666668,2,0.8660254037844386,0.5000000000000001,0,0,0,0,0,0,1,9.666666666666666,9.833333333333334,2025-02
sweater,0.6,2025-03,11.0,3.9,11.2,15.138764005203225,10.079588001734407,-7.299999999999999,-0.6517857142857142,11.0,14.0,19.0,14.666666666666666,3,1.0,6.123233995736766e-17,0,0,0,0,0,0,1,8.666666666666666,10.666666666666666,2025-03
sweater,14.086391215695494,2025-04,9.0,0.6,3.9,11.2,5.233333333333333,-3.3,-0.8461538461538461,9.0,11.0,14.0,11.333333333333334,4,0.8660254037844387,-0.4999999999999998,0,0,0,0,0,0,1,8.666666666666666,12.666666666666666,2025-04
sweater,9.48330122870355,2025-05,9.0,14.086391215695494,0.6,3.9,6.195463738565164,13.486391215695495,22.477318692825826,9.0,9.0,11.0,9.666666666666666,5,0.49999999999999994,-0.8660254037844387,0,0,0,0,0,0,1,10.0,16.666666666666668,2025-05
sweater,25.128830415090484,2025-06,8.0,9.48330122870355,14.086391215695494,0.6,8.056564148133015,-4.603089986991945,-0.3267756742311003,8.0,9.0,9.0,8.666666666666666,6,1.2246467991473532e-16,-1.0,0,0,0,0,0,0,1,12.666666666666666,21.166666666666668,2025-06
sweater,1.9,2025-07,9.0,25.128830415090484,9.48330122870355,14.086391215695494,16.232840953163176,15.645529186386934,1.6497977665237378,9.0,8.0,9.0,8.666666666666666,7,-0.4999999999999997,-0.8660254037844388,0,0,0,0,0,0,1,16.666666666666668,23.0,2025-07
sweater,6.778151250383644,2025-08,13.0,1.9,25.128830415090484,9.48330122870355,12.170710547931343,-23.228830415090485,-0.9243896365801807,13.0,9.0,8.0,10.0,8,-0.8660254037844385,-0.5000000000000004,0,0,0,0,0,0,1,23.333333333333332,25.0,2025-08
sweater,40.90340449270908,2025-09,16.0,6.778151250383644,1.9,25.128830415090484,11.268993888491375,4.8781512503836435,2.5674480265177073,16.0,13.0,9.0,12.666666666666666,9,-1.0,-1.8369701987210297e-16,0,0,0,0,0,0,1,29.666666666666668,27.25,2025-09
sweater,30.419083037909385,2025-10,21.0,40.90340449270908,6.778151250383644,1.9,16.527185247697574,34.125253242325435,5.034596010290261,21.0,16.0,13.0,16.666666666666668,10,-0.8660254037844386,0.5000000000000001,0,0,0,0,0,0,1,29.333333333333332,29.333333333333332,2025-10
t-shirt,2.0,2020-05,2.0,4.2552725051033065,2.146128035678238,2.146128035678238,2.849176192153261,2.1091444694250683,0.9827673066851847,2.0,1.0,1.0,1.3333333333333333,5,0.49999999999999994,-0.8660254037844387,0,0,0,0,0,0,1,2.0,1.5,2020-05
t-shirt,4.146128035678238,2020-06,2.0,2.0,4.2552725051033065,2.146128035678238,2.8004668469271814,-2.2552725051033065,-0.529994848132189,2.0,2.0,1.0,1.6666666666666667,6,1.2246467991473532e-16,-1.0,0,0,0,0,0,0,1,1.6666666666666667,1.5,2020-06
t-shirt,15.236738743506644,2020-07,2.0,4.146128035678238,2.0,4.2552725051033065,3.4671335135938484,2.146128035678238,1.073064017839119,2.0,2.0,2.0,2.0,7,-0.4999999999999997,-0.8660254037844388,0,0,0,0,0,0,1,1.3333333333333333,1.5,2020-07
t-shirt,1.0,2020-08,2.0,15.236738743506644,4.146128035678238,2.0,7.127622259728294,11.090610707828406,2.6749320359601882,2.0,2.0,2.0,2.0,8,-0.8660254037844385,-0.5000000000000004,0,0,0,0,0,0,1,1.0,1.5,2020-08
t-shirt,1.2,2020-11,1.0,1.0,15.236738743506644,4.146128035678238,6.79428892639496,-14.236738743506644,-0.9343691575452021,1.0,2.0,2.0,1.6666666666666667,11,-0.5000000000000004,0.8660254037844384,0,0,0,0,0,0,1,1.3333333333333333,1.6666666666666667,2020-11
t-shirt,4.052474897533548,2020-12,1.0,1.2,1.0,15.236738743506644,5.8122462478355486,0.19999999999999996,0.19999999999999996,1.0,1.0,2.0,1.3333333333333333,12,-2.4492935982947064e-16,1.0,0,0,0,0,0,0,1,1.6666666666666667,1.8333333333333333,2020-12
t-shirt,4.982271233039568,2021-01,1.0,4.052474897533548,1.2,1.0,2.0841582991778496,2.852474897533548,2.37706241461129,1.0,1.0,1.0,1.0,1,0.49999999999999994,0.8660254037844387,0,0,0,0,0,0,1,2.0,2.0,2021-01
t-shirt,2.078151250383644,2021-04,2.0,4.982271233039568,4.052474897533548,1.2,3.411582043524372,0.9297963355060199,0.22943913510036062,2.0,1.0,1.0,1.3333333333333333,4,0.8660254037844387,-0.4999999999999998,0,0,0,0,0,0,1,2.0,2.0,2021-04
t-shirt,3.255272505103306,2021-06,2.0,2.078151250383644,4.982271233039568,4.052474897533548,3.704299126985587,-2.904119982655924,-0.58289078350401,2.0,2.0,1.0,1.6666666666666667,6,1.2246467991473532e-16,-1.0,0,0,0,0,0,0,1,2.0,1.8333333333333333,2021-06
t-shirt,9.023663918197792,2021-07,2.0,3.255272505103306,2.078151250383644,4.982271233039568,3.438564996175506,1.177121254719662,0.566427133011784,2.0,2.0,2.0,2.0,7,-0.4999999999999997,-0.8660254037844388,0,0,0,0,0,0,1,2.0,1.8333333333333333,2021-07
t-shirt,3.255272505103306,2021-08,2.0,9.023663918197792,3.255272505103306,2.078151250383644,4.785695891228247,5.768391413094486,1.772014909366682,2.0,2.0,2.0,2.0,8,-0.8660254037844385,-0.5000000000000004,0,0,0,0,0,0,1,2.0,1.8333333333333333,2021-08
t-shirt,11.543507227836349,2021-09,2.0,3.255272505103306,9.023663918197792,3.255272505103306,5.178069642801469,-5.768391413094486,-0.6392515795564504,2.0,2.0,2.0,2.0,9,-1.0,-1.8369701987210297e-16,0,0,0,0,0,0,1,1.6666666666666667,1.8333333333333333,2021-09
t-shirt,8.451319996024438,2021-11,2.0,11.543507227836349,3.255272505103306,9.023663918197792,7.940814550379149,8.288234722733042,2.5460955141972104,2.0,2.0,2.0,2.0,11,-0.5000000000000004,0.8660254037844384,0,0,0,0,0,0,1,1.6666666666666667,1.8333333333333333,2021-11
t-shirt,1.2,2021-12,2.0,8.451319996024438,11.543507227836349,3.255272505103306,7.750033242988032,-3.092187231811911,-0.2678724213344209,2.0,2.0,2.0,2.0,12,-2.4492935982947064e-16,1.0,0,0,0,0,0,0,1,1.6666666666666667,1.8333333333333333,2021-12
t-shirt,7.254242509439325,2022-01,1.0,1.2,8.451319996024438,11.543507227836349,7.064942407953596,-7.251319996024438,-0.8580103462459724,1.0,2.0,2.0,1.6666666666666667,1,0.49999999999999994,0.8660254037844387,0,0,0,0,0,0,1,2.0,2.0,2022-01
t-shirt,7.246498580795802,2022-02,2.0,7.254242509439325,1.2,8.451319996024438,5.635187501821254,6.054242509439325,5.045202091199438,2.0,1.0,2.0,1.6666666666666667,2,0.8660254037844386,0.5000000000000001,0,0,0,0,0,0,1,2.0,2.0,2022-02
t-shirt,5.334453751150931,2022-04,2.0,7.246498580795802,7.254242509439325,1.2,5.233580363411709,-0.007743928643523468,-0.001067503413822557,2.0,2.0,1.0,1.6666666666666667,4,0.8660254037844387,-0.4999999999999998,0,0,0,0,0,0,1,2.0,2.0,2022-04
t-shirt,5.732393759822969,2022-06,2.0,5.334453751150931,7.246498580795802,7.254242509439325,6.611731613795353,-1.9120448296448709,-0.26385775258578636,2.0,2.0,2.0,2.0,6,1.2246467991473532e-16,-1.0,0,0,0,0,0,0,1,2.0,1.8333333333333333,2022-06
t-shirt,1.7781512503836436,2022-07,2.0,5.732393759822969,5.334453751150931,7.246498580795802,6.104448697256568,0.3979400086720384,0.07459808018509517,2.0,2.0,2.0,2.0,7,-0.4999999999999997,-0.8660254037844388,0,0,0,0,0,0,1,2.0,1.8333333333333333,2022-07
t-shirt,1.7781512503836436,2022-08,2.0,1.7781512503836436,5.732393759822969,5.334453751150931,4.281666253785848,-3.954242509439325,-0.6898065058185121,2.0,2.0,2.0,2.0,8,-0.8660254037844385,-0.5000000000000004,0,0,0,0,0,0,1,2.0,1.8333333333333333,2022-08
t-shirt,2.4771212547196626,2022-09,2.0,1.7781512503836436,1.7781512503836436,5.732393759822969,3.0962320868634188,0.0,0.0,2.0,2.0,2.0,2.0,9,-1.0,-1.8369701987210297e-16,0,0,0,0,0,0,1,1.6666666666666667,1.8333333333333333,2022-09
t-shirt,5.352839027911279,2022-10,2.0,2.4771212547196626,1.7781512503836436,1.7781512503836436,2.0111412518289833,0.698970004336019,0.3930880481540664,2.0,2.0,2.0,2.0,10,-0.8660254037844386,0.5000000000000001,0,0,0,0,0,0,1,1.6666666666666667,1.8333333333333333,2022-10
t-shirt,5.629297790547563,2022-12,2.0,5.352839027911279,2.4771212547196626,1.7781512503836436,3.202703844338195,2.8757177731916164,1.1609111858018686,2.0,2.0,2.0,2.0,12,-2.4492935982947064e-16,1.0,0,0,0,0,0,0,1,1.6666666666666667,1.8333333333333333,2022-12
t-shirt,2.0,2023-01,1.0,5.629297790547563,5.352839027911279,2.4771212547196626,4.4864193577261675,0.2764587626362838,0.051647128037055845,1.0,2.0,2.0,1.6666666666666667,1,0.49999999999999994,0.8660254037844387,0,0,0,0,0,0,1,2.0,2.0,2023-01
t-shirt,2.0,2023-02,2.0,2.0,5.629297790547563,5.352839027911279,4.32737893948628,-3.6292977905475627,-0.6447158998484144,2.0,1.0,2.0,1.6666666666666667,2,0.8660254037844386,0.5000000000000001,0,0,0,0,0,0,1,2.0,2.0,2023-02
t-shirt,1.0,2023-03,2.0,2.0,2.0,5.629297790547563,3.2097659301825208,0.0,0.0,2.0,2.0,1.0,1.6666666666666667,3,1.0,6.123233995736766e-17,0,0,0,0,0,0,1,2.0,2.0,2023-03
t-shirt,25.45120903870503,2023-04,2.0,1.0,2.0,2.0,1.6666666666666667,-1.0,-0.5,2.0,2.0,2.0,2.0,4,0.8660254037844387,-0.4999999999999998,0,0,0,0,0,0,1,2.0,2.0,2023-04
t-shirt,0.3,2023-05,2.0,25.45120903870503,1.0,2.0,9.48373634623501,24.45120903870503,24.45120903870503,2.0,2.0,2.0,2.0,5,0.49999999999999994,-0.8660254037844387,0,0,0,0,0,0,1,2.0,2.0,2023-05
t-shirt,15.326507361332997,2023-06,2.0,0.3,25.45120903870503,1.0,8.917069679568344,-25.15120903870503,-0.9882127407171984,2.0,2.0,2.0,2.0,6,1.2246467991473532e-16,-1.0,0,0,0,0,0,0,1,2.0,2.0,2023-06
t-shirt,45.02246211349824,2023-07,2.0,15.326507361332997,0.3,25.45120903870503,13.69257213334601,15.026507361332996,50.08835787110999,2.0,2.0,2.0,2.0,7,-0.4999999999999997,-0.8660254037844388,0,0,0,0,0,0,1,2.0,2.0,2023-07
t-shirt,3.555272505103306,2023-08,2.0,45.02246211349824,15.326507361332997,0.3,20.21632315827708,29.695954752165246,1.9375552467409962,2.0,2.0,2.0,2.0,8,-0.8660254037844385,-0.5000000000000004,0,0,0,0,0,0,1,2.0,2.0,2023-08
t-shirt,5.204119982655925,2023-10,2.0,3.555272505103306,45.02246211349824,15.326507361332997,21.301413993311517,-41.46718960839494,-0.9210333611666832,2.0,2.0,2.0,2.0,10,-0.8660254037844386,0.5000000000000001,0,0,0,0,0,0,1,2.0,2.0,2023-10
t-shirt,2.379181246047625,2023-11,2.0,5.204119982655925,3.555272505103306,45.02246211349824,17.927284867085824,1.6488474775526192,0.4637752732556597,2.0,2.0,2.0,2.0,11,-0.5000000000000004,0.8660254037844384,0,0,0,0,0,0,1,2.0,2.0,2023-11
t-shirt,1.3010299956639813,2023-12,2.0,2.379181246047625,5.204119982655925,3.555272505103306,3.7128579112689515,-2.8249387366083,-0.542827364861521,2.0,2.0,2.0,2.0,12,-2.4492935982947064e-16,1.0,0,0,0,0,0,0,1,2.0,2.0,2023-12
t-shirt,1.6020599913279625,2024-01,2.0,1.3010299956639813,2.379181246047625,5.204119982655925,2.961443741455844,-1.0781512503836437,-0.4531606207701513,2.0,2.0,2.0,2.0,1,0.49999999999999994,0.8660254037844387,0,0,0,0,0,0,1,2.0,2.0,2024-01
t-shirt,1.6989700043360187,2024-03,2.0,1.6020599913279625,1.3010299956639813,2.379181246047625,1.7607570776798562,0.30102999566398125,0.23137821315975926,2.0,2.0,2.0,2.0,3,1.0,6.123233995736766e-17,0,0,0,0,0,0,1,2.0,2.0,2024-03
t-shirt,0.3,2024-04,2.0,1.6989700043360187,1.6020599913279625,1.3010299956639813,1.534019997109321,0.09691001300805624,0.06049087645446205,2.0,2.0,2.0,2.0,4,0.8660254037844387,-0.4999999999999998,0,0,0,0,0,0,1,2.0,2.0,2024-04
t-shirt,0.3,2024-05,2.0,0.3,1.6989700043360187,1.6020599913279625,1.2003433318879937,-1.3989700043360187,-0.8234224269796663,2.0,2.0,2.0,2.0,5,0.49999999999999994,-0.8660254037844387,0,0,0,0,0,0,1,2.0,2.0,2024-05
t-shirt,2.2020599913279626,2024-06,2.0,0.3,0.3,1.6989700043360187,0.766323334778673,0.0,0.0,2.0,2.0,2.0,2.0,6,1.2246467991473532e-16,-1.0,0,0,0,0,0,0,1,2.0,2.0,2024-06
t-shirt,2.0,2024-07,2.0,2.2020599913279626,0.3,0.3,0.9340199971093209,1.9020599913279626,6.340199971093209,2.0,2.0,2.0,2.0,7,-0.4999999999999997,-0.8660254037844388,0,0,0,0,0,0,1,2.0,2.0,2024-07
t-shirt,4.867415968780664,2024-08,2.0,2.0,2.2020599913279626,0.3,1.5006866637759877,-0.2020599913279626,-0.09175953067750409,2.0,2.0,2.0,2.0,8,-0.8660254037844385,-0.5000000000000004,0,0,0,0,0,0,1,2.0,2.0,2024-08
t-shirt,6.558102155367541,2024-09,2.0,4.867415968780664,2.0,2.2020599913279626,3.023158653369542,2.867415968780664,1.433707984390332,2.0,2.0,2.0,2.0,9,-1.0,-1.8369701987210297e-16,0,0,0,0,0,0,1,2.0,2.0,2024-09
t-shirt,9.89397630303136,2024-10,2.0,6.558102155367541,4.867415968780664,2.0,4.475172708049402,1.690686186586877,0.3473477914011962,2.0,2.0,2.0,2.0,10,-0.8660254037844386,0.5000000000000001,0,0,0,0,0,0,1,2.0,2.1666666666666665,2024-10
t-shirt,11.343294547967588,2024-11,2.0,9.89397630303136,6.558102155367541,4.867415968780664,7.106498142393188,3.3358741476638194,0.5086645600562263,2.0,2.0,2.0,2.0,11,-0.5000000000000004,0.8660254037844384,0,0,0,0,0,0,1,2.0,2.3333333333333335,2024-11
t-shirt,2.877528010406445,2024-12,2.0,11.343294547967588,9.89397630303136,6.558102155367541,9.265124335455496,1.4493182449362276,0.14648491168229083,2.0,2.0,2.0,2.0,12,-2.4492935982947064e-16,1.0,0,0,0,0,0,0,1,2.0,2.5,2024-12
t-shirt,11.556302500767288,2025-01,2.0,2.877528010406445,11.343294547967588,9.89397630303136,8.038266287135132,-8.465766537561143,-0.7463234337926965,2.0,2.0,2.0,2.0,1,0.49999999999999994,0.8660254037844387,0,0,0,0,0,0,1,2.3333333333333335,2.6666666666666665,2025-01
t-shirt,21.933989856911374,2025-04,2.0,11.556302500767288,2.877528010406445,11.343294547967588,8.592375019713772,8.678774490360842,3.01605213189045,2.0,2.0,2.0,2.0,4,0.8660254037844387,-0.4999999999999998,0,0,0,0,0,0,1,2.6666666666666665,2.8333333333333335,2025-04
t-shirt,11.107209969647869,2025-05,2.0,21.933989856911374,11.556302500767288,2.877528010406445,12.122606789361702,10.377687356144087,0.8980110511519626,2.0,2.0,2.0,2.0,5,0.49999999999999994,-0.8660254037844387,0,0,0,0,0,0,1,3.0,3.0,2025-05
t-shirt,24.57368218959762,2025-06,3.0,11.107209969647869,21.933989856911374,11.556302500767288,14.865834109108844,-10.826779887263505,-0.493607408314361,3.0,2.0,2.0,2.3333333333333335,6,1.2246467991473532e-16,-1.0,0,0,0,0,0,0,1,3.0,2.8333333333333335,2025-06
t-shirt,5.204119982655925,2025-07,3.0,24.57368218959762,11.107209969647869,21.933989856911374,19.204960672052287,13.46647221994975,1.2124081796192674,3.0,3.0,2.0,2.6666666666666665,7,-0.4999999999999997,-0.8660254037844388,0,0,0,0,0,0,1,3.0,2.6666666666666665,2025-07
t-shirt,12.011605317600292,2025-08,3.0,5.204119982655925,24.57368218959762,11.107209969647869,13.628337380633804,-19.369562206941694,-0.7882238427882452,3.0,3.0,3.0,3.0,8,-0.8660254037844385,-0.5000000000000004,0,0,0,0,0,0,1,3.0,2.6,2025-08
t-shirt,7.458806365464128,2025-09,3.0,12.011605317600292,5.204119982655925,24.57368218959762,13.929802496617945,6.807485334944367,1.3080953855084188,3.0,3.0,3.0,3.0,9,-1.0,-1.8369701987210297e-16,0,0,0,0,0,0,1,2.6666666666666665,2.5,2025-09
t-shirt,14.907371696858249,2025-10,3.0,7.458806365464128,12.011605317600292,5.204119982655925,8.224843888573448,-4.552798952136164,-0.37903334581474024,3.0,3.0,3.0,3.0,10,-0.8660254037844386,0.5000000000000001,0,0,0,0,0,0,1,2.3333333333333335,2.3333333333333335,2025-10
tie dye,2.4,2021-09,4.25,1.3010299956639813,4.690196080028514,3.806179973983888,3.265802016558794,-3.3891660843645326,-0.7226064809520562,4.25,9.0,13.75,9.0,9,-1.0,-1.8369701987210297e-16,0,0,0,0,0,1,0,3.35,3.3083333333333336,2021-09
tie dye,4.956400522194008,2021-10,3.8,2.4,1.3010299956639813,4.690196080028514,2.797075358564165,1.0989700043360187,0.8446922884165777,3.8,4.25,9.0,5.683333333333334,10,-0.8660254037844386,0.5000000000000001,0,0,0,0,0,1,0,3.4166666666666665,3.0083333333333333,2021-10
tie dye,6.756400522194006,2021-11,3.25,4.956400522194008,2.4,1.3010299956639813,2.8858101726193297,2.5564005221940085,1.0651668842475037,3.25,3.8,4.25,3.766666666666667,11,-0.5000000000000004,0.8660254037844384,0,0,0,0,0,1,0,3.3333333333333335,2.966666666666667,2021-11
tie dye,6.517636516990785,2021-12,3.0,6.756400522194006,4.956400522194008,2.4,4.704267014796005,1.799999999999998,0.3631667763611661,3.0,3.25,3.8,3.35,12,-2.4492935982947064e-16,1.0,0,0,0,0,0,1,0,3.266666666666667,2.9250000000000003,2021-12
tie dye,7.380392160057028,2022-04,4.0,6.517636516990785,6.756400522194006,4.956400522194008,6.0768125204596,-0.2387640052032216,-0.03533893593473458,4.0,3.0,3.25,3.4166666666666665,4,0.8660254037844387,-0.4999999999999998,0,0,0,0,0,1,0,2.6,2.591666666666667,2022-04
tie dye,1.2,2022-09,3.0,7.380392160057028,6.517636516990785,6.756400522194006,6.884809733080606,0.8627556430662429,0.13237246980820894,3.0,4.0,3.0,3.3333333333333335,9,-1.0,-1.8369701987210297e-16,0,0,0,0,0,1,0,2.6,2.325,2022-09
tie dye,5.931478917042256,2022-10,2.8,1.2,7.380392160057028,6.517636516990785,5.0326762256826045,-6.1803921600570275,-0.8374070138854617,2.8,3.0,4.0,3.266666666666667,10,-0.8660254037844386,0.5000000000000001,0,0,0,0,0,1,0,2.5833333333333335,2.025,2022-10
tie dye,2.4496712221898704,2022-11,2.0,5.931478917042256,1.2,7.380392160057028,4.837290359033094,4.7314789170422555,3.9428990975352134,2.0,2.8,3.0,2.6,11,-0.5000000000000004,0.8660254037844384,0,0,0,0,0,1,0,2.5833333333333335,1.8583333333333334,2022-11
tie dye,1.3010299956639813,2023-07,3.0,2.4496712221898704,5.931478917042256,1.2,3.193716713077375,-3.4818076948523853,-0.5870049853584569,3.0,2.0,2.8,2.6,7,-0.4999999999999997,-0.8660254037844388,0,0,0,0,0,1,0,2.0500000000000003,1.5088709677419354,2023-07
tie dye,1.9542425094393248,2023-08,2.75,1.3010299956639813,2.4496712221898704,5.931478917042256,3.2273933782987023,-1.1486412265258892,-0.4688960772046249,2.75,3.0,2.0,2.5833333333333335,8,-0.8660254037844385,-0.5000000000000004,0,0,0,0,0,1,0,1.4666666666666668,1.586251920122888,2023-08
tie dye,2.501029995663981,2023-11,2.0,1.9542425094393248,1.3010299956639813,2.4496712221898704,1.9016479090977256,0.6532125137753435,0.50207336952441,2.0,2.75,3.0,2.5833333333333335,11,-0.5000000000000004,0.8660254037844384,0,0,0,0,0,1,0,1.1333333333333333,1.419585253456221,2023-11
tie dye,1.0,2023-12,1.4,2.501029995663981,1.9542425094393248,1.3010299956639813,1.9187675002557623,0.5467874862246562,0.27979510402807195,1.4,2.0,2.75,2.0500000000000003,12,-2.4492935982947064e-16,1.0,0,0,0,0,0,1,0,0.967741935483871,1.4235023041474655,2023-12
tie dye,1.6020599913279625,2024-01,1.0,1.0,2.501029995663981,1.9542425094393248,1.8184241683677687,-1.501029995663981,-0.6001647314371705,1.0,1.4,2.0,1.4666666666666668,1,0.49999999999999994,0.8660254037844387,0,0,0,0,0,1,0,1.7058371735791091,1.5293778801843319,2024-01
tie dye,3.122471989593555,2025-12,1.0,1.6020599913279625,1.0,2.501029995663981,1.701029995663981,0.6020599913279625,0.6020599913279625,1.0,1.0,1.4,1.1333333333333333,12,-2.4492935982947064e-16,1.0,0,0,0,0,0,1,0,1.7058371735791091,1.7058371735791091,2025-12
trench coat,27.68598925807891,2020-04,1.0,10.94390155048518,6.3,6.851258348719076,8.031719966401418,4.64390155048518,0.7371272302357428,1.0,1.0,2.0,1.3333333333333333,4,0.8660254037844387,-0.4999999999999998,0,0,0,0,0,0,1,1.0,1.3333333333333333,2020-04
trench coat,23.604514956904648,2020-05,1.0,27.68598925807891,10.94390155048518,6.3,14.97663026952136,16.74208770759373,1.5298097877033165,1.0,1.0,1.0,1.0,5,0.49999999999999994,-0.8660254037844387,0,0,0,0,0,0,1,1.0,1.5,2020-05
trench coat,26.883707134509752,2020-06,1.0,23.604514956904648,27.68598925807891,10.94390155048518,20.744801921822912,-4.081474301174261,-0.14742020821897361,1.0,1.0,1.0,1.0,6,1.2246467991473532e-16,-1.0,0,0,0,0,0,0,1,1.3333333333333333,1.6666666666666667,2020-06
trench coat,18.10599057803202,2020-07,1.0,26.883707134509752,23.604514956904648,27.68598925807891,26.058070449831103,3.279192177605104,0.1389222436297466,1.0,1.0,1.0,1.0,7,-0.4999999999999997,-0.8660254037844388,0,0,0,0,0,0,1,1.6666666666666667,1.6666666666666667,2020-07
trench coat,32.38218007715065,2020-08,1.0,18.10599057803202,26.883707134509752,23.604514956904648,22.86473755648214,-8.777716556477731,-0.32650692527482783,1.0,1.0,1.0,1.0,8,-0.8660254037844385,-0.5000000000000004,0,0,0,0,0,0,1,2.0,1.6666666666666667,2020-08
trench coat,36.307633190086605,2020-09,2.0,32.38218007715065,18.10599057803202,26.883707134509752,25.790625929897473,14.27618949911863,0.7884787875919872,2.0,1.0,1.0,1.3333333333333333,9,-1.0,-1.8369701987210297e-16,0,0,0,0,0,0,1,2.0,1.5,2020-09
trench coat,29.166639885683686,2020-10,2.0,36.307633190086605,32.38218007715065,18.10599057803202,28.93193461508976,3.925453112935955,0.12122263243498588,2.0,2.0,1.0,1.6666666666666667,10,-0.8660254037844386,0.5000000000000001,0,0,0,0,0,0,1,1.6666666666666667,1.3333333333333333,2020-10
trench coat,35.268156680882626,2020-11,2.0,29.166639885683686,36.307633190086605,32.38218007715065,32.61881771764032,-7.140993304402919,-0.19668022057556445,2.0,2.0,2.0,2.0,11,-0.5000000000000004,0.8660254037844384,0,0,0,0,0,0,1,1.3333333333333333,1.1666666666666667,2020-11
trench coat,33.17903978748829,2020-12,2.0,35.268156680882626,29.166639885683686,36.307633190086605,33.580809918884306,6.10151679519894,0.20919505363364954,2.0,2.0,2.0,2.0,12,-2.4492935982947064e-16,1.0,0,0,0,0,0,0,1,1.0,1.0,2020-12
trench coat,6.080211241711606,2021-01,1.0,33.17903978748829,35.268156680882626,29.166639885683686,32.53794545135153,-2.0891168933943334,-0.05923521641058027,1.0,2.0,2.0,1.6666666666666667,1,0.49999999999999994,0.8660254037844387,0,0,0,0,0,0,1,1.0,1.0,2021-01
trench coat,9.702157695941017,2021-02,1.0,6.080211241711606,33.17903978748829,35.268156680882626,24.842469236694175,-27.098828545776687,-0.8167454127468622,1.0,1.0,2.0,1.3333333333333333,2,0.8660254037844386,0.5000000000000001,0,0,0,0,0,0,1,1.0,1.0,2021-02
trench coat,14.121943767451873,2021-03,1.0,9.702157695941017,6.080211241711606,33.17903978748829,16.32046957504697,3.621946454229411,0.595694180718928,1.0,1.0,1.0,1.0,3,1.0,6.123233995736766e-17,0,0,0,0,0,0,1,1.0,1.1666666666666667,2021-03
trench coat,7.646885190837709,2021-04,1.0,14.121943767451873,9.702157695941017,6.080211241711606,9.968104235034831,4.419786071510856,0.45554671548576375,1.0,1.0,1.0,1.0,4,0.8660254037844387,-0.4999999999999998,0,0,0,0,0,0,1,1.0,1.3333333333333333,2021-04
trench coat,6.655272505103307,2021-05,1.0,7.646885190837709,14.121943767451873,9.702157695941017,10.490328884743533,-6.475058576614163,-0.45851043477016384,1.0,1.0,1.0,1.0,5,0.49999999999999994,-0.8660254037844387,0,0,0,0,0,0,1,1.0,1.6666666666666667,2021-05
trench coat,11.39431606268444,2021-06,1.0,6.655272505103307,7.646885190837709,14.121943767451873,9.474700487797628,-0.9916126857344025,-0.1296753725193267,1.0,1.0,1.0,1.0,6,1.2246467991473532e-16,-1.0,0,0,0,0,0,0,1,1.3333333333333333,1.8333333333333333,2021-06
trench coat,27.797044936575745,2021-07,1.0,11.39431606268444,6.655272505103307,7.646885190837709,8.565491252875153,4.739043557581134,0.7120735558081512,1.0,1.0,1.0,1.0,7,-0.4999999999999997,-0.8660254037844388,0,0,0,0,0,0,1,1.6666666666666667,2.0,2021-07
trench coat,13.51418439750128,2021-08,1.0,27.797044936575745,11.39431606268444,6.655272505103307,15.282211168121165,16.402728873891306,1.4395536145964085,1.0,1.0,1.0,1.0,8,-0.8660254037844385,-0.5000000000000004,0,0,0,0,0,0,1,2.3333333333333335,2.1666666666666665,2021-08
trench coat,46.37020614679736,2021-09,2.0,13.51418439750128,27.797044936575745,11.39431606268444,17.56851513225382,-14.282860539074465,-0.5138265801873376,2.0,1.0,1.0,1.3333333333333333,9,-1.0,-1.8369701987210297e-16,0,0,0,0,0,0,1,2.3333333333333335,2.1666666666666665,2021-09
trench coat,20.38873969828981,2021-10,2.0,46.37020614679736,13.51418439750128,27.797044936575745,29.22714516029146,32.856021749296076,2.4312249102780505,2.0,2.0,1.0,1.6666666666666667,10,-0.8660254037844386,0.5000000000000001,0,0,0,0,0,0,1,2.3333333333333335,2.1666666666666665,2021-10
trench coat,55.8637196404269,2021-11,3.0,20.38873969828981,46.37020614679736,13.51418439750128,26.757710080862818,-25.981466448507547,-0.5603051745393632,3.0,2.0,2.0,2.3333333333333335,11,-0.5000000000000004,0.8660254037844384,0,0,0,0,0,0,1,2.0,1.8333333333333333,2021-11
trench coat,30.1976921986388,2021-12,2.0,55.8637196404269,20.38873969828981,46.37020614679736,40.87422182850469,35.47497994213709,1.7399300038693761,2.0,3.0,2.0,2.3333333333333335,12,-2.4492935982947064e-16,1.0,0,0,0,0,0,0,1,2.0,1.6666666666666667,2021-12
trench coat,2.8,2022-01,2.0,30.1976921986388,55.8637196404269,20.38873969828981,35.48338384578517,-25.6660274417881,-0.4594400016144712,2.0,2.0,3.0,2.3333333333333335,1,0.49999999999999994,0.8660254037844387,0,0,0,0,0,0,1,2.0,1.5,2022-01
trench coat,3.0,2022-02,2.0,2.8,30.1976921986388,55.8637196404269,29.620470613021897,-27.3976921986388,-0.9072776826261507,2.0,2.0,2.0,2.0,2,0.8660254037844386,0.5000000000000001,0,0,0,0,0,0,1,1.6666666666666667,1.3333333333333333,2022-02
trench coat,1.7999999999999998,2022-03,2.0,3.0,2.8,30.1976921986388,11.999230732879601,0.20000000000000018,0.0714285714285714,2.0,2.0,2.0,2.0,3,1.0,6.123233995736766e-17,0,0,0,0,0,0,1,1.3333333333333333,1.3333333333333333,2022-03
trench coat,2.8,2022-04,2.0,1.7999999999999998,3.0,2.8,2.533333333333333,-1.2000000000000002,-0.4,2.0,2.0,2.0,2.0,4,0.8660254037844387,-0.4999999999999998,0,0,0,0,0,0,1,1.0,1.5,2022-04
trench coat,0.8999999999999999,2022-05,1.0,2.8,1.7999999999999998,3.0,2.533333333333333,1.0,0.5555555555555556,1.0,2.0,2.0,1.6666666666666667,5,0.49999999999999994,-0.8660254037844387,0,0,0,0,0,0,1,1.0,1.6666666666666667,2022-05
trench coat,1.2,2022-06,1.0,0.8999999999999999,2.8,1.7999999999999998,1.8333333333333333,-1.9,-0.6785714285714286,1.0,1.0,2.0,1.3333333333333333,6,1.2246467991473532e-16,-1.0,0,0,0,0,0,0,1,1.3333333333333333,1.8333333333333333,2022-06
trench coat,8.18278537031645,2022-07,1.0,1.2,0.8999999999999999,2.8,1.633333333333333,0.30000000000000004,0.3333333333333335,1.0,1.0,1.0,1.0,7,-0.4999999999999997,-0.8660254037844388,0,0,0,0,0,0,1,2.0,2.0,2022-07
trench coat,1.2,2022-08,1.0,8.18278537031645,1.2,0.8999999999999999,3.4275951234388167,6.98278537031645,5.818987808597043,1.0,1.0,1.0,1.0,8,-0.8660254037844385,-0.5000000000000004,0,0,0,0,0,0,1,2.3333333333333335,2.1666666666666665,2022-08
trench coat,53.04286941962188,2022-09,2.0,1.2,8.18278537031645,1.2,3.5275951234388163,-6.98278537031645,-0.8533506690334232,2.0,1.0,1.0,1.3333333333333333,9,-1.0,-1.8369701987210297e-16,0,0,0,0,0,0,1,2.3333333333333335,2.1666666666666665,2022-09
trench coat,59.2071811396501,2022-10,3.0,53.04286941962188,1.2,8.18278537031645,20.808551596646108,51.84286941962188,43.202391183018236,3.0,2.0,1.0,2.0,10,-0.8660254037844386,0.5000000000000001,0,0,0,0,0,0,1,2.0,2.0,2022-10
trench coat,14.364902672529205,2022-11,2.0,59.2071811396501,53.04286941962188,1.2,37.816683519757326,6.164311720028223,0.11621376798570959,2.0,3.0,2.0,2.3333333333333335,11,-0.5000000000000004,0.8660254037844384,0,0,0,0,0,0,1,2.0,2.0,2022-11
trench coat,52.60839734616172,2022-12,2.0,14.364902672529205,59.2071811396501,53.04286941962188,42.204984410600396,-44.8422784671209,-0.7573790476758695,2.0,2.0,3.0,2.3333333333333335,12,-2.4492935982947064e-16,1.0,0,0,0,0,0,0,1,2.0,1.8333333333333333,2022-12
trench coat,1.2,2023-01,2.0,52.60839734616172,14.364902672529205,59.2071811396501,42.06016038611367,38.24349467363252,2.662287071862148,2.0,2.0,2.0,2.0,1,0.49999999999999994,0.8660254037844387,0,0,0,0,0,0,1,2.0,1.6666666666666667,2023-01
trench coat,4.645098040014257,2023-02,2.0,1.2,52.60839734616172,14.364902672529205,22.724433339563646,-51.40839734616172,-0.9771899533052864,2.0,2.0,2.0,2.0,2,0.8660254037844386,0.5000000000000001,0,0,0,0,0,0,1,2.0,1.6666666666666667,2023-02
trench coat,5.957332496431269,2023-03,2.0,4.645098040014257,1.2,52.60839734616172,19.48449846205866,3.4450980400142566,2.8709150333452143,2.0,2.0,2.0,2.0,3,1.0,6.123233995736766e-17,0,0,0,0,0,0,1,1.6666666666666667,1.6666666666666667,2023-03
trench coat,4.101029995663981,2023-04,2.0,5.957332496431269,4.645098040014257,1.2,3.9341435121485087,1.3122344564170119,0.282498764313053,2.0,2.0,2.0,2.0,4,0.8660254037844387,-0.4999999999999998,0,0,0,0,0,0,1,1.3333333333333333,1.8333333333333333,2023-04
trench coat,19.70655051910145,2023-05,2.0,4.101029995663981,5.957332496431269,4.645098040014257,4.9011535107031685,-1.8563025007672875,-0.31159961306160144,2.0,2.0,2.0,2.0,5,0.49999999999999994,-0.8660254037844387,0,0,0,0,0,0,1,1.3333333333333333,2.0,2023-05
trench coat,4.704119982655925,2023-06,1.0,19.70655051910145,4.101029995663981,5.957332496431269,9.9216376703989,15.60552052343747,3.8052685642234234,1.0,2.0,2.0,1.6666666666666667,6,1.2246467991473532e-16,-1.0,0,0,0,0,0,0,1,1.6666666666666667,2.1666666666666665,2023-06
trench coat,2.2,2023-07,1.0,4.704119982655925,19.70655051910145,4.101029995663981,9.503900165807119,-15.002430536445527,-0.7612915574394288,1.0,1.0,2.0,1.3333333333333333,7,-0.4999999999999997,-0.8660254037844388,0,0,0,0,0,0,1,2.3333333333333335,2.3333333333333335,2023-07
trench coat,18.735483746814914,2023-08,2.0,2.2,4.704119982655925,19.70655051910145,8.870223500585793,-2.504119982655925,-0.5323248539341273,2.0,1.0,1.0,1.3333333333333333,8,-0.8660254037844385,-0.5000000000000004,0,0,0,0,0,0,1,2.6666666666666665,2.3333333333333335,2023-08
trench coat,42.38411142054196,2023-09,2.0,18.735483746814914,2.2,4.704119982655925,8.546534576490279,16.535483746814915,7.5161289758249605,2.0,2.0,1.0,1.6666666666666667,9,-1.0,-1.8369701987210297e-16,0,0,0,0,0,0,1,2.6666666666666665,2.3333333333333335,2023-09
trench coat,33.755806613669066,2023-10,3.0,42.38411142054196,18.735483746814914,2.2,21.106531722452292,23.64862767372705,1.2622373669827116,3.0,2.0,2.0,2.3333333333333335,10,-0.8660254037844386,0.5000000000000001,0,0,0,0,0,0,1,2.3333333333333335,2.1666666666666665,2023-10
trench coat,55.00358738812471,2023-11,3.0,33.755806613669066,42.38411142054196,18.735483746814914,31.625133927008648,-8.628304806872897,-0.2035740403110371,3.0,3.0,2.0,2.6666666666666665,11,-0.5000000000000004,0.8660254037844384,0,0,0,0,0,0,1,2.0,2.0,2023-11
trench coat,36.27752777143025,2023-12,2.0,55.00358738812471,33.755806613669066,42.38411142054196,43.71450180744525,21.24778077445564,0.6294555783434181,2.0,3.0,3.0,2.6666666666666665,12,-2.4492935982947064e-16,1.0,0,0,0,0,0,0,1,2.0,1.8333333333333333,2023-12
trench coat,4.778151250383644,2024-01,2.0,36.27752777143025,55.00358738812471,33.755806613669066,41.678973924408005,-18.726059616694457,-0.3404516051754366,2.0,2.0,3.0,2.3333333333333335,1,0.49999999999999994,0.8660254037844387,0,0,0,0,0,0,1,2.0,1.6666666666666667,2024-01
trench coat,1.2,2024-02,2.0,4.778151250383644,36.27752777143025,55.00358738812471,32.019755469979536,-31.499376521046607,-0.8682889506559321,2.0,2.0,2.0,2.0,2,0.8660254037844386,0.5000000000000001,0,0,0,0,0,0,1,2.0,1.6666666666666667,2024-02
trench coat,0.3,2024-03,2.0,1.2,4.778151250383644,36.27752777143025,14.08522634060463,-3.5781512503836437,-0.7488568408328116,2.0,2.0,2.0,2.0,3,1.0,6.123233995736766e-17,0,0,0,0,0,0,1,1.6666666666666667,1.8333333333333333,2024-03
trench coat,4.402059991327962,2024-04,2.0,0.3,1.2,4.778151250383644,2.092717083461212,-0.8999999999999999,-0.75,2.0,2.0,2.0,2.0,4,0.8660254037844387,-0.4999999999999998,0,0,0,0,0,0,1,1.3333333333333333,2.1666666666666665,2024-04
trench coat,6.045098040014257,2024-05,2.0,4.402059991327962,0.3,1.2,1.9673533304426518,4.1020599913279625,13.673533304426542,2.0,2.0,2.0,2.0,5,0.49999999999999994,-0.8660254037844387,0,0,0,0,0,0,1,1.3333333333333333,2.3333333333333335,2024-05
trench coat,5.018513939877888,2024-06,1.0,6.045098040014257,4.402059991327962,0.3,3.5823860104474043,1.6430380486862948,0.3732429934901096,1.0,2.0,2.0,1.6666666666666667,6,1.2246467991473532e-16,-1.0,0,0,0,0,0,0,1,2.0,2.6666666666666665,2024-06
trench coat,0.8999999999999999,2024-07,1.0,5.018513939877888,6.045098040014257,4.402059991327962,5.1552239904067,-1.0265841001363691,-0.16982091826155854,1.0,1.0,2.0,1.3333333333333333,7,-0.4999999999999997,-0.8660254037844388,0,0,0,0,0,0,1,3.0,3.0,2024-07
trench coat,1.7999999999999998,2024-08,2.0,0.8999999999999999,5.018513939877888,6.045098040014257,3.9878706599640457,-4.118513939877888,-0.8206640430250755,2.0,1.0,1.0,1.3333333333333333,8,-0.8660254037844385,-0.5000000000000004,0,0,0,0,0,0,1,3.3333333333333335,3.1666666666666665,2024-08
trench coat,58.34597238740584,2024-09,3.0,1.7999999999999998,0.8999999999999999,5.018513939877888,2.5728379799592935,0.8999999999999999,1.0,3.0,2.0,1.0,2.0,9,-1.0,-1.8369701987210297e-16,0,0,0,0,0,0,1,3.3333333333333335,3.1666666666666665,2024-09
trench coat,29.4767256764265,2024-10,4.0,58.34597238740584,1.7999999999999998,0.8999999999999999,20.34865746246861,56.54597238740584,31.414429104114355,4.0,3.0,2.0,3.0,10,-0.8660254037844386,0.5000000000000001,0,0,0,0,0,0,1,3.0,2.8333333333333335,2024-10
trench coat,42.15827780958157,2024-11,3.0,29.4767256764265,58.34597238740584,1.7999999999999998,29.87423268794411,-28.869246710979336,-0.4947941653845991,3.0,4.0,3.0,3.3333333333333335,11,-0.5000000000000004,0.8660254037844384,0,0,0,0,0,0,1,3.0,2.6666666666666665,2024-11
trench coat,51.00888932273169,2024-12,3.0,42.15827780958157,29.4767256764265,58.34597238740584,43.32699195780464,12.68155213315507,0.43022255159421996,3.0,3.0,4.0,3.3333333333333335,12,-2.4492935982947064e-16,1.0,0,0,0,0,0,0,1,3.0,2.5,2024-12
trench coat,20.6,2025-01,3.0,51.00888932273169,42.15827780958157,29.4767256764265,40.88129760291324,8.85061151315012,0.2099376913147668,3.0,3.0,3.0,3.0,1,0.49999999999999994,0.8660254037844387,0,0,0,0,0,0,1,2.6666666666666665,2.3333333333333335,2025-01
trench coat,0.3,2025-02,3.0,20.6,51.00888932273169,42.15827780958157,37.92238904410441,-30.40888932273169,-0.5961488228127371,3.0,3.0,3.0,3.0,2,0.8660254037844386,0.5000000000000001,0,0,0,0,0,0,1,2.3333333333333335,2.3333333333333335,2025-02
trench coat,8.922833992404172,2025-03,3.0,0.3,20.6,51.00888932273169,23.969629774243895,-20.3,-0.9854368932038835,3.0,3.0,3.0,3.0,3,1.0,6.123233995736766e-17,0,0,0,0,0,0,1,2.0,2.5,2025-03
trench coat,14.958362492095253,2025-04,2.0,8.922833992404172,0.3,20.6,9.94094466413472,8.622833992404171,28.742779974680573,2.0,3.0,3.0,2.6666666666666665,4,0.8660254037844387,-0.4999999999999998,0,0,0,0,0,0,1,2.0,3.0,2025-04
trench coat,9.8,2025-05,2.0,14.958362492095253,8.922833992404172,0.3,8.06039882816647,6.035528499691081,0.6764138506699782,2.0,2.0,3.0,2.3333333333333335,5,0.49999999999999994,-0.8660254037844387,0,0,0,0,0,0,1,2.3333333333333335,3.3333333333333335,2025-05
trench coat,9.537027879755776,2025-06,2.0,9.8,14.958362492095253,8.922833992404172,11.227065494833136,-5.158362492095252,-0.3448480737661752,2.0,2.0,2.0,2.0,6,1.2246467991473532e-16,-1.0,0,0,0,0,0,0,1,3.0,3.6666666666666665,2025-06
trench coat,2.855272505103306,2025-07,2.0,9.537027879755776,9.8,14.958362492095253,11.431796790617005,-0.2629721202442248,-0.02683388982083923,2.0,2.0,2.0,2.0,7,-0.4999999999999997,-0.8660254037844388,0,0,0,0,0,0,1,4.0,3.8333333333333335,2025-07
trench coat,3.3,2025-08,3.0,2.855272505103306,9.537027879755776,9.8,7.397433461619689,-6.68175537465247,-0.7006119158816568,3.0,2.0,2.0,2.3333333333333335,8,-0.8660254037844385,-0.5000000000000004,0,0,0,0,0,0,1,4.333333333333333,4.0,2025-08
trench coat,70.43460254064706,2025-09,4.0,3.3,2.855272505103306,9.537027879755776,5.2307667949530225,0.4447274948966937,0.15575658509015167,4.0,3.0,2.0,3.0,9,-1.0,-1.8369701987210297e-16,0,0,0,0,0,0,1,4.333333333333333,4.0,2025-09
trench coat,31.378326617639964,2025-10,5.0,70.43460254064706,3.3,2.855272505103306,25.52995834858345,67.13460254064707,20.34381895171123,5.0,4.0,3.0,4.0,10,-0.8660254037844386,0.5000000000000001,0,0,0,0,0,0,1,3.6666666666666665,3.6666666666666665,2025-10
turquoise,2.856253490053927,2020-10,4.0,2.544068044350276,2.5051499783199063,3.544068044350276,2.8644286890068194,0.03891806603036985,0.015535223985460034,4.0,5.0,5.0,4.666666666666667,10,-0.8660254037844386,0.5000000000000001,0,0,1,0,0,0,0,4.333333333333333,4.5,2020-10
turquoise,2.278753600952829,2021-02,4.0,2.856253490053927,2.544068044350276,2.5051499783199063,2.6351571709080366,0.3121854457036508,0.12271112260418304,4.0,4.0,5.0,4.333333333333333,2,0.8660254037844386,0.5000000000000001,0,0,1,0,0,0,0,4.333333333333333,4.5,2021-02
turquoise,2.414973347970818,2021-08,5.0,2.278753600952829,2.856253490053927,2.544068044350276,2.559691711785677,-0.5774998891010981,-0.20218789792715308,5.0,4.0,4.0,4.333333333333333,8,-0.8660254037844385,-0.5000000000000004,0,0,1,0,0,0,0,4.333333333333333,4.333333333333333,2021-08
turquoise,2.3010299956639813,2021-09,4.0,2.414973347970818,2.278753600952829,2.856253490053927,2.516660146325858,0.13621974701798933,0.059778181792463636,4.0,5.0,4.0,4.333333333333333,9,-1.0,-1.8369701987210297e-16,0,0,1,0,0,0,0,4.666666666666667,4.333333333333333,2021-09
turquoise,6.833606035324884,2021-12,4.0,2.3010299956639813,2.414973347970818,2.278753600952829,2.331585648195876,-0.11394335230683694,-0.047182033045034544,4.0,4.0,5.0,4.333333333333333,12,-2.4492935982947064e-16,1.0,0,0,1,0,0,0,0,4.666666666666667,4.333333333333333,2021-12
turquoise,1.845098040014257,2022-04,5.0,6.833606035324884,2.3010299956639813,2.414973347970818,3.8498697929865613,4.532576039660903,1.9698031091302615,5.0,4.0,4.0,4.333333333333333,4,0.8660254037844387,-0.4999999999999998,0,0,1,0,0,0,0,4.333333333333333,4.166666666666667,2022-04
turquoise,2.0413926851582254,2022-07,5.0,1.845098040014257,6.833606035324884,2.3010299956639813,3.659911357001041,-4.988507995310627,-0.7299964278776956,5.0,5.0,4.0,4.666666666666667,7,-0.4999999999999997,-0.8660254037844388,0,0,1,0,0,0,0,4.0,4.0,2022-07
turquoise,1.2,2022-09,4.0,2.0413926851582254,1.845098040014257,6.833606035324884,3.5733655868324554,0.19629464514396844,0.10638710837417165,4.0,5.0,5.0,4.666666666666667,9,-1.0,-1.8369701987210297e-16,0,0,1,0,0,0,0,4.0,4.0,2022-09
turquoise,2.761235994796777,2022-10,4.0,1.2,2.0413926851582254,1.845098040014257,1.6954969083908276,-0.8413926851582254,-0.4121660135629468,4.0,4.0,5.0,4.333333333333333,10,-0.8660254037844386,0.5000000000000001,0,0,1,0,0,0,0,4.0,4.0,2022-10
turquoise,2.761235994796777,2022-11,4.0,2.761235994796777,1.2,2.0413926851582254,2.0008762266516675,1.561235994796777,1.3010299956639808,4.0,4.0,4.0,4.0,11,-0.5000000000000004,0.8660254037844384,0,0,1,0,0,0,0,4.0,4.0,2022-11
turquoise,1.9542425094393248,2023-04,4.0,2.761235994796777,2.761235994796777,1.2,2.240823996531185,0.0,0.0,4.0,4.0,4.0,4.0,4,0.8660254037844387,-0.4999999999999998,0,0,1,0,0,0,0,4.0,4.0,2023-04
turquoise,1.7781512503836436,2023-05,4.0,1.9542425094393248,2.761235994796777,2.761235994796777,2.492238166344293,-0.8069934853574523,-0.2922580637359995,4.0,4.0,4.0,4.0,5,0.49999999999999994,-0.8660254037844387,0,0,1,0,0,0,0,4.0,4.0,2023-05
turquoise,3.045098040014257,2023-09,4.0,1.7781512503836436,1.9542425094393248,2.761235994796777,2.1645432515399152,-0.17609125905568113,-0.0901071684835072,4.0,4.0,4.0,4.0,9,-1.0,-1.8369701987210297e-16,0,0,1,0,0,0,0,4.0,4.0,2023-09
turquoise,4.2,2023-10,4.0,3.045098040014257,1.7781512503836436,1.9542425094393248,2.259163933279075,1.2669467896306135,0.7125078866925771,4.0,4.0,4.0,4.0,10,-0.8660254037844386,0.5000000000000001,0,0,1,0,0,0,0,4.0,4.166666666666667,2023-10
turquoise,2.4,2023-11,4.0,4.2,3.045098040014257,1.7781512503836436,3.007749763465967,1.154901959985743,0.37926593653462004,4.0,4.0,4.0,4.0,11,-0.5000000000000004,0.8660254037844384,0,0,1,0,0,0,0,4.0,4.5,2023-11
turquoise,4.849671222189871,2023-12,4.0,2.4,4.2,3.045098040014257,3.2150326800047524,-1.8000000000000003,-0.4285714285714286,4.0,4.0,4.0,4.0,12,-2.4492935982947064e-16,1.0,0,0,1,0,0,0,0,4.0,4.666666666666667,2023-12
turquoise,1.0,2024-05,4.0,4.849671222189871,2.4,4.2,3.81655707406329,2.449671222189871,1.0206963425791131,4.0,4.0,4.0,4.0,5,0.49999999999999994,-0.8660254037844387,0,0,1,0,0,0,0,4.333333333333333,4.833333333333333,2024-05
turquoise,3.986663153680703,2024-11,4.0,1.0,4.849671222189871,2.4,2.7498904073966237,-3.849671222189871,-0.7938004548794032,4.0,4.0,4.0,4.0,11,-0.5000000000000004,0.8660254037844384,0,0,1,0,0,0,0,5.0,5.0,2024-11
turquoise,3.122471989593555,2024-12,4.0,3.986663153680703,1.0,4.849671222189871,3.2787781252901915,2.986663153680703,2.986663153680703,4.0,4.0,4.0,4.0,12,-2.4492935982947064e-16,1.0,0,0,1,0,0,0,0,5.333333333333333,5.2,2024-12
turquoise,1.0,2025-07,5.0,3.122471989593555,3.986663153680703,1.0,2.7030450477580863,-0.8641911640871478,-0.21677054989942646,5.0,4.0,4.0,4.333333333333333,7,-0.4999999999999997,-0.8660254037844388,0,0,1,0,0,0,0,5.333333333333333,5.25,2025-07
turquoise,5.390935107103379,2025-08,6.0,1.0,3.122471989593555,3.986663153680703,2.7030450477580863,-2.122471989593555,-0.6797409221498997,6.0,5.0,4.0,5.0,8,-0.8660254037844385,-0.5000000000000004,0,0,1,0,0,0,0,5.0,5.0,2025-08
velvet,1.845098040014257,2020-07,22.0,1.0,1.0,2.7323937598229686,1.5774645866076564,0.0,0.0,22.0,21.0,17.0,20.0,7,-0.4999999999999997,-0.8660254037844388,0,0,0,0,1,0,0,22.666666666666668,23.0,2020-07
velvet,1.0,2020-08,21.0,1.845098040014257,1.0,1.0,1.281699346671419,0.8450980400142569,0.8450980400142569,21.0,22.0,21.0,21.333333333333332,8,-0.8660254037844385,-0.5000000000000004,0,0,0,0,1,0,0,23.666666666666668,22.666666666666668,2020-08
velvet,8.637116093048078,2020-09,22.0,1.0,1.845098040014257,1.0,1.281699346671419,-0.8450980400142569,-0.4580233796182055,22.0,21.0,22.0,21.666666666666668,9,-1.0,-1.8369701987210297e-16,0,0,0,0,1,0,0,25.333333333333332,22.166666666666668,2020-09
velvet,4.459392487759232,2020-10,25.0,8.637116093048078,1.0,1.845098040014257,3.8274047110207783,7.637116093048078,7.637116093048078,25.0,22.0,21.0,22.666666666666668,10,-0.8660254037844386,0.5000000000000001,0,0,0,0,1,0,0,23.333333333333332,21.666666666666668,2020-10
velvet,1.9542425094393248,2020-11,24.0,4.459392487759232,8.637116093048078,1.0,4.698836193602436,-4.177723605288846,-0.4836942748345655,24.0,25.0,22.0,23.666666666666668,11,-0.5000000000000004,0.8660254037844384,0,0,0,0,1,0,0,21.666666666666668,22.0,2020-11
velvet,2.4,2020-12,27.0,1.9542425094393248,4.459392487759232,8.637116093048078,5.016917030082212,-2.5051499783199076,-0.5617693408230819,27.0,24.0,25.0,25.333333333333332,12,-2.4492935982947064e-16,1.0,0,0,0,0,1,0,0,19.0,21.833333333333332,2020-12
velvet,6.0,2021-04,19.0,2.4,1.9542425094393248,4.459392487759232,2.937878332399519,0.44575749056067515,0.22809732589870002,19.0,27.0,24.0,23.333333333333332,4,0.8660254037844387,-0.4999999999999998,0,0,0,0,1,0,0,20.0,21.666666666666668,2021-04
velvet,2.414973347970818,2021-06,19.0,6.0,2.4,1.9542425094393248,3.451414169813108,3.6,1.5,19.0,19.0,27.0,21.666666666666668,6,1.2246467991473532e-16,-1.0,0,0,0,0,1,0,0,22.333333333333332,21.833333333333332,2021-06
velvet,29.152403619431663,2021-09,19.0,2.414973347970818,6.0,2.4,3.604991115990272,-3.585026652029182,-0.5975044420048636,19.0,19.0,19.0,19.0,9,-1.0,-1.8369701987210297e-16,0,0,0,0,1,0,0,24.666666666666668,22.666666666666668,2021-09
velvet,24.688438477630772,2021-10,22.0,29.152403619431663,2.414973347970818,6.0,12.52245898913416,26.737430271460845,11.071521884051837,22.0,19.0,19.0,20.0,10,-0.8660254037844386,0.5000000000000001,0,0,0,0,1,0,0,23.333333333333332,23.166666666666668,2021-10
velvet,14.965958358798035,2021-11,26.0,24.688438477630772,29.152403619431663,2.414973347970818,18.75193848167775,-4.463965141800891,-0.1531251144871435,26.0,22.0,19.0,22.333333333333332,11,-0.5000000000000004,0.8660254037844384,0,0,0,0,1,0,0,21.333333333333332,21.5,2021-11
velvet,27.60944472800252,2021-12,26.0,14.965958358798035,24.688438477630772,29.152403619431663,22.93560015195349,-9.722480118832737,-0.3938070092056205,26.0,26.0,22.0,24.666666666666668,12,-2.4492935982947064e-16,1.0,0,0,0,0,1,0,0,20.666666666666668,20.0,2021-12
velvet,3.760246690044261,2022-09,18.0,27.60944472800252,14.965958358798035,24.688438477630772,22.421280521477104,12.643486369204483,0.8448163536264124,18.0,26.0,26.0,23.333333333333332,9,-1.0,-1.8369701987210297e-16,0,0,0,0,1,0,0,23.0,20.166666666666668,2022-09
velvet,7.600815424835356,2022-10,20.0,3.760246690044261,27.60944472800252,14.965958358798035,15.445216592281605,-23.849198037958256,-0.8638057835972891,20.0,18.0,26.0,21.333333333333332,10,-0.8660254037844386,0.5000000000000001,0,0,0,0,1,0,0,21.666666666666668,20.666666666666668,2022-10
velvet,10.957471208769451,2022-11,24.0,7.600815424835356,3.760246690044261,27.60944472800252,12.990168947627376,3.8405687347910953,1.0213608444785014,24.0,20.0,18.0,20.666666666666668,11,-0.5000000000000004,0.8660254037844384,0,0,0,0,1,0,0,19.333333333333332,20.833333333333332,2022-11
velvet,24.41596514411667,2022-12,25.0,10.957471208769451,7.600815424835356,3.760246690044261,7.439511107883024,3.3566557839340954,0.44161785233810025,25.0,24.0,20.0,23.0,12,-2.4492935982947064e-16,1.0,0,0,0,0,1,0,0,17.333333333333332,19.333333333333332,2022-12
velvet,0.3,2023-06,16.0,24.41596514411667,10.957471208769451,7.600815424835356,14.324750592573826,13.458493935347217,1.2282481677502521,16.0,25.0,24.0,21.666666666666668,6,1.2246467991473532e-16,-1.0,0,0,0,0,1,0,0,19.666666666666668,19.166666666666668,2023-06
velvet,9.318519480514686,2023-09,17.0,0.3,24.41596514411667,10.957471208769451,11.891145450962041,-24.115965144116668,-0.9877129575575149,17.0,16.0,25.0,19.333333333333332,9,-1.0,-1.8369701987210297e-16,0,0,0,0,1,0,0,22.333333333333332,19.0,2023-09
velvet,5.606517429522861,2023-10,19.0,9.318519480514686,0.3,24.41596514411667,11.344828208210451,9.018519480514685,30.06173160171562,19.0,17.0,16.0,17.333333333333332,10,-0.8660254037844386,0.5000000000000001,0,0,0,0,1,0,0,21.333333333333332,18.666666666666668,2023-10
velvet,6.827916124821861,2023-11,23.0,5.606517429522861,9.318519480514686,0.3,5.07501230334585,-3.712002050991825,-0.39834676085119924,23.0,19.0,17.0,19.666666666666668,11,-0.5000000000000004,0.8660254037844384,0,0,0,0,1,0,0,18.666666666666668,17.666666666666668,2023-11
velvet,7.656253490053927,2023-12,25.0,6.827916124821861,5.606517429522861,9.318519480514686,7.250984344953136,1.2213986952990004,0.21785336631031327,25.0,23.0,19.0,22.333333333333332,12,-2.4492935982947064e-16,1.0,0,0,0,0,1,0,0,15.666666666666666,16.5,2023-12
velvet,2.230448921378274,2024-04,16.0,7.656253490053927,6.827916124821861,5.606517429522861,6.696895681466216,0.8283373652320654,0.12131627719045479,16.0,25.0,23.0,21.333333333333332,4,0.8660254037844387,-0.4999999999999998,0,0,0,0,1,0,0,16.0,17.833333333333332,2024-04
velvet,2.230448921378274,2024-05,15.0,2.230448921378274,7.656253490053927,6.827916124821861,5.571539512084688,-5.425804568675653,-0.7086761920466973,15.0,16.0,25.0,18.666666666666668,5,0.49999999999999994,-0.8660254037844387,0,0,0,0,1,0,0,16.666666666666668,19.333333333333332,2024-05
velvet,2.544068044350276,2024-06,16.0,2.230448921378274,2.230448921378274,7.656253490053927,4.039050444270159,0.0,0.0,16.0,15.0,16.0,15.666666666666666,6,1.2246467991473532e-16,-1.0,0,0,0,0,1,0,0,17.333333333333332,19.333333333333332,2024-06
velvet,2.544068044350276,2024-08,17.0,2.544068044350276,2.230448921378274,2.230448921378274,2.334988629035608,0.313619122972002,0.1406080721984011,17.0,16.0,15.0,16.0,8,-0.8660254037844385,-0.5000000000000004,0,0,0,0,1,0,0,19.666666666666668,19.666666666666668,2024-08
velvet,7.331494256285264,2024-09,17.0,2.544068044350276,2.544068044350276,2.230448921378274,2.439528336692942,0.0,0.0,17.0,17.0,16.0,16.666666666666668,9,-1.0,-1.8369701987210297e-16,0,0,0,0,1,0,0,22.0,20.166666666666668,2024-09
velvet,7.525512732584923,2024-10,18.0,7.331494256285264,2.544068044350276,2.544068044350276,4.139876781661939,4.787426211934989,1.8817995935944545,18.0,17.0,17.0,17.333333333333332,10,-0.8660254037844386,0.5000000000000001,0,0,0,0,1,0,0,21.333333333333332,20.333333333333332,2024-10
velvet,3.109277528431799,2024-11,24.0,7.525512732584923,7.331494256285264,2.544068044350276,5.800358344406821,0.19401847629965907,0.02646370160262057,24.0,18.0,17.0,19.666666666666668,11,-0.5000000000000004,0.8660254037844384,0,0,0,0,1,0,0,19.666666666666668,20.0,2024-11
velvet,15.170660555368656,2024-12,24.0,3.109277528431799,7.525512732584923,7.331494256285264,5.988761505767329,-4.416235204153125,-0.5868351248721096,24.0,24.0,18.0,22.0,12,-2.4492935982947064e-16,1.0,0,0,0,0,1,0,0,18.333333333333332,20.666666666666668,2024-12
velvet,48.74500140574886,2025-06,16.0,15.170660555368656,3.109277528431799,7.525512732584923,8.601816938795126,12.061383026936857,3.87915935989804,16.0,24.0,24.0,21.333333333333332,6,1.2246467991473532e-16,-1.0,0,0,0,0,1,0,0,19.333333333333332,22.333333333333332,2025-06
velvet,1.0,2025-07,19.0,48.74500140574886,15.170660555368656,3.109277528431799,22.341646496516436,33.5743408503802,2.2131100177110468,19.0,16.0,24.0,19.666666666666668,7,-0.4999999999999997,-0.8660254037844388,0,0,0,0,1,0,0,20.333333333333332,22.833333333333332,2025-07
velvet,30.3,2025-08,20.0,1.0,48.74500140574886,15.170660555368656,21.638553987039174,-47.74500140574886,-0.9794850759839744,20.0,19.0,16.0,18.333333333333332,8,-0.8660254037844385,-0.5000000000000004,0,0,0,0,1,0,0,23.0,23.4,2025-08
velvet,11.47201714560941,2025-09,19.0,30.3,1.0,48.74500140574886,26.681667135249622,29.3,29.3,19.0,20.0,19.0,19.333333333333332,9,-1.0,-1.8369701987210297e-16,0,0,0,0,1,0,0,25.333333333333332,24.5,2025-09
velvet,23.1492436498586,2025-10,22.0,11.47201714560941,30.3,1.0,14.257339048536473,-18.82798285439059,-0.6213855727521647,22.0,19.0,20.0,20.333333333333332,10,-0.8660254037844386,0.5000000000000001,0,0,0,0,1,0,0,25.333333333333332,25.333333333333332,2025-10
vintage,2.0,2020-07,67.5,3.144068044350276,7.505149978319906,2.0,4.216406007556728,-4.36108193396963,-0.5810785855802307,67.5,66.5,64.2,66.06666666666666,7,-0.4999999999999997,-0.8660254037844388,0,0,0,1,0,0,0,66.95,67.76666666666667,2020-07
vintage,11.94069162586346,2020-08,66.6,2.0,3.144068044350276,7.505149978319906,4.216406007556728,-1.1440680443502762,-0.36388145174087627,66.6,67.5,66.5,66.86666666666667,8,-0.8660254037844385,-0.5000000000000004,0,0,0,1,0,0,0,67.28333333333333,67.58333333333333,2020-08
vintage,7.337284014596172,2020-09,68.25,11.94069162586346,2.0,3.144068044350276,5.694919890071245,9.94069162586346,4.97034581293173,68.25,66.6,67.5,67.45,9,-1.0,-1.8369701987210297e-16,0,0,0,1,0,0,0,68.11666666666666,66.94166666666666,2020-09
vintage,12.790165667816504,2020-10,66.0,7.337284014596172,11.94069162586346,2.0,7.092658546819877,-4.603407611267288,-0.38552269462317723,66.0,68.25,66.6,66.95,10,-0.8660254037844386,0.5000000000000001,0,0,0,1,0,0,0,68.58333333333333,66.81666666666666,2020-10
vintage,2.4,2020-11,67.6,12.790165667816504,7.337284014596172,11.94069162586346,10.689380436092044,5.452881653220333,0.7431744010962138,67.6,66.0,68.25,67.28333333333332,11,-0.5000000000000004,0.8660254037844384,0,0,0,1,0,0,0,67.88333333333334,66.48333333333333,2020-11
vintage,11.193363577853688,2020-12,70.75,2.4,12.790165667816504,7.337284014596172,7.5091498941375585,-10.390165667816504,-0.812355831634062,70.75,67.6,66.0,68.11666666666666,12,-2.4492935982947064e-16,1.0,0,0,0,1,0,0,0,65.76666666666667,65.55833333333332,2020-12
vintage,4.2552725051033065,2021-01,67.4,11.193363577853688,2.4,12.790165667816504,8.794509748556731,8.793363577853688,3.6639014907723704,67.4,70.75,67.6,68.58333333333333,1,0.49999999999999994,0.8660254037844387,0,0,0,1,0,0,0,65.05,65.95,2021-01
vintage,6.3,2021-04,65.5,4.2552725051033065,11.193363577853688,2.4,5.949545360985664,-6.938091072750382,-0.6198396955922655,65.5,67.4,70.75,67.88333333333334,4,0.8660254037844387,-0.4999999999999998,0,0,0,1,0,0,0,65.08333333333333,66.28333333333333,2021-04
vintage,1.845098040014257,2021-05,64.4,6.3,4.2552725051033065,11.193363577853688,7.249545360985665,2.0447274948966934,0.48051622838360464,64.4,65.5,67.4,65.76666666666667,5,0.49999999999999994,-0.8660254037844387,0,0,0,1,0,0,0,65.35000000000001,65.59166666666667,2021-05
vintage,4.093071306376063,2021-07,65.25,1.845098040014257,6.3,4.2552725051033065,4.133456848372521,-4.454901959985743,-0.7071272952358323,65.25,64.4,65.5,65.05,7,-0.4999999999999997,-0.8660254037844388,0,0,0,1,0,0,0,66.85000000000001,64.59166666666667,2021-07
vintage,0.6,2021-08,65.6,4.093071306376063,1.845098040014257,6.3,4.079389782130106,2.2479732663618064,1.2183489536113954,65.6,65.25,64.4,65.08333333333333,8,-0.8660254037844385,-0.5000000000000004,0,0,0,1,0,0,0,67.48333333333333,62.925000000000004,2021-08
vintage,8.916292015609667,2021-10,65.2,0.6,4.093071306376063,1.845098040014257,2.1793897821301065,-3.4930713063760632,-0.8534108118113315,65.2,65.6,65.25,65.35000000000001,10,-0.8660254037844386,0.5000000000000001,0,0,0,1,0,0,0,65.83333333333333,61.43333333333334,2021-10
vintage,7.17671449903288,2021-11,69.75,8.916292015609667,0.6,4.093071306376063,4.53645444066191,8.316292015609667,13.860486692682779,69.75,65.2,65.6,66.85000000000001,11,-0.5000000000000004,0.8660254037844384,0,0,0,1,0,0,0,62.333333333333336,59.541666666666664,2021-11
vintage,10.09501749525715,2021-12,67.5,7.17671449903288,8.916292015609667,0.6,5.564335504880848,-1.7395775165767864,-0.19510100314472933,67.5,69.75,65.2,67.48333333333333,12,-2.4492935982947064e-16,1.0,0,0,0,1,0,0,0,58.36666666666667,58.083333333333336,2021-12
vintage,4.294025094095323,2022-02,60.25,10.09501749525715,7.17671449903288,8.916292015609667,8.729341336633231,2.918302996224269,0.4066349576282482,60.25,67.5,69.75,65.83333333333333,2,0.8660254037844386,0.5000000000000001,0,0,0,1,0,0,0,57.03333333333333,57.875,2022-02
vintage,3.690196080028514,2022-04,59.25,4.294025094095323,10.09501749525715,7.17671449903288,7.1885856961284516,-5.800992401161826,-0.5746391627243097,59.25,60.25,67.5,62.333333333333336,4,0.8660254037844387,-0.4999999999999998,0,0,0,1,0,0,0,56.75,57.916666666666664,2022-04
vintage,1.0,2022-05,55.6,3.690196080028514,4.294025094095323,10.09501749525715,6.0264128897936615,-0.6038290140668092,-0.1406207464639947,55.6,59.25,60.25,58.36666666666667,5,0.49999999999999994,-0.8660254037844387,0,0,0,1,0,0,0,57.800000000000004,58.73333333333333,2022-05
vintage,110.0,2022-06,56.25,1.0,3.690196080028514,4.294025094095323,2.994740391374611,-2.690196080028514,-0.7290116898091028,56.25,55.6,59.25,57.03333333333333,6,1.2246467991473532e-16,-1.0,0,0,0,1,0,0,0,58.71666666666667,59.49166666666667,2022-06
vintage,14.50098851988645,2022-07,58.4,110.0,1.0,3.690196080028514,38.230065360009505,109.0,109.0,58.4,56.25,55.6,56.75,7,-0.4999999999999997,-0.8660254037844388,0,0,0,1,0,0,0,59.083333333333336,59.50833333333333,2022-07
vintage,22.071784111804185,2022-09,58.75,14.50098851988645,110.0,1.0,41.83366283996215,-95.49901148011355,-0.8681728316373959,58.75,58.4,56.25,57.800000000000004,9,-1.0,-1.8369701987210297e-16,0,0,0,1,0,0,0,59.666666666666664,59.425000000000004,2022-09
vintage,25.951805181820795,2022-10,59.0,22.071784111804185,14.50098851988645,110.0,48.857590877230216,7.570795591917735,0.5220882411937127,59.0,58.75,58.4,58.71666666666667,10,-0.8660254037844386,0.5000000000000001,0,0,0,1,0,0,0,60.26666666666667,59.125,2022-10
vintage,16.88819807846071,2022-11,59.5,25.951805181820795,22.071784111804185,14.50098851988645,20.841525937837144,3.8800210700166105,0.1757910031360601,59.5,59.0,58.75,59.083333333333336,11,-0.5000000000000004,0.8660254037844384,0,0,0,1,0,0,0,59.93333333333334,58.458333333333336,2022-11
vintage,9.635747364998226,2022-12,60.5,16.88819807846071,25.951805181820795,22.071784111804185,21.637262457361896,-9.063607103360084,-0.34924765502282396,60.5,59.5,59.0,59.666666666666664,12,-2.4492935982947064e-16,1.0,0,0,0,1,0,0,0,59.18333333333334,57.875,2022-12
vintage,2.1450980400142567,2023-01,60.8,9.635747364998226,16.88819807846071,25.951805181820795,17.491916875093242,-7.252450713462485,-0.429438989273361,60.8,60.5,59.5,60.26666666666667,1,0.49999999999999994,0.8660254037844387,0,0,0,1,0,0,0,57.98333333333333,57.875,2023-01
vintage,1.6010299956639813,2023-02,58.5,2.1450980400142567,9.635747364998226,16.88819807846071,9.556347827824398,-7.490649324983969,-0.7773812493459191,58.5,60.8,60.5,59.93333333333334,2,0.8660254037844386,0.5000000000000001,0,0,0,1,0,0,0,56.98333333333333,57.916666666666664,2023-02
vintage,0.3,2023-03,58.25,1.6010299956639813,2.1450980400142567,9.635747364998226,4.460625133558821,-0.5440680443502754,-0.2536331832864196,58.25,58.5,60.8,59.18333333333334,3,1.0,6.123233995736766e-17,0,0,0,1,0,0,0,56.56666666666666,58.041666666666664,2023-03
vintage,9.378151250383644,2023-04,57.2,0.3,1.6010299956639813,2.1450980400142567,1.3487093452260792,-1.3010299956639813,-0.8126206249648786,57.2,58.25,58.5,57.98333333333333,4,0.8660254037844387,-0.4999999999999998,0,0,0,1,0,0,0,57.76666666666667,58.44166666666667,2023-04
vintage,1.6020599913279625,2023-05,55.5,9.378151250383644,0.3,1.6010299956639813,3.759727082015875,9.078151250383643,30.26050416794548,55.5,57.2,58.25,56.98333333333333,5,0.49999999999999994,-0.8660254037844387,0,0,0,1,0,0,0,58.85,59.73333333333334,2023-05
vintage,2.57978359661681,2023-06,57.0,1.6020599913279625,9.378151250383644,0.3,3.7600704139038683,-7.776091259055681,-0.8291710222457305,57.0,55.5,57.2,56.56666666666666,6,1.2246467991473532e-16,-1.0,0,0,0,1,0,0,0,59.51666666666667,61.0,2023-06
vintage,5.379181246047625,2023-07,60.8,2.57978359661681,1.6020599913279625,9.378151250383644,4.519998279442805,0.9777236052888476,0.610291506298964,60.8,57.0,55.5,57.76666666666667,7,-0.4999999999999997,-0.8660254037844388,0,0,0,1,0,0,0,59.11666666666667,59.824999999999996,2023-07
vintage,3.9989700043360186,2023-08,58.75,5.379181246047625,2.57978359661681,1.6020599913279625,3.187008277997466,2.799397649430815,1.0851288662746796,58.75,60.8,57.0,58.85,8,-0.8660254037844385,-0.5000000000000004,0,0,0,1,0,0,0,60.61666666666667,58.90833333333333,2023-08
vintage,8.4,2023-09,59.0,3.9989700043360186,5.379181246047625,2.57978359661681,3.9859782823334844,-1.3802112417116064,-0.25658388862166004,59.0,58.75,60.8,59.51666666666667,9,-1.0,-1.8369701987210297e-16,0,0,0,1,0,0,0,62.48333333333333,57.80833333333333,2023-09
vintage,16.460756090901775,2023-10,59.6,8.4,3.9989700043360186,5.379181246047625,5.926050416794548,4.401029995663982,1.100540887001407,59.6,59.0,58.75,59.11666666666667,10,-0.8660254037844386,0.5000000000000001,0,0,0,1,0,0,0,60.53333333333333,56.625,2023-10
vintage,18.783351243067177,2023-11,63.25,16.460756090901775,8.4,3.9989700043360186,9.619908698412598,8.060756090901775,0.9596138203454494,63.25,59.6,59.0,60.61666666666667,11,-0.5000000000000004,0.8660254037844384,0,0,0,1,0,0,0,57.199999999999996,54.458333333333336,2023-11
vintage,3.7612359947967775,2023-12,64.6,18.783351243067177,16.460756090901775,8.4,14.548035777989648,2.322595152165402,0.1410989349054963,64.6,63.25,59.6,62.48333333333333,12,-2.4492935982947064e-16,1.0,0,0,0,1,0,0,0,53.13333333333333,52.19166666666666,2023-12
vintage,7.301029995663981,2024-01,53.75,3.7612359947967775,18.783351243067177,16.460756090901775,13.001781109588578,-15.0221152482704,-0.7997569259008013,53.75,64.6,63.25,60.53333333333333,1,0.49999999999999994,0.8660254037844387,0,0,0,1,0,0,0,52.71666666666667,51.94166666666666,2024-01
vintage,1.6010299956639813,2024-02,53.25,7.301029995663981,3.7612359947967775,18.783351243067177,9.948539077842645,3.5397940008672037,0.941125206119501,53.25,53.75,64.6,57.199999999999996,2,0.8660254037844386,0.5000000000000001,0,0,0,1,0,0,0,51.71666666666667,52.025,2024-02
vintage,6.0,2024-03,52.4,1.6010299956639813,7.301029995663981,3.7612359947967775,4.22109866204158,-5.7,-0.7807117630505807,52.4,53.25,53.75,53.13333333333333,3,1.0,6.123233995736766e-17,0,0,0,1,0,0,0,51.25,52.324999999999996,2024-03
vintage,1.2,2024-04,52.5,6.0,1.6010299956639813,7.301029995663981,4.967353330442655,4.398970004336019,2.7475875007024286,52.5,52.4,53.25,52.71666666666667,4,0.8660254037844387,-0.4999999999999998,0,0,0,1,0,0,0,51.166666666666664,52.949999999999996,2024-04
vintage,4.868056361823042,2024-05,50.25,1.2,6.0,1.6010299956639813,2.933676665221327,-4.8,-0.8,50.25,52.5,52.4,51.71666666666667,5,0.49999999999999994,-0.8660254037844387,0,0,0,1,0,0,0,52.333333333333336,54.40833333333333,2024-05
vintage,0.3,2024-06,51.0,4.868056361823042,1.2,6.0,4.022685453941015,3.6680563618230417,3.056713634852535,51.0,50.25,52.5,51.25,6,1.2246467991473532e-16,-1.0,0,0,0,1,0,0,0,53.4,56.208333333333336,2024-06
vintage,0.3,2024-07,52.25,0.3,4.868056361823042,1.2,2.122685453941014,-4.568056361823042,-0.9383737619899593,52.25,51.0,50.25,51.166666666666664,7,-0.4999999999999997,-0.8660254037844388,0,0,0,1,0,0,0,54.73333333333333,57.375,2024-07
vintage,9.905606684430094,2024-08,53.75,0.3,0.3,4.868056361823042,1.8226854539410138,0.0,0.0,53.75,52.25,51.0,52.333333333333336,8,-0.8660254037844385,-0.5000000000000004,0,0,0,1,0,0,0,56.48333333333333,57.875,2024-08
vintage,33.4773930999046,2024-09,54.2,9.905606684430094,0.3,0.3,3.501868894810031,9.605606684430093,32.01868894810031,54.2,53.75,52.25,53.4,9,-1.0,-1.8369701987210297e-16,0,0,0,1,0,0,0,59.01666666666667,58.375,2024-09
vintage,25.989668221439175,2024-10,56.25,33.4773930999046,9.905606684430094,0.3,14.560999928111565,23.57178641547451,2.379640860617381,56.25,54.2,53.75,54.73333333333333,10,-0.8660254037844386,0.5000000000000001,0,0,0,1,0,0,0,60.01666666666667,58.708333333333336,2024-10
vintage,9.181672122068266,2024-11,59.0,25.989668221439175,33.4773930999046,9.905606684430094,23.12422266859129,-7.4877248784654284,-0.22366511203904837,59.0,56.25,54.2,56.48333333333333,11,-0.5000000000000004,0.8660254037844384,0,0,0,1,0,0,0,59.26666666666667,58.041666666666664,2024-11
vintage,40.91811425343005,2024-12,61.8,9.181672122068266,25.989668221439175,33.4773930999046,22.882911147804013,-16.80799609937091,-0.6467183788635593,61.8,59.0,56.25,59.01666666666667,12,-2.4492935982947064e-16,1.0,0,0,0,1,0,0,0,57.73333333333333,57.175000000000004,2024-12
vintage,14.979697566075274,2025-01,59.25,40.91811425343005,9.181672122068266,25.989668221439175,25.363151532312497,31.736442131361784,3.456499176776618,59.25,61.8,59.0,60.01666666666667,1,0.49999999999999994,0.8660254037844387,0,0,0,1,0,0,0,57.4,57.34166666666667,2025-01
vintage,4.176091259055681,2025-02,56.75,14.979697566075274,40.91811425343005,9.181672122068266,21.69316131385786,-25.938416687354774,-0.6339103636766553,56.75,59.25,61.8,59.26666666666667,2,0.8660254037844386,0.5000000000000001,0,0,0,1,0,0,0,56.81666666666666,59.349999999999994,2025-02
vintage,22.6,2025-03,57.2,4.176091259055681,14.979697566075274,40.91811425343005,20.024634359520334,-10.803606307019592,-0.7212165839373599,57.2,56.75,59.25,57.73333333333333,3,1.0,6.123233995736766e-17,0,0,0,1,0,0,0,56.61666666666667,60.81666666666666,2025-03
vintage,28.94325981788721,2025-04,58.25,22.6,4.176091259055681,14.979697566075274,13.918596275043653,18.42390874094432,4.411759130261542,58.25,57.2,56.75,57.4,4,0.8660254037844387,-0.4999999999999998,0,0,0,1,0,0,0,57.28333333333333,61.94166666666666,2025-04
vintage,5.714664992862537,2025-05,55.0,28.94325981788721,22.6,4.176091259055681,18.57311702564763,6.343259817887208,0.28067521318084987,55.0,58.25,57.2,56.81666666666666,5,0.49999999999999994,-0.8660254037844387,0,0,0,1,0,0,0,61.883333333333326,64.27499999999999,2025-05
vintage,44.35296501979151,2025-06,56.6,5.714664992862537,28.94325981788721,22.6,19.085974936916582,-23.228594825024672,-0.802556276355201,56.6,55.0,58.25,56.616666666666674,6,1.2246467991473532e-16,-1.0,0,0,0,1,0,0,0,65.01666666666667,66.46666666666667,2025-06
vintage,2.776091259055681,2025-07,60.25,44.35296501979151,5.714664992862537,28.94325981788721,26.336963276847086,38.638300026928974,6.761253734941098,60.25,56.6,55.0,57.28333333333334,7,-0.4999999999999997,-0.8660254037844388,0,0,0,1,0,0,0,66.60000000000001,59.74758064516129,2025-07
vintage,15.088875115775416,2025-08,68.8,2.776091259055681,44.35296501979151,5.714664992862537,17.614573757236577,-41.57687376073583,-0.9374091166663399,68.8,60.25,56.6,61.88333333333333,8,-0.8660254037844385,-0.5000000000000004,0,0,0,1,0,0,0,66.66666666666667,56.92972350230415,2025-08
vintage,39.926539341025965,2025-09,66.0,15.088875115775416,2.776091259055681,44.35296501979151,20.739310464874205,12.312783856719735,4.43529506335756,66.0,68.8,60.25,65.01666666666667,9,-1.0,-1.8369701987210297e-16,0,0,0,1,0,0,0,67.91666666666667,50.18778801843319,2025-09
vintage,54.34089913900825,2025-10,65.0,39.926539341025965,15.088875115775416,2.776091259055681,19.26383523861902,24.83766422525055,1.6460911787441845,65.0,66.0,68.8,66.60000000000001,10,-0.8660254037844386,0.5000000000000001,0,0,0,1,0,0,0,52.895161290322584,47.22534562211981,2025-10
vintage,90.10992522336475,2025-11,69.0,54.34089913900825,39.926539341025965,15.088875115775416,36.45210453193655,14.414359797982286,0.36102201783291066,69.0,65.0,66.0,66.66666666666667,11,-0.5000000000000004,0.8660254037844384,0,0,0,1,0,0,0,47.19278033794163,41.781682027649765,2025-11
vintage,162.41906090902577,2025-12,69.75,90.10992522336475,54.34089913900825,39.926539341025965,61.45912123446632,35.769026084356504,0.6582339757179312,69.75,69.0,65.0,67.91666666666667,12,-2.4492935982947064e-16,1.0,0,0,0,1,0,0,0,32.45890937019969,32.45890937019969,2025-12
white,1.3010299956639813,2020-05,37.0,6.896189894868235,7.301029995663981,2.5051499783199063,5.567456622950708,-0.40484010079574606,-0.05544972435891604,37.0,33.0,30.0,33.333333333333336,5,0.49999999999999994,-0.8660254037844387,0,0,1,0,0,0,0,39.333333333333336,37.333333333333336,2020-05
white,1.0,2020-06,41.0,1.3010299956639813,6.896189894868235,7.301029995663981,5.166083295398733,-5.595159899204254,-0.8113407525752537,41.0,37.0,33.0,37.0,6,1.2246467991473532e-16,-1.0,0,0,1,0,0,0,0,37.666666666666664,36.5,2020-06
white,12.941834300476726,2020-07,38.0,1.0,1.3010299956639813,6.896189894868235,3.065739963510739,-0.30102999566398125,-0.23137821315975926,38.0,41.0,37.0,38.666666666666664,7,-0.4999999999999997,-0.8660254037844388,0,0,1,0,0,0,0,36.666666666666664,35.833333333333336,2020-07
white,5.42151001846289,2020-08,39.0,12.941834300476726,1.0,1.3010299956639813,5.080954765380235,11.941834300476726,11.941834300476726,39.0,38.0,41.0,39.333333333333336,8,-0.8660254037844385,-0.5000000000000004,0,0,1,0,0,0,0,35.333333333333336,34.833333333333336,2020-08
white,30.16055529624139,2020-09,36.0,5.42151001846289,12.941834300476726,1.0,6.454448106313205,-7.520324282013836,-0.5810864292812663,36.0,39.0,38.0,37.666666666666664,9,-1.0,-1.8369701987210297e-16,0,0,1,0,0,0,0,35.333333333333336,34.833333333333336,2020-09
white,22.79130359351197,2020-10,35.0,30.16055529624139,5.42151001846289,12.941834300476726,16.174633205060335,24.7390452777785,4.563128204786114,35.0,36.0,39.0,36.666666666666664,10,-0.8660254037844386,0.5000000000000001,0,0,1,0,0,0,0,35.0,35.333333333333336,2020-10
white,16.25505120888916,2020-11,35.0,22.79130359351197,30.16055529624139,5.42151001846289,19.457789636072082,-7.3692517027294215,-0.2443340857072276,35.0,35.0,36.0,35.333333333333336,11,-0.5000000000000004,0.8660254037844384,0,0,1,0,0,0,0,34.333333333333336,35.0,2020-11
white,29.69563158617646,2020-12,36.0,16.25505120888916,22.79130359351197,30.16055529624139,23.068970032880838,-6.536252384622809,-0.28678712289557207,36.0,35.0,35.0,35.333333333333336,12,-2.4492935982947064e-16,1.0,0,0,1,0,0,0,0,34.333333333333336,34.833333333333336,2020-12
white,0.3,2021-02,34.0,29.69563158617646,16.25505120888916,22.79130359351197,22.913995462859194,13.4405803772873,0.8268556158061962,34.0,36.0,35.0,35.0,2,0.8660254037844386,0.5000000000000001,0,0,1,0,0,0,0,35.666666666666664,34.666666666666664,2021-02
white,7.183605757994116,2021-03,33.0,0.3,29.69563158617646,16.25505120888916,15.416894265021872,-29.39563158617646,-0.9898975039769939,33.0,34.0,36.0,34.333333333333336,3,1.0,6.123233995736766e-17,0,0,1,0,0,0,0,35.666666666666664,36.0,2021-03
white,18.118684674352263,2021-07,36.0,7.183605757994116,0.3,29.69563158617646,12.393079114723525,6.883605757994117,22.945352526647056,36.0,33.0,34.0,34.333333333333336,7,-0.4999999999999997,-0.8660254037844388,0,0,1,0,0,0,0,35.333333333333336,36.666666666666664,2021-07
white,13.140100364602656,2021-08,38.0,18.118684674352263,7.183605757994116,0.3,8.534096810782126,10.935078916358147,1.5222270381680238,38.0,36.0,33.0,35.666666666666664,8,-0.8660254037844385,-0.5000000000000004,0,0,1,0,0,0,0,33.666666666666664,36.166666666666664,2021-08
white,33.78074805717506,2021-09,33.0,13.140100364602656,18.118684674352263,7.183605757994116,12.814130265649675,-4.978584309749607,-0.27477625441525544,33.0,38.0,36.0,35.666666666666664,9,-1.0,-1.8369701987210297e-16,0,0,1,0,0,0,0,36.333333333333336,36.5,2021-09
white,43.284643261904925,2021-10,35.0,33.78074805717506,13.140100364602656,18.118684674352263,21.679844365376656,20.640647692572404,1.570813549352715,35.0,33.0,38.0,35.333333333333336,10,-0.8660254037844386,0.5000000000000001,0,0,1,0,0,0,0,38.0,36.666666666666664,2021-10
white,27.828361858391265,2021-11,33.0,43.284643261904925,33.78074805717506,13.140100364602656,30.06849722789421,9.503895204729865,0.28134057862319106,33.0,35.0,33.0,33.666666666666664,11,-0.5000000000000004,0.8660254037844384,0,0,1,0,0,0,0,38.666666666666664,37.0,2021-11
white,63.37341998062935,2021-12,41.0,27.828361858391265,43.284643261904925,33.78074805717506,34.964584392490416,-15.45628140351366,-0.3570846433916859,41.0,33.0,35.0,36.333333333333336,12,-2.4492935982947064e-16,1.0,0,0,1,0,0,0,0,36.666666666666664,36.166666666666664,2021-12
white,8.0,2022-01,40.0,63.37341998062935,27.828361858391265,43.284643261904925,44.82880836697518,35.54505812223809,1.2772961018371967,40.0,41.0,33.0,38.0,1,0.49999999999999994,0.8660254037844387,0,0,1,0,0,0,0,35.333333333333336,36.166666666666664,2022-01
white,4.294025094095323,2022-02,35.0,8.0,63.37341998062935,27.828361858391265,33.06726061300687,-55.37341998062935,-0.873764111161347,35.0,40.0,41.0,38.666666666666664,2,0.8660254037844386,0.5000000000000001,0,0,1,0,0,0,0,35.333333333333336,36.166666666666664,2022-02
white,9.0,2022-03,35.0,4.294025094095323,8.0,63.37341998062935,25.222481691574888,-3.705974905904677,-0.4632468632380846,35.0,35.0,40.0,36.666666666666664,3,1.0,6.123233995736766e-17,0,0,1,0,0,0,0,35.666666666666664,36.0,2022-03
white,5.535294120042771,2022-04,36.0,9.0,4.294025094095323,8.0,7.098008364698441,4.705974905904677,1.0959355855595305,36.0,35.0,35.0,35.333333333333336,4,0.8660254037844387,-0.4999999999999998,0,0,1,0,0,0,0,37.0,35.666666666666664,2022-04
white,9.0,2022-05,35.0,5.535294120042771,9.0,4.294025094095323,6.276439738046032,-3.4647058799572292,-0.3849673199952477,35.0,36.0,35.0,35.333333333333336,5,0.49999999999999994,-0.8660254037844387,0,0,1,0,0,0,0,37.0,36.333333333333336,2022-05
white,26.59402509409532,2022-06,36.0,9.0,5.535294120042771,9.0,7.845098040014257,3.4647058799572292,0.6259298611453834,36.0,35.0,36.0,35.666666666666664,6,1.2246467991473532e-16,-1.0,0,0,1,0,0,0,0,36.333333333333336,36.5,2022-06
white,8.376810464411774,2022-07,40.0,26.59402509409532,9.0,5.535294120042771,13.709773071379365,17.59402509409532,1.9548916771217022,40.0,36.0,35.0,37.0,7,-0.4999999999999997,-0.8660254037844388,0,0,1,0,0,0,0,34.333333333333336,35.5,2022-07
white,26.44871528980441,2022-09,35.0,8.376810464411774,26.59402509409532,9.0,14.65694518616903,-18.217214629683546,-0.6850115605000433,35.0,40.0,36.0,37.0,9,-1.0,-1.8369701987210297e-16,0,0,1,0,0,0,0,35.666666666666664,35.666666666666664,2022-09
white,24.59964817310645,2022-10,34.0,26.44871528980441,8.376810464411774,26.59402509409532,20.473183616103835,18.071904825392636,2.1573730123380153,34.0,35.0,40.0,36.333333333333336,10,-0.8660254037844386,0.5000000000000001,0,0,1,0,0,0,0,36.666666666666664,35.666666666666664,2022-10
white,16.35283902791128,2022-11,34.0,24.59964817310645,26.44871528980441,8.376810464411774,19.808391309107545,-1.849067116697963,-0.06991141522139455,34.0,34.0,35.0,34.333333333333336,11,-0.5000000000000004,0.8660254037844384,0,0,1,0,0,0,0,36.666666666666664,35.833333333333336,2022-11
white,12.649535552619335,2022-12,39.0,16.35283902791128,24.59964817310645,26.44871528980441,22.467067496940714,-8.246809145195169,-0.33524093869809846,39.0,34.0,34.0,35.666666666666664,12,-2.4492935982947064e-16,1.0,0,0,1,0,0,0,0,35.666666666666664,35.333333333333336,2022-12
white,3.3222192947339195,2023-01,37.0,12.649535552619335,16.35283902791128,24.59964817310645,17.867340917879023,-3.7033034752919445,-0.22646241848104098,37.0,39.0,34.0,36.666666666666664,1,0.49999999999999994,0.8660254037844387,0,0,1,0,0,0,0,34.666666666666664,35.333333333333336,2023-01
white,2.203089986991944,2023-02,34.0,3.3222192947339195,12.649535552619335,16.35283902791128,10.774864625088178,-9.327316257885416,-0.7373643260723522,34.0,37.0,39.0,36.666666666666664,2,0.8660254037844386,0.5000000000000001,0,0,1,0,0,0,0,35.0,35.833333333333336,2023-02
white,1.9020599913279623,2023-03,36.0,2.203089986991944,3.3222192947339195,12.649535552619335,6.0582816114483995,-1.1191293077419755,-0.33686196137501145,36.0,34.0,37.0,35.666666666666664,3,1.0,6.123233995736766e-17,0,0,1,0,0,0,0,35.0,35.333333333333336,2023-03
white,8.186391215695494,2023-04,34.0,1.9020599913279623,2.203089986991944,3.3222192947339195,2.4757897576846086,-0.3010299956639817,-0.13663990006826832,34.0,36.0,34.0,34.666666666666664,4,0.8660254037844387,-0.4999999999999998,0,0,1,0,0,0,0,36.0,35.333333333333336,2023-04
white,13.761579060623156,2023-05,35.0,8.186391215695494,1.9020599913279623,2.203089986991944,4.097180398005134,6.2843312243675316,3.303960575912223,35.0,34.0,36.0,35.0,5,0.49999999999999994,-0.8660254037844387,0,0,1,0,0,0,0,36.666666666666664,35.333333333333336,2023-05
white,9.041392685158224,2023-06,36.0,13.761579060623156,8.186391215695494,1.9020599913279623,7.950010089215536,5.575187844927662,0.6810312014210291,36.0,35.0,34.0,35.0,6,1.2246467991473532e-16,-1.0,0,0,1,0,0,0,0,35.666666666666664,35.5,2023-06
white,25.091025335628306,2023-07,37.0,9.041392685158224,13.761579060623156,8.186391215695494,10.329787653825624,-4.720186375464932,-0.34299743907812796,37.0,36.0,35.0,36.0,7,-0.4999999999999997,-0.8660254037844388,0,0,1,0,0,0,0,34.666666666666664,35.333333333333336,2023-07
white,6.096910013008056,2023-08,37.0,25.091025335628306,9.041392685158224,13.761579060623156,15.964665693803227,16.04963265047008,1.7751283689752952,37.0,37.0,36.0,36.666666666666664,8,-0.8660254037844385,-0.5000000000000004,0,0,1,0,0,0,0,34.0,35.333333333333336,2023-08
white,22.073873542774827,2023-09,33.0,6.096910013008056,25.091025335628306,9.041392685158224,13.409776011264862,-18.99411532262025,-0.7570083353927082,33.0,37.0,37.0,35.666666666666664,9,-1.0,-1.8369701987210297e-16,0,0,1,0,0,0,0,35.333333333333336,36.5,2023-09
white,21.361149627425124,2023-10,34.0,22.073873542774827,6.096910013008056,25.091025335628306,17.753936297137063,15.97696352976677,2.6205017780612043,34.0,33.0,37.0,34.666666666666664,10,-0.8660254037844386,0.5000000000000001,0,0,1,0,0,0,0,36.0,36.666666666666664,2023-10
white,23.84478869212663,2023-11,35.0,21.361149627425124,22.073873542774827,6.096910013008056,16.51064439440267,-0.7127239153497023,-0.032288121700461136,35.0,34.0,33.0,34.0,11,-0.5000000000000004,0.8660254037844384,0,0,1,0,0,0,0,36.666666666666664,37.0,2023-11
white,27.15220009646575,2023-12,37.0,23.84478869212663,21.361149627425124,22.073873542774827,22.42660395410886,2.4836390647015065,0.11626897933961455,37.0,35.0,34.0,35.333333333333336,12,-2.4492935982947064e-16,1.0,0,0,1,0,0,0,0,37.666666666666664,37.0,2023-12
white,3.680211241711606,2024-01,36.0,27.15220009646575,23.84478869212663,21.361149627425124,24.119379472005836,3.3074114043391205,0.13870583828789407,36.0,37.0,35.0,36.0,1,0.49999999999999994,0.8660254037844387,0,0,1,0,0,0,0,37.333333333333336,37.166666666666664,2024-01
white,2.9020599913279623,2024-02,37.0,3.680211241711606,27.15220009646575,23.84478869212663,18.225733343434666,-23.471988854754144,-0.8644599248445197,37.0,36.0,37.0,36.666666666666664,2,0.8660254037844386,0.5000000000000001,0,0,1,0,0,0,0,37.333333333333336,37.333333333333336,2024-02
white,5.778151250383644,2024-03,40.0,2.9020599913279623,3.680211241711606,27.15220009646575,11.244823776501773,-0.7781512503836439,-0.2114420067967996,40.0,37.0,36.0,37.666666666666664,3,1.0,6.123233995736766e-17,0,0,1,0,0,0,0,36.333333333333336,36.5,2024-03
white,4.3,2024-04,35.0,5.778151250383644,2.9020599913279623,3.680211241711606,4.120140827807737,2.8760912590556815,0.9910516211415747,35.0,40.0,37.0,37.333333333333336,4,0.8660254037844387,-0.4999999999999998,0,0,1,0,0,0,0,37.0,36.833333333333336,2024-04
white,4.70823996531185,2024-05,37.0,4.3,5.778151250383644,2.9020599913279623,4.326737080570536,-1.478151250383644,-0.25581733435681553,37.0,35.0,40.0,37.333333333333336,5,0.49999999999999994,-0.8660254037844387,0,0,1,0,0,0,0,37.333333333333336,37.0,2024-05
white,12.0,2024-06,37.0,4.70823996531185,4.3,5.778151250383644,4.928797071898498,0.40823996531185003,0.09493952681670925,37.0,37.0,35.0,36.333333333333336,6,1.2246467991473532e-16,-1.0,0,0,1,0,0,0,0,36.666666666666664,37.5,2024-06
white,4.504119982655925,2024-07,37.0,12.0,4.70823996531185,4.3,7.002746655103951,7.29176003468815,1.5487231085098658,37.0,37.0,37.0,37.0,7,-0.4999999999999997,-0.8660254037844388,0,0,1,0,0,0,0,36.666666666666664,37.666666666666664,2024-07
white,7.804119982655925,2024-08,38.0,4.504119982655925,12.0,4.70823996531185,7.070786649322591,-7.495880017344075,-0.6246566681120063,38.0,37.0,37.0,37.333333333333336,8,-0.8660254037844385,-0.5000000000000004,0,0,1,0,0,0,0,36.666666666666664,38.166666666666664,2024-08
white,22.555467987573305,2024-09,35.0,7.804119982655925,4.504119982655925,12.0,8.10274665510395,3.3,0.7326625428956941,35.0,38.0,37.0,36.666666666666664,9,-1.0,-1.8369701987210297e-16,0,0,1,0,0,0,0,38.333333333333336,39.833333333333336,2024-09
white,17.87611146720544,2024-10,37.0,22.555467987573305,7.804119982655925,4.504119982655925,11.621235984295053,14.75134800491738,1.890200053010609,37.0,35.0,38.0,36.666666666666664,10,-0.8660254037844386,0.5000000000000001,0,0,1,0,0,0,0,38.666666666666664,41.166666666666664,2024-10
white,15.534235574448902,2024-11,38.0,17.87611146720544,22.555467987573305,7.804119982655925,16.07856647914489,-4.679356520367865,-0.20745996150227985,38.0,37.0,35.0,36.666666666666664,11,-0.5000000000000004,0.8660254037844384,0,0,1,0,0,0,0,39.666666666666664,41.833333333333336,2024-11
white,52.09548434777528,2024-12,40.0,15.534235574448902,17.87611146720544,22.555467987573305,18.655271676409214,-2.341875892756539,-0.1310058900143255,40.0,38.0,37.0,38.333333333333336,12,-2.4492935982947064e-16,1.0,0,0,1,0,0,0,0,41.333333333333336,41.833333333333336,2024-12
white,13.3,2025-01,38.0,52.09548434777528,15.534235574448902,17.87611146720544,28.501943796476542,36.56124877332638,2.3535917553267467,38.0,40.0,38.0,38.666666666666664,1,0.49999999999999994,0.8660254037844387,0,0,1,0,0,0,0,43.666666666666664,42.5,2025-01
white,25.30102999566398,2025-02,41.0,13.3,52.09548434777528,15.534235574448902,26.97657330740806,-38.795484347775286,-0.7446995614588624,41.0,38.0,40.0,39.666666666666664,2,0.8660254037844386,0.5000000000000001,0,0,1,0,0,0,0,44.0,43.333333333333336,2025-02
white,10.079181246047623,2025-03,45.0,25.30102999566398,13.3,52.09548434777528,30.232171447813087,12.00102999566398,0.9023330823807503,45.0,41.0,38.0,41.333333333333336,3,1.0,6.123233995736766e-17,0,0,1,0,0,0,0,42.333333333333336,43.0,2025-03
white,9.30102999566398,2025-04,45.0,10.079181246047623,25.30102999566398,13.3,16.226737080570533,-15.221848749616358,-0.6016296076572786,45.0,45.0,41.0,43.666666666666664,4,0.8660254037844387,-0.4999999999999998,0,0,1,0,0,0,0,41.333333333333336,42.666666666666664,2025-04
white,7.602059991327962,2025-05,42.0,9.30102999566398,10.079181246047623,25.30102999566398,14.893747079125196,-0.7781512503836439,-0.07720381560642953,42.0,45.0,45.0,44.0,5,0.49999999999999994,-0.8660254037844387,0,0,1,0,0,0,0,42.666666666666664,42.833333333333336,2025-05
white,20.810545010206614,2025-06,40.0,7.602059991327962,9.30102999566398,10.079181246047623,8.994090411013188,-1.6989700043360179,-0.18266471617961189,40.0,42.0,45.0,42.333333333333336,6,1.2246467991473532e-16,-1.0,0,0,1,0,0,0,0,43.666666666666664,43.333333333333336,2025-06
white,6.204119982655925,2025-07,42.0,20.810545010206614,7.602059991327962,9.30102999566398,12.571211665732852,13.208485018878651,1.7374876065101055,42.0,40.0,42.0,41.333333333333336,7,-0.4999999999999997,-0.8660254037844388,0,0,1,0,0,0,0,44.0,43.166666666666664,2025-07
white,6.0,2025-08,46.0,6.204119982655925,20.810545010206614,7.602059991327962,11.5389083280635,-14.606425027550689,-0.7018761411768366,46.0,42.0,40.0,42.666666666666664,8,-0.8660254037844385,-0.5000000000000004,0,0,1,0,0,0,0,43.0,42.6,2025-08
white,48.54768535170764,2025-09,43.0,6.0,6.204119982655925,20.810545010206614,11.004888330954179,-0.20411998265592501,-0.032900714884070204,43.0,46.0,42.0,43.666666666666664,9,-1.0,-1.8369701987210297e-16,0,0,1,0,0,0,0,43.0,42.5,2025-09
white,56.98802471356569,2025-10,43.0,48.54768535170764,6.0,6.204119982655925,20.25060177812119,42.54768535170764,7.091280891951273,43.0,43.0,46.0,44.0,10,-0.8660254037844386,0.5000000000000001,0,0,1,0,0,0,0,42.333333333333336,42.333333333333336,2025-10
wool,4.393038573604643,2022-09,12.0,1.3010299956639813,2.8979680175649816,1.3010299956639813,1.8333426696309811,-1.5969380219010003,-0.551054398192713,12.0,9.0,16.0,12.333333333333334,9,-1.0,-1.8369701987210297e-16,0,0,0,0,1,0,0,12.666666666666666,14.5,2022-09
wool,4.399593244313218,2022-12,17.0,4.393038573604643,1.3010299956639813,2.8979680175649816,2.864012195611202,3.0920085779406614,2.376585158102103,17.0,12.0,9.0,12.666666666666666,12,-2.4492935982947064e-16,1.0,0,0,0,0,1,0,0,11.666666666666666,14.333333333333334,2022-12
wool,2.397940008672037,2023-08,10.0,4.399593244313218,4.393038573604643,1.3010299956639813,3.3645539378606144,0.006554670708575294,0.0014920585373319195,10.0,17.0,12.0,13.0,8,-0.8660254037844385,-0.5000000000000004,0,0,0,0,1,0,0,14.333333333333334,14.5,2023-08
wool,20.750870027397905,2023-09,11.0,2.397940008672037,4.399593244313218,4.393038573604643,3.7301906088632997,-2.001653235641181,-0.45496324875679306,11.0,10.0,17.0,12.666666666666666,9,-1.0,-1.8369701987210297e-16,0,0,0,0,1,0,0,16.333333333333332,14.833333333333334,2023-09
wool,13.6,2023-10,14.0,20.750870027397905,2.397940008672037,4.399593244313218,9.182801093461054,18.352930018725868,7.653623506990735,14.0,11.0,10.0,11.666666666666666,10,-0.8660254037844386,0.5000000000000001,0,0,0,0,1,0,0,17.0,15.833333333333334,2023-10
wool,11.2,2023-11,18.0,13.6,20.750870027397905,2.397940008672037,12.249603345356647,-7.150870027397906,-0.3446057932971691,18.0,14.0,11.0,14.333333333333334,11,-0.5000000000000004,0.8660254037844384,0,0,0,0,1,0,0,14.666666666666666,16.5,2023-11
wool,24.2,2023-12,17.0,11.2,13.6,20.750870027397905,15.18362334246597,-2.4000000000000004,-0.17647058823529416,17.0,18.0,14.0,16.333333333333332,12,-2.4492935982947064e-16,1.0,0,0,0,0,1,0,0,13.333333333333334,16.166666666666668,2023-12
wool,1.6010299956639813,2024-01,16.0,24.2,11.2,13.6,16.333333333333332,13.0,1.1607142857142856,16.0,17.0,18.0,17.0,1,0.49999999999999994,0.8660254037844387,0,0,0,0,1,0,0,14.666666666666666,15.333333333333334,2024-01
wool,0.3,2024-03,11.0,1.6010299956639813,24.2,11.2,12.333676665221326,-22.598970004336017,-0.9338417357163644,11.0,16.0,17.0,14.666666666666666,3,1.0,6.123233995736766e-17,0,0,0,0,1,0,0,18.333333333333332,16.333333333333332,2024-03
wool,7.113090785629333,2024-09,13.0,0.3,1.6010299956639813,24.2,8.700343331887995,-1.3010299956639813,-0.8126206249648786,13.0,11.0,16.0,13.333333333333334,9,-1.0,-1.8369701987210297e-16,0,0,0,0,1,0,0,19.0,18.0,2024-09
wool,1.3010299956639813,2024-11,20.0,7.113090785629333,0.3,1.6010299956639813,3.00470692709777,6.813090785629333,22.710302618764445,20.0,13.0,11.0,14.666666666666666,11,-0.5000000000000004,0.8660254037844384,0,0,0,0,1,0,0,16.0,19.666666666666668,2024-11
wool,6.869622992248707,2024-12,22.0,1.3010299956639813,7.113090785629333,0.3,2.90470692709777,-5.812060789965352,-0.8170935764952602,22.0,20.0,13.0,18.333333333333332,12,-2.4492935982947064e-16,1.0,0,0,0,0,1,0,0,14.333333333333334,20.833333333333332,2024-12
wool,4.0,2025-02,15.0,6.869622992248707,1.3010299956639813,7.113090785629333,5.094581257847339,5.568592996584726,4.280141899221003,15.0,22.0,20.0,19.0,2,0.8660254037844386,0.5000000000000001,0,0,0,0,1,0,0,17.0,22.333333333333332,2025-02
wool,0.3,2025-05,11.0,4.0,6.869622992248707,1.3010299956639813,4.0568843293042285,-2.869622992248707,-0.4177264160619334,11.0,15.0,22.0,16.0,5,0.49999999999999994,-0.8660254037844387,0,0,0,0,1,0,0,23.333333333333332,24.6,2025-05
wool,1.7725455056635948,2025-09,17.0,0.3,4.0,6.869622992248707,3.723207664082901,-3.7,-0.925,17.0,11.0,15.0,14.333333333333334,9,-1.0,-1.8369701987210297e-16,0,0,0,0,1,0,0,27.333333333333332,26.5,2025-09
wool,3.69501749525715,2025-10,23.0,1.7725455056635948,0.3,4.0,2.024181835221197,1.4725455056635948,4.9084850188786495,23.0,17.0,11.0,17.0,10,-0.8660254037844386,0.5000000000000001,0,0,0,0,1,0,0,27.666666666666668,27.666666666666668,2025-10
y2k,2.9,2020-05,1.2,2.9010299956639813,0.8999999999999999,3.898970004336019,2.566666666666667,2.0010299956639814,2.2233666618488686,1.2,1.0,1.0,1.0666666666666667,5,0.49999999999999994,-0.8660254037844387,0,0,0,1,0,0,0,1.0,1.0,2020-05
y2k,1.3,2020-06,1.0,2.9,2.9010299956639813,0.8999999999999999,2.2336766652213274,-0.0010299956639814312,-0.00035504481702042234,1.0,1.2,1.0,1.0666666666666667,6,1.2246467991473532e-16,-1.0,0,0,0,1,0,0,0,1.0,1.0,2020-06
y2k,1.2,2020-07,1.0,1.3,2.9,2.9010299956639813,2.36700999855466,-1.5999999999999999,-0.5517241379310345,1.0,1.0,1.2,1.0666666666666667,7,-0.4999999999999997,-0.8660254037844388,0,0,0,1,0,0,0,1.0,1.0,2020-07
y2k,10.77987251055814,2020-08,1.0,1.2,1.3,2.9,1.8,-0.10000000000000009,-0.07692307692307698,1.0,1.0,1.0,1.0,8,-0.8660254037844385,-0.5000000000000004,0,0,0,1,0,0,0,1.0,1.0,2020-08
y2k,1.5,2020-09,1.0,10.77987251055814,1.2,1.3,4.426624170186047,9.579872510558141,7.983227092131784,1.0,1.0,1.0,1.0,9,-1.0,-1.8369701987210297e-16,0,0,0,1,0,0,0,1.0,1.0,2020-09
y2k,6.828235296034216,2020-10,1.0,1.5,10.77987251055814,1.2,4.493290836852713,-9.27987251055814,-0.8608517866486034,1.0,1.0,1.0,1.0,10,-0.8660254037844386,0.5000000000000001,0,0,0,1,0,0,0,1.0,1.0,2020-10
y2k,8.042558422099763,2020-11,1.0,6.828235296034216,1.5,10.77987251055814,6.369369268864119,5.328235296034216,3.5521568640228107,1.0,1.0,1.0,1.0,11,-0.5000000000000004,0.8660254037844384,0,0,0,1,0,0,0,1.0,1.0416666666666667,2020-11
y2k,6.288435227393093,2020-12,1.0,8.042558422099763,6.828235296034216,1.5,5.456931239377994,1.2143231260655467,0.17783850049379746,1.0,1.0,1.0,1.0,12,-2.4492935982947064e-16,1.0,0,0,0,1,0,0,0,1.0,1.2083333333333333,2020-12
y2k,0.3,2021-01,1.0,6.288435227393093,8.042558422099763,6.828235296034216,7.053076315175691,-1.7541231947066702,-0.21810512310194707,1.0,1.0,1.0,1.0,1,0.49999999999999994,0.8660254037844387,0,0,0,1,0,0,0,1.0,1.375,2021-01
y2k,0.3,2021-03,1.0,0.3,6.288435227393093,8.042558422099763,4.876997883164286,-5.988435227393093,-0.9522933783760437,1.0,1.0,1.0,1.0,3,1.0,6.123233995736766e-17,0,0,0,1,0,0,0,1.0833333333333333,1.5416666666666667,2021-03
y2k,4.79734438101758,2021-04,1.0,0.3,0.3,6.288435227393093,2.296145075797698,0.0,0.0,1.0,1.0,1.0,1.0,4,0.8660254037844387,-0.4999999999999998,0,0,0,1,0,0,0,1.4166666666666667,1.7083333333333333,2021-04
y2k,0.3,2021-05,1.0,4.79734438101758,0.3,0.3,1.7991147936725271,4.49734438101758,14.991147936725268,1.0,1.0,1.0,1.0,5,0.49999999999999994,-0.8660254037844387,0,0,0,1,0,0,0,1.75,1.9583333333333333,2021-05
y2k,0.3,2021-06,1.25,0.3,4.79734438101758,0.3,1.7991147936725271,-4.49734438101758,-0.937465402486622,1.25,1.0,1.0,1.0833333333333333,6,1.2246467991473532e-16,-1.0,0,0,0,1,0,0,0,2.0,2.125,2021-06
y2k,0.6,2021-09,2.0,0.3,0.3,4.79734438101758,1.7991147936725271,0.0,0.0,2.0,1.25,1.0,1.4166666666666667,9,-1.0,-1.8369701987210297e-16,0,0,0,1,0,0,0,2.0,2.2916666666666665,2021-09
y2k,4.375353642813885,2021-10,2.0,0.6,0.3,0.3,0.4000000000000006,0.3,1.0,2.0,2.0,1.25,1.75,10,-0.8660254037844386,0.5000000000000001,0,0,0,1,0,0,0,2.1666666666666665,2.4583333333333335,2021-10
y2k,6.413841821876069,2021-12,2.0,4.375353642813885,0.6,0.3,1.7584512142712956,3.775353642813885,6.2922560713564755,2.0,2.0,2.0,2.0,12,-2.4492935982947064e-16,1.0,0,0,0,1,0,0,0,2.25,2.625,2021-12
y2k,2.0,2022-01,2.0,6.413841821876069,4.375353642813885,0.6,3.7963984882299857,2.038488179062184,0.46590249508407444,2.0,2.0,2.0,2.0,1,0.49999999999999994,0.8660254037844387,0,0,0,1,0,0,0,2.5833333333333335,2.9166666666666665,2022-01
y2k,0.3,2022-03,2.5,2.0,6.413841821876069,4.375353642813885,4.263065154896652,-4.413841821876069,-0.6881744116017202,2.5,2.0,2.0,2.1666666666666665,3,1.0,6.123233995736766e-17,0,0,0,1,0,0,0,2.75,3.1333333333333333,2022-03
y2k,3.9901960800285137,2022-04,2.25,0.3,2.0,6.413841821876069,2.904613940625357,-1.7,-0.85,2.25,2.5,2.0,2.25,4,0.8660254037844387,-0.4999999999999998,0,0,0,1,0,0,0,3.0,3.2583333333333333,2022-04
y2k,0.3,2022-05,3.0,3.9901960800285137,0.3,2.0,2.0967320266761718,3.690196080028514,12.300653600095046,3.0,2.25,2.5,2.5833333333333335,5,0.49999999999999994,-0.8660254037844387,0,0,0,1,0,0,0,3.25,3.341666666666667,2022-05
y2k,2.1760912590556813,2022-06,3.0,0.3,3.9901960800285137,0.3,1.530065360009505,-3.690196080028514,-0.9248157248458185,3.0,3.0,2.25,2.75,6,1.2246467991473532e-16,-1.0,0,0,0,1,0,0,0,3.516666666666667,3.6333333333333333,2022-06
y2k,2.641392685158225,2022-07,3.0,2.1760912590556813,0.3,3.9901960800285137,2.1554291130280654,1.8760912590556813,6.253637530185605,3.0,3.0,3.0,3.0,7,-0.4999999999999997,-0.8660254037844388,0,0,0,1,0,0,0,3.516666666666667,3.9,2022-07
y2k,6.0,2022-09,3.75,2.641392685158225,2.1760912590556813,0.3,1.705827981404636,0.46530142610254366,0.21382440840484884,3.75,3.0,3.0,3.25,9,-1.0,-1.8369701987210297e-16,0,0,0,1,0,0,0,3.4333333333333336,3.9416666666666664,2022-09
y2k,5.077121254719662,2022-10,3.8,6.0,2.641392685158225,2.1760912590556813,3.605827981404636,3.358607314841775,1.2715289679242021,3.8,3.75,3.0,3.516666666666667,10,-0.8660254037844386,0.5000000000000001,0,0,0,1,0,0,0,3.75,4.008333333333334,2022-10
y2k,5.708600171761917,2022-11,3.0,5.077121254719662,6.0,2.641392685158225,4.572837979959297,-0.9228787452803378,-0.15381312421338966,3.0,3.8,3.75,3.516666666666667,11,-0.5000000000000004,0.8660254037844384,0,0,0,1,0,0,0,4.283333333333333,4.175,2022-11
y2k,2.345091011327189,2022-12,3.5,5.708600171761917,5.077121254719662,6.0,5.59524047549386,0.631478917042255,0.12437735585992482,3.5,3.0,3.8,3.4333333333333336,12,-2.4492935982947064e-16,1.0,0,0,0,1,0,0,0,4.45,4.3,2022-12
y2k,0.8999999999999999,2023-02,4.75,2.345091011327189,5.708600171761917,5.077121254719662,4.37693747926959,-3.3635091604347283,-0.5892003397037011,4.75,3.5,3.0,3.75,2,0.8660254037844386,0.5000000000000001,0,0,0,1,0,0,0,4.266666666666667,4.241666666666667,2023-02
y2k,4.6,2023-04,4.6,0.8999999999999999,2.345091011327189,5.708600171761917,2.984563727696369,-1.445091011327189,-0.6162195856566561,4.6,4.75,3.5,4.283333333333333,4,0.8660254037844387,-0.4999999999999998,0,0,0,1,0,0,0,4.066666666666666,4.141666666666667,2023-04
y2k,2.661727836017593,2023-06,4.0,4.6,0.8999999999999999,2.345091011327189,2.6150303371090633,3.6999999999999997,4.111111111111112,4.0,4.6,4.75,4.45,6,1.2246467991473532e-16,-1.0,0,0,0,1,0,0,0,4.1499999999999995,4.275,2023-06
y2k,3.561727836017593,2023-07,4.2,2.661727836017593,4.6,0.8999999999999999,2.7205759453391978,-1.9382721639824068,-0.4213635139092189,4.2,4.0,4.6,4.266666666666667,7,-0.4999999999999997,-0.8660254037844388,0,0,0,1,0,0,0,4.216666666666667,4.116666666666666,2023-07
y2k,0.6,2023-08,4.0,3.561727836017593,2.661727836017593,4.6,3.607818557345062,0.8999999999999999,0.3381262305715509,4.0,4.2,4.0,4.066666666666666,8,-0.8660254037844385,-0.5000000000000004,0,0,0,1,0,0,0,4.216666666666667,4.116666666666666,2023-08
y2k,9.34749685459731,2023-09,4.25,0.6,3.561727836017593,2.661727836017593,2.274485224011729,-2.9617278360175927,-0.8315424345643246,4.25,4.0,4.2,4.1499999999999995,9,-1.0,-1.8369701987210297e-16,0,0,0,1,0,0,0,4.3999999999999995,4.075,2023-09
y2k,7.698505628304457,2023-10,4.4,9.34749685459731,0.6,3.561727836017593,4.5030748968716345,8.74749685459731,14.57916142432885,4.4,4.25,4.0,4.216666666666668,10,-0.8660254037844386,0.5000000000000001,0,0,0,1,0,0,0,4.016666666666667,4.008333333333334,2023-10
y2k,8.581658522216422,2023-11,4.0,7.698505628304457,9.34749685459731,0.6,5.882000827633923,-1.6489912262928526,-0.17640992577406878,4.0,4.4,4.25,4.216666666666668,11,-0.5000000000000004,0.8660254037844384,0,0,0,1,0,0,0,4.016666666666667,4.258333333333334,2023-11
y2k,7.170805425989316,2023-12,4.8,8.581658522216422,7.698505628304457,9.34749685459731,8.54255366837273,0.8831528939119648,0.11471744472913681,4.8,4.0,4.4,4.4,12,-2.4492935982947064e-16,1.0,0,0,0,1,0,0,0,3.75,4.158333333333333,2023-12
y2k,3.5020599913279624,2024-01,3.25,7.170805425989316,8.581658522216422,7.698505628304457,7.816989858836732,-1.4108530962271058,-0.1644033134824291,3.25,4.8,4.0,4.016666666666667,1,0.49999999999999994,0.8660254037844387,0,0,0,1,0,0,0,4.0,4.283333333333333,2024-01
y2k,0.3,2024-04,4.0,3.5020599913279624,7.170805425989316,8.581658522216422,6.4181746465112335,-3.668745434661354,-0.511622504965012,4.0,3.25,4.8,4.016666666666667,4,0.8660254037844387,-0.4999999999999998,0,0,0,1,0,0,0,4.5,4.325,2024-04
y2k,0.3,2024-05,4.0,0.3,3.5020599913279624,7.170805425989316,3.657621805772426,-3.2020599913279626,-0.9143361333778175,4.0,4.0,3.25,3.75,5,0.49999999999999994,-0.8660254037844387,0,0,0,1,0,0,0,4.566666666666666,4.558333333333334,2024-05
y2k,6.3,2024-06,4.0,0.3,0.3,3.5020599913279624,1.3673533304426542,0.0,0.0,4.0,4.0,4.0,4.0,6,1.2246467991473532e-16,-1.0,0,0,0,1,0,0,0,4.566666666666666,4.558333333333334,2024-06
y2k,0.3,2024-08,5.5,6.3,0.3,0.3,2.3000000000000003,6.0,20.0,5.5,4.0,4.0,4.5,8,-0.8660254037844385,-0.5000000000000004,0,0,0,1,0,0,0,4.1499999999999995,4.308333333333334,2024-08
y2k,15.54747886019418,2024-09,4.2,0.3,6.3,0.3,2.3,-6.0,-0.9523809523809523,4.2,5.5,4.0,4.566666666666666,9,-1.0,-1.8369701987210297e-16,0,0,0,1,0,0,0,4.55,4.358333333333333,2024-09
y2k,2.501029995663981,2024-10,4.0,15.54747886019418,0.3,6.3,7.38249295339806,15.24747886019418,50.8249295339806,4.0,4.2,5.5,4.566666666666666,10,-0.8660254037844386,0.5000000000000001,0,0,0,1,0,0,0,4.55,4.358333333333333,2024-10
y2k,9.412506980107857,2024-11,4.25,2.501029995663981,15.54747886019418,0.3,6.116169618619387,-13.0464488645302,-0.8391359770832488,4.25,4.0,4.2,4.1499999999999995,11,-0.5000000000000004,0.8660254037844384,0,0,0,1,0,0,0,4.466666666666667,4.283333333333333,2024-11
y2k,11.821167474824096,2024-12,5.4,9.412506980107857,2.501029995663981,15.54747886019418,9.153671945322005,6.911476984443876,2.7634522562409316,5.4,4.25,4.0,4.550000000000001,12,-2.4492935982947064e-16,1.0,0,0,0,1,0,0,0,4.166666666666667,4.116666666666667,2024-12
y2k,2.0,2025-01,4.0,11.821167474824096,9.412506980107857,2.501029995663981,7.911568150198645,2.408660494716239,0.2558999955916781,4.0,5.4,4.25,4.550000000000001,1,0.49999999999999994,0.8660254037844387,0,0,0,1,0,0,0,4.166666666666667,4.241666666666667,2025-01
y2k,3.0,2025-02,4.0,2.0,11.821167474824096,9.412506980107857,7.744558151643983,-9.821167474824096,-0.8308119731609029,4.0,4.0,5.4,4.466666666666668,2,0.8660254037844386,0.5000000000000001,0,0,0,1,0,0,0,4.1000000000000005,4.241666666666667,2025-02
y2k,5.341392685158225,2025-04,4.5,3.0,2.0,11.821167474824096,5.607055824941365,1.0,0.5,4.5,4.0,4.0,4.166666666666667,4,0.8660254037844387,-0.4999999999999998,0,0,0,1,0,0,0,4.066666666666666,4.158333333333333,2025-04
y2k,0.3,2025-05,4.0,5.341392685158225,3.0,2.0,3.447130895052742,2.341392685158225,0.780464228386075,4.0,4.5,4.0,4.166666666666667,5,0.49999999999999994,-0.8660254037844387,0,0,0,1,0,0,0,4.316666666666666,4.158333333333333,2025-05
y2k,23.277531143465197,2025-06,3.8,0.3,5.341392685158225,3.0,2.880464228386075,-5.041392685158225,-0.9438348727226908,3.8,4.0,4.5,4.1,6,1.2246467991473532e-16,-1.0,0,0,0,1,0,0,0,4.383333333333334,3.858333333333333,2025-06
y2k,10.270212632442068,2025-08,4.4,23.277531143465197,0.3,5.341392685158225,9.639641276207806,22.977531143465196,76.59177047821733,4.4,3.8,4.0,4.066666666666666,8,-0.8660254037844385,-0.5000000000000004,0,0,0,1,0,0,0,4.25,3.642857142857143,2025-08
y2k,11.830367038317725,2025-09,4.75,10.270212632442068,23.277531143465197,0.3,11.282581258635753,-13.00731851102313,-0.5587928733015456,4.75,4.4,3.8,4.316666666666666,9,-1.0,-1.8369701987210297e-16,0,0,0,1,0,0,0,4.0,3.2221582181259603,2025-09
y2k,5.606517429522861,2025-10,4.0,11.830367038317725,10.270212632442068,23.277531143465197,15.126036938074996,1.5601544058756573,0.15191062363668717,4.0,4.75,4.4,4.383333333333333,10,-0.8660254037844386,0.5000000000000001,0,0,0,1,0,0,0,3.3333333333333335,3.0665898617511522,2025-10
y2k,32.9245192706991,2025-11,4.0,5.606517429522861,11.830367038317725,10.270212632442068,9.235699033427549,-6.223849608794864,-0.5260909985832438,4.0,4.0,4.75,4.25,11,-0.5000000000000004,0.8660254037844384,0,0,0,1,0,0,0,3.035714285714286,2.8332373271889404,2025-11
y2k,102.99153331640488,2025-12,4.0,32.9245192706991,5.606517429522861,11.830367038317725,16.787134579513225,27.31800184117624,4.872543817901074,4.0,4.0,4.0,4.0,12,-2.4492935982947064e-16,1.0,0,0,0,1,0,0,0,2.44431643625192,2.44431643625192,2025-12
yellow,4.54551266781415,2020-05,26.0,4.350248018334163,5.096910013008056,1.6989700043360187,3.715376011892746,-0.746661994673893,-0.14649306987337485,26.0,23.0,20.0,23.0,5,0.49999999999999994,-0.8660254037844387,0,0,1,0,0,0,0,24.333333333333332,22.833333333333332,2020-05
yellow,6.776991584856406,2020-07,26.0,4.54551266781415,4.350248018334163,5.096910013008056,4.6642235663854565,0.195264649479987,0.044885865968340655,26.0,26.0,23.0,25.0,7,-0.4999999999999997,-0.8660254037844388,0,0,1,0,0,0,0,22.333333333333332,22.5,2020-07
yellow,3.204119982655925,2020-08,23.0,6.776991584856406,4.54551266781415,4.350248018334163,5.224250757001573,2.2314789170422555,0.49091908440667287,23.0,26.0,26.0,25.0,8,-0.8660254037844385,-0.5000000000000004,0,0,1,0,0,0,0,22.0,22.5,2020-08
yellow,3.4287989957175222,2020-09,24.0,3.204119982655925,6.776991584856406,4.54551266781415,4.84220807844216,-3.5728716022004807,-0.5272061441221614,24.0,23.0,26.0,24.333333333333332,9,-1.0,-1.8369701987210297e-16,0,0,1,0,0,0,0,21.333333333333332,22.5,2020-09
yellow,2.575353642813886,2020-11,20.0,3.4287989957175222,3.204119982655925,6.776991584856406,4.469970187743284,0.2246790130615972,0.07012191000268309,20.0,24.0,23.0,22.333333333333332,11,-0.5000000000000004,0.8660254037844384,0,0,1,0,0,0,0,22.666666666666668,23.166666666666668,2020-11
yellow,1.0,2021-03,22.0,2.575353642813886,3.4287989957175222,3.204119982655925,3.0694242070624447,-0.8534453529036363,-0.2489050405023936,22.0,20.0,24.0,22.0,3,1.0,6.123233995736766e-17,0,0,1,0,0,0,0,23.0,23.166666666666668,2021-03
yellow,1.0,2021-04,22.0,1.0,2.575353642813886,3.4287989957175222,2.3347175461771363,-1.575353642813886,-0.611703812876208,22.0,22.0,20.0,21.333333333333332,4,0.8660254037844387,-0.4999999999999998,0,0,1,0,0,0,0,23.666666666666668,22.833333333333332,2021-04
yellow,5.7160033436348,2021-05,24.0,1.0,1.0,2.575353642813886,1.5251178809379617,0.0,0.0,24.0,22.0,22.0,22.666666666666668,5,0.49999999999999994,-0.8660254037844387,0,0,1,0,0,0,0,23.666666666666668,22.5,2021-05
yellow,2.3010299956639813,2021-06,23.0,5.7160033436348,1.0,1.0,2.5720011145449337,4.7160033436348,4.7160033436348,23.0,24.0,22.0,23.0,6,1.2246467991473532e-16,-1.0,0,0,1,0,0,0,0,23.333333333333332,22.333333333333332,2021-06
yellow,1.0,2021-07,24.0,2.3010299956639813,5.7160033436348,1.0,3.005677779766261,-3.414973347970819,-0.597440754084521,24.0,23.0,24.0,23.666666666666668,7,-0.4999999999999997,-0.8660254037844388,0,0,1,0,0,0,0,22.0,22.5,2021-07
yellow,1.7781512503836436,2021-08,24.0,1.0,2.3010299956639813,5.7160033436348,3.005677779766261,-1.3010299956639813,-0.5654120103239064,24.0,24.0,23.0,23.666666666666668,8,-0.8660254037844385,-0.5000000000000004,0,0,1,0,0,0,0,21.333333333333332,22.666666666666668,2021-08
yellow,7.067834065509826,2021-10,22.0,1.7781512503836436,1.0,2.3010299956639813,1.6930604153492086,0.7781512503836436,0.7781512503836436,22.0,24.0,24.0,23.333333333333332,10,-0.8660254037844386,0.5000000000000001,0,0,1,0,0,0,0,21.333333333333332,23.166666666666668,2021-10
yellow,4.501029995663981,2021-11,20.0,7.067834065509826,1.7781512503836436,1.0,3.281995105297824,5.2896828151261825,2.97482163791461,20.0,22.0,24.0,22.0,11,-0.5000000000000004,0.8660254037844384,0,0,1,0,0,0,0,23.0,23.833333333333332,2021-11
yellow,10.907867589801407,2021-12,22.0,4.501029995663981,7.067834065509826,1.7781512503836436,4.4490051038524845,-2.566804069845845,-0.3631669965727602,22.0,20.0,22.0,21.333333333333332,12,-2.4492935982947064e-16,1.0,0,0,1,0,0,0,0,24.0,24.0,2021-12
yellow,0.6,2022-02,22.0,10.907867589801407,4.501029995663981,7.067834065509826,7.492243883658406,6.406837594137426,1.4234158848773246,22.0,22.0,20.0,21.333333333333332,2,0.8660254037844386,0.5000000000000001,0,0,1,0,0,0,0,25.0,24.166666666666668,2022-02
yellow,1.845098040014257,2022-04,25.0,0.6,10.907867589801407,4.501029995663981,5.336299195155131,-10.307867589801408,-0.9449938317402216,25.0,22.0,22.0,23.0,4,0.8660254037844387,-0.4999999999999998,0,0,1,0,0,0,0,24.666666666666668,23.833333333333332,2022-04
yellow,2.0413926851582254,2022-05,25.0,1.845098040014257,0.6,10.907867589801407,4.4509885432718885,1.2450980400142568,2.0751634000237615,25.0,25.0,22.0,24.0,5,0.49999999999999994,-0.8660254037844387,0,0,1,0,0,0,0,24.0,23.333333333333332,2022-05
yellow,1.7781512503836436,2022-06,25.0,2.0413926851582254,1.845098040014257,0.6,1.4954969083908274,0.19629464514396844,0.10638710837417165,25.0,25.0,25.0,25.0,6,1.2246467991473532e-16,-1.0,0,0,1,0,0,0,0,23.333333333333332,22.666666666666668,2022-06
yellow,6.082785370316451,2022-07,24.0,1.7781512503836436,2.0413926851582254,1.845098040014257,1.888213991852042,-0.26324143477458173,-0.12895188499912658,24.0,25.0,25.0,24.666666666666668,7,-0.4999999999999997,-0.8660254037844388,0,0,1,0,0,0,0,23.0,22.333333333333332,2022-07
yellow,2.0413926851582254,2022-08,23.0,6.082785370316451,1.7781512503836436,2.0413926851582254,3.3007764352861066,4.304634119932807,2.4208481247048383,23.0,24.0,25.0,24.0,8,-0.8660254037844385,-0.5000000000000004,0,0,1,0,0,0,0,22.666666666666668,22.5,2022-08
yellow,5.409515014542631,2022-09,23.0,2.0413926851582254,6.082785370316451,1.7781512503836436,3.3007764352861066,-4.041392685158225,-0.6643983700098851,23.0,23.0,24.0,23.333333333333332,9,-1.0,-1.8369701987210297e-16,0,0,1,0,0,0,0,22.0,22.666666666666668,2022-09
yellow,9.754226154601447,2022-10,23.0,5.409515014542631,2.0413926851582254,6.082785370316451,4.511231023339103,3.3681223293844056,1.6499139797414073,23.0,23.0,23.0,23.0,10,-0.8660254037844386,0.5000000000000001,0,0,1,0,0,0,0,21.666666666666668,23.166666666666668,2022-10
yellow,12.50454085387442,2022-11,22.0,9.754226154601447,5.409515014542631,2.0413926851582254,5.735044618100768,4.344711140058816,0.8031609355697771,22.0,23.0,23.0,22.666666666666668,11,-0.5000000000000004,0.8660254037844384,0,0,1,0,0,0,0,22.333333333333332,23.5,2022-11
yellow,6.797825632407441,2022-12,21.0,12.50454085387442,9.754226154601447,5.409515014542631,9.222760674339499,2.7503146992729732,0.2819613422614302,21.0,22.0,23.0,22.0,12,-2.4492935982947064e-16,1.0,0,0,1,0,0,0,0,23.333333333333332,24.166666666666668,2022-12
yellow,1.0,2023-02,22.0,6.797825632407441,12.50454085387442,9.754226154601447,9.685530880294436,-5.70671522146698,-0.4563714324383854,22.0,21.0,22.0,21.666666666666668,2,0.8660254037844386,0.5000000000000001,0,0,1,0,0,0,0,24.666666666666668,24.333333333333332,2023-02
yellow,9.761627184561585,2023-04,24.0,1.0,6.797825632407441,12.50454085387442,6.767455495427288,-5.797825632407441,-0.8528941379089403,24.0,22.0,21.0,22.333333333333332,4,0.8660254037844387,-0.4999999999999998,0,0,1,0,0,0,0,24.666666666666668,24.0,2023-04
yellow,3.3222192947339195,2023-05,24.0,9.761627184561585,1.0,6.797825632407441,5.853150938989675,8.761627184561585,8.761627184561585,24.0,24.0,22.0,23.333333333333332,5,0.49999999999999994,-0.8660254037844387,0,0,1,0,0,0,0,25.0,23.666666666666668,2023-05
yellow,4.57978359661681,2023-06,26.0,3.3222192947339195,9.761627184561585,1.0,4.6946154930985005,-6.439407889827665,-0.6596654193075365,26.0,24.0,24.0,24.666666666666668,6,1.2246467991473532e-16,-1.0,0,0,1,0,0,0,0,24.0,23.5,2023-06
yellow,5.902059991327962,2023-07,24.0,4.57978359661681,3.3222192947339195,9.761627184561585,5.887876691970771,1.2575643018828906,0.3785313943231463,24.0,26.0,24.0,24.666666666666668,7,-0.4999999999999997,-0.8660254037844388,0,0,1,0,0,0,0,23.333333333333332,23.666666666666668,2023-07
yellow,4.681241237375588,2023-08,25.0,5.902059991327962,4.57978359661681,3.3222192947339195,4.601354294226231,1.3222763947111522,0.2887202783310434,25.0,24.0,26.0,25.0,8,-0.8660254037844385,-0.5000000000000004,0,0,1,0,0,0,0,22.333333333333332,23.666666666666668,2023-08
yellow,8.214117648017108,2023-09,23.0,4.681241237375588,5.902059991327962,4.57978359661681,5.054361608440121,-1.2208187539523747,-0.20684621229641054,23.0,25.0,24.0,24.0,9,-1.0,-1.8369701987210297e-16,0,0,1,0,0,0,0,23.0,23.666666666666668,2023-09
yellow,8.761235994796778,2023-10,22.0,8.214117648017108,4.681241237375588,5.902059991327962,6.26580629224022,3.5328764106415207,0.7546879623367013,22.0,23.0,25.0,23.333333333333332,10,-0.8660254037844386,0.5000000000000001,0,0,1,0,0,0,0,24.0,23.833333333333332,2023-10
yellow,8.248767984575375,2023-12,22.0,8.761235994796778,8.214117648017108,4.681241237375588,7.218864960063158,0.5471183467796692,0.0666070745786973,22.0,22.0,23.0,22.333333333333332,12,-2.4492935982947064e-16,1.0,0,0,1,0,0,0,0,25.0,24.166666666666668,2023-12
yellow,11.070588240085542,2024-05,25.0,8.248767984575375,8.761235994796778,8.214117648017108,8.408040542463086,-0.5124680102214025,-0.058492661369440646,25.0,22.0,22.0,23.0,5,0.49999999999999994,-0.8660254037844387,0,0,1,0,0,0,0,24.333333333333332,24.666666666666668,2024-05
yellow,7.206179973983888,2024-09,25.0,11.070588240085542,8.248767984575375,8.761235994796778,9.360197406485897,2.8218202555101666,0.3420899049151067,25.0,25.0,22.0,24.0,9,-1.0,-1.8369701987210297e-16,0,0,1,0,0,0,0,23.666666666666668,25.0,2024-09
yellow,2.2141176480171083,2024-10,25.0,7.206179973983888,11.070588240085542,8.248767984575375,8.841845399548268,-3.8644082661016537,-0.34906982197287406,25.0,25.0,25.0,25.0,10,-0.8660254037844386,0.5000000000000001,0,0,1,0,0,0,0,23.333333333333332,25.5,2024-10
yellow,5.486663153680703,2024-11,23.0,2.2141176480171083,7.206179973983888,11.070588240085542,6.830295287362179,-4.99206232596678,-0.6927473840494371,23.0,25.0,25.0,24.333333333333332,11,-0.5000000000000004,0.8660254037844384,0,0,1,0,0,0,0,25.0,26.5,2024-11
yellow,12.976698144195003,2024-12,23.0,5.486663153680703,2.2141176480171083,7.206179973983888,4.968986925227234,3.2725455056635946,1.4780359610043212,23.0,23.0,25.0,23.666666666666668,12,-2.4492935982947064e-16,1.0,0,0,1,0,0,0,0,26.333333333333332,27.333333333333332,2024-12
yellow,7.0,2025-01,24.0,12.976698144195003,5.486663153680703,2.2141176480171083,6.8924929819642715,7.4900349905143,1.3651348334533067,24.0,23.0,23.0,23.333333333333332,1,0.49999999999999994,0.8660254037844387,0,0,1,0,0,0,0,27.666666666666668,28.5,2025-01
yellow,0.3,2025-04,28.0,7.0,12.976698144195003,5.486663153680703,8.487787099291902,-5.976698144195003,-0.46057156279531863,28.0,24.0,23.0,25.0,4,0.8660254037844387,-0.4999999999999998,0,0,1,0,0,0,0,28.0,28.666666666666668,2025-04
yellow,4.243038048686294,2025-05,27.0,0.3,7.0,12.976698144195003,6.758899381398334,-6.7,-0.9571428571428572,27.0,28.0,24.0,26.333333333333332,5,0.49999999999999994,-0.8660254037844387,0,0,1,0,0,0,0,28.333333333333332,29.0,2025-05
yellow,14.343233268219349,2025-06,28.0,4.243038048686294,0.3,7.0,3.8476793495620973,3.9430380486862946,13.14346016228765,28.0,27.0,28.0,27.666666666666668,6,1.2246467991473532e-16,-1.0,0,0,1,0,0,0,0,29.333333333333332,29.2,2025-06
yellow,35.629512139731986,2025-09,29.0,14.343233268219349,4.243038048686294,0.3,6.295423772301881,10.100195219533054,2.380415896260987,29.0,28.0,27.0,28.0,9,-1.0,-1.8369701987210297e-16,0,0,1,0,0,0,0,29.333333333333332,29.25,2025-09
yellow,3.2,2025-10,28.0,35.629512139731986,14.343233268219349,4.243038048686294,18.071927818879207,21.286278871512636,1.484064190650595,28.0,29.0,28.0,28.333333333333332,10,-0.8660254037844386,0.5000000000000001,0,0,1,0,0,0,0,29.666666666666668,29.666666666666668,2025-10
