mes,termino,impact_score
2003-07,red,2.0
2003-08,red,2.0
2003-12,casual,4.0
2003-12,jeans,4.0
2003-12,red,8.0
2003-12,vintage,4.0
2004-02,camel,4.0
2004-02,corset,4.0
2004-03,camel,4.0
2004-05,casual,4.0
2004-05,shirt,2.0
2004-05,t-shirt,2.0
2005-02,casual,4.0
2005-05,red,8.0
2005-12,lace,2.0
2007-03,jeans,4.0
2007-03,shirt,4.0
2007-03,t-shirt,4.0
2007-03,vintage,6.0
2008-08,red,6.0
2008-11,denim,4.0
2008-11,jacket,2.0
2008-11,mesh,2.0
2008-11,red,6.0
2008-11,skirt,2.0
2008-11,yellow,2.0
2009-02,black,2.0
2009-02,dress,2.0
2009-02,lace,2.0
2009-02,pants,2.0
2009-02,red,16.0
2009-02,sunglasses,2.0
2010-01,denim,2.0
2010-01,dress,6.0
2010-01,leopard print,2.0
2010-01,mesh,2.0
2010-01,red,6.0
2010-01,shirt,2.0
2010-01,white,2.0
2010-02,black,2.0
2010-02,casual,2.0
2010-02,lace,2.0
2010-02,red,6.0
2010-02,white,2.0
2010-09,cargo pants,0.3
2010-09,gray,0.3
2010-09,hoodie,0.3
2010-09,pants,0.3
2010-09,streetwear,0.6
2010-12,black,6.0
2010-12,casual,2.0
2010-12,dress,8.0
2010-12,gray,4.0
2010-12,lace,4.0
2010-12,pants,2.0
2010-12,red,44.0
2010-12,sneakers,2.0
2010-12,sunglasses,2.0
2010-12,vintage,2.0
2010-12,white,4.0
2011-01,black,2.0
2011-01,lace,2.0
2011-01,red,8.0
2011-01,white,2.0
2011-04,black,22.0
2011-04,blue,6.0
2011-04,boots,4.0
2011-04,casual,6.0
2011-04,chiffon,4.0
2011-04,coat,6.0
2011-04,dress,10.0
2011-04,floral,8.0
2011-04,green,2.0
2011-04,jacket,8.0
2011-04,lace,6.0
2011-04,leather,12.0
2011-04,leopard print,2.0
2011-04,olive,6.0
2011-04,red,98.0
2011-04,satin,2.0
2011-04,shirt,30.0
2011-04,silk,6.0
2011-04,silver,2.0
2011-04,skirt,6.0
2011-04,t-shirt,24.0
2011-04,vintage,2.0
2011-04,white,8.0
2011-04,wool,4.0
2011-11,black,6.0
2011-11,brown,2.0
2011-11,casual,4.0
2011-11,gray,2.0
2011-11,lace,4.0
2011-11,leather,4.0
2011-11,red,16.0
2011-11,silver,2.0
2011-11,vintage,4.0
2011-12,red,6.0
2012-01,dress,2.0
2012-01,pants,2.0
2012-01,red,8.0
2012-04,black,4.0
2012-04,blue,2.0
2012-04,casual,2.0
2012-04,dress,2.0
2012-04,red,10.0
2012-04,white,2.0
2012-05,red,12.0
2012-12,denim,2.0
2012-12,dress,2.0
2012-12,vintage,2.0
2013-04,leather,4.0
2013-04,minimalist,4.0
2013-04,red,4.0
2013-09,black,8.0
2013-09,blue,4.0
2013-09,casual,4.0
2013-09,dress,4.0
2013-09,red,20.0
2013-09,white,4.0
2013-11,red,2.0
2013-12,black,10.0
2013-12,dress,2.0
2013-12,heels,2.0
2013-12,red,10.0
2013-12,white,2.0
2014-01,black,6.0
2014-01,coat,4.0
2014-01,dress,16.0
2014-01,green,2.0
2014-01,lace,6.0
2014-01,pants,2.0
2014-01,pink,2.0
2014-01,red,30.0
2014-01,shirt,6.0
2014-01,velvet,2.0
2014-01,white,8.0
2014-07,blazer,2.0
2014-07,green,2.0
2014-07,jacket,2.0
2014-07,pink,2.0
2014-07,red,6.0
2014-07,shirt,4.0
2014-07,striped,2.0
2014-07,sunglasses,2.0
2014-07,vintage,2.0
2014-09,black,2.0
2014-10,blue,2.0
2014-10,denim,2.0
2014-10,dress,2.0
2014-10,green,2.0
2014-10,leather,2.0
2014-10,mohair,2.0
2014-10,navy,2.0
2014-10,red,4.0
2014-10,sandals,2.0
2014-10,silk,4.0
2014-10,white,2.0
2014-10,wool,6.0
2015-01,cardigan,2.0
2015-01,coat,2.0
2015-01,dress,4.0
2015-01,leopard print,2.0
2015-01,pants,4.0
2015-01,red,2.0
2015-02,blue,2.0
2015-02,brown,2.0
2015-02,dress,2.0
2015-02,jeans,2.0
2015-02,red,6.0
2015-03,denim,4.0
2015-03,lace,2.0
2015-03,pants,10.0
2015-03,red,4.0
2015-03,silver,8.0
2015-03,striped,2.0
2015-03,turquoise,2.0
2015-03,white,2.0
2015-03,yellow,2.0
2015-04,black,2.0
2015-04,blue,2.0
2015-04,coat,2.0
2015-04,dress,4.0
2015-04,lace,2.0
2015-04,red,8.0
2015-04,silver,2.0
2015-04,skirt,2.0
2015-04,wool,2.0
2015-07,black,4.0
2015-07,cherry red,2.0
2015-07,green,2.0
2015-07,lace,2.0
2015-07,leather,8.0
2015-07,red,6.0
2015-07,shirt,2.0
2015-07,silver,4.0
2015-07,sweater,2.0
2015-07,vintage,2.0
2015-08,black,10.0
2015-08,dress,2.0
2015-08,gray,2.0
2015-08,jacket,2.0
2015-08,lace,8.0
2015-08,leather,2.0
2015-08,red,8.0
2015-08,silk,4.0
2015-08,white,2.0
2015-11,denim,2.0
2015-11,dress,2.0
2015-11,heels,2.0
2015-11,jeans,2.0
2015-11,lace,2.0
2015-11,leather,2.0
2015-11,red,12.0
2015-11,sweater,2.0
2015-11,vintage,2.0
2016-01,brown,2.0
2016-01,dress,4.0
2016-01,green,4.0
2016-01,mint,2.0
2016-01,navy,2.0
2016-01,pink,2.0
2016-01,red,16.0
2016-01,sunglasses,4.0
2016-01,vintage,2.0
2016-04,blue,6.0
2016-04,cardigan,2.0
2016-04,denim,2.0
2016-04,jacket,2.0
2016-04,jeans,2.0
2016-04,navy,4.0
2016-04,red,4.0
2016-04,white,2.0
2016-07,black,4.0
2016-07,brown,4.0
2016-07,lace,4.0
2016-07,red,6.0
2016-07,white,4.0
2016-08,black,4.0
2016-08,blouse,2.0
2016-08,blue,2.0
2016-08,dress,2.0
2016-08,green,2.0
2016-08,minimalist,2.0
2016-08,red,4.0
2016-08,silk,2.0
2016-08,skirt,2.0
2016-08,white,2.0
2016-09,coat,6.0
2016-09,lace,10.0
2016-09,pink,2.0
2016-09,red,4.0
2016-09,trench coat,2.0
2016-11,sunglasses,2.0
2017-04,burgundy,2.0
2017-04,green,2.0
2017-04,red,2.0
2017-05,black,2.0
2017-05,blazer,2.0
2017-05,coat,2.0
2017-05,denim,2.0
2017-05,minimalist,2.0
2017-05,navy,2.0
2017-05,plaid,2.0
2017-05,red,8.0
2017-05,silver,2.0
2017-05,wool,14.0
2017-08,black,2.0
2017-08,lace,2.0
2017-08,red,4.0
2017-08,shirt,8.0
2017-08,t-shirt,8.0
2017-09,blazer,2.0
2017-09,brown,2.0
2017-09,coat,2.0
2017-09,minimalist,4.0
2017-09,mint,2.0
2017-09,pants,2.0
2017-09,preppy,2.0
2017-09,red,60.0
2017-09,satin,2.0
2017-09,shirt,2.0
2017-09,silk,2.0
2017-09,sneakers,2.0
2017-09,vintage,2.0
2017-09,white,2.0
2017-10,beige,2.0
2017-10,black,2.0
2017-10,blazer,2.0
2017-10,brown,6.0
2017-10,dress,2.0
2017-10,lace,6.0
2017-10,red,32.0
2017-10,sneakers,2.0
2017-10,streetwear,2.0
2017-10,vintage,10.0
2017-10,white,6.0
2017-11,red,2.0
2017-12,athleisure,0.3
2017-12,black,4.0
2017-12,bodysuit,0.3
2017-12,casual,2.0
2017-12,heels,0.3
2017-12,red,14.0
2017-12,sweater,0.3
2018-01,black,4.0
2018-01,casual,2.0
2018-01,dress,2.0
2018-01,jeans,2.0
2018-01,lace,6.0
2018-01,olive,2.0
2018-01,red,28.0
2018-01,sneakers,2.0
2018-01,streetwear,10.0
2018-01,vintage,2.0
2018-01,white,10.0
2018-05,black,2.0
2018-05,lace,2.0
2018-05,red,12.0
2018-06,black,2.0
2018-06,dress,4.0
2018-06,red,2.0
2018-07,floral,4.0
2018-07,preppy,4.0
2018-08,red,2.0
2018-09,black,2.0
2018-09,blue,4.0
2018-09,boots,2.0
2018-09,dress,6.0
2018-09,jeans,2.0
2018-09,leather,2.0
2018-09,pink,2.0
2018-09,red,8.0
2018-09,shirt,2.0
2018-09,vintage,2.0
2018-11,blazer,2.0
2018-11,minimalist,2.0
2018-11,red,2.0
2018-12,athleisure,0.8999999999999999
2018-12,bodysuit,0.3
2018-12,bomber jacket,0.6
2018-12,crop top,0.3
2018-12,dress,0.3
2018-12,jacket,0.6
2018-12,jeans,4.0
2018-12,maxi dress,0.3
2018-12,minimalist,2.0
2018-12,navy,0.6
2018-12,red,2.0
2018-12,streetwear,0.6
2018-12,wool,8.0
2019-01,denim,2.0
2019-01,vintage,2.0
2019-02,athleisure,0.3
2019-02,blouse,0.3
2019-02,dress,0.6
2019-02,mini skirt,0.3
2019-02,minimalist,0.6
2019-02,satin,0.6
2019-02,skirt,0.3
2019-02,slip dress,0.3
2019-03,athleisure,0.3
2019-03,beige,4.0
2019-03,casual,4.0
2019-03,coat,0.3
2019-03,faux leather,0.3
2019-03,leather,0.3
2019-03,minimalist,2.0
2019-03,red,6.0
2019-03,trench coat,0.3
2019-04,black,4.0
2019-04,blazer,12.0
2019-04,dress,4.0
2019-04,floral,4.0
2019-04,navy,4.0
2019-05,athleisure,0.6
2019-05,cargo pants,0.6
2019-05,dress,2.0
2019-05,pants,0.6
2019-05,streetwear,0.6
2019-05,sweater,0.6
2019-05,vintage,2.0
2019-06,animal print,2.0
2019-06,beige,0.6
2019-06,coat,1.2
2019-06,jeans,6.0
2019-06,pants,0.6
2019-06,red,4.0
2019-06,trench coat,0.6
2019-07,beige,2.0
2019-07,black,2.0
2019-07,blazer,4.0
2019-07,blue,6.0
2019-07,boots,2.0
2019-07,camel,2.0
2019-07,casual,10.0
2019-07,coat,8.0
2019-07,cotton,2.0
2019-07,denim,12.0
2019-07,dress,8.0
2019-07,floral,2.0
2019-07,green,2.0
2019-07,handbag,4.0
2019-07,hoodie,2.0
2019-07,jacket,6.0
2019-07,jeans,6.0
2019-07,lace,4.0
2019-07,lavender,4.0
2019-07,minimalist,2.0
2019-07,red,62.0
2019-07,sandals,2.0
2019-07,shirt,10.0
2019-07,silk,2.0
2019-07,silver,2.0
2019-07,sneakers,2.0
2019-07,streetwear,10.0
2019-07,t-shirt,6.0
2019-07,vintage,12.0
2019-07,white,8.0
2019-07,wool,6.0
2019-08,black,10.0
2019-08,blazer,10.0
2019-08,camel,2.0
2019-08,casual,10.0
2019-08,coat,2.0
2019-08,denim,4.0
2019-08,floral,4.0
2019-08,handbag,2.0
2019-08,jeans,2.0
2019-08,lace,2.0
2019-08,pants,2.0
2019-08,preppy,2.0
2019-08,red,20.0
2019-08,sneakers,6.0
2019-08,streetwear,20.0
2019-08,trench coat,2.0
2019-08,vintage,10.0
2019-08,white,6.0
2019-09,beige,2.0
2019-09,black,10.0
2019-09,blazer,8.0
2019-09,blouse,8.0
2019-09,blue,2.0
2019-09,boots,2.0
2019-09,camouflage,2.0
2019-09,casual,8.0
2019-09,coat,2.0
2019-09,corduroy,2.0
2019-09,dress,6.0
2019-09,green,2.0
2019-09,jacket,10.0
2019-09,jeans,8.0
2019-09,leather,2.0
2019-09,minimalist,2.0
2019-09,red,52.0
2019-09,satin,2.0
2019-09,shirt,8.0
2019-09,silk,10.0
2019-09,silver,2.0
2019-09,skirt,2.0
2019-09,t-shirt,6.0
2019-09,vintage,4.0
2019-09,white,2.0
2019-09,wool,4.0
2019-09,yellow,2.0
2019-10,beige,6.0
2019-10,black,16.0
2019-10,blazer,8.0
2019-10,blue,10.0
2019-10,boots,4.0
2019-10,brown,8.0
2019-10,camel,8.0
2019-10,casual,4.0
2019-10,chiffon,2.0
2019-10,coat,2.0
2019-10,denim,14.0
2019-10,dress,8.0
2019-10,floral,2.0
2019-10,green,2.0
2019-10,jacket,14.0
2019-10,jeans,28.0
2019-10,lace,6.0
2019-10,navy,2.0
2019-10,pants,2.0
2019-10,pink,4.0
2019-10,preppy,10.0
2019-10,red,50.0
2019-10,satin,2.0
2019-10,shirt,8.0
2019-10,silk,2.0
2019-10,skirt,2.0
2019-10,sneakers,2.0
2019-10,streetwear,6.0
2019-10,sunglasses,2.0
2019-10,trench coat,2.0
2019-10,vintage,8.0
2019-10,white,4.0
2019-11,beige,2.0
2019-11,dress,4.0
2019-11,minimalist,4.0
2019-11,red,24.0
2019-11,satin,2.0
2019-11,slip dress,4.0
2019-12,beige,6.0
2019-12,black,2.0
2019-12,blazer,8.0
2019-12,camel,6.0
2019-12,casual,10.0
2019-12,denim,4.0
2019-12,dress,4.0
2019-12,floral,2.0
2019-12,jacket,2.0
2019-12,jeans,4.0
2019-12,mesh,2.0
2019-12,red,18.0
2019-12,sneakers,14.0
2019-12,streetwear,8.0
2019-12,vintage,2.0
2019-12,white,4.0
2019-12,yellow,4.0
2020-01,athleisure,26.840175665715115
2020-01,avant-garde,7.698310553789601
2020-01,beige,0.6
2020-01,bermuda shorts,0.3
2020-01,black,1.6989700043360187
2020-01,blouse,23.583105032343063
2020-01,bodysuit,0.3
2020-01,bomber jacket,5.104321373782643
2020-01,brown,40.195637608168596
2020-01,camel,2.0
2020-01,camouflage,6.0
2020-01,cargo pants,8.53239375982297
2020-01,casual,6.504119982655925
2020-01,cherry red,1.6989700043360187
2020-01,coat,16.339145592800314
2020-01,cotton,12.1169700377573
2020-01,denim,0.8999999999999999
2020-01,dress,44.815408840581654
2020-01,faux leather,0.6
2020-01,green,4.079181246047625
2020-01,grunge,4.653212513775344
2020-01,handbag,1.2
2020-01,heels,2.8512583487190755
2020-01,jacket,11.661759696485605
2020-01,jeans,3.1051499783199064
2020-01,khaki,8.0
2020-01,leather,0.6
2020-01,leopard print,0.3
2020-01,linen,4.292256071356476
2020-01,maxi dress,19.01913585581772
2020-01,mini skirt,3.9043213737826425
2020-01,minimalist,2.5440680443502757
2020-01,mohair,0.3
2020-01,navy,13.397940008672037
2020-01,pants,8.53239375982297
2020-01,pink,2.5440680443502757
2020-01,plaid,2.1
2020-01,preppy,1.5
2020-01,quiet luxury,1.6989700043360187
2020-01,red,7.176091259055681
2020-01,sandals,1.6989700043360187
2020-01,shirt,10.145954283132651
2020-01,skirt,19.74836697431802
2020-01,slip dress,0.8999999999999999
2020-01,streetwear,29.058563883221964
2020-01,sweater,0.6
2020-01,t-shirt,2.146128035678238
2020-01,trench coat,6.8512583487190755
2020-01,white,2.5051499783199063
2020-01,y2k,3.898970004336019
2020-02,animal print,2.146128035678238
2020-02,athleisure,16.806179973983888
2020-02,avant-garde,2.9
2020-02,bermuda shorts,2.1450980400142567
2020-02,black,2.7323937598229686
2020-02,blouse,35.4413486024759
2020-02,blue,3.6989700043360187
2020-02,bodysuit,0.6
2020-02,bomber jacket,4.0
2020-02,brown,2.0
2020-02,cardigan,2.1450980400142567
2020-02,cargo pants,6.94830486304816
2020-02,casual,3.3483048630481607
2020-02,cherry red,2.1450980400142567
2020-02,coat,17.604119982655924
2020-02,cobalt blue,1.6989700043360187
2020-02,coquette,0.3
2020-02,corduroy,0.3
2020-02,corset,0.3
2020-02,cotton,5.9084850188786495
2020-02,crop top,2.681241237375587
2020-02,denim,0.3
2020-02,dress,77.7670925645407
2020-02,faux leather,2.8
2020-02,floral,1.845098040014257
2020-02,green,6.069377326076139
2020-02,handbag,0.8999999999999999
2020-02,hoodie,3.3483048630481607
2020-02,jacket,9.497940008672037
2020-02,jeans,0.3
2020-02,lace,0.3
2020-02,lavender,1.6989700043360187
2020-02,leather,3.8
2020-02,leopard print,0.3
2020-02,linen,6.291226075692495
2020-02,maxi dress,31.527243781503064
2020-02,mini skirt,2.4
2020-02,navy,3.0323937598229684
2020-02,pants,8.24830486304816
2020-02,pink,1.6989700043360187
2020-02,plaid,1.7999999999999998
2020-02,polka dot,0.3
2020-02,preppy,1.2
2020-02,red,6.224279286061882
2020-02,sandals,1.845098040014257
2020-02,satin,2.7323937598229686
2020-02,sequins,0.6
2020-02,shirt,9.915505361754377
2020-02,silk,0.3
2020-02,skirt,18.178151250383642
2020-02,slip dress,5.497940008672037
2020-02,streetwear,9.24830486304816
2020-02,sunglasses,1.845098040014257
2020-02,sweater,2.6999999999999997
2020-02,t-shirt,2.146128035678238
2020-02,trench coat,6.3
2020-02,turquoise,3.5440680443502757
2020-02,velvet,2.7323937598229686
2020-02,y2k,0.8999999999999999
2020-02,yellow,1.6989700043360187
2020-03,animal print,0.3
2020-03,athleisure,30.21355823194225
2020-03,avant-garde,4.454242509439325
2020-03,beige,0.3
2020-03,bermuda shorts,2.9989700043360186
2020-03,blazer,6.0
2020-03,blouse,25.394500448657837
2020-03,bomber jacket,8.899174055588485
2020-03,brown,69.2516272620099
2020-03,burgundy,1.6020599913279625
2020-03,camel,0.3
2020-03,cargo pants,3.5
2020-03,casual,2.3
2020-03,coat,22.03906144968943
2020-03,coquette,2.6989700043360187
2020-03,corduroy,0.3
2020-03,cotton,18.02545505663595
2020-03,crop top,5.996910013008057
2020-03,denim,3.5
2020-03,dress,58.03897585388003
2020-03,faux leather,9.783652108542043
2020-03,floral,4.6020599913279625
2020-03,gray,1.0
2020-03,green,1.6020599913279625
2020-03,handbag,0.8999999999999999
2020-03,heels,3.298970004336019
2020-03,jacket,15.798144059924503
2020-03,jeans,4.498970004336019
2020-03,lace,0.3
2020-03,leather,9.783652108542043
2020-03,linen,7.991226075692495
2020-03,maxi dress,24.987609164949042
2020-03,mini skirt,4.877723605288848
2020-03,navy,2.3
2020-03,pants,3.5
2020-03,pink,1.0
2020-03,plaid,3.854242509439325
2020-03,preppy,12.4
2020-03,red,4.954242509439325
2020-03,satin,1.4771212547196624
2020-03,sequins,0.3
2020-03,shirt,8.292256071356476
2020-03,silk,6.096910013008056
2020-03,silver,2.6989700043360187
2020-03,skirt,11.854844860008509
2020-03,slip dress,0.8999999999999999
2020-03,streetwear,6.0010299956639805
2020-03,sweater,2.6
2020-03,trench coat,10.94390155048518
2020-03,velvet,1.0
2020-03,white,7.301029995663981
2020-03,yellow,5.096910013008056
2020-04,animal print,2.146128035678238
2020-04,athleisure,31.56381968781357
2020-04,avant-garde,3.201029995663981
2020-04,bermuda shorts,5.768482948553935
2020-04,black,13.100844770065308
2020-04,blouse,33.52253312673732
2020-04,blue,3.0827853703164503
2020-04,bodysuit,0.3
2020-04,bomber jacket,29.89569248352628
2020-04,brown,4.973127853599698
2020-04,cardigan,0.3
2020-04,cargo pants,7.368482948553934
2020-04,casual,17.61563368433806
2020-04,coat,52.25115976220545
2020-04,corduroy,0.3
2020-04,corset,1.4771212547196624
2020-04,crop top,0.6
2020-04,denim,4.704119982655925
2020-04,dress,69.06817055234906
2020-04,faux leather,3.5
2020-04,floral,6.124178055474676
2020-04,gray,5.710032699065754
2020-04,green,2.778151250383644
2020-04,handbag,0.8999999999999999
2020-04,heels,1.0
2020-04,hoodie,3.3483048630481607
2020-04,jacket,98.23689472328975
2020-04,jeans,4.104119982655925
2020-04,lace,2.113943352306837
2020-04,leather,3.5
2020-04,linen,13.17676821406943
2020-04,maxi dress,29.470740168632233
2020-04,mini skirt,6.976091259055681
2020-04,minimalist,16.281796168466546
2020-04,mint,1.3010299956639813
2020-04,pants,12.99193862058912
2020-04,pink,7.113943352306837
2020-04,plaid,4.5461280356782385
2020-04,preppy,2.1
2020-04,red,6.0
2020-04,sequins,4.082785370316451
2020-04,shirt,39.4317740180128
2020-04,silk,5.68278537031645
2020-04,skirt,40.31597203801588
2020-04,slip dress,2.4
2020-04,streetwear,34.868810921216614
2020-04,striped,1.0
2020-04,sunglasses,2.9731278535996983
2020-04,sweater,3.8542425094393247
2020-04,t-shirt,4.2552725051033065
2020-04,trench coat,27.68598925807891
2020-04,white,6.896189894868235
2020-04,y2k,2.9010299956639813
2020-04,yellow,4.350248018334163
2020-05,animal print,3.518513939877888
2020-05,athleisure,39.34606985584739
2020-05,avant-garde,9.01664050733828
2020-05,beige,0.3
2020-05,bermuda shorts,5.205149978319906
2020-05,black,7.138302698166282
2020-05,blouse,25.345594958565382
2020-05,bodysuit,0.3
2020-05,bomber jacket,8.815970345456918
2020-05,brown,73.2516272620099
2020-05,camouflage,1.4771212547196624
2020-05,cargo pants,13.088384222635348
2020-05,casual,11.788965344300339
2020-05,coat,37.096019700715814
2020-05,corduroy,0.3
2020-05,cotton,19.424425060971966
2020-05,crop top,5.354242509439325
2020-05,denim,2.2
2020-05,dress,103.72280309902013
2020-05,faux leather,8.64493154614916
2020-05,floral,6.885460729508501
2020-05,green,5.107209969647869
2020-05,grunge,2.204119982655925
2020-05,handbag,0.6
2020-05,heels,2.0
2020-05,jacket,20.46048355179096
2020-05,jeans,2.5
2020-05,leather,12.689863092298319
2020-05,linen,11.683315653183874
2020-05,magenta,0.3
2020-05,maxi dress,45.917432112640256
2020-05,mini skirt,15.714237347767742
2020-05,minimalist,5.40823996531185
2020-05,mint,2.204119982655925
2020-05,navy,2.954242509439325
2020-05,pants,26.435987415961332
2020-05,periwinkle,1.0
2020-05,pink,7.227886704613674
2020-05,plaid,2.0771212547196622
2020-05,polka dot,3.5051499783199063
2020-05,preppy,4.804321373782642
2020-05,red,24.0
2020-05,sandals,3.4771212547196626
2020-05,sequins,2.0413926851582254
2020-05,shirt,15.793731229004226
2020-05,silk,8.231388025122545
2020-05,silver,2.0
2020-05,skirt,38.86823503446054
2020-05,slip dress,2.1
2020-05,sneakers,2.3
2020-05,streetwear,15.155272505103307
2020-05,striped,3.6812412373755876
2020-05,sunglasses,1.4771212547196624
2020-05,sweater,6.574816440645175
2020-05,t-shirt,2.0
2020-05,tie dye,3.8061799739838875
2020-05,trench coat,23.604514956904648
2020-05,turquoise,2.5051499783199063
2020-05,vintage,7.505149978319906
2020-05,white,1.3010299956639813
2020-05,y2k,2.9
2020-05,yellow,4.54551266781415
2020-06,athleisure,27.633802632729086
2020-06,avant-garde,5.362397997898956
2020-06,beige,4.0
2020-06,bermuda shorts,0.8999999999999999
2020-06,blazer,17.111083639267324
2020-06,blouse,14.13217028649592
2020-06,bomber jacket,6.910032699065754
2020-06,brown,32.75495965817733
2020-06,cardigan,1.3
2020-06,cargo pants,7.2434526764861875
2020-06,casual,12.277723605288848
2020-06,coat,55.18592820889739
2020-06,corduroy,0.6
2020-06,cotton,5.9084850188786495
2020-06,crop top,1.2
2020-06,denim,8.842422680822207
2020-06,dress,57.11098760152606
2020-06,faux leather,2.6
2020-06,floral,3.3483048630481607
2020-06,gray,8.385332742803936
2020-06,green,5.379181246047625
2020-06,handbag,1.5
2020-06,heels,3.762397997898956
2020-06,jacket,31.632179033062815
2020-06,jeans,7.2
2020-06,lace,2.1760912590556813
2020-06,leather,3.6
2020-06,linen,4.592256071356476
2020-06,magenta,2.9777236052888476
2020-06,maxi dress,27.581041396587967
2020-06,mini skirt,4.744068044350276
2020-06,minimalist,2.3
2020-06,olive,2.1760912590556813
2020-06,pants,30.359716828257294
2020-06,plaid,0.6
2020-06,preppy,1.3
2020-06,red,10.079181246047625
2020-06,sandals,1.0
2020-06,satin,2.079181246047625
2020-06,shirt,20.262078559416384
2020-06,skirt,13.088136088700551
2020-06,slip dress,2.4
2020-06,streetwear,8.442422680822206
2020-06,sweater,4.977121254719663
2020-06,t-shirt,4.146128035678238
2020-06,tie dye,4.690196080028514
2020-06,trench coat,26.883707134509752
2020-06,turquoise,2.5440680443502757
2020-06,velvet,1.0
2020-06,vintage,3.1440680443502758
2020-06,white,1.0
2020-06,y2k,1.3
2020-07,animal print,1.845098040014257
2020-07,athleisure,36.012975546652136
2020-07,avant-garde,2.6989700043360187
2020-07,beige,4.3
2020-07,bermuda shorts,0.8999999999999999
2020-07,black,2.6413926851582255
2020-07,blouse,31.462844508953594
2020-07,bodysuit,0.6
2020-07,bomber jacket,23.518272895197878
2020-07,brown,34.195637608168596
2020-07,camouflage,3.690196080028514
2020-07,cargo pants,8.575846436309156
2020-07,casual,13.032393759822968
2020-07,cherry red,3.0211892990699383
2020-07,coat,36.472678996417656
2020-07,corduroy,0.8999999999999999
2020-07,cotton,11.816970037757299
2020-07,crop top,1.2
2020-07,denim,5.542422680822206
2020-07,dress,75.99873199600015
2020-07,faux leather,6.5
2020-07,floral,9.451393397701688
2020-07,gorpcore,1.6989700043360187
2020-07,gray,6.0100326990657535
2020-07,green,0.3
2020-07,grunge,1.3010299956639813
2020-07,handbag,0.3
2020-07,heels,5.9754318085092635
2020-07,jacket,50.752741136880424
2020-07,jeans,17.863611979892145
2020-07,leather,6.5
2020-07,leopard print,0.3
2020-07,linen,13.17676821406943
2020-07,magenta,1.0
2020-07,maxi dress,29.8937229477792
2020-07,mini skirt,5.246128035678238
2020-07,minimalist,7.127369273053826
2020-07,pants,22.886207461316715
2020-07,periwinkle,2.5314789170422554
2020-07,pink,3.0
2020-07,plaid,3.946128035678238
2020-07,preppy,4.2
2020-07,red,16.495574584479414
2020-07,satin,2.9542425094393248
2020-07,sequins,2.0413926851582254
2020-07,shirt,52.60201379003592
2020-07,silk,2.341392685158225
2020-07,skirt,21.928418718397232
2020-07,slip dress,4.521189299069938
2020-07,sneakers,0.8999999999999999
2020-07,streetwear,29.29539414991754
2020-07,sweater,11.976032995097512
2020-07,t-shirt,15.236738743506645
2020-07,trench coat,18.10599057803202
2020-07,velvet,1.845098040014257
2020-07,vintage,2.0
2020-07,white,12.941834300476726
2020-07,y2k,1.2
2020-07,yellow,6.776991584856406
2020-08,athleisure,74.78273764841286
2020-08,avant-garde,16.904888979158713
2020-08,bermuda shorts,1.2
2020-08,black,7.718408024723518
2020-08,blouse,26.861587826123166
2020-08,bodysuit,3.57978359661681
2020-08,bomber jacket,12.018871121859839
2020-08,brown,43.38757244716998
2020-08,burgundy,8.978875531903016
2020-08,cardigan,2.633468455579586
2020-08,cargo pants,3.1
2020-08,casual,14.083336188934771
2020-08,coat,41.11407404880386
2020-08,coquette,1.0
2020-08,corduroy,4.14494397918711
2020-08,crop top,0.8999999999999999
2020-08,denim,1.9
2020-08,dress,136.43147452019767
2020-08,faux leather,5.2
2020-08,floral,7.4205590304056726
2020-08,green,10.705874259839279
2020-08,heels,17.57685409904103
2020-08,hoodie,2.4771212547196626
2020-08,jacket,27.90237080962753
2020-08,jeans,5.9085329378081415
2020-08,lace,3.506517429522861
2020-08,lavender,1.0
2020-08,leather,7.924275869600789
2020-08,linen,5.604059466217599
2020-08,maxi dress,62.03743910257475
2020-08,mini skirt,6.803089986991944
2020-08,minimalist,6.357775778241936
2020-08,mint,24.341429108018836
2020-08,pants,5.442422680822206
2020-08,pink,9.206517429522862
2020-08,plaid,0.8999999999999999
2020-08,polka dot,4.868285821603767
2020-08,preppy,6.373464045536408
2020-08,red,3.0
2020-08,sandals,4.40823996531185
2020-08,satin,2.462397997898956
2020-08,sequins,1.0
2020-08,shirt,15.254512993386836
2020-08,silver,1.0
2020-08,skirt,39.01431880846085
2020-08,slip dress,16.136051946114826
2020-08,streetwear,54.68408859351513
2020-08,sweater,3.9424226808222063
2020-08,t-shirt,1.0
2020-08,trench coat,32.38218007715065
2020-08,velvet,1.0
2020-08,vintage,11.94069162586346
2020-08,white,5.42151001846289
2020-08,y2k,10.779872510558139
2020-08,yellow,3.204119982655925
2020-09,animal print,4.136589637610663
2020-09,athleisure,75.87377037088535
2020-09,avant-garde,33.64872304186558
2020-09,beige,0.3
2020-09,bermuda shorts,1.5
2020-09,black,26.306597893433036
2020-09,blazer,6.116292015609667
2020-09,blouse,54.950916800108075
2020-09,bodysuit,3.8999999999999995
2020-09,bohemian,12.760398120916216
2020-09,bomber jacket,39.101011284443764
2020-09,boots,9.660360059959942
2020-09,brown,71.87740693368895
2020-09,burgundy,6.641739615930569
2020-09,cardigan,3.8440680443502755
2020-09,cargo pants,10.911309510866817
2020-09,casual,19.425398070511648
2020-09,chiffon,3.84494397918711
2020-09,coat,68.45583065640936
2020-09,corset,1.2
2020-09,cotton,7.607455023214668
2020-09,crop top,0.6
2020-09,denim,19.115885259922884
2020-09,dress,159.30397367756262
2020-09,faux leather,28.221088335555248
2020-09,floral,8.105920250437185
2020-09,gray,8.378725479647482
2020-09,green,2.283707984390332
2020-09,grunge,2.0
2020-09,handbag,0.8999999999999999
2020-09,heels,8.801344501381116
2020-09,hoodie,7.477121254719663
2020-09,jacket,65.11416194596579
2020-09,jeans,7.577528010406445
2020-09,lace,11.64276961159455
2020-09,leather,37.38850430433591
2020-09,leopard print,0.3
2020-09,linen,7.813939224682965
2020-09,magenta,12.623434863723467
2020-09,maxi dress,62.51934616737168
2020-09,mini skirt,7.9986312731825535
2020-09,minimalist,11.95792123273941
2020-09,mohair,1.0
2020-09,navy,8.662368625696619
2020-09,pants,16.83275150479639
2020-09,pink,14.144277499953624
2020-09,plaid,4.438764005203223
2020-09,preppy,7.411309510866817
2020-09,red,27.87260193127159
2020-09,sandals,2.283707984390332
2020-09,satin,2.3450910113271894
2020-09,shirt,20.16147500284903
2020-09,silk,14.214756712370466
2020-09,silver,2.414973347970818
2020-09,skirt,43.233786411740574
2020-09,slip dress,10.154877597478746
2020-09,streetwear,47.0917862475822
2020-09,striped,4.845098040014257
2020-09,suede,3.255272505103306
2020-09,sweater,6.414117648017108
2020-09,tie dye,1.3010299956639813
2020-09,trench coat,36.307633190086605
2020-09,velvet,8.637116093048078
2020-09,vintage,7.337284014596172
2020-09,white,30.16055529624139
2020-09,wool,1.3010299956639813
2020-09,y2k,1.5
2020-09,yellow,3.4287989957175222
2020-10,athleisure,69.6540459133456
2020-10,avant-garde,46.8413592109488
2020-10,black,23.255419483443116
2020-10,blouse,32.8405329406021
2020-10,bodysuit,1.9989700043360188
2020-10,bohemian,15.722275892939845
2020-10,bomber jacket,28.175080931527763
2020-10,brown,88.78008995481079
2020-10,burgundy,10.63295163424893
2020-10,cargo pants,9.538102874243014
2020-10,casual,15.320918629333915
2020-10,coat,61.24418698835402
2020-10,corduroy,3.728798995717522
2020-10,corset,3.414117648017108
2020-10,cotton,25.332910079850617
2020-10,denim,13.18385501653041
2020-10,dress,139.31412010807705
2020-10,faux leather,20.43561273925914
2020-10,floral,1.0
2020-10,gray,13.45984242890203
2020-10,green,2.079181246047625
2020-10,grunge,3.954242509439325
2020-10,handbag,7.170371138071035
2020-10,heels,16.300259193084983
2020-10,hoodie,1.4771212547196624
2020-10,jacket,63.928874909665055
2020-10,jeans,7.577528010406445
2020-10,lace,27.003973514439664
2020-10,leather,24.497471974033115
2020-10,leopard print,0.6
2020-10,linen,11.415770883658288
2020-10,loafers,4.273168745640794
2020-10,magenta,7.04039335856662
2020-10,maxi dress,56.84645736969157
2020-10,mesh,3.414117648017108
2020-10,mini skirt,16.812849607130335
2020-10,minimalist,7.99782563240744
2020-10,navy,4.567415968780664
2020-10,pants,14.332090373836184
2020-10,periwinkle,2.706327006123967
2020-10,pink,4.1542425094393245
2020-10,plaid,5.338764005203222
2020-10,polka dot,6.899711094571145
2020-10,preppy,20.08578480396594
2020-10,red,27.515249751706907
2020-10,sandals,12.539328881416116
2020-10,sequins,0.3
2020-10,shirt,4.954242509439325
2020-10,silk,11.347771468507162
2020-10,skirt,52.784538645405505
2020-10,slip dress,3.714117648017108
2020-10,sneakers,14.45992179802713
2020-10,streetwear,44.06603432100758
2020-10,suede,5.566579718506381
2020-10,sweater,7.747249024081872
2020-10,trench coat,29.166639885683686
2020-10,turquoise,2.856253490053927
2020-10,velvet,4.4593924877592315
2020-10,vintage,12.790165667816503
2020-10,white,22.79130359351197
2020-10,y2k,6.828235296034216
2020-11,animal print,3.9461280356782384
2020-11,athleisure,111.59457619474303
2020-11,avant-garde,58.973814725286275
2020-11,beige,3.6109027551800343
2020-11,bermuda shorts,0.3
2020-11,black,43.7725835000441
2020-11,blazer,6.116292015609667
2020-11,blouse,48.78220929142533
2020-11,blue,6.410431161152056
2020-11,bohemian,18.0274754996972
2020-11,bomber jacket,43.019688326679066
2020-11,boots,6.116292015609667
2020-11,brown,228.13922356004258
2020-11,burgundy,11.974523776602444
2020-11,cargo pants,15.197950604163633
2020-11,casual,9.804462609678406
2020-11,coat,55.96313408654393
2020-11,corset,4.655603046758464
2020-11,cotton,11.560667536990012
2020-11,crop top,0.3
2020-11,denim,18.84348678639937
2020-11,dress,194.08776822197976
2020-11,faux leather,23.898840309046545
2020-11,floral,7.0915966208100585
2020-11,gray,30.990619695558404
2020-11,green,3.255272505103306
2020-11,grunge,9.201491533521198
2020-11,handbag,0.3
2020-11,heels,15.443252060900631
2020-11,hoodie,2.6999999999999997
2020-11,jacket,79.90158040440696
2020-11,jeans,9.355056020812889
2020-11,lace,3.291226075692495
2020-11,lavender,2.936589637610663
2020-11,leather,36.8616221148043
2020-11,linen,8.584512142712953
2020-11,loafers,5.105169427999332
2020-11,magenta,9.304543039380313
2020-11,maxi dress,87.91181879971089
2020-11,mini skirt,31.366053204344528
2020-11,minimalist,6.692696953259666
2020-11,mint,1.3010299956639813
2020-11,mohair,0.3
2020-11,navy,6.3177813876114435
2020-11,pants,21.029672113296044
2020-11,periwinkle,12.698248392814982
2020-11,pink,18.76653295145649
2020-11,plaid,4.977528010406445
2020-11,preppy,13.223751652633476
2020-11,red,23.83887483382987
2020-11,sandals,7.605343723709604
2020-11,satin,2.3450910113271894
2020-11,sequins,0.3
2020-11,shirt,10.041010919787666
2020-11,silk,22.84180125217573
2020-11,skirt,97.63583706961883
2020-11,slip dress,10.211206093516928
2020-11,sneakers,14.098685803230353
2020-11,streetwear,83.47329925012093
2020-11,striped,1.9542425094393248
2020-11,sweater,13.301898289207978
2020-11,t-shirt,1.2
2020-11,trench coat,35.268156680882626
2020-11,velvet,1.9542425094393248
2020-11,vintage,2.4
2020-11,white,16.25505120888916
2020-11,y2k,8.042558422099763
2020-11,yellow,2.575353642813886
2020-12,animal print,2.0387640052032223
2020-12,athleisure,85.29389046330118
2020-12,avant-garde,30.146018845165077
2020-12,beige,8.410902755180034
2020-12,black,25.57787842142785
2020-12,blazer,6.116292015609667
2020-12,blouse,70.66385784870218
2020-12,blue,0.3
2020-12,bodysuit,1.2
2020-12,bohemian,25.233703866670357
2020-12,bomber jacket,57.12794336312944
2020-12,boots,6.116292015609667
2020-12,brown,41.854366133386996
2020-12,burgundy,7.467758834965906
2020-12,cardigan,0.3
2020-12,cargo pants,24.61992322587285
2020-12,casual,10.828798995717523
2020-12,cherry red,1.2
2020-12,coat,62.67956554677671
2020-12,corduroy,5.5753536428138855
2020-12,corset,3.5999999999999996
2020-12,cotton,11.816970037757299
2020-12,crop top,0.3
2020-12,denim,13.21124467252562
2020-12,dress,156.0854265141581
2020-12,faux leather,37.59694717061827
2020-12,floral,10.401400540781545
2020-12,gray,20.98688372457022
2020-12,green,10.85611222937092
2020-12,grunge,2.0387640052032223
2020-12,handbag,14.958031631540235
2020-12,heels,16.71162401658395
2020-12,hoodie,1.2
2020-12,jacket,100.46903439291867
2020-12,jeans,7.716292015609667
2020-12,lace,0.8999999999999999
2020-12,lavender,5.191862142713969
2020-12,leather,52.31407270608643
2020-12,linen,30.92334122395873
2020-12,magenta,7.337990178392207
2020-12,maxi dress,65.30959745377268
2020-12,mesh,2.676538705653929
2020-12,mini skirt,25.39231723758975
2020-12,minimalist,7.861440206904147
2020-12,mint,1.9542425094393248
2020-12,navy,6.485411706794567
2020-12,pants,29.88748622679359
2020-12,periwinkle,5.2073570017879485
2020-12,pink,7.42180551036007
2020-12,plaid,4.977528010406445
2020-12,polka dot,3.9020599913279623
2020-12,preppy,35.55144407331708
2020-12,quiet luxury,2.810907216986647
2020-12,red,45.52778436155592
2020-12,sandals,7.438764005203222
2020-12,satin,1.4771212547196624
2020-12,shirt,21.777485947679747
2020-12,silk,7.308485018878649
2020-12,skirt,90.96876220456353
2020-12,slip dress,0.6
2020-12,streetwear,44.87765670653383
2020-12,suede,3.9084850188786495
2020-12,sweater,6.077121254719662
2020-12,t-shirt,4.052474897533548
2020-12,trench coat,33.17903978748829
2020-12,velvet,2.4
2020-12,vintage,11.193363577853688
2020-12,white,29.69563158617646
2020-12,wool,2.8979680175649816
2020-12,y2k,6.288435227393093
2021-01,animal print,0.3
2021-01,athleisure,23.836471516384425
2021-01,avant-garde,3.855272505103306
2021-01,beige,3.4653828514484184
2021-01,bermuda shorts,0.8999999999999999
2021-01,blouse,20.795680982104052
2021-01,bodysuit,13.90108233822995
2021-01,bomber jacket,6.280211241711607
2021-01,cargo pants,13.830706787610737
2021-01,coat,9.78227123303957
2021-01,corduroy,0.3
2021-01,crop top,15.101082338229949
2021-01,denim,3.4653828514484184
2021-01,dress,24.850380962848046
2021-01,faux leather,10.86997021589286
2021-01,floral,4.6020599913279625
2021-01,green,0.3
2021-01,handbag,0.8999999999999999
2021-01,heels,0.3
2021-01,hoodie,1.0
2021-01,jacket,9.660422483423213
2021-01,jeans,0.3
2021-01,lace,2.3010299956639813
2021-01,leather,13.88280744059803
2021-01,leopard print,0.3
2021-01,linen,6.380211241711606
2021-01,maxi dress,3.101029995663981
2021-01,mini skirt,4.078566495593844
2021-01,minimalist,2.255272505103306
2021-01,pants,17.249008078930483
2021-01,polka dot,0.3
2021-01,preppy,1.5
2021-01,red,48.186391215695494
2021-01,sandals,0.3
2021-01,satin,1.7781512503836436
2021-01,sequins,0.3
2021-01,shirt,18.42290495817439
2021-01,silk,1.0
2021-01,skirt,9.079596491257824
2021-01,slip dress,0.3
2021-01,streetwear,6.4
2021-01,sweater,3.2020599913279626
2021-01,t-shirt,4.982271233039568
2021-01,trench coat,6.080211241711606
2021-01,vintage,4.2552725051033065
2021-01,y2k,0.3
2021-02,animal print,2.3010299956639813
2021-02,athleisure,16.47624238496926
2021-02,avant-garde,0.8999999999999999
2021-02,beige,2.9030899869919438
2021-02,bermuda shorts,1.3
2021-02,black,4.681241237375588
2021-02,blouse,30.241866013614107
2021-02,blue,4.074084689028243
2021-02,bodysuit,0.3
2021-02,bomber jacket,2.855272505103306
2021-02,brown,2.9030899869919438
2021-02,cargo pants,4.618301291319745
2021-02,casual,4.074084689028243
2021-02,coat,14.002157695941015
2021-02,cotton,0.3
2021-02,crop top,0.3
2021-02,denim,0.6
2021-02,dress,25.463687175889547
2021-02,faux leather,10.40524768293296
2021-02,floral,5.6344537511509305
2021-02,green,1.7781512503836436
2021-02,heels,0.8999999999999999
2021-02,jacket,3.155272505103306
2021-02,lace,6.836260802858487
2021-02,leather,10.40524768293296
2021-02,linen,12.715869694000908
2021-02,maxi dress,7.202059991327962
2021-02,mini skirt,3.3010299956639813
2021-02,mohair,0.3
2021-02,pants,8.03660258263949
2021-02,plaid,0.3
2021-02,preppy,4.374084689028243
2021-02,red,34.54916319408987
2021-02,satin,1.0
2021-02,shirt,40.14565367887701
2021-02,silk,0.6
2021-02,skirt,19.561627184561583
2021-02,slip dress,1.2
2021-02,streetwear,1.7999999999999998
2021-02,sweater,2.3781512503836435
2021-02,trench coat,9.702157695941017
2021-02,turquoise,2.278753600952829
2021-02,white,0.3
2021-03,athleisure,15.605797083235682
2021-03,avant-garde,0.6
2021-03,beige,3.1367205671564067
2021-03,blouse,18.12259906828752
2021-03,bodysuit,0.8999999999999999
2021-03,bohemian,0.6
2021-03,bomber jacket,5.6
2021-03,brown,7.183605757994116
2021-03,cargo pants,0.8999999999999999
2021-03,casual,6.136720567156407
2021-03,coat,24.38497564250577
2021-03,corduroy,0.3
2021-03,cotton,10.0
2021-03,denim,2.3
2021-03,dress,50.98402076262846
2021-03,faux leather,0.8999999999999999
2021-03,floral,5.902059991327962
2021-03,green,3.7589118923979736
2021-03,heels,0.3
2021-03,hoodie,1.6
2021-03,jacket,7.699999999999999
2021-03,jeans,3.7589118923979736
2021-03,lace,2.278753600952829
2021-03,leather,0.8999999999999999
2021-03,magenta,5.648945182165672
2021-03,maxi dress,26.32029151916986
2021-03,mini skirt,4.336720567156407
2021-03,mohair,0.6
2021-03,pants,1.2
2021-03,plaid,1.2
2021-03,polka dot,1.6020599913279625
2021-03,preppy,1.5
2021-03,red,20.80924217287338
2021-03,shirt,10.115014403811315
2021-03,skirt,18.935068318874396
2021-03,slip dress,0.8999999999999999
2021-03,sneakers,0.3
2021-03,streetwear,6.4
2021-03,striped,0.3
2021-03,sweater,1.2
2021-03,trench coat,14.121943767451873
2021-03,white,7.183605757994116
2021-03,y2k,0.3
2021-03,yellow,1.0
2021-04,animal print,3.3802112417116064
2021-04,athleisure,34.2522330016463
2021-04,avant-garde,4.810545010206612
2021-04,beige,5.8061799739838875
2021-04,bermuda shorts,0.6
2021-04,black,8.099542528695332
2021-04,blouse,23.480935742545253
2021-04,bodysuit,3.522716471147583
2021-04,bomber jacket,3.1
2021-04,brown,9.010299956639813
2021-04,burgundy,2.255272505103306
2021-04,cargo pants,13.410176379062543
2021-04,casual,10.510545010206613
2021-04,cherry red,2.681241237375587
2021-04,coat,14.993770381675418
2021-04,coquette,3.2227164711475833
2021-04,cotton,0.3
2021-04,crop top,4.122716471147584
2021-04,denim,4.618301291319745
2021-04,dress,38.86028718735137
2021-04,faux leather,10.727578349505393
2021-04,floral,6.237543738142874
2021-04,gray,5.8061799739838875
2021-04,green,1.7781512503836436
2021-04,handbag,0.6
2021-04,heels,0.6
2021-04,jacket,8.380211241711606
2021-04,jeans,4.018301291319745
2021-04,lace,2.5787536009528287
2021-04,lavender,2.278753600952829
2021-04,leather,11.027578349505394
2021-04,magenta,2.681241237375587
2021-04,maxi dress,13.971878199307291
2021-04,mini skirt,6.29734438101758
2021-04,minimalist,2.255272505103306
2021-04,pants,20.24677896170203
2021-04,pink,5.662482474751174
2021-04,plaid,2.6781512503836433
2021-04,preppy,4.280211241711606
2021-04,red,25.3126866299165
2021-04,shirt,23.101910335608743
2021-04,silk,0.3
2021-04,skirt,16.322380822238934
2021-04,slip dress,4.79734438101758
2021-04,sneakers,2.0
2021-04,streetwear,9.555272505103307
2021-04,sweater,5.796452541703388
2021-04,t-shirt,2.0781512503836437
2021-04,trench coat,7.646885190837709
2021-04,velvet,6.0
2021-04,vintage,6.3
2021-04,y2k,4.79734438101758
2021-04,yellow,1.0
2021-05,animal print,4.87978359661681
2021-05,athleisure,29.77159146711428
2021-05,avant-garde,1.5
2021-05,bermuda shorts,0.6
2021-05,black,1.0
2021-05,blouse,23.577687194168593
2021-05,blue,5.686814954507318
2021-05,bomber jacket,13.381448569258039
2021-05,brown,4.2718416065364995
2021-05,cargo pants,11.915996477245258
2021-05,casual,1.0
2021-05,coat,8.855272505103306
2021-05,cotton,2.3
2021-05,crop top,0.8999999999999999
2021-05,denim,7.0
2021-05,dress,32.298893082640014
2021-05,faux leather,0.3
2021-05,floral,3.0149733479708183
2021-05,gray,1.0
2021-05,green,7.999756726967326
2021-05,heels,1.6
2021-05,jacket,22.357593642088815
2021-05,jeans,2.6
2021-05,lace,8.878753600952829
2021-05,leather,0.3
2021-05,linen,11.440884980265867
2021-05,magenta,5.770115294787102
2021-05,maxi dress,14.566274321789292
2021-05,mini skirt,3.8
2021-05,minimalist,2.0
2021-05,mint,2.414973347970818
2021-05,navy,3.271841606536499
2021-05,pants,13.515996477245258
2021-05,periwinkle,2.414973347970818
2021-05,preppy,0.8999999999999999
2021-05,red,15.972521605716974
2021-05,satin,1.0
2021-05,shirt,16.31810439080326
2021-05,skirt,15.022206277439016
2021-05,slip dress,1.7999999999999998
2021-05,sneakers,2.792391689498254
2021-05,streetwear,8.4
2021-05,sweater,3.718301291319745
2021-05,trench coat,6.655272505103307
2021-05,vintage,1.845098040014257
2021-05,y2k,0.3
2021-05,yellow,5.7160033436347994
2021-06,animal print,0.3
2021-06,athleisure,25.198669368095196
2021-06,avant-garde,5.8848453616444125
2021-06,bermuda shorts,2.5989700043360187
2021-06,black,3.1367205671564067
2021-06,blouse,32.085965102564195
2021-06,blue,2.414973347970818
2021-06,bodysuit,0.3
2021-06,bohemian,2.414973347970818
2021-06,bomber jacket,13.889536629482096
2021-06,boots,2.414973347970818
2021-06,brown,8.142758522153724
2021-06,camel,2.0
2021-06,cargo pants,5.497940008672037
2021-06,casual,5.941870545476313
2021-06,coat,25.46490430276998
2021-06,cotton,2.414973347970818
2021-06,crop top,0.8999999999999999
2021-06,denim,20.23967522118984
2021-06,dress,57.815872527107636
2021-06,faux leather,3.8781512503836435
2021-06,floral,15.55818120171048
2021-06,gray,3.714973347970818
2021-06,green,4.414973347970818
2021-06,handbag,0.6
2021-06,heels,0.8999999999999999
2021-06,hoodie,1.0
2021-06,jacket,24.599892012916566
2021-06,jeans,21.93967522118984
2021-06,khaki,0.3
2021-06,lace,1.0
2021-06,lavender,4.7160033436347994
2021-06,leather,7.355272505103306
2021-06,leopard print,0.3
2021-06,linen,8.680211241711607
2021-06,magenta,2.4913616938342726
2021-06,maxi dress,20.343787244488517
2021-06,mini skirt,2.4
2021-06,minimalist,6.0
2021-06,mint,2.414973347970818
2021-06,pants,7.196910013008056
2021-06,periwinkle,2.3010299956639813
2021-06,pink,0.3
2021-06,plaid,0.6
2021-06,preppy,6.155272505103306
2021-06,quiet luxury,2.5051499783199063
2021-06,red,33.846414910483794
2021-06,sequins,0.3
2021-06,shirt,23.954782859610255
2021-06,silk,0.6
2021-06,skirt,18.691025335628296
2021-06,slip dress,4.1424226808222055
2021-06,streetwear,21.152911877534518
2021-06,sweater,2.445098040014257
2021-06,t-shirt,3.255272505103306
2021-06,trench coat,11.394316062684439
2021-06,velvet,2.414973347970818
2021-06,y2k,0.3
2021-06,yellow,2.3010299956639813
2021-07,animal print,3.0149733479708183
2021-07,athleisure,24.23310086956655
2021-07,avant-garde,5.646885190837709
2021-07,beige,7.095184589682424
2021-07,bermuda shorts,0.8999999999999999
2021-07,black,8.996161293368008
2021-07,blazer,5.784189205380961
2021-07,blouse,51.35789661046451
2021-07,blue,1.0
2021-07,bodysuit,5.784189205380961
2021-07,bohemian,1.9020599913279626
2021-07,bomber jacket,17.872285225504253
2021-07,brown,6.318063334962762
2021-07,cargo pants,3.6149733479708184
2021-07,casual,4.605995882770805
2021-07,cherry red,4.093071306376063
2021-07,coat,64.8563237449593
2021-07,coquette,2.8920946026904804
2021-07,cotton,2.361727836017593
2021-07,crop top,0.6
2021-07,denim,3.7920946026904803
2021-07,dress,70.14596624833459
2021-07,faux leather,13.379320503084987
2021-07,floral,7.713634997198556
2021-07,gray,2.255272505103306
2021-07,green,5.5370631427816175
2021-07,heels,4.04688519083771
2021-07,jacket,47.1237843701367
2021-07,jeans,0.6
2021-07,lace,0.3
2021-07,leather,13.379320503084987
2021-07,leopard print,0.3
2021-07,linen,14.801815168581438
2021-07,magenta,6.234517283512687
2021-07,maxi dress,28.685278955854614
2021-07,mini skirt,4.201029995663982
2021-07,minimalist,10.854929845184593
2021-07,mohair,1.3010299956639813
2021-07,navy,1.6020599913279625
2021-07,pants,3.6149733479708184
2021-07,pink,2.0413926851582254
2021-07,plaid,3.155272505103306
2021-07,preppy,12.594395639212884
2021-07,red,18.01069450762733
2021-07,satin,2.3010299956639813
2021-07,shirt,53.4182046684882
2021-07,silk,0.3
2021-07,skirt,20.809269960975833
2021-07,slip dress,1.9
2021-07,streetwear,10.96023839221013
2021-07,striped,6.760422483423212
2021-07,sweater,10.841479629585718
2021-07,t-shirt,9.023663918197792
2021-07,trench coat,27.797044936575745
2021-07,vintage,4.093071306376063
2021-07,white,18.118684674352266
2021-07,wool,1.3010299956639813
2021-07,yellow,1.0
2021-08,animal print,4.079181246047625
2021-08,athleisure,49.204468546496585
2021-08,avant-garde,12.11497334797082
2021-08,beige,11.879740754827413
2021-08,bermuda shorts,1.0
2021-08,black,2.4
2021-08,blouse,29.190177791429004
2021-08,blue,2.414973347970818
2021-08,bodysuit,8.779448375405225
2021-08,bohemian,16.06798706921633
2021-08,bomber jacket,14.201906704040885
2021-08,brown,9.159994838328416
2021-08,cargo pants,5.1
2021-08,casual,5.670245853074125
2021-08,coat,21.61418439750128
2021-08,crop top,4.2443922736851105
2021-08,denim,7.906718942787823
2021-08,dress,74.472177988828
2021-08,faux leather,6.181241237375588
2021-08,floral,9.903089986991944
2021-08,gray,3.6149733479708184
2021-08,green,0.3
2021-08,handbag,0.3
2021-08,heels,18.113394016088577
2021-08,jacket,29.025662157698125
2021-08,jeans,1.7781512503836436
2021-08,khaki,0.3
2021-08,lace,0.6
2021-08,leather,7.9593924877592315
2021-08,leopard print,0.3
2021-08,linen,10.281241237375587
2021-08,magenta,8.247727726963317
2021-08,maxi dress,31.218513939877887
2021-08,mini skirt,12.675353642813887
2021-08,minimalist,11.238040373274693
2021-08,pants,5.1
2021-08,pink,8.773399372427825
2021-08,plaid,1.3
2021-08,preppy,4.4
2021-08,red,9.532754378992498
2021-08,sandals,2.414973347970818
2021-08,satin,6.9599948383284165
2021-08,shirt,16.969937497965844
2021-08,skirt,36.430773105535756
2021-08,slip dress,4.198970004336019
2021-08,streetwear,22.684868657356517
2021-08,sweater,6.930480726113574
2021-08,t-shirt,3.255272505103306
2021-08,trench coat,13.51418439750128
2021-08,turquoise,2.414973347970818
2021-08,vintage,0.6
2021-08,white,13.140100364602656
2021-08,yellow,1.7781512503836436
2021-09,animal print,10.853240522668289
2021-09,athleisure,148.02278155121675
2021-09,avant-garde,44.69537040806381
2021-09,beige,9.59757037066735
2021-09,bermuda shorts,6.067415968780664
2021-09,black,109.73130773334198
2021-09,blazer,6.0
2021-09,blouse,89.16070892913534
2021-09,blue,9.5594379713414
2021-09,bodysuit,0.8999999999999999
2021-09,bohemian,8.622990431535555
2021-09,bomber jacket,41.7813859597693
2021-09,boots,1.0
2021-09,brown,24.095425424803693
2021-09,burgundy,2.8340734032211117
2021-09,cardigan,3.752525758037769
2021-09,cargo pants,15.114970317313551
2021-09,casual,20.86199044296765
2021-09,chiffon,1.0
2021-09,coat,73.20131912812332
2021-09,corduroy,1.5
2021-09,cotton,7.879874848342628
2021-09,crop top,6.19095493814749
2021-09,denim,8.000363516430497
2021-09,dress,273.86218604802417
2021-09,faux leather,50.19210843726008
2021-09,floral,11.959392487759231
2021-09,gorpcore,2.2224719895935547
2021-09,gray,8.43898048949364
2021-09,green,4.178151250383643
2021-09,grunge,2.7612359947967775
2021-09,heels,23.824338459397886
2021-09,hoodie,2.3
2021-09,jacket,81.73200102874547
2021-09,jeans,11.321472944900533
2021-09,lace,3.5
2021-09,leather,54.70494566196526
2021-09,linen,10.482873583608754
2021-09,magenta,5.256253490053927
2021-09,maxi dress,84.84433882120975
2021-09,mini skirt,64.66691972690214
2021-09,minimalist,11.351270985311077
2021-09,navy,3.0675630009207446
2021-09,pants,18.533271608633296
2021-09,pink,13.66547550614919
2021-09,plaid,3.756253490053927
2021-09,polka dot,1.2
2021-09,preppy,24.97687853948202
2021-09,red,64.73314768120574
2021-09,sandals,6.04494397918711
2021-09,satin,2.278753600952829
2021-09,shirt,41.47258427394102
2021-09,silk,25.010151791719604
2021-09,skirt,161.93330009585816
2021-09,slip dress,0.6
2021-09,sneakers,8.24494397918711
2021-09,streetwear,46.14304712692496
2021-09,striped,7.960422483423212
2021-09,sweater,31.974027349330388
2021-09,t-shirt,11.543507227836347
2021-09,tie dye,2.4
2021-09,trench coat,46.37020614679736
2021-09,turquoise,2.3010299956639813
2021-09,velvet,29.152403619431663
2021-09,white,33.78074805717506
2021-09,y2k,0.6
2021-10,animal print,6.877413634141848
2021-10,athleisure,152.4147868267518
2021-10,avant-garde,77.32452896118154
2021-10,beige,6.097968017564981
2021-10,black,77.84628848056822
2021-10,blouse,82.579906584588
2021-10,blue,4.34789914847748
2021-10,bodysuit,1.5
2021-10,bohemian,10.727520030413476
2021-10,bomber jacket,38.953250608116235
2021-10,boots,3.0
2021-10,brown,13.971081250904566
2021-10,burgundy,4.306598070713049
2021-10,cardigan,4.306598070713049
2021-10,cargo pants,10.660723972141952
2021-10,casual,28.97092231981433
2021-10,chiffon,2.0
2021-10,coat,68.71029852279327
2021-10,corduroy,3.1979680175649814
2021-10,cotton,24.0
2021-10,crop top,4.158459421738102
2021-10,denim,0.3
2021-10,dress,240.36016353532366
2021-10,faux leather,24.628416381217257
2021-10,floral,12.081241237375588
2021-10,gray,4.683707984390333
2021-10,green,18.083634844177162
2021-10,grunge,7.361235994796777
2021-10,handbag,0.8999999999999999
2021-10,heels,26.454965166744955
2021-10,hoodie,1.0
2021-10,jacket,76.46654227402313
2021-10,jeans,0.3
2021-10,lace,1.6020599913279625
2021-10,lavender,3.060697840353612
2021-10,leather,29.981921274414788
2021-10,leopard print,0.3
2021-10,linen,13.94448267215017
2021-10,magenta,12.298940431428013
2021-10,maxi dress,74.7411780302479
2021-10,mesh,1.5612359947967775
2021-10,mini skirt,32.66146658495085
2021-10,minimalist,11.604314058473948
2021-10,mint,3.8856553237545546
2021-10,navy,8.244413159705392
2021-10,pants,10.660723972141952
2021-10,pink,19.802059991327962
2021-10,plaid,4.0753536428138855
2021-10,preppy,8.101029264490615
2021-10,quiet luxury,0.6
2021-10,red,48.51720598964944
2021-10,sandals,11.905559719999827
2021-10,satin,3.060697840353612
2021-10,sequins,0.3
2021-10,shirt,10.764026607692038
2021-10,silk,27.961325447734264
2021-10,skirt,118.26396784269346
2021-10,slip dress,2.822471989593555
2021-10,sneakers,3.792391689498254
2021-10,streetwear,51.678670971448696
2021-10,suede,5.0
2021-10,sweater,14.395625715285355
2021-10,tie dye,4.9564005221940075
2021-10,trench coat,20.38873969828981
2021-10,velvet,24.688438477630775
2021-10,vintage,8.916292015609667
2021-10,white,43.284643261904925
2021-10,y2k,4.375353642813885
2021-10,yellow,7.067834065509826
2021-11,animal print,5.202059991327962
2021-11,athleisure,114.04181500323972
2021-11,avant-garde,65.66065622828458
2021-11,beige,9.368342401324625
2021-11,bermuda shorts,8.218519480514686
2021-11,black,79.31135281935362
2021-11,blouse,89.11627334078925
2021-11,blue,1.6020599913279625
2021-11,bodysuit,2.554242509439325
2021-11,bohemian,8.829864567730416
2021-11,bomber jacket,46.12356736406094
2021-11,boots,3.0
2021-11,brown,33.59658698839425
2021-11,burgundy,1.845098040014257
2021-11,cargo pants,10.423501985257536
2021-11,casual,0.3
2021-11,chiffon,1.0
2021-11,coat,90.41866245935215
2021-11,coquette,2.972545505663595
2021-11,crop top,5.500623239977198
2021-11,denim,7.070420148784396
2021-11,dress,225.31895475731386
2021-11,faux leather,26.338613768478474
2021-11,floral,6.478151250383643
2021-11,gorpcore,3.8514180174511568
2021-11,gray,12.81414338424971
2021-11,green,9.737063142781617
2021-11,grunge,4.5154785042361025
2021-11,handbag,4.823501985257536
2021-11,heels,7.942467429360108
2021-11,hoodie,8.002836034902314
2021-11,jacket,88.79152609658357
2021-11,jeans,2.8141176480171084
2021-11,khaki,1.0
2021-11,lace,1.0
2021-11,leather,27.638613768478475
2021-11,linen,5.482873583608754
2021-11,loafers,1.0
2021-11,magenta,3.4471580313422194
2021-11,maxi dress,74.44720237390524
2021-11,mini skirt,23.265054096588663
2021-11,minimalist,9.695936035129964
2021-11,navy,8.526798544683453
2021-11,olive,2.4
2021-11,pants,10.723501985257537
2021-11,periwinkle,1.7781512503836436
2021-11,pink,9.691648791699759
2021-11,plaid,10.115106415198232
2021-11,polka dot,4.081842068880394
2021-11,preppy,16.764159575330936
2021-11,red,37.0554373491835
2021-11,shirt,30.57829905273213
2021-11,silk,15.376016567353634
2021-11,skirt,62.05536852046007
2021-11,slip dress,14.604336466946341
2021-11,sneakers,5.447158031342219
2021-11,streetwear,49.70730758521426
2021-11,striped,10.160422483423211
2021-11,suede,3.8514180174511568
2021-11,sunglasses,6.277670660106965
2021-11,sweater,24.299320560635003
2021-11,t-shirt,8.451319996024438
2021-11,tie dye,6.756400522194006
2021-11,trench coat,55.8637196404269
2021-11,velvet,14.965958358798037
2021-11,vintage,7.1767144990328795
2021-11,white,27.828361858391265
2021-11,yellow,4.501029995663981
2021-12,animal print,4.301029995663981
2021-12,athleisure,72.4709855310945
2021-12,avant-garde,53.44750413414811
2021-12,bermuda shorts,4.4449439791871095
2021-12,black,106.65427460863903
2021-12,blazer,4.0
2021-12,blouse,74.97172959125552
2021-12,bodysuit,2.0771212547196622
2021-12,bohemian,8.67346404553641
2021-12,bomber jacket,11.715694988526518
2021-12,boots,1.0
2021-12,brown,15.004152638531409
2021-12,burgundy,3.122471989593555
2021-12,cardigan,4.972545505663595
2021-12,cargo pants,4.5
2021-12,casual,11.105149978319906
2021-12,chiffon,2.0
2021-12,coat,63.77431215500055
2021-12,coquette,1.0
2021-12,corset,1.0
2021-12,crop top,2.2224719895935547
2021-12,denim,6.21336950219478
2021-12,dress,215.8251561175406
2021-12,faux leather,26.83385138498194
2021-12,floral,6.722619021733635
2021-12,gorpcore,7.244537223500327
2021-12,gray,15.018539921951662
2021-12,green,5.098970004336019
2021-12,grunge,16.44409801038133
2021-12,handbag,0.8999999999999999
2021-12,heels,2.8020599913279627
2021-12,hoodie,2.5051499783199063
2021-12,jacket,27.750365223967865
2021-12,jeans,13.117372405919944
2021-12,lace,27.30102999566398
2021-12,leather,27.83385138498194
2021-12,linen,13.968214362203291
2021-12,loafers,1.2
2021-12,magenta,11.74509101132719
2021-12,maxi dress,58.70451776777127
2021-12,mesh,3.8450910113271894
2021-12,mini skirt,36.43951951528049
2021-12,minimalist,21.477616684067815
2021-12,mint,4.554852434372055
2021-12,mohair,5.0
2021-12,navy,8.557170833754169
2021-12,pants,4.8
2021-12,pink,3.6020599913279625
2021-12,plaid,1.922471989593555
2021-12,polka dot,5.767415968780664
2021-12,preppy,15.05002999944297
2021-12,red,76.93720204879936
2021-12,sandals,1.922471989593555
2021-12,satin,9.290952294771659
2021-12,shirt,16.33937167925844
2021-12,silk,28.759232221267613
2021-12,skirt,104.8858532808624
2021-12,slip dress,3.522471989593555
2021-12,sneakers,10.44715803134222
2021-12,streetwear,35.9195161322826
2021-12,striped,3.380211241711606
2021-12,sweater,12.58222170742588
2021-12,t-shirt,1.2
2021-12,tie dye,6.517636516990785
2021-12,trench coat,30.1976921986388
2021-12,turquoise,6.833606035324884
2021-12,velvet,27.60944472800252
2021-12,vintage,10.09501749525715
2021-12,white,63.37341998062935
2021-12,y2k,6.413841821876069
2021-12,yellow,10.907867589801407
2022-01,animal print,0.3
2022-01,athleisure,20.093058771594144
2022-01,avant-garde,0.3
2022-01,bermuda shorts,0.3
2022-01,black,12.954242509439325
2022-01,blazer,20.0
2022-01,blouse,1.9
2022-01,bodysuit,0.6
2022-01,bomber jacket,1.2
2022-01,cargo pants,6.395169351431755
2022-01,casual,14.577184927882467
2022-01,coat,3.7
2022-01,crop top,0.8999999999999999
2022-01,denim,0.3
2022-01,dress,19.988050188190645
2022-01,faux leather,0.8999999999999999
2022-01,heels,6.13912313410958
2022-01,hoodie,4.18098558078673
2022-01,jacket,1.5
2022-01,jeans,8.954242509439325
2022-01,lace,7.845098040014257
2022-01,leather,0.8999999999999999
2022-01,leopard print,0.3
2022-01,linen,1.7771212547196624
2022-01,maxi dress,9.294025094095323
2022-01,mesh,0.3
2022-01,mini skirt,0.6
2022-01,pants,14.668170623495493
2022-01,periwinkle,1.0
2022-01,pink,4.294025094095323
2022-01,plaid,4.3760912590556815
2022-01,preppy,4.78098558078673
2022-01,red,11.544068044350276
2022-01,sandals,1.845098040014257
2022-01,shirt,19.985606273598314
2022-01,skirt,3.0
2022-01,slip dress,0.6
2022-01,sneakers,2.0
2022-01,streetwear,9.996199347095736
2022-01,striped,0.6
2022-01,sweater,0.8999999999999999
2022-01,t-shirt,7.254242509439325
2022-01,trench coat,2.8
2022-01,white,8.0
2022-01,y2k,2.0
2022-02,animal print,0.3
2022-02,athleisure,9.4
2022-02,avant-garde,1.2
2022-02,beige,0.3
2022-02,bermuda shorts,0.3
2022-02,black,5.6344537511509305
2022-02,blazer,3.7790629351864555
2022-02,blouse,3.9853298350107673
2022-02,blue,3.7790629351864555
2022-02,bodysuit,1.5
2022-02,bomber jacket,4.979062935186455
2022-02,brown,0.6
2022-02,cardigan,3.7790629351864555
2022-02,cargo pants,0.6
2022-02,casual,5.294025094095323
2022-02,coat,9.179062935186455
2022-02,crop top,0.6
2022-02,dress,14.770659670021534
2022-02,faux leather,0.3
2022-02,gray,1.845098040014257
2022-02,hoodie,0.3
2022-02,jacket,10.558125870372912
2022-02,jeans,7.546498580795801
2022-02,lace,6.564392770197223
2022-02,leather,0.3
2022-02,leopard print,0.3
2022-02,magenta,0.3
2022-02,maxi dress,6.085329835010767
2022-02,mesh,3.7790629351864555
2022-02,mini skirt,3.6999999999999997
2022-02,minimalist,0.3
2022-02,pants,0.6
2022-02,pink,4.294025094095323
2022-02,plaid,0.8999999999999999
2022-02,preppy,2.2
2022-02,red,4.6
2022-02,sandals,3.7790629351864555
2022-02,satin,4.294025094095323
2022-02,shirt,18.116246451989504
2022-02,silk,4.079062935186456
2022-02,skirt,6.1
2022-02,slip dress,0.8999999999999999
2022-02,sneakers,3.7790629351864555
2022-02,streetwear,9.457214185570098
2022-02,suede,0.3
2022-02,sweater,1.5
2022-02,t-shirt,7.246498580795802
2022-02,trench coat,3.0
2022-02,vintage,4.294025094095323
2022-02,white,4.294025094095323
2022-02,yellow,0.6
2022-03,athleisure,6.0
2022-03,avant-garde,0.3
2022-03,black,7.0
2022-03,blouse,3.2
2022-03,bomber jacket,1.2
2022-03,cargo pants,0.8999999999999999
2022-03,coat,3.3
2022-03,crop top,0.3
2022-03,denim,0.6
2022-03,dress,11.194025094095323
2022-03,faux leather,0.8999999999999999
2022-03,floral,8.588050188190646
2022-03,jacket,1.8
2022-03,jeans,0.3
2022-03,lace,6.0
2022-03,leather,2.9
2022-03,linen,4.594025094095323
2022-03,magenta,0.3
2022-03,maxi dress,4.4
2022-03,mini skirt,2.1
2022-03,mint,4.294025094095323
2022-03,pants,0.8999999999999999
2022-03,pink,17.476100376381293
2022-03,plaid,0.3
2022-03,preppy,0.6
2022-03,red,10.0
2022-03,sandals,4.294025094095323
2022-03,shirt,2.0
2022-03,silk,1.3
2022-03,skirt,4.5
2022-03,slip dress,0.6
2022-03,streetwear,2.6999999999999997
2022-03,sunglasses,0.3
2022-03,sweater,0.6
2022-03,trench coat,1.7999999999999998
2022-03,white,9.0
2022-03,y2k,0.3
2022-04,athleisure,7.199999999999999
2022-04,avant-garde,0.3
2022-04,beige,0.6
2022-04,blouse,2.2
2022-04,blue,7.380392160057028
2022-04,bodysuit,1.845098040014257
2022-04,bohemian,5.535294120042771
2022-04,bomber jacket,1.2
2022-04,brown,1.845098040014257
2022-04,burgundy,0.3
2022-04,camouflage,5.535294120042771
2022-04,cardigan,1.845098040014257
2022-04,cargo pants,2.2
2022-04,casual,7.380392160057028
2022-04,coat,4.3
2022-04,cobalt blue,1.845098040014257
2022-04,coquette,0.3
2022-04,corduroy,0.3
2022-04,crop top,5.69267069915637
2022-04,dress,15.680392160057028
2022-04,faux leather,2.445098040014257
2022-04,floral,11.070588240085542
2022-04,gray,5.535294120042771
2022-04,green,1.845098040014257
2022-04,handbag,1.845098040014257
2022-04,hoodie,1.845098040014257
2022-04,jacket,4.245098040014257
2022-04,jeans,3.845098040014257
2022-04,leather,2.445098040014257
2022-04,linen,0.3
2022-04,loafers,2.7481880270062007
2022-04,magenta,0.3
2022-04,maxi dress,5.445098040014257
2022-04,mini skirt,4.645098040014257
2022-04,mohair,0.3
2022-04,navy,1.0
2022-04,pants,7.735294120042771
2022-04,pink,9.682866779184884
2022-04,plaid,0.3
2022-04,polka dot,4.789580712164426
2022-04,preppy,2.2
2022-04,quiet luxury,5.535294120042771
2022-04,red,0.6
2022-04,sandals,3.690196080028514
2022-04,sequins,1.845098040014257
2022-04,shirt,10.668907502301861
2022-04,silk,0.6
2022-04,silver,1.845098040014257
2022-04,skirt,10.190196080028514
2022-04,slip dress,1.2
2022-04,sneakers,4.145098040014257
2022-04,streetwear,19.71732053033581
2022-04,striped,3.690196080028514
2022-04,sunglasses,0.3
2022-04,sweater,1.6
2022-04,t-shirt,5.334453751150931
2022-04,tie dye,7.380392160057028
2022-04,trench coat,2.8
2022-04,turquoise,1.845098040014257
2022-04,vintage,3.690196080028514
2022-04,white,5.535294120042771
2022-04,y2k,3.9901960800285137
2022-04,yellow,1.845098040014257
2022-05,animal print,0.3
2022-05,athleisure,7.0
2022-05,avant-garde,2.2
2022-05,beige,0.3
2022-05,bermuda shorts,0.3
2022-05,black,6.0
2022-05,blouse,2.6413926851582255
2022-05,bodysuit,0.3
2022-05,bohemian,2.681241237375587
2022-05,bomber jacket,1.3
2022-05,brown,3.981241237375587
2022-05,cardigan,2.0413926851582254
2022-05,cargo pants,3.841392685158225
2022-05,casual,0.3
2022-05,coat,1.5
2022-05,corduroy,0.8999999999999999
2022-05,crop top,0.3
2022-05,dress,31.39114017518259
2022-05,faux leather,1.7999999999999998
2022-05,floral,4.594025094095323
2022-05,gray,0.3
2022-05,green,0.3
2022-05,handbag,0.6
2022-05,heels,1.0
2022-05,hoodie,0.3
2022-05,jacket,2.9
2022-05,lace,6.0
2022-05,leather,4.781241237375587
2022-05,maxi dress,13.095055089759304
2022-05,mini skirt,4.798970004336018
2022-05,navy,0.6
2022-05,pants,10.637272702502301
2022-05,pink,10.588050188190646
2022-05,plaid,0.6
2022-05,polka dot,1.0
2022-05,preppy,1.5
2022-05,red,11.740362689494244
2022-05,satin,2.681241237375587
2022-05,silver,1.0
2022-05,skirt,12.539332693830262
2022-05,slip dress,1.5
2022-05,streetwear,3.6999999999999997
2022-05,sweater,4.340362689494244
2022-05,trench coat,0.8999999999999999
2022-05,vintage,1.0
2022-05,white,9.0
2022-05,y2k,0.3
2022-05,yellow,2.0413926851582254
2022-06,animal print,2.0781512503836437
2022-06,athleisure,17.459484416757288
2022-06,avant-garde,0.8999999999999999
2022-06,beige,10.6
2022-06,bermuda shorts,0.8999999999999999
2022-06,black,1.3010299956639813
2022-06,blazer,4.0
2022-06,blouse,9.243610573045608
2022-06,blue,23.53529412004277
2022-06,bomber jacket,0.3
2022-06,brown,27.902059991327963
2022-06,burgundy,1.6020599913279625
2022-06,cardigan,1.845098040014257
2022-06,cargo pants,5.22221929473392
2022-06,casual,1.4771212547196624
2022-06,coat,1.5
2022-06,corset,1.3010299956639813
2022-06,cotton,8.3
2022-06,crop top,0.3
2022-06,denim,2.1450980400142567
2022-06,dress,71.53296486405836
2022-06,faux leather,1.5
2022-06,green,12.0
2022-06,handbag,1.6
2022-06,heels,1.3
2022-06,jacket,0.6
2022-06,jeans,33.84509804001426
2022-06,lace,41.6232492903979
2022-06,leather,3.4020599913279623
2022-06,linen,2.0771212547196622
2022-06,magenta,0.3
2022-06,maxi dress,26.568754377733118
2022-06,mini skirt,8.595055089759304
2022-06,minimalist,14.776091259055681
2022-06,navy,1.0
2022-06,pants,10.322589839851483
2022-06,pink,4.594025094095323
2022-06,plaid,3.555272505103306
2022-06,polka dot,1.0
2022-06,preppy,1.9
2022-06,red,77.77815125038364
2022-06,sandals,0.3
2022-06,satin,1.7781512503836436
2022-06,sequins,1.0
2022-06,shirt,7.510545010206612
2022-06,silk,0.3
2022-06,skirt,20.378356318462856
2022-06,slip dress,19.173699287973815
2022-06,sneakers,1.0
2022-06,streetwear,29.37609125905568
2022-06,sweater,2.3010299956639813
2022-06,t-shirt,5.732393759822969
2022-06,trench coat,1.2
2022-06,vintage,110.0
2022-06,white,26.594025094095322
2022-06,y2k,2.1760912590556813
2022-06,yellow,1.7781512503836436
2022-07,animal print,2.341392685158225
2022-07,athleisure,24.872445659009323
2022-07,avant-garde,32.43374010165448
2022-07,beige,0.3
2022-07,bermuda shorts,2.3
2022-07,blazer,0.3
2022-07,blouse,15.797159505819641
2022-07,blue,7.576686805200996
2022-07,bodysuit,2.9
2022-07,bomber jacket,1.5
2022-07,brown,1.845098040014257
2022-07,burgundy,2.0413926851582254
2022-07,cardigan,6.882125919770032
2022-07,cargo pants,3.045098040014257
2022-07,casual,4.294025094095323
2022-07,cherry red,2.0413926851582254
2022-07,coat,11.424178055474677
2022-07,cobalt blue,2.0413926851582254
2022-07,coquette,18.331141481265803
2022-07,crop top,2.341392685158225
2022-07,dress,62.85349726961277
2022-07,faux leather,4.982785370316451
2022-07,floral,8.335417779253548
2022-07,gray,2.0413926851582254
2022-07,green,4.082785370316451
2022-07,grunge,2.0413926851582254
2022-07,handbag,6.724178055474676
2022-07,heels,8.180515819267805
2022-07,jacket,2.1
2022-07,jeans,0.3
2022-07,lace,11.659472175517447
2022-07,leather,4.982785370316451
2022-07,linen,2.341392685158225
2022-07,magenta,7.124178055474676
2022-07,maxi dress,19.245098040014256
2022-07,mesh,6.124178055474676
2022-07,mini skirt,6.927883410330708
2022-07,mint,2.0413926851582254
2022-07,navy,2.341392685158225
2022-07,pants,4.890196080028514
2022-07,pink,15.923467967444195
2022-07,plaid,1.3
2022-07,polka dot,2.0413926851582254
2022-07,preppy,6.041392685158225
2022-07,red,8.569276095488933
2022-07,sandals,1.845098040014257
2022-07,sequins,4.041392685158225
2022-07,shirt,3.5563025007672873
2022-07,silk,0.6
2022-07,silver,2.0413926851582254
2022-07,skirt,21.755766820661414
2022-07,slip dress,13.982785370316451
2022-07,streetwear,10.81517913013942
2022-07,suede,0.3
2022-07,sunglasses,2.0413926851582254
2022-07,sweater,2.341392685158225
2022-07,t-shirt,1.7781512503836436
2022-07,trench coat,8.18278537031645
2022-07,turquoise,2.0413926851582254
2022-07,vintage,14.50098851988645
2022-07,white,8.376810464411774
2022-07,y2k,2.6413926851582255
2022-07,yellow,6.082785370316451
2022-08,athleisure,12.586490725172482
2022-08,avant-garde,3.978151250383644
2022-08,bermuda shorts,0.6
2022-08,black,0.3
2022-08,blouse,10.980515819267804
2022-08,blue,5.535294120042771
2022-08,bodysuit,0.6
2022-08,bomber jacket,1.2
2022-08,brown,1.7781512503836436
2022-08,burgundy,0.3
2022-08,cardigan,4.186490725172482
2022-08,cargo pants,3.2771212547196624
2022-08,casual,3.2542425094393246
2022-08,chiffon,2.5563025007672873
2022-08,coat,2.4
2022-08,corduroy,0.3
2022-08,cotton,0.6
2022-08,crop top,0.8999999999999999
2022-08,dress,24.188050188190644
2022-08,faux leather,0.3
2022-08,floral,2.5563025007672873
2022-08,gray,1.7781512503836436
2022-08,hoodie,1.7781512503836436
2022-08,jacket,2.8
2022-08,jeans,1.845098040014257
2022-08,lace,2.445098040014257
2022-08,leather,0.3
2022-08,linen,3.2542425094393246
2022-08,magenta,1.0
2022-08,maxi dress,12.394025094095323
2022-08,mesh,1.7781512503836436
2022-08,mini skirt,5.494025094095323
2022-08,minimalist,1.3
2022-08,navy,0.3
2022-08,pants,6.231363764158987
2022-08,periwinkle,2.5563025007672873
2022-08,pink,5.294025094095323
2022-08,plaid,1.4771212547196624
2022-08,polka dot,2.5563025007672873
2022-08,preppy,1.2
2022-08,red,4.597695185925513
2022-08,shirt,3.856302500767287
2022-08,skirt,12.648267603534649
2022-08,slip dress,2.2
2022-08,streetwear,4.578151250383644
2022-08,sweater,6.2278834103307075
2022-08,t-shirt,1.7781512503836436
2022-08,trench coat,1.2
2022-08,yellow,2.0413926851582254
2022-09,animal print,10.03663032852213
2022-09,athleisure,109.14791319624732
2022-09,avant-garde,58.70133919621001
2022-09,beige,6.804295023688949
2022-09,bermuda shorts,1.3010299956639813
2022-09,black,15.456976310736948
2022-09,blouse,121.02348445658072
2022-09,blue,6.577895817530089
2022-09,bodysuit,1.5
2022-09,bohemian,25.894905050159025
2022-09,bomber jacket,44.303758571044014
2022-09,brown,38.60706452975697
2022-09,burgundy,22.95319994092559
2022-09,camel,5.593038573604643
2022-09,cargo pants,5.601029995663982
2022-09,casual,27.199635077079886
2022-09,cherry red,5.517234223110615
2022-09,coat,97.5492072038224
2022-09,coquette,2.7612359947967775
2022-09,corduroy,0.3
2022-09,corset,2.6020599913279625
2022-09,cotton,10.17093439113473
2022-09,crop top,2.5010299956639814
2022-09,denim,4.8
2022-09,dress,141.9620314632053
2022-09,faux leather,44.23402499894289
2022-09,floral,26.320353694251487
2022-09,gray,8.09782563240744
2022-09,green,4.222216727853465
2022-09,grunge,5.078872511787562
2022-09,handbag,21.914996417341367
2022-09,heels,24.120780603674348
2022-09,hoodie,3.4
2022-09,jacket,92.13293171097482
2022-09,jeans,5.490656353671036
2022-09,khaki,1.2
2022-09,lace,18.903935165175273
2022-09,lavender,5.177161945631127
2022-09,leather,57.80727518372015
2022-09,leopard print,2.7612359947967775
2022-09,linen,24.614637690976064
2022-09,loafers,3.1030899869919435
2022-09,magenta,7.691610454203248
2022-09,maxi dress,57.35198816100349
2022-09,mesh,7.479422365044946
2022-09,mini skirt,18.2495405622528
2022-09,minimalist,25.927174691160896
2022-09,mint,6.694025094095323
2022-09,navy,4.934504321143394
2022-09,pants,7.379181246047624
2022-09,periwinkle,3.7314789170422555
2022-09,pink,19.943264444907776
2022-09,plaid,4.8781512503836435
2022-09,preppy,4.077528010406445
2022-09,quiet luxury,1.2
2022-09,red,69.68587767956745
2022-09,sandals,19.18463300813328
2022-09,satin,17.37238572855634
2022-09,shirt,12.06066155470655
2022-09,silk,3.3
2022-09,skirt,55.06932706679223
2022-09,slip dress,0.8999999999999999
2022-09,streetwear,55.4931474652826
2022-09,suede,0.3
2022-09,sunglasses,4.077528010406445
2022-09,sweater,2.9020599913279623
2022-09,t-shirt,2.4771212547196626
2022-09,tie dye,1.2
2022-09,trench coat,53.04286941962188
2022-09,turquoise,1.2
2022-09,velvet,3.760246690044261
2022-09,vintage,22.071784111804185
2022-09,white,26.44871528980441
2022-09,wool,4.393038573604643
2022-09,y2k,6.0
2022-09,yellow,5.409515014542631
2022-10,animal print,18.892149672791636
2022-10,athleisure,118.38312212672179
2022-10,avant-garde,44.913575768098134
2022-10,beige,8.0
2022-10,bermuda shorts,0.3
2022-10,black,28.389061145298218
2022-10,blazer,0.6
2022-10,blouse,97.68029036386923
2022-10,blue,6.898755433507394
2022-10,bodysuit,5.25894875062167
2022-10,bohemian,8.558948750621669
2022-10,bomber jacket,18.040205007534208
2022-10,brown,43.32027655302668
2022-10,burgundy,13.230254096954233
2022-10,cargo pants,4.178151250383643
2022-10,casual,12.088491297302525
2022-10,coat,113.73572510958611
2022-10,coquette,4.3589487506216695
2022-10,corduroy,5.983638684242524
2022-10,corset,0.6
2022-10,crop top,0.3
2022-10,denim,5.149671222189871
2022-10,dress,168.63326581673982
2022-10,faux leather,32.93219855209802
2022-10,floral,24.78509890932278
2022-10,gray,3.701029995663981
2022-10,green,7.59123890273677
2022-10,grunge,2.4
2022-10,handbag,20.714190758976166
2022-10,heels,32.61595284484146
2022-10,hoodie,4.501029995663981
2022-10,jacket,46.18770151189619
2022-10,jeans,5.998755433507394
2022-10,lace,34.52313356568225
2022-10,leather,32.93219855209802
2022-10,linen,52.38134880784385
2022-10,magenta,1.2
2022-10,maxi dress,62.24104881862024
2022-10,mini skirt,8.621482684841038
2022-10,minimalist,29.486491127132865
2022-10,mint,5.593038573604643
2022-10,navy,9.18941178717843
2022-10,pants,5.3781512503836435
2022-10,pink,8.0552610888921
2022-10,polka dot,2.5314789170422554
2022-10,preppy,9.348426655697263
2022-10,quiet luxury,34.871590004973356
2022-10,red,51.721637099812334
2022-10,sandals,8.19921854758853
2022-10,satin,26.984132787105267
2022-10,shirt,16.459622133129976
2022-10,silk,11.481746166491618
2022-10,skirt,29.24705498018068
2022-10,slip dress,5.25894875062167
2022-10,streetwear,25.20204968663224
2022-10,striped,1.2
2022-10,suede,2.8010299956639813
2022-10,sweater,20.40567156457012
2022-10,t-shirt,5.352839027911279
2022-10,tie dye,5.931478917042256
2022-10,trench coat,59.2071811396501
2022-10,turquoise,2.7612359947967775
2022-10,velvet,7.600815424835356
2022-10,vintage,25.951805181820795
2022-10,white,24.599648173106452
2022-10,y2k,5.077121254719662
2022-10,yellow,9.754226154601449
2022-11,animal print,5.408600171761917
2022-11,athleisure,105.10191461738629
2022-11,avant-garde,74.43364274672984
2022-11,beige,9.786663153680703
2022-11,black,19.747731984088784
2022-11,blazer,0.3
2022-11,blouse,95.64347515206988
2022-11,blue,5.577895817530089
2022-11,bodysuit,5.1
2022-11,bohemian,11.642440587900037
2022-11,bomber jacket,23.946322335238822
2022-11,brown,13.907495714126133
2022-11,burgundy,9.008600171761918
2022-11,cardigan,3.0086001717619175
2022-11,cargo pants,2.2
2022-11,casual,9.44789914847748
2022-11,cherry red,2.4
2022-11,coat,46.48084244542085
2022-11,coquette,9.986663153680702
2022-11,corset,1.0
2022-11,denim,0.6
2022-11,dress,198.38188287980347
2022-11,faux leather,18.738274767699966
2022-11,floral,18.8109859437103
2022-11,gray,2.5
2022-11,green,14.625392843240864
2022-11,grunge,1.9542425094393248
2022-11,handbag,15.217636516990785
2022-11,heels,33.437077441925716
2022-11,hoodie,4.393038573604643
2022-11,jacket,60.400623515724156
2022-11,jeans,0.3
2022-11,lace,17.70913514327426
2022-11,lavender,4.34789914847748
2022-11,leather,27.37564271246389
2022-11,leopard print,4.208600171761917
2022-11,linen,32.89909809069934
2022-11,loafers,2.4
2022-11,magenta,7.466009996484923
2022-11,maxi dress,88.80946893164808
2022-11,mesh,1.2
2022-11,mini skirt,11.398140138124575
2022-11,minimalist,18.684488786088146
2022-11,mint,3.5999999999999996
2022-11,navy,13.381330224808277
2022-11,pants,3.4
2022-11,periwinkle,2.5314789170422554
2022-11,pink,5.890656353671036
2022-11,plaid,1.2
2022-11,polka dot,6.131478917042255
2022-11,preppy,7.952839027911279
2022-11,quiet luxury,11.186663153680703
2022-11,red,42.591160631355905
2022-11,sandals,17.244117033449097
2022-11,satin,9.780686697202798
2022-11,shirt,3.5999999999999996
2022-11,silk,32.622868559507715
2022-11,skirt,40.68044381621324
2022-11,slip dress,0.6
2022-11,sneakers,4.577895817530089
2022-11,streetwear,29.90451422987188
2022-11,sweater,20.153214427237135
2022-11,tie dye,2.4496712221898704
2022-11,trench coat,14.364902672529205
2022-11,turquoise,2.7612359947967775
2022-11,velvet,10.957471208769453
2022-11,vintage,16.88819807846071
2022-11,white,16.35283902791128
2022-11,y2k,5.708600171761917
2022-11,yellow,12.50454085387442
2022-12,animal print,4.7612359947967775
2022-12,athleisure,88.02933616359482
2022-12,avant-garde,75.67806921789827
2022-12,beige,8.327542894748037
2022-12,bermuda shorts,0.6
2022-12,black,11.904774001688144
2022-12,blouse,103.95389373946783
2022-12,blue,1.0
2022-12,bodysuit,0.6
2022-12,bohemian,6.0
2022-12,bomber jacket,50.430108125786965
2022-12,brown,22.44316340858306
2022-12,burgundy,5.161235994796778
2022-12,cargo pants,8.55283902791128
2022-12,casual,13.203686592422315
2022-12,chiffon,2.5314789170422554
2022-12,coat,113.86778516309381
2022-12,coquette,0.3
2022-12,corduroy,2.4771212547196626
2022-12,cotton,1.2
2022-12,crop top,0.6
2022-12,denim,0.3
2022-12,dress,172.3811191898578
2022-12,faux leather,24.795639274461507
2022-12,floral,17.961730965148146
2022-12,gray,2.2
2022-12,green,6.690656353671036
2022-12,grunge,2.4
2022-12,handbag,4.393038573604643
2022-12,heels,27.420743722972624
2022-12,hoodie,2.6
2022-12,jacket,92.11453804500508
2022-12,jeans,1.5
2022-12,khaki,0.3
2022-12,lace,26.93111569466735
2022-12,leather,29.787325623796526
2022-12,linen,13.20506164173911
2022-12,loafers,2.4
2022-12,magenta,6.1367320227682045
2022-12,maxi dress,77.31121446943422
2022-12,mini skirt,10.922607043724526
2022-12,minimalist,9.505836496201491
2022-12,mint,1.2
2022-12,navy,4.140298929983233
2022-12,olive,26.358231441627858
2022-12,pants,8.55283902791128
2022-12,periwinkle,3.631363764158987
2022-12,pink,1.5
2022-12,plaid,1.5612359947967775
2022-12,polka dot,9.958867293481497
2022-12,preppy,8.010622029812916
2022-12,red,60.15046146116837
2022-12,sandals,4.881241237375587
2022-12,satin,2.4
2022-12,shirt,12.458595581095125
2022-12,silk,24.590344746407233
2022-12,silver,1.7781512503836436
2022-12,skirt,31.689961541590563
2022-12,slip dress,3.289634032601127
2022-12,sneakers,2.0
2022-12,streetwear,19.156596241093407
2022-12,suede,27.558231441627857
2022-12,sweater,17.063426663426945
2022-12,t-shirt,5.629297790547563
2022-12,trench coat,52.60839734616172
2022-12,velvet,24.41596514411667
2022-12,vintage,9.635747364998226
2022-12,white,12.649535552619337
2022-12,wool,4.399593244313218
2022-12,y2k,2.3450910113271894
2022-12,yellow,6.797825632407441
2023-01,athleisure,14.030704313612567
2023-01,avant-garde,1.9542425094393248
2023-01,black,1.4771212547196624
2023-01,blouse,0.8999999999999999
2023-01,bodysuit,1.3
2023-01,bohemian,0.3
2023-01,bomber jacket,2.898970004336019
2023-01,brown,1.4771212547196624
2023-01,cargo pants,3.4542425094393248
2023-01,casual,1.9
2023-01,coat,4.098970004336019
2023-01,denim,0.8999999999999999
2023-01,dress,7.456302500767287
2023-01,faux leather,2.445098040014257
2023-01,gray,0.6
2023-01,grunge,0.6
2023-01,heels,1.4771212547196624
2023-01,jacket,3.1989700043360187
2023-01,jeans,0.8999999999999999
2023-01,lace,1.0
2023-01,leather,3.9222192947339196
2023-01,loafers,1.4771212547196624
2023-01,maxi dress,4.478151250383643
2023-01,mini skirt,3.1542425094393245
2023-01,minimalist,0.8999999999999999
2023-01,pants,3.4542425094393248
2023-01,pink,1.0
2023-01,plaid,0.3
2023-01,preppy,5.853212513775344
2023-01,red,5.0
2023-01,sandals,2.4771212547196626
2023-01,satin,1.0
2023-01,shirt,4.0
2023-01,silk,0.6
2023-01,silver,1.0
2023-01,skirt,7.208485018878649
2023-01,slip dress,0.6
2023-01,streetwear,22.50360630701959
2023-01,striped,1.0
2023-01,sweater,0.3
2023-01,t-shirt,2.0
2023-01,trench coat,1.2
2023-01,vintage,2.1450980400142567
2023-01,white,3.3222192947339195
2023-02,animal print,1.0
2023-02,athleisure,8.1
2023-02,blouse,2.2
2023-02,bodysuit,0.3
2023-02,bomber jacket,3.3
2023-02,cargo pants,0.8999999999999999
2023-02,casual,0.3
2023-02,coat,9.591226075692495
2023-02,crop top,0.6
2023-02,denim,0.3
2023-02,dress,18.604119982655924
2023-02,faux leather,0.6
2023-02,floral,1.0
2023-02,green,8.0
2023-02,handbag,0.3
2023-02,heels,1.9989700043360188
2023-02,jacket,11.249218022670181
2023-02,jeans,1.9989700043360188
2023-02,lace,6.6020599913279625
2023-02,leather,0.6
2023-02,linen,1.3
2023-02,maxi dress,5.0
2023-02,mini skirt,0.6
2023-02,minimalist,1.3010299956639813
2023-02,pants,0.8999999999999999
2023-02,pink,1.3010299956639813
2023-02,plaid,0.3
2023-02,preppy,1.9989700043360188
2023-02,red,2.3010299956639813
2023-02,sandals,4.6020599913279625
2023-02,satin,4.6020599913279625
2023-02,shirt,4.0
2023-02,skirt,2.1
2023-02,slip dress,2.201029995663981
2023-02,streetwear,11.832204133050826
2023-02,sweater,0.3
2023-02,t-shirt,2.0
2023-02,trench coat,4.645098040014257
2023-02,vintage,1.6010299956639813
2023-02,white,2.2030899869919436
2023-02,y2k,0.8999999999999999
2023-02,yellow,1.0
2023-03,animal print,1.845098040014257
2023-03,athleisure,12.45836249209525
2023-03,avant-garde,1.5
2023-03,beige,4.0
2023-03,bermuda shorts,0.6
2023-03,black,0.3
2023-03,blouse,2.6999999999999997
2023-03,bodysuit,1.9010299956639813
2023-03,bomber jacket,1.9
2023-03,camel,4.0
2023-03,cargo pants,0.8999999999999999
2023-03,casual,6.3
2023-03,coat,11.914664992862537
2023-03,crop top,1.9010299956639813
2023-03,denim,2.6
2023-03,dress,9.9
2023-03,faux leather,3.7993405494535817
2023-03,floral,1.6020599913279625
2023-03,green,16.0
2023-03,handbag,0.6
2023-03,heels,3.7481880270062007
2023-03,jacket,3.5
2023-03,jeans,8.3
2023-03,lace,1.6020599913279625
2023-03,leather,3.7993405494535817
2023-03,linen,3.146128035678238
2023-03,maxi dress,5.1
2023-03,mini skirt,0.8999999999999999
2023-03,minimalist,0.8999999999999999
2023-03,pants,2.201029995663981
2023-03,preppy,0.3
2023-03,red,12.0
2023-03,sandals,1.6020599913279625
2023-03,satin,1.6020599913279625
2023-03,sequins,0.3
2023-03,shirt,4.0
2023-03,skirt,4.8
2023-03,slip dress,1.7999999999999998
2023-03,sneakers,2.0
2023-03,streetwear,11.814664992862536
2023-03,sweater,3.2
2023-03,t-shirt,1.0
2023-03,trench coat,5.957332496431269
2023-03,vintage,0.3
2023-03,white,1.9020599913279626
2023-04,animal print,1.7781512503836436
2023-04,athleisure,14.854971441544471
2023-04,avant-garde,8.083903579272736
2023-04,beige,1.9542425094393248
2023-04,bermuda shorts,0.3
2023-04,black,39.502238998652025
2023-04,blazer,4.0
2023-04,blouse,15.481241237375588
2023-04,bodysuit,0.8999999999999999
2023-04,bohemian,2.6720978579357175
2023-04,bomber jacket,1.6
2023-04,brown,2.6720978579357175
2023-04,burgundy,5.15956719323362
2023-04,cargo pants,1.2
2023-04,casual,4.781843587944772
2023-04,cherry red,1.9542425094393248
2023-04,coat,7.001029995663981
2023-04,corduroy,0.6
2023-04,cotton,1.0
2023-04,crop top,0.3
2023-04,dress,27.571971276399758
2023-04,faux leather,10.291358602487405
2023-04,floral,4.977723605288848
2023-04,gray,29.893627398237413
2023-04,green,10.510545010206613
2023-04,handbag,12.325455056635947
2023-04,heels,2.3979400086720375
2023-04,jacket,2.6
2023-04,jeans,4.0
2023-04,lace,3.9020599913279623
2023-04,leather,14.14766110325469
2023-04,linen,11.75956719323362
2023-04,maxi dress,8.095880017344076
2023-04,mini skirt,12.683043716623493
2023-04,minimalist,16.69354517535133
2023-04,mint,14.954242509439325
2023-04,navy,7.654369090975286
2023-04,pants,1.2
2023-04,pink,1.6
2023-04,plaid,0.3
2023-04,preppy,4.999340549453581
2023-04,red,32.936513742478894
2023-04,satin,12.0
2023-04,shirt,30.89211812077025
2023-04,silver,3.204119982655925
2023-04,skirt,28.70023961457347
2023-04,slip dress,1.2
2023-04,streetwear,10.398051951724344
2023-04,sunglasses,43.41447236508384
2023-04,sweater,0.6
2023-04,t-shirt,25.45120903870503
2023-04,trench coat,4.101029995663981
2023-04,turquoise,1.9542425094393248
2023-04,vintage,9.378151250383644
2023-04,white,8.186391215695494
2023-04,y2k,4.6
2023-04,yellow,9.761627184561583
2023-05,animal print,3.924279286061882
2023-05,athleisure,22.423746417051426
2023-05,avant-garde,5.750249108319361
2023-05,bermuda shorts,1.5
2023-05,black,30.486544010125506
2023-05,blouse,11.55836249209525
2023-05,blue,2.6720978579357175
2023-05,bodysuit,0.3
2023-05,bomber jacket,14.377121254719663
2023-05,brown,1.4771212547196624
2023-05,burgundy,1.0
2023-05,cardigan,0.3
2023-05,cargo pants,1.5
2023-05,casual,15.038096291591058
2023-05,coat,41.1328897964913
2023-05,crop top,0.8999999999999999
2023-05,denim,3.3222192947339195
2023-05,dress,22.405149978319905
2023-05,faux leather,25.221026975177047
2023-05,floral,6.644438589467839
2023-05,gray,27.2312715050222
2023-05,green,7.95667304588485
2023-05,heels,2.0
2023-05,jacket,24.577121254719664
2023-05,jeans,0.6
2023-05,leather,31.194154828776746
2023-05,linen,14.911096473669598
2023-05,magenta,0.3
2023-05,maxi dress,12.304119982655925
2023-05,mini skirt,8.081241237375588
2023-05,minimalist,9.800497126653525
2023-05,mint,6.422589839851483
2023-05,navy,3.204119982655925
2023-05,pants,1.5
2023-05,pink,2.6720978579357175
2023-05,plaid,2.445098040014257
2023-05,preppy,3.2222192947339194
2023-05,red,9.28330122870355
2023-05,sandals,4.9943171526696375
2023-05,satin,2.0
2023-05,shirt,0.6
2023-05,skirt,17.08433122436753
2023-05,slip dress,2.8
2023-05,streetwear,27.490222292922564
2023-05,sunglasses,36.12577610449358
2023-05,sweater,1.2
2023-05,t-shirt,0.3
2023-05,trench coat,19.70655051910145
2023-05,turquoise,1.7781512503836436
2023-05,vintage,1.6020599913279625
2023-05,white,13.761579060623156
2023-05,yellow,3.3222192947339195
2023-06,athleisure,16.927369273053827
2023-06,avant-garde,12.183022865268807
2023-06,bermuda shorts,0.6
2023-06,black,8.449632650470075
2023-06,blouse,9.321603926869832
2023-06,bodysuit,1.4771212547196624
2023-06,bohemian,0.6
2023-06,bomber jacket,4.345098040014257
2023-06,boots,0.3
2023-06,brown,2.679181246047625
2023-06,burgundy,4.87978359661681
2023-06,camel,2.361727836017593
2023-06,cargo pants,3.1030899869919435
2023-06,casual,9.38518350805278
2023-06,coat,14.40823996531185
2023-06,corset,2.079181246047625
2023-06,cotton,2.3979400086720375
2023-06,crop top,0.6
2023-06,denim,1.845098040014257
2023-06,dress,30.375846436309157
2023-06,faux leather,4.803089986991944
2023-06,floral,11.773603622632923
2023-06,gray,6.40823996531185
2023-06,handbag,0.3
2023-06,heels,5.7596678446896306
2023-06,hoodie,4.477121254719663
2023-06,jacket,9.146128035678238
2023-06,lace,9.78175537465247
2023-06,leather,7.803089986991944
2023-06,linen,10.45484486000851
2023-06,magenta,2.3979400086720375
2023-06,maxi dress,12.078151250383645
2023-06,mesh,1.0
2023-06,mini skirt,3.5020599913279624
2023-06,minimalist,3.9030899869919438
2023-06,navy,1.6020599913279625
2023-06,pants,3.7030899869919436
2023-06,pink,1.0
2023-06,plaid,2.6781512503836433
2023-06,preppy,2.9781512503836436
2023-06,red,10.565847818673518
2023-06,sandals,3.57978359661681
2023-06,satin,1.3010299956639813
2023-06,shirt,20.146051296874866
2023-06,skirt,8.904119982655924
2023-06,slip dress,0.8999999999999999
2023-06,sneakers,2.361727836017593
2023-06,streetwear,22.922262262493113
2023-06,suede,0.3
2023-06,sunglasses,8.010299956639813
2023-06,sweater,3.6
2023-06,t-shirt,15.326507361332997
2023-06,trench coat,4.704119982655925
2023-06,velvet,0.3
2023-06,vintage,2.57978359661681
2023-06,white,9.041392685158225
2023-06,y2k,2.661727836017593
2023-06,yellow,4.57978359661681
2023-07,athleisure,16.00758160475063
2023-07,avant-garde,4.563787827345555
2023-07,beige,1.2
2023-07,bermuda shorts,1.2
2023-07,black,34.322170259114536
2023-07,blazer,6.0
2023-07,blouse,19.69230038485908
2023-07,blue,2.0
2023-07,bodysuit,10.3
2023-07,bohemian,2.6720978579357175
2023-07,bomber jacket,0.8999999999999999
2023-07,boots,1.845098040014257
2023-07,cargo pants,3.0
2023-07,casual,8.162757831681574
2023-07,coat,4.5
2023-07,crop top,0.3
2023-07,denim,4.0
2023-07,dress,37.671853035189194
2023-07,faux leather,6.802059991327963
2023-07,floral,4.795880017344075
2023-07,gray,18.750933681774633
2023-07,green,7.556302500767288
2023-07,grunge,0.3
2023-07,handbag,10.556302500767288
2023-07,heels,5.845098040014257
2023-07,hoodie,0.6
2023-07,jacket,3.8
2023-07,jeans,0.3
2023-07,lace,12.165570740632901
2023-07,leather,14.102059991327963
2023-07,linen,3.6979400086720373
2023-07,loafers,1.845098040014257
2023-07,magenta,2.3979400086720375
2023-07,maxi dress,11.672097857935718
2023-07,mini skirt,0.8999999999999999
2023-07,minimalist,9.750249108319363
2023-07,navy,3.9802112417116065
2023-07,pants,9.9
2023-07,pink,2.3979400086720375
2023-07,plaid,0.3
2023-07,preppy,4.52221929473392
2023-07,red,15.681241237375588
2023-07,sandals,2.0
2023-07,satin,2.3979400086720375
2023-07,shirt,53.91039746213459
2023-07,silk,2.3979400086720375
2023-07,silver,3.204119982655925
2023-07,skirt,7.540362689494244
2023-07,slip dress,4.756302500767287
2023-07,sneakers,8.361727836017593
2023-07,streetwear,8.812605001534575
2023-07,sunglasses,34.11547614785377
2023-07,sweater,0.3
2023-07,t-shirt,45.022462113498236
2023-07,tie dye,1.3010299956639813
2023-07,trench coat,2.2
2023-07,vintage,5.379181246047625
2023-07,white,25.091025335628302
2023-07,y2k,3.5617278360175932
2023-07,yellow,5.902059991327962
2023-08,animal print,7.778151250383644
2023-08,athleisure,26.59075625191822
2023-08,avant-garde,2.6979400086720373
2023-08,bermuda shorts,1.2
2023-08,black,5.3979400086720375
2023-08,blouse,7.596910013008056
2023-08,bodysuit,0.6
2023-08,bohemian,1.9020599913279626
2023-08,bomber jacket,11.011575005870593
2023-08,brown,4.57415784926368
2023-08,burgundy,1.6020599913279625
2023-08,cargo pants,4.954242509439325
2023-08,casual,7.776091259055681
2023-08,coat,37.79281624324618
2023-08,cotton,1.6020599913279625
2023-08,crop top,0.6
2023-08,denim,0.6
2023-08,dress,19.73445375115093
2023-08,faux leather,7.803089986991944
2023-08,floral,3.6989700043360187
2023-08,gray,0.3
2023-08,grunge,0.3
2023-08,handbag,0.6
2023-08,heels,3.2720978579357176
2023-08,hoodie,0.6
2023-08,jacket,14.311575005870594
2023-08,jeans,1.7999999999999998
2023-08,lace,11.681241237375588
2023-08,leather,12.803089986991944
2023-08,leopard print,0.3
2023-08,linen,6.095880017344075
2023-08,maxi dress,8.456302500767288
2023-08,mini skirt,8.551279103983342
2023-08,minimalist,4.6
2023-08,mint,1.0
2023-08,pants,5.254242509439324
2023-08,periwinkle,0.3
2023-08,pink,0.3
2023-08,plaid,4.6
2023-08,polka dot,1.9020599913279626
2023-08,preppy,5.3
2023-08,red,12.40823996531185
2023-08,sandals,5.57415784926368
2023-08,satin,4.380211241711606
2023-08,shirt,9.588696260590257
2023-08,skirt,17.23149034569495
2023-08,slip dress,1.5
2023-08,streetwear,31.32239128253805
2023-08,striped,3.079181246047625
2023-08,sweater,1.6010299956639813
2023-08,t-shirt,3.555272505103306
2023-08,tie dye,1.9542425094393248
2023-08,trench coat,18.735483746814914
2023-08,vintage,3.9989700043360186
2023-08,white,6.096910013008056
2023-08,wool,2.3979400086720375
2023-08,y2k,0.6
2023-08,yellow,4.681241237375588
2023-09,animal print,5.470805425989315
2023-09,athleisure,114.62826129293887
2023-09,avant-garde,63.55856011050914
2023-09,beige,13.411309510866817
2023-09,bermuda shorts,2.7337815004603723
2023-09,black,30.68370798439033
2023-09,blouse,31.22501396021571
2023-09,blue,1.2
2023-09,bodysuit,14.474649000077962
2023-09,bohemian,7.170122905018013
2023-09,bomber jacket,21.083150363658582
2023-09,boots,8.4
2023-09,brown,10.9234155330615
2023-09,burgundy,3.8999999999999995
2023-09,cardigan,4.597940008672038
2023-09,cargo pants,7.825024865003755
2023-09,casual,11.562757831681575
2023-09,coat,105.62233021141442
2023-09,coquette,11.22673900438956
2023-09,corduroy,0.3
2023-09,corset,42.909898972410105
2023-09,cotton,8.150870027397904
2023-09,crop top,8.575055755764744
2023-09,denim,10.33120238795446
2023-09,dress,202.10293549806698
2023-09,faux leather,62.2836363506648
2023-09,floral,1.2
2023-09,gorpcore,3.683947130751512
2023-09,gray,5.370805425989316
2023-09,green,9.6
2023-09,handbag,17.283221703957263
2023-09,heels,71.37477999925568
2023-09,hoodie,2.4
2023-09,jacket,63.27814025885968
2023-09,jeans,9.93120238795446
2023-09,khaki,1.2
2023-09,lace,18.080204129305145
2023-09,leather,86.46434654423257
2023-09,leopard print,0.3
2023-09,linen,5.638764005203222
2023-09,loafers,63.04509804001425
2023-09,magenta,9.577905475362662
2023-09,maxi dress,74.09869153670711
2023-09,mesh,20.0811617126293
2023-09,mini skirt,44.34178196749835
2023-09,minimalist,34.01168801868446
2023-09,mohair,3.3979400086720375
2023-09,pants,11.17589489240166
2023-09,periwinkle,1.2
2023-09,pink,9.936589637610663
2023-09,plaid,1.2
2023-09,preppy,23.29405214950676
2023-09,quiet luxury,0.3
2023-09,red,72.38539704533454
2023-09,sandals,66.25921568803136
2023-09,satin,4.7298289913815035
2023-09,sequins,1.2
2023-09,shirt,1.0
2023-09,silk,17.984216848102935
2023-09,silver,1.0
2023-09,skirt,139.83925582250652
2023-09,slip dress,22.001784790720734
2023-09,sneakers,29.045098040014256
2023-09,streetwear,41.981686253015916
2023-09,striped,3.6834527226502423
2023-09,suede,25.434091731355167
2023-09,sunglasses,36.27465712774616
2023-09,sweater,19.099999999999998
2023-09,trench coat,42.384111420541956
2023-09,turquoise,3.045098040014257
2023-09,velvet,9.318519480514686
2023-09,vintage,8.4
2023-09,white,22.073873542774827
2023-09,wool,20.750870027397905
2023-09,y2k,9.34749685459731
2023-09,yellow,8.214117648017108
2023-10,animal print,13.490501934308062
2023-10,athleisure,101.95160615244994
2023-10,avant-garde,47.99970791978794
2023-10,beige,9.4
2023-10,bermuda shorts,4.199999999999999
2023-10,black,25.934635661420675
2023-10,blazer,9.2
2023-10,blouse,36.13090165741079
2023-10,blue,5.8
2023-10,bodysuit,17.724686343797774
2023-10,bohemian,6.638764005203222
2023-10,bomber jacket,21.61186693337197
2023-10,boots,7.703089986991944
2023-10,brown,15.619552288568583
2023-10,burgundy,3.4
2023-10,cargo pants,1.7999999999999998
2023-10,casual,11.33272736730153
2023-10,cherry red,4.808577420850824
2023-10,chiffon,1.6020599913279625
2023-10,coat,69.9395145980594
2023-10,cobalt blue,3.4
2023-10,coquette,5.6020599913279625
2023-10,corset,12.406179973983887
2023-10,cotton,2.4
2023-10,crop top,4.2
2023-10,denim,9.881183617030809
2023-10,dress,140.6952235862298
2023-10,faux leather,39.84454840089395
2023-10,floral,9.77755601929939
2023-10,gray,5.699999999999999
2023-10,green,21.00102999566398
2023-10,grunge,4.897475632640476
2023-10,handbag,24.343670843306594
2023-10,heels,72.95069675604724
2023-10,hoodie,2.5
2023-10,jacket,37.65695794469916
2023-10,jeans,4.983707984390332
2023-10,lace,4.936732022768204
2023-10,leather,59.85969604457504
2023-10,leopard print,7.517636516990784
2023-10,linen,7.68988795837422
2023-10,loafers,64.6141176480171
2023-10,magenta,10.814797643914126
2023-10,maxi dress,58.426994674966544
2023-10,mesh,22.199927145750436
2023-10,mini skirt,18.804890254773202
2023-10,minimalist,28.252909662113275
2023-10,mint,2.0
2023-10,mohair,1.0
2023-10,navy,1.3010299956639813
2023-10,olive,14.18036404530876
2023-10,pants,4.5
2023-10,pink,14.960037731885086
2023-10,plaid,2.5020599913279624
2023-10,polka dot,6.40823996531185
2023-10,preppy,24.442898649331504
2023-10,quiet luxury,6.0
2023-10,red,20.43104941044438
2023-10,sandals,65.75663610824584
2023-10,satin,5.56329598612474
2023-10,sequins,2.0
2023-10,shirt,26.58654401929265
2023-10,silk,19.118156034802027
2023-10,skirt,54.45410124875632
2023-10,slip dress,20.797800307268133
2023-10,sneakers,27.70102999566398
2023-10,streetwear,28.454106654692865
2023-10,suede,12.943670843306593
2023-10,sunglasses,14.714156357642226
2023-10,sweater,18.172545505663592
2023-10,t-shirt,5.204119982655925
2023-10,trench coat,33.755806613669066
2023-10,turquoise,4.2
2023-10,velvet,5.606517429522861
2023-10,vintage,16.460756090901775
2023-10,white,21.361149627425124
2023-10,wool,13.6
2023-10,y2k,7.698505628304457
2023-10,yellow,8.761235994796778
2023-11,animal print,3.1224719895935547
2023-11,athleisure,104.43754236222303
2023-11,avant-garde,41.96507395076526
2023-11,beige,24.05920401236176
2023-11,bermuda shorts,0.8999999999999999
2023-11,black,12.647541403504057
2023-11,blazer,1.2
2023-11,blouse,38.07146271150108
2023-11,blue,2.2141176480171083
2023-11,bodysuit,6.65570312020223
2023-11,bohemian,4.8
2023-11,bomber jacket,40.37453663156057
2023-11,boots,6.8
2023-11,brown,10.618041354532378
2023-11,burgundy,9.253763738249193
2023-11,camel,3.922471989593555
2023-11,cargo pants,15.857796811237124
2023-11,casual,10.79328206256541
2023-11,cherry red,1.2
2023-11,coat,113.73796834249974
2023-11,corduroy,1.2
2023-11,corset,13.161418816088547
2023-11,cotton,1.2
2023-11,crop top,10.358328829096601
2023-11,denim,8.602059991327963
2023-11,dress,119.17647250199653
2023-11,faux leather,49.28995391793828
2023-11,gray,4.756636108245848
2023-11,green,8.214117648017108
2023-11,grunge,1.2
2023-11,handbag,11.3
2023-11,heels,66.80862672854872
2023-11,hoodie,3.8250248650037557
2023-11,jacket,71.40993075010026
2023-11,jeans,16.132771946233365
2023-11,khaki,4.0
2023-11,lace,6.782074956898914
2023-11,leather,73.82127920096443
2023-11,linen,8.184737980054313
2023-11,loafers,63.04509804001425
2023-11,magenta,10.516521569930767
2023-11,maxi dress,56.69338153862081
2023-11,mesh,1.0
2023-11,mini skirt,21.537033592592653
2023-11,minimalist,8.5
2023-11,mint,1.2
2023-11,mohair,2.4
2023-11,navy,6.710528178707288
2023-11,olive,31.83331531638641
2023-11,pants,17.05779681123712
2023-11,periwinkle,2.5367320227682044
2023-11,pink,15.127772107817771
2023-11,plaid,6.487999872404836
2023-11,polka dot,3.7323937598229686
2023-11,preppy,11.164325981788721
2023-11,quiet luxury,3.9791644145483014
2023-11,red,18.38460011324225
2023-11,sandals,60.09019608002851
2023-11,satin,4.3
2023-11,sequins,1.2
2023-11,shirt,8.437526906643551
2023-11,silk,6.237762018432186
2023-11,skirt,75.37841637085845
2023-11,slip dress,11.558328829096602
2023-11,sneakers,34.8
2023-11,streetwear,53.60106623457698
2023-11,striped,1.3010299956639813
2023-11,suede,3.0
2023-11,sunglasses,4.4
2023-11,sweater,13.731363764158987
2023-11,t-shirt,2.379181246047625
2023-11,tie dye,2.5010299956639814
2023-11,trench coat,55.00358738812471
2023-11,turquoise,2.4
2023-11,velvet,6.827916124821861
2023-11,vintage,18.783351243067177
2023-11,white,23.84478869212663
2023-11,wool,11.2
2023-11,y2k,8.581658522216422
2023-12,animal print,3.3508700273979044
2023-12,athleisure,89.84018871538458
2023-12,avant-garde,80.78326915575217
2023-12,beige,6.0
2023-12,bermuda shorts,2.2
2023-12,black,50.57469076552744
2023-12,blazer,5.4733216603788675
2023-12,blouse,33.238484676233895
2023-12,blue,5.301029995663981
2023-12,bodysuit,7.852881653220331
2023-12,bohemian,16.782208570600105
2023-12,bomber jacket,26.601388803886234
2023-12,boots,4.4
2023-12,brown,25.108937320111437
2023-12,burgundy,3.5999999999999996
2023-12,cargo pants,7.2
2023-12,casual,15.319449696057106
2023-12,coat,81.63038117678144
2023-12,cobalt blue,1.0
2023-12,coquette,6.0979796932345876
2023-12,corduroy,1.0
2023-12,corset,7.604119982655925
2023-12,cotton,6.0
2023-12,crop top,8.11208566558209
2023-12,denim,14.961264502847456
2023-12,dress,234.58367513731173
2023-12,faux leather,45.566380407908916
2023-12,floral,4.575496027971426
2023-12,gorpcore,10.946643320757735
2023-12,gray,11.934700040333185
2023-12,green,16.346128035678237
2023-12,handbag,9.44833343639576
2023-12,heels,46.699999999999996
2023-12,hoodie,3.1
2023-12,jacket,82.36489813054126
2023-12,jeans,15.3
2023-12,lace,4.5528816532203304
2023-12,lavender,4.375496027971426
2023-12,leather,67.53136808332391
2023-12,leopard print,1.845098040014257
2023-12,linen,19.388885971603184
2023-12,loafers,71.39999999999999
2023-12,magenta,20.43289501623239
2023-12,maxi dress,46.05740171529439
2023-12,mesh,5.370805425989316
2023-12,mini skirt,7.901029995663981
2023-12,minimalist,15.488865895668116
2023-12,mint,1.0
2023-12,navy,1.3010299956639813
2023-12,pants,8.399999999999999
2023-12,periwinkle,4.259204012361759
2023-12,pink,25.536898261835226
2023-12,plaid,4.214117648017108
2023-12,polka dot,1.845098040014257
2023-12,preppy,12.85044291509853
2023-12,quiet luxury,3.259204012361759
2023-12,red,25.723661216161766
2023-12,sandals,63.54616294870779
2023-12,satin,4.816177639345071
2023-12,sequins,1.7725455056635948
2023-12,shirt,6.204119982655925
2023-12,silk,25.333016972316432
2023-12,silver,4.44967122218987
2023-12,skirt,47.908554471028985
2023-12,slip dress,9.9
2023-12,sneakers,36.0
2023-12,streetwear,56.4494432571135
2023-12,suede,18.531749493146883
2023-12,sunglasses,20.171756987239522
2023-12,sweater,20.80102999566398
2023-12,t-shirt,1.3010299956639813
2023-12,tie dye,1.0
2023-12,trench coat,36.27752777143025
2023-12,turquoise,4.849671222189871
2023-12,velvet,7.656253490053927
2023-12,vintage,3.7612359947967775
2023-12,white,27.15220009646575
2023-12,wool,24.2
2023-12,y2k,7.1708054259893155
2023-12,yellow,8.248767984575375
2024-01,athleisure,13.701029995663982
2024-01,avant-garde,1.5
2024-01,bermuda shorts,2.6
2024-01,black,9.079181246047625
2024-01,blouse,3.378151250383644
2024-01,blue,1.0
2024-01,bodysuit,0.3
2024-01,bohemian,0.3
2024-01,bomber jacket,3.0
2024-01,boots,1.0
2024-01,brown,2.0
2024-01,cardigan,0.3
2024-01,cargo pants,2.8
2024-01,casual,4.804119982655925
2024-01,coat,10.356302500767288
2024-01,cobalt blue,1.0
2024-01,coquette,2.0
2024-01,crop top,0.8999999999999999
2024-01,dress,5.904119982655924
2024-01,faux leather,1.5
2024-01,floral,2.0
2024-01,heels,1.0
2024-01,jacket,3.5999999999999996
2024-01,jeans,0.3
2024-01,lace,5.301029995663981
2024-01,leather,10.5
2024-01,linen,2.601029995663981
2024-01,maxi dress,3.4020599913279623
2024-01,mini skirt,6.701029995663982
2024-01,minimalist,0.3
2024-01,pants,9.305149978319907
2024-01,pink,4.0
2024-01,plaid,0.3
2024-01,preppy,1.9
2024-01,red,11.602059991327963
2024-01,shirt,3.504119982655925
2024-01,silk,2.3
2024-01,skirt,16.382271233039567
2024-01,slip dress,0.3
2024-01,sneakers,8.3
2024-01,streetwear,9.303089986991942
2024-01,striped,1.0
2024-01,suede,4.3
2024-01,sweater,0.3
2024-01,t-shirt,1.6020599913279625
2024-01,tie dye,1.6020599913279625
2024-01,trench coat,4.778151250383644
2024-01,vintage,7.301029995663981
2024-01,white,3.680211241711606
2024-01,wool,1.6010299956639813
2024-01,y2k,3.5020599913279624
2024-02,athleisure,10.40848501887865
2024-02,avant-garde,0.6
2024-02,beige,0.3
2024-02,bermuda shorts,1.2
2024-02,black,0.3
2024-02,blazer,0.3
2024-02,blouse,2.5020599913279624
2024-02,bodysuit,9.162727528317975
2024-02,bomber jacket,1.7999999999999998
2024-02,brown,0.8999999999999999
2024-02,cargo pants,7.4084850188786495
2024-02,coat,1.2
2024-02,coquette,1.4771212547196624
2024-02,crop top,4.431363764158987
2024-02,denim,0.3
2024-02,dress,6.780211241711607
2024-02,floral,1.0
2024-02,green,11.816970037757299
2024-02,hoodie,0.6
2024-02,jacket,3.7020599913279626
2024-02,lace,1.3010299956639813
2024-02,leather,1.0
2024-02,linen,2.3010299956639813
2024-02,maxi dress,2.6771212547196623
2024-02,mini skirt,0.6
2024-02,mohair,0.3
2024-02,navy,0.3
2024-02,pants,7.708485018878649
2024-02,pink,10.339848783037636
2024-02,plaid,0.3
2024-02,polka dot,0.3
2024-02,preppy,1.2
2024-02,red,7.6020599913279625
2024-02,silk,3.079181246047625
2024-02,skirt,2.1
2024-02,slip dress,0.3
2024-02,sneakers,0.6
2024-02,streetwear,3.9
2024-02,sweater,2.201029995663981
2024-02,trench coat,1.2
2024-02,vintage,1.6010299956639813
2024-02,white,2.9020599913279623
2024-03,athleisure,4.3
2024-03,avant-garde,2.0781512503836437
2024-03,black,13.778151250383644
2024-03,blazer,7.778151250383644
2024-03,blouse,2.3781512503836435
2024-03,bodysuit,0.6
2024-03,bomber jacket,1.2
2024-03,boots,2.0
2024-03,burgundy,0.3
2024-03,cargo pants,0.6
2024-03,casual,0.3
2024-03,coat,1.9
2024-03,crop top,0.3
2024-03,denim,2.0781512503836437
2024-03,dress,26.83445375115093
2024-03,faux leather,5.456302500767288
2024-03,green,2.0
2024-03,heels,2.0
2024-03,hoodie,0.3
2024-03,jacket,5.2
2024-03,jeans,0.3
2024-03,lace,4.0
2024-03,leather,16.83445375115093
2024-03,linen,0.6
2024-03,loafers,1.0
2024-03,maxi dress,4.756302500767287
2024-03,mesh,0.6
2024-03,minimalist,2.0781512503836437
2024-03,mohair,1.0
2024-03,pants,0.6
2024-03,plaid,0.3
2024-03,preppy,0.6
2024-03,quiet luxury,2.3
2024-03,red,35.778151250383644
2024-03,sandals,2.0
2024-03,sequins,2.0
2024-03,shirt,3.3979400086720375
2024-03,silk,0.6
2024-03,skirt,2.0781512503836437
2024-03,sneakers,0.3
2024-03,streetwear,1.9
2024-03,striped,2.0
2024-03,suede,2.0
2024-03,sweater,0.6
2024-03,t-shirt,1.6989700043360187
2024-03,trench coat,0.3
2024-03,vintage,6.0
2024-03,white,5.778151250383644
2024-03,wool,0.3
2024-04,athleisure,30.08779175647704
2024-04,avant-garde,1.3010299956639813
2024-04,beige,2.0
2024-04,bermuda shorts,2.5010299956639814
2024-04,blouse,48.308738013334576
2024-04,blue,2.7913616938342725
2024-04,bodysuit,0.6
2024-04,bohemian,0.3
2024-04,bomber jacket,3.579181246047625
2024-04,cardigan,1.5
2024-04,cargo pants,1.7999999999999998
2024-04,casual,0.3
2024-04,coat,10.4345689040342
2024-04,cotton,8.3167249841905
2024-04,crop top,0.8999999999999999
2024-04,denim,0.3
2024-04,dress,175.67540637334653
2024-04,faux leather,2.201029995663981
2024-04,floral,5.625826713285711
2024-04,gorpcore,0.3
2024-04,gray,0.6
2024-04,green,4.477121254719663
2024-04,handbag,2.9020599913279623
2024-04,heels,2.6222192947339193
2024-04,hoodie,0.6
2024-04,jacket,9.489841409137505
2024-04,jeans,0.3
2024-04,lace,4.0
2024-04,leather,2.201029995663981
2024-04,linen,6.697940008672037
2024-04,magenta,2.679181246047625
2024-04,maxi dress,75.63969249511257
2024-04,mini skirt,5.277121254719662
2024-04,minimalist,2.7771212547196624
2024-04,mohair,1.3010299956639813
2024-04,pants,2.4
2024-04,plaid,3.2020599913279626
2024-04,preppy,2.9010299956639813
2024-04,red,72.49611014876312
2024-04,satin,9.869214112841027
2024-04,sequins,1.3010299956639813
2024-04,shirt,2.379181246047625
2024-04,silk,12.229249764200661
2024-04,skirt,43.70927512449554
2024-04,slip dress,16.411329952303795
2024-04,sneakers,4.644438589467839
2024-04,streetwear,11.200370545117563
2024-04,striped,0.3
2024-04,sunglasses,0.3
2024-04,sweater,0.8999999999999999
2024-04,t-shirt,0.3
2024-04,trench coat,4.402059991327962
2024-04,velvet,2.230448921378274
2024-04,vintage,1.2
2024-04,white,4.3
2024-04,y2k,0.3
2024-05,athleisure,29.189071908347394
2024-05,avant-garde,0.3
2024-05,beige,2.9127838567197353
2024-05,bermuda shorts,5.190196080028514
2024-05,black,4.3
2024-05,blazer,0.6
2024-05,blouse,67.30193949398426
2024-05,blue,2.4913616938342726
2024-05,bomber jacket,6.3
2024-05,brown,5.1129133566428555
2024-05,cargo pants,9.002430536445525
2024-05,casual,6.3
2024-05,coat,12.714471949629303
2024-05,coquette,2.653212513775344
2024-05,cotton,44.516436166375534
2024-05,crop top,4.453212513775344
2024-05,denim,6.16599637049508
2024-05,dress,159.86188737501521
2024-05,faux leather,0.8999999999999999
2024-05,floral,29.924602368732813
2024-05,green,14.43649392076012
2024-05,grunge,0.3
2024-05,handbag,6.048551739201578
2024-05,heels,2.146128035678238
2024-05,jacket,9.624275869600789
2024-05,jeans,0.8999999999999999
2024-05,lace,57.08918399773076
2024-05,leather,0.8999999999999999
2024-05,linen,48.08169350979575
2024-05,magenta,5.894316062684439
2024-05,maxi dress,75.95602189598749
2024-05,mini skirt,1.7999999999999998
2024-05,minimalist,2.9127838567197353
2024-05,navy,0.3
2024-05,pants,9.602430536445524
2024-05,pink,2.1450980400142567
2024-05,plaid,1.2
2024-05,polka dot,0.3
2024-05,preppy,3.4
2024-05,red,42.915668872095054
2024-05,satin,4.982723387668545
2024-05,sequins,19.4033397106238
2024-05,shirt,0.3
2024-05,silk,44.8295058790078
2024-05,silver,1.0
2024-05,skirt,29.98746927420082
2024-05,slip dress,10.715763793467985
2024-05,streetwear,23.74899576553634
2024-05,striped,0.3
2024-05,suede,1.0
2024-05,sunglasses,0.3
2024-05,sweater,0.3
2024-05,t-shirt,0.3
2024-05,trench coat,6.045098040014257
2024-05,turquoise,1.0
2024-05,velvet,2.230448921378274
2024-05,vintage,4.868056361823042
2024-05,white,4.70823996531185
2024-05,y2k,0.3
2024-05,yellow,11.070588240085542
2024-06,athleisure,3.9
2024-06,bermuda shorts,0.6
2024-06,blazer,6.0
2024-06,blouse,46.885034737792516
2024-06,blue,13.08518350805278
2024-06,bodysuit,5.5417040232842885
2024-06,bohemian,0.3
2024-06,bomber jacket,2.6999999999999997
2024-06,cardigan,0.6
2024-06,cargo pants,0.6
2024-06,casual,6.0
2024-06,chiffon,6.0
2024-06,coat,14.432457292184726
2024-06,denim,7.5
2024-06,dress,234.40228105370994
2024-06,faux leather,0.6
2024-06,floral,2.8129133566428557
2024-06,gorpcore,0.3
2024-06,gray,6.0
2024-06,green,7.823213313282667
2024-06,grunge,18.0
2024-06,jacket,4.9
2024-06,jeans,0.6
2024-06,lace,20.361727836017593
2024-06,leather,0.6
2024-06,linen,9.646158569862113
2024-06,magenta,9.8490339314571
2024-06,maxi dress,62.88650923350864
2024-06,mini skirt,1.5
2024-06,navy,1.3
2024-06,pants,0.6
2024-06,pink,0.6
2024-06,plaid,0.6
2024-06,preppy,6.9
2024-06,red,93.8272614155614
2024-06,satin,6.87030938543588
2024-06,sequins,10.69845549501979
2024-06,shirt,12.917033339298781
2024-06,silk,25.67760695272049
2024-06,skirt,37.39322620273927
2024-06,slip dress,9.812556034926432
2024-06,streetwear,2.6999999999999997
2024-06,suede,6.0
2024-06,t-shirt,2.2020599913279626
2024-06,trench coat,5.018513939877888
2024-06,velvet,2.5440680443502757
2024-06,vintage,0.3
2024-06,white,12.0
2024-06,y2k,6.3
2024-07,athleisure,8.402059991327963
2024-07,bermuda shorts,1.2
2024-07,blouse,58.53948619259859
2024-07,blue,8.0
2024-07,bodysuit,0.8999999999999999
2024-07,bomber jacket,1.7999999999999998
2024-07,brown,2.3781512503836435
2024-07,cargo pants,1.9010299956639813
2024-07,casual,8.1
2024-07,coat,3.879181246047625
2024-07,coquette,5.0
2024-07,cotton,6.237543738142875
2024-07,crop top,1.2
2024-07,denim,2.5010299956639814
2024-07,dress,97.5862099653956
2024-07,faux leather,0.6
2024-07,floral,25.516362403420963
2024-07,gray,1.7781512503836436
2024-07,green,12.860241193038442
2024-07,heels,0.3
2024-07,jacket,9.780211241711607
2024-07,jeans,1.5
2024-07,lace,10.40823996531185
2024-07,leather,0.8999999999999999
2024-07,linen,4.642422680822206
2024-07,maxi dress,43.903514359673984
2024-07,mini skirt,1.2
2024-07,minimalist,0.3
2024-07,mohair,1.0
2024-07,pants,8.406179973983887
2024-07,pink,3.079181246047625
2024-07,preppy,0.8999999999999999
2024-07,red,36.99830061817205
2024-07,sandals,0.3
2024-07,satin,16.237878134748836
2024-07,sequins,17.22502699157416
2024-07,shirt,9.459392487759231
2024-07,silk,33.05120150601505
2024-07,skirt,18.25627627820372
2024-07,slip dress,2.9
2024-07,streetwear,38.83035998138906
2024-07,striped,0.6
2024-07,sunglasses,0.3
2024-07,sweater,1.7999999999999998
2024-07,t-shirt,2.0
2024-07,trench coat,0.8999999999999999
2024-07,vintage,0.3
2024-07,white,4.504119982655925
2024-08,athleisure,22.8313351948826
2024-08,avant-garde,6.904576688766112
2024-08,beige,4.0
2024-08,bermuda shorts,2.4
2024-08,black,2.5440680443502757
2024-08,blouse,80.10531282439703
2024-08,blue,20.761025568956928
2024-08,bodysuit,80.0
2024-08,bohemian,3.1522883443830563
2024-08,bomber jacket,2.554242509439325
2024-08,burgundy,1.5
2024-08,camel,8.0
2024-08,cargo pants,5.883707984390332
2024-08,casual,17.604576688766112
2024-08,coat,4.0
2024-08,coquette,1.2
2024-08,corset,8.0
2024-08,cotton,24.079181246047625
2024-08,crop top,0.8999999999999999
2024-08,denim,0.3
2024-08,dress,195.76702523602302
2024-08,faux leather,0.6
2024-08,floral,20.689762591863794
2024-08,green,16.846426626565336
2024-08,grunge,1.3
2024-08,handbag,4.091361693834273
2024-08,hoodie,0.6
2024-08,jacket,7.692193003268981
2024-08,jeans,49.9
2024-08,lace,35.70926996097583
2024-08,leather,1.9
2024-08,linen,6.6776069527204935
2024-08,loafers,1.2
2024-08,maxi dress,72.27847970149699
2024-08,mesh,6.2837079843903325
2024-08,mini skirt,2.3
2024-08,minimalist,3.8129133566428557
2024-08,mint,14.0
2024-08,mohair,1.0
2024-08,pants,9.083707984390331
2024-08,pink,3.280211241711606
2024-08,plaid,1.5
2024-08,preppy,2.2
2024-08,quiet luxury,5.883707984390332
2024-08,red,75.68981921100735
2024-08,sandals,2.4
2024-08,satin,13.34226413439983
2024-08,sequins,8.52014277597015
2024-08,shirt,17.45453625072505
2024-08,silk,15.564667957629899
2024-08,silver,3.0
2024-08,skirt,33.75953789326368
2024-08,slip dress,13.314156905768606
2024-08,sneakers,2.380211241711606
2024-08,streetwear,14.332499586094663
2024-08,striped,0.3
2024-08,sunglasses,3.483707984390332
2024-08,sweater,14.231905256033828
2024-08,t-shirt,4.867415968780664
2024-08,trench coat,1.7999999999999998
2024-08,velvet,2.5440680443502757
2024-08,vintage,9.905606684430094
2024-08,white,7.804119982655925
2024-08,y2k,0.3
2024-09,animal print,7.1931805832035645
2024-09,athleisure,164.87415883426823
2024-09,avant-garde,91.5353734695665
2024-09,beige,5.134504321143394
2024-09,bermuda shorts,4.594055524126484
2024-09,black,32.97349573544165
2024-09,blazer,1.2
2024-09,blouse,86.98867557511828
2024-09,blue,14.280751807976799
2024-09,bodysuit,9.9
2024-09,bohemian,20.961630165857514
2024-09,bomber jacket,77.03591149946182
2024-09,brown,18.69753610001109
2024-09,burgundy,7.117781387611444
2024-09,camel,3.122471989593555
2024-09,cardigan,0.3
2024-09,cargo pants,13.697223426941324
2024-09,casual,31.032134476512635
2024-09,coat,131.0356164569045
2024-09,cobalt blue,0.3
2024-09,coquette,2.4
2024-09,corduroy,0.3
2024-09,corset,9.6
2024-09,crop top,5.1
2024-09,denim,6.807823522094728
2024-09,dress,217.89891934482148
2024-09,faux leather,35.315745294240244
2024-09,floral,11.415364127971506
2024-09,gorpcore,2.4
2024-09,gray,18.560165724268952
2024-09,green,6.006179973983888
2024-09,grunge,12.08886691141386
2024-09,handbag,4.894055524126484
2024-09,heels,19.986324422527236
2024-09,hoodie,52.7791703004728
2024-09,jacket,165.3631634571749
2024-09,jeans,24.231294088378917
2024-09,lace,2.2
2024-09,lavender,3.206517429522861
2024-09,leather,42.43956178521491
2024-09,linen,14.704299670671487
2024-09,magenta,16.977920980366353
2024-09,maxi dress,90.49217292225802
2024-09,mesh,25.17422022745439
2024-09,mini skirt,47.19843901378573
2024-09,minimalist,4.0
2024-09,mint,4.140298929983233
2024-09,navy,6.5402989299832335
2024-09,pants,37.457987720446894
2024-09,periwinkle,8.183768477508906
2024-09,pink,25.634019426807576
2024-09,plaid,4.334073403221112
2024-09,polka dot,5.690326893275039
2024-09,preppy,20.07443147994459
2024-09,quiet luxury,4.1542425094393245
2024-09,red,158.15867013037985
2024-09,sandals,5.7432494522910655
2024-09,satin,0.3
2024-09,shirt,30.506969206580816
2024-09,silk,9.129871700176073
2024-09,silver,3.5563025007672873
2024-09,skirt,172.53366004893795
2024-09,slip dress,8.399999999999999
2024-09,sneakers,2.0999999999999996
2024-09,streetwear,97.25045063339881
2024-09,striped,3.206517429522861
2024-09,suede,11.016051216011844
2024-09,sunglasses,94.5100529446967
2024-09,sweater,29.87282889087536
2024-09,t-shirt,6.558102155367541
2024-09,trench coat,58.345972387405844
2024-09,velvet,7.331494256285264
2024-09,vintage,33.4773930999046
2024-09,white,22.555467987573305
2024-09,wool,7.113090785629333
2024-09,y2k,15.54747886019418
2024-09,yellow,7.206179973983888
2024-10,animal print,22.424956689330482
2024-10,athleisure,162.02387604795047
2024-10,avant-garde,76.10869931998158
2024-10,beige,2.2
2024-10,bermuda shorts,17.814117648017106
2024-10,black,21.79022637022566
2024-10,blazer,4.4
2024-10,blouse,73.40961190043113
2024-10,blue,14.762276223724445
2024-10,bodysuit,16.67280709516497
2024-10,bohemian,9.328989419116416
2024-10,bomber jacket,43.090512348431794
2024-10,brown,22.329273686066543
2024-10,burgundy,6.0
2024-10,camel,15.392723993276533
2024-10,cargo pants,30.9
2024-10,casual,13.540905663120029
2024-10,chiffon,2.7345043211433944
2024-10,coat,76.48440811366473
2024-10,coquette,19.839090796180642
2024-10,corduroy,1.9010299956639813
2024-10,corset,8.461220865103797
2024-10,crop top,6.414117648017108
2024-10,denim,6.361235994796777
2024-10,dress,264.24601917429584
2024-10,faux leather,49.723264864168435
2024-10,floral,23.037613959334234
2024-10,gray,1.2
2024-10,green,4.214117648017108
2024-10,grunge,5.509277528431799
2024-10,handbag,7.818212305533726
2024-10,heels,18.230817527628552
2024-10,hoodie,9.8
2024-10,jacket,105.66531759044871
2024-10,lace,5.301029995663981
2024-10,leather,64.06454841055638
2024-10,linen,17.171008581453705
2024-10,loafers,1.2
2024-10,magenta,4.683855016530412
2024-10,maxi dress,90.67586444978747
2024-10,mesh,2.0
2024-10,mini skirt,53.12255065790918
2024-10,minimalist,9.452564933041158
2024-10,navy,14.100686945760858
2024-10,olive,2.2141176480171083
2024-10,pants,95.45505602081289
2024-10,periwinkle,12.33904865708391
2024-10,pink,21.031217760836295
2024-10,plaid,4.7611921423594845
2024-10,polka dot,2.3450910113271894
2024-10,preppy,14.711639704440554
2024-10,quiet luxury,12.938587937212326
2024-10,red,150.50694663613103
2024-10,sandals,15.398463075790112
2024-10,satin,5.771617760304913
2024-10,sequins,6.74165771605451
2024-10,shirt,62.92902202165159
2024-10,silk,9.219563149049288
2024-10,silver,3.5563025007672873
2024-10,skirt,162.86846759127965
2024-10,slip dress,26.716453780043874
2024-10,sneakers,5.2
2024-10,streetwear,116.46582969717348
2024-10,suede,5.619563149049287
2024-10,sunglasses,120.87739045500958
2024-10,sweater,18.559706993476368
2024-10,t-shirt,9.893976303031359
2024-10,trench coat,29.4767256764265
2024-10,velvet,7.525512732584923
2024-10,vintage,25.989668221439178
2024-10,white,17.87611146720544
2024-10,y2k,2.5010299956639814
2024-10,yellow,2.2141176480171083
2024-11,animal print,4.22938377768521
2024-11,athleisure,131.62295703886426
2024-11,avant-garde,60.17752952662075
2024-11,beige,2.0
2024-11,bermuda shorts,0.6
2024-11,black,33.81004600455018
2024-11,blazer,10.0
2024-11,blouse,57.399444301554645
2024-11,blue,4.901029995663981
2024-11,bodysuit,5.271515509999613
2024-11,bohemian,6.077528010406445
2024-11,bomber jacket,29.44820900721208
2024-11,boots,4.0
2024-11,brown,11.018555056863597
2024-11,burgundy,4.309277528431799
2024-11,camel,9.122471989593555
2024-11,cardigan,0.3
2024-11,cargo pants,55.288579627102386
2024-11,casual,18.753318340047038
2024-11,cherry red,4.0
2024-11,coat,109.24030086198859
2024-11,corduroy,4.383855016530412
2024-11,cotton,1.3010299956639813
2024-11,crop top,1.9989700043360188
2024-11,denim,10.3
2024-11,dress,178.68209381888215
2024-11,faux leather,23.384406816356815
2024-11,floral,2.6
2024-11,green,6.3
2024-11,grunge,2.2
2024-11,handbag,3.0
2024-11,heels,13.00710316083924
2024-11,hoodie,5.2051499783199064
2024-11,jacket,93.20506529580624
2024-11,jeans,14.210299956639812
2024-11,khaki,4.0
2024-11,lace,13.906911788091655
2024-11,lavender,4.206517429522862
2024-11,leather,24.584406816356815
2024-11,linen,17.39713058389757
2024-11,magenta,12.326290957447911
2024-11,maxi dress,65.40496932946083
2024-11,mesh,52.948440454908784
2024-11,mini skirt,26.651164176502448
2024-11,minimalist,8.608611049198313
2024-11,navy,5.581842068880394
2024-11,pants,159.69111294287862
2024-11,periwinkle,2.2
2024-11,pink,10.728989419116417
2024-11,plaid,3.109277528431799
2024-11,preppy,20.040005807498126
2024-11,quiet luxury,7.513205833039381
2024-11,red,151.69669867678863
2024-11,sandals,1.2
2024-11,satin,6.507217537103836
2024-11,shirt,43.54184522523556
2024-11,silk,8.993132544962211
2024-11,skirt,130.6249388779745
2024-11,slip dress,1.7999999999999998
2024-11,sneakers,13.301029995663981
2024-11,streetwear,85.48051383558999
2024-11,striped,1.5
2024-11,suede,2.522471989593555
2024-11,sunglasses,52.844468119757025
2024-11,sweater,26.41029995663981
2024-11,t-shirt,11.343294547967588
2024-11,trench coat,42.15827780958157
2024-11,turquoise,3.986663153680703
2024-11,velvet,3.109277528431799
2024-11,vintage,9.181672122068266
2024-11,white,15.534235574448902
2024-11,wool,1.3010299956639813
2024-11,y2k,9.412506980107855
2024-11,yellow,5.486663153680703
2024-12,animal print,10.173933398303525
2024-12,athleisure,119.71759651529537
2024-12,avant-garde,55.76210098613007
2024-12,beige,11.087428778815443
2024-12,black,56.501459351862835
2024-12,blazer,4.0
2024-12,blouse,56.60232706829953
2024-12,blue,19.112605001534575
2024-12,bodysuit,4.0
2024-12,bohemian,4.001344501381117
2024-12,bomber jacket,48.25045113358945
2024-12,boots,2.0
2024-12,brown,28.604063598076383
2024-12,burgundy,0.6
2024-12,camel,22.380069981028598
2024-12,cargo pants,15.899999999999999
2024-12,casual,45.7185497610727
2024-12,coat,107.4399839044377
2024-12,corduroy,1.5
2024-12,corset,16.0
2024-12,crop top,2.0
2024-12,denim,12.994055524126484
2024-12,dress,212.47640515574997
2024-12,faux leather,42.79563275306462
2024-12,floral,10.496946778605954
2024-12,green,7.483707984390332
2024-12,handbag,4.1
2024-12,heels,45.065229509627606
2024-12,hoodie,5.767563000920744
2024-12,jacket,123.590558221382
2024-12,jeans,12.12151001846289
2024-12,lace,35.888774270932494
2024-12,leather,74.1506805505867
2024-12,linen,7.8781512503836435
2024-12,magenta,9.37389000704471
2024-12,maxi dress,58.10284027350394
2024-12,mesh,47.31133034118159
2024-12,mini skirt,74.37105015684175
2024-12,minimalist,20.970657053304066
2024-12,navy,16.3092775284318
2024-12,pants,36.45505602081289
2024-12,pink,17.26934525212947
2024-12,plaid,2.3
2024-12,preppy,41.02516255163489
2024-12,quiet luxury,4.431363764158987
2024-12,red,257.25637730433846
2024-12,sandals,16.880446885313017
2024-12,satin,8.3
2024-12,sequins,6.0
2024-12,shirt,24.205365034993303
2024-12,silk,23.320459502021254
2024-12,silver,15.556302500767288
2024-12,skirt,180.44756456219315
2024-12,slip dress,0.6
2024-12,streetwear,63.259900811609555
2024-12,sunglasses,164.89225066683107
2024-12,sweater,15.138764005203223
2024-12,t-shirt,2.877528010406445
2024-12,trench coat,51.00888932273169
2024-12,turquoise,3.122471989593555
2024-12,velvet,15.170660555368656
2024-12,vintage,40.91811425343005
2024-12,white,52.09548434777528
2024-12,wool,6.869622992248707
2024-12,y2k,11.821167474824097
2024-12,yellow,12.976698144195003
2025-01,animal print,3.0
2025-01,athleisure,43.7
2025-01,avant-garde,4.677121254719662
2025-01,beige,3.0
2025-01,bermuda shorts,0.8999999999999999
2025-01,black,16.3
2025-01,blazer,6.0
2025-01,blouse,18.48124123737559
2025-01,blue,6.8061799739838875
2025-01,bodysuit,3.6
2025-01,bomber jacket,22.1
2025-01,boots,8.0
2025-01,brown,2.9
2025-01,burgundy,0.3
2025-01,camel,2.0
2025-01,camouflage,1.6020599913279625
2025-01,cardigan,1.6020599913279625
2025-01,cargo pants,18.50205999132796
2025-01,casual,6.2
2025-01,coat,42.1
2025-01,cobalt blue,3.204119982655925
2025-01,coquette,1.9020599913279626
2025-01,corduroy,1.0
2025-01,crop top,4.554242509439325
2025-01,denim,10.0
2025-01,dress,47.302059991327965
2025-01,faux leather,13.202059991327962
2025-01,gray,2.0
2025-01,green,5.0
2025-01,handbag,16.612359947967775
2025-01,heels,8.9
2025-01,hoodie,0.3
2025-01,jacket,45.3
2025-01,jeans,16.3
2025-01,lace,38.0
2025-01,leather,18.104119982655924
2025-01,leopard print,2.0
2025-01,linen,3.0
2025-01,magenta,1.3
2025-01,maxi dress,6.4
2025-01,mini skirt,3.1
2025-01,mohair,0.3
2025-01,navy,0.3
2025-01,olive,2.0
2025-01,pants,25.802059991327962
2025-01,periwinkle,3.204119982655925
2025-01,pink,11.0
2025-01,plaid,0.3
2025-01,preppy,4.577121254719662
2025-01,red,93.0
2025-01,sandals,1.0
2025-01,satin,2.0
2025-01,shirt,24.668907502301863
2025-01,silk,2.4771212547196626
2025-01,skirt,19.8
2025-01,slip dress,1.9020599913279626
2025-01,sneakers,7.9
2025-01,streetwear,26.508485018878652
2025-01,sunglasses,8.0
2025-01,sweater,11.2
2025-01,t-shirt,11.556302500767288
2025-01,trench coat,20.6
2025-01,vintage,14.979697566075274
2025-01,white,13.3
2025-01,y2k,2.0
2025-01,yellow,7.0
2025-02,athleisure,6.301029995663981
2025-02,avant-garde,2.0
2025-02,bermuda shorts,0.3
2025-02,black,59.0
2025-02,blouse,4.077121254719662
2025-02,blue,6.0
2025-02,bodysuit,0.6
2025-02,bohemian,2.1760912590556813
2025-02,bomber jacket,1.2
2025-02,boots,6.0
2025-02,brown,15.0
2025-02,burgundy,2.1760912590556813
2025-02,cargo pants,2.2
2025-02,casual,6.0
2025-02,coat,2.5
2025-02,corduroy,0.3
2025-02,crop top,0.6
2025-02,dress,23.7
2025-02,faux leather,1.0
2025-02,heels,1.0
2025-02,hoodie,2.0
2025-02,jacket,9.1
2025-02,jeans,2.6
2025-02,lace,26.0
2025-02,leather,5.0
2025-02,magenta,1.0
2025-02,maxi dress,6.2
2025-02,mini skirt,4.2
2025-02,minimalist,2.3
2025-02,mint,1.0
2025-02,mohair,0.6
2025-02,navy,1.0
2025-02,olive,4.0
2025-02,pants,4.2
2025-02,pink,11.0
2025-02,plaid,0.3
2025-02,preppy,3.601029995663981
2025-02,red,115.0
2025-02,sandals,1.0
2025-02,satin,1.0
2025-02,silk,1.0
2025-02,silver,2.0
2025-02,skirt,7.0
2025-02,slip dress,0.8999999999999999
2025-02,sneakers,4.0
2025-02,streetwear,1.6
2025-02,striped,1.0
2025-02,sunglasses,4.0
2025-02,sweater,3.9
2025-02,trench coat,0.3
2025-02,vintage,4.176091259055681
2025-02,white,25.30102999566398
2025-02,wool,4.0
2025-02,y2k,3.0
2025-03,animal print,10.9
2025-03,athleisure,23.885899849092226
2025-03,avant-garde,2.0
2025-03,beige,10.837543738142875
2025-03,bermuda shorts,0.8999999999999999
2025-03,blazer,4.0
2025-03,blouse,17.324447370005032
2025-03,blue,1.0
2025-03,bodysuit,0.6
2025-03,bohemian,2.0
2025-03,bomber jacket,15.348356110949352
2025-03,brown,1.0
2025-03,burgundy,2.1760912590556813
2025-03,camel,4.0
2025-03,cargo pants,2.4
2025-03,casual,1.9
2025-03,coat,24.58815991029055
2025-03,coquette,7.322833992404172
2025-03,cotton,1.0
2025-03,crop top,1.7999999999999998
2025-03,denim,2.9
2025-03,dress,10.922833992404172
2025-03,faux leather,17.616994298720858
2025-03,green,1.0
2025-03,grunge,0.3
2025-03,handbag,2.341392685158225
2025-03,heels,17.02484923085597
2025-03,hoodie,0.6
2025-03,jacket,26.813926851582252
2025-03,jeans,11.4
2025-03,lace,4.0
2025-03,leather,19.696175544768483
2025-03,leopard print,0.3
2025-03,linen,3.1760912590556813
2025-03,maxi dress,1.6
2025-03,mini skirt,7.322833992404172
2025-03,minimalist,0.3
2025-03,mint,31.187718690714377
2025-03,pants,2.4
2025-03,periwinkle,1.0
2025-03,polka dot,2.0
2025-03,preppy,4.079181246047625
2025-03,quiet luxury,15.645667984808345
2025-03,red,27.395906230238126
2025-03,sandals,13.560377730547048
2025-03,satin,8.079181246047625
2025-03,shirt,3.6
2025-03,silk,7.322833992404172
2025-03,skirt,18.245667984808346
2025-03,slip dress,1.0
2025-03,sneakers,7.322833992404172
2025-03,streetwear,7.841392685158225
2025-03,sweater,0.6
2025-03,trench coat,8.922833992404172
2025-03,vintage,22.6
2025-03,white,10.079181246047625
2025-04,animal print,3.6989700043360187
2025-04,athleisure,42.84784369478269
2025-04,avant-garde,11.24448267215017
2025-04,beige,14.321629908943605
2025-04,bermuda shorts,1.3
2025-04,black,13.079181246047625
2025-04,blazer,12.051279103983342
2025-04,blouse,73.10777894628389
2025-04,blue,2.0
2025-04,bodysuit,5.777121254719662
2025-04,bohemian,1.0
2025-04,bomber jacket,11.403089986991944
2025-04,brown,2.0
2025-04,burgundy,1.0
2025-04,camouflage,0.3
2025-04,cardigan,2.0
2025-04,cargo pants,10.703089986991944
2025-04,casual,10.243452676486188
2025-04,cherry red,1.0
2025-04,coat,40.16903408383782
2025-04,coquette,4.997940008672037
2025-04,corduroy,0.3
2025-04,corset,4.3
2025-04,cotton,2.0
2025-04,crop top,1.6
2025-04,denim,13.801815168581438
2025-04,dress,113.66787773745816
2025-04,faux leather,4.5
2025-04,green,4.3
2025-04,grunge,3.9030899869919438
2025-04,handbag,4.554242509439325
2025-04,heels,1.0
2025-04,hoodie,1.9030899869919435
2025-04,jacket,44.77006407950181
2025-04,jeans,17.006179973983887
2025-04,lace,8.0
2025-04,leather,9.5
2025-04,linen,12.805149978319907
2025-04,maxi dress,23.725968963092555
2025-04,mini skirt,18.549877704036877
2025-04,minimalist,1.9020599913279626
2025-04,navy,3.0
2025-04,pants,16.004119982655926
2025-04,plaid,2.0
2025-04,preppy,10.455399086639266
2025-04,quiet luxury,6.998970004336019
2025-04,red,63.892300384859084
2025-04,sandals,3.0
2025-04,satin,1.0
2025-04,shirt,41.209862275294306
2025-04,silk,9.255272505103306
2025-04,silver,2.0
2025-04,skirt,37.62572414034603
2025-04,slip dress,11.678151250383644
2025-04,sneakers,11.903089986991944
2025-04,streetwear,21.31853992195166
2025-04,striped,2.0
2025-04,suede,4.0
2025-04,sweater,14.086391215695494
2025-04,t-shirt,21.933989856911378
2025-04,trench coat,14.958362492095251
2025-04,vintage,28.94325981788721
2025-04,white,9.301029995663981
2025-04,y2k,5.341392685158225
2025-04,yellow,0.3
2025-05,animal print,13.077147467613711
2025-05,athleisure,30.68624590242596
2025-05,avant-garde,4.078151250383644
2025-05,beige,14.416479930623698
2025-05,bermuda shorts,6.1
2025-05,black,4.556302500767288
2025-05,blouse,65.72666320045907
2025-05,blue,3.204119982655925
2025-05,bodysuit,1.9020599913279626
2025-05,bohemian,1.7781512503836436
2025-05,bomber jacket,13.2
2025-05,brown,1.3
2025-05,burgundy,1.7781512503836436
2025-05,cargo pants,10.8
2025-05,casual,6.686490725172482
2025-05,cherry red,1.7781512503836436
2025-05,coat,26.692256071356475
2025-05,corduroy,7.2901960800285135
2025-05,cotton,1.0
2025-05,crop top,15.110299956639812
2025-05,denim,4.797940008672038
2025-05,dress,46.20955036636411
2025-05,faux leather,12.120844966846425
2025-05,floral,1.7781512503836436
2025-05,gray,1.0
2025-05,green,12.258733037212814
2025-05,handbag,40.53762237682502
2025-05,heels,3.0413926851582254
2025-05,hoodie,2.201029995663981
2025-05,jacket,29.302059991327962
2025-05,jeans,9.2481880270062
2025-05,lace,32.050446219032345
2025-05,lavender,4.544068044350276
2025-05,leather,22.294902447468193
2025-05,leopard print,2.8573324964312685
2025-05,linen,25.77973270951061
2025-05,magenta,0.3
2025-05,maxi dress,17.018105859692977
2025-05,mini skirt,9.28058178682917
2025-05,minimalist,10.40500466505037
2025-05,pants,12.401029995663981
2025-05,periwinkle,2.6979400086720373
2025-05,plaid,4.544068044350276
2025-05,preppy,2.8
2025-05,quiet luxury,6.532499586094662
2025-05,red,32.82978669183526
2025-05,sandals,2.845098040014257
2025-05,satin,19.176272177401103
2025-05,shirt,52.47882820539739
2025-05,silk,48.2188316938864
2025-05,silver,1.7781512503836436
2025-05,skirt,17.08711264065155
2025-05,slip dress,9.27759762610892
2025-05,sneakers,0.6
2025-05,streetwear,17.507209969647867
2025-05,striped,0.6
2025-05,sweater,9.48330122870355
2025-05,t-shirt,11.107209969647869
2025-05,trench coat,9.8
2025-05,vintage,5.714664992862537
2025-05,white,7.6020599913279625
2025-05,wool,0.3
2025-05,y2k,0.3
2025-05,yellow,4.243038048686294
2025-06,animal print,6.556302500767288
2025-06,athleisure,76.81720129777233
2025-06,avant-garde,98.81570973274926
2025-06,beige,6.072756449317212
2025-06,bermuda shorts,3.0
2025-06,black,47.48900658547723
2025-06,blouse,72.98554006065147
2025-06,blue,13.547353250875272
2025-06,bodysuit,4.501029995663981
2025-06,bohemian,1.4771212547196624
2025-06,bomber jacket,29.954198498986763
2025-06,boots,12.343233268219347
2025-06,brown,82.65441785975848
2025-06,camel,10.343233268219347
2025-06,cardigan,2.204119982655925
2025-06,cargo pants,26.422650441106597
2025-06,casual,8.108548551240405
2025-06,coat,12.982125919770032
2025-06,coquette,0.3
2025-06,corduroy,2.204119982655925
2025-06,corset,0.3
2025-06,cotton,0.3
2025-06,crop top,4.330448921378274
2025-06,denim,25.60498047631658
2025-06,dress,53.24539356743866
2025-06,faux leather,7.337027879755775
2025-06,floral,3.379181246047625
2025-06,gray,11.07941717288725
2025-06,green,6.204119982655925
2025-06,grunge,4.477121254719663
2025-06,handbag,2.9
2025-06,heels,15.71244912562949
2025-06,hoodie,11.243233268219347
2025-06,jacket,78.83104743908012
2025-06,jeans,11.604119982655925
2025-06,lace,84.235337383098
2025-06,lavender,1.4771212547196624
2025-06,leather,10.155541819633662
2025-06,leopard print,4.0
2025-06,linen,11.334453751150932
2025-06,loafers,1.7781512503836436
2025-06,magenta,12.82035452293901
2025-06,maxi dress,13.863611979892145
2025-06,mini skirt,9.398725181589494
2025-06,minimalist,9.685606273598312
2025-06,navy,19.24092845414486
2025-06,olive,2.0
2025-06,pants,32.267748481120854
2025-06,periwinkle,1.4771212547196624
2025-06,pink,11.44715803134222
2025-06,plaid,0.3
2025-06,polka dot,4.3
2025-06,preppy,7.59563519459755
2025-06,quiet luxury,6.698970004336019
2025-06,red,94.05250322919518
2025-06,sandals,4.556302500767288
2025-06,satin,2.5185139398778875
2025-06,shirt,54.09797260397947
2025-06,silk,14.12138451860299
2025-06,skirt,16.776876431973136
2025-06,slip dress,6.103089986991944
2025-06,sneakers,57.14323199497833
2025-06,streetwear,132.86801853206384
2025-06,striped,4.281241237375587
2025-06,suede,2.2020599913279626
2025-06,sunglasses,0.3
2025-06,sweater,25.128830415090484
2025-06,t-shirt,24.57368218959762
2025-06,trench coat,9.537027879755776
2025-06,velvet,48.74500140574886
2025-06,vintage,44.352965019791505
2025-06,white,20.810545010206614
2025-06,y2k,23.277531143465193
2025-06,yellow,14.343233268219347
2025-07,animal print,4.903089986991944
2025-07,athleisure,29.467116594683983
2025-07,avant-garde,1.2
2025-07,beige,4.6020599913279625
2025-07,bermuda shorts,3.3
2025-07,black,11.292256071356476
2025-07,blazer,4.0
2025-07,blouse,42.99026637560489
2025-07,blue,15.213389943631757
2025-07,bodysuit,3.261727836017593
2025-07,bomber jacket,5.5
2025-07,brown,15.370367016105558
2025-07,burgundy,2.1760912590556813
2025-07,cargo pants,11.904119982655924
2025-07,casual,6.3781512503836435
2025-07,coat,13.155272505103307
2025-07,cobalt blue,0.3
2025-07,coquette,1.9010299956639813
2025-07,corduroy,1.0
2025-07,cotton,8.6
2025-07,crop top,3.9
2025-07,denim,5.9
2025-07,dress,62.340449143794544
2025-07,faux leather,17.934678752178684
2025-07,floral,4.0
2025-07,gray,2.2
2025-07,green,22.628054936494294
2025-07,grunge,0.3
2025-07,handbag,15.009269960975832
2025-07,heels,30.02039888135175
2025-07,hoodie,1.7999999999999998
2025-07,jacket,16.355272505103308
2025-07,jeans,16.404119982655924
2025-07,lace,4.361727836017593
2025-07,leather,28.42322946867913
2025-07,linen,14.70823996531185
2025-07,loafers,4.361727836017593
2025-07,magenta,3.0
2025-07,maxi dress,22.326835314058172
2025-07,mesh,1.3010299956639813
2025-07,mini skirt,4.104119982655925
2025-07,minimalist,3.1760912590556813
2025-07,navy,2.446128035678238
2025-07,pants,17.904119982655924
2025-07,plaid,2.0
2025-07,preppy,5.446128035678238
2025-07,red,30.40720996964787
2025-07,sandals,12.550824945089012
2025-07,satin,2.9030899869919438
2025-07,shirt,20.70823996531185
2025-07,silk,1.9030899869919435
2025-07,silver,1.3010299956639813
2025-07,skirt,9.504119982655926
2025-07,slip dress,5.461727836017593
2025-07,sneakers,2.6413926851582255
2025-07,streetwear,12.74551266781415
2025-07,sunglasses,2.361727836017593
2025-07,sweater,1.9
2025-07,t-shirt,5.204119982655925
2025-07,trench coat,2.855272505103306
2025-07,turquoise,1.0
2025-07,velvet,1.0
2025-07,vintage,2.7760912590556814
2025-07,white,6.204119982655925
2025-08,animal print,4.204119982655925
2025-08,athleisure,75.0366936967722
2025-08,avant-garde,23.240425264884134
2025-08,beige,3.0211892990699383
2025-08,bermuda shorts,1.5
2025-08,black,17.970212632442067
2025-08,blazer,4.0
2025-08,blouse,59.4215825704802
2025-08,blue,9.197115081087267
2025-08,bodysuit,4.3
2025-08,bohemian,10.014442829214888
2025-08,bomber jacket,7.641392685158225
2025-08,boots,2.0
2025-08,brown,57.06384701893007
2025-08,burgundy,2.1760912590556813
2025-08,camel,2.0
2025-08,cardigan,0.3
2025-08,cargo pants,24.68181795004236
2025-08,casual,25.06893781403156
2025-08,coat,15.642378598139876
2025-08,cobalt blue,1.7781512503836436
2025-08,coquette,3.6020599913279625
2025-08,corduroy,3.321189299069938
2025-08,cotton,1.0
2025-08,crop top,2.1
2025-08,denim,23.470212632442067
2025-08,dress,122.5511573789518
2025-08,faux leather,3.3802112417116064
2025-08,floral,2.6127838567197355
2025-08,gray,20.940425264884134
2025-08,green,12.997966221566086
2025-08,handbag,2.3
2025-08,heels,11.137607270504631
2025-08,hoodie,30.510637897326202
2025-08,jacket,19.241392685158225
2025-08,jeans,49.40617997398389
2025-08,lace,12.214843848047698
2025-08,lavender,1.0
2025-08,leather,6.982271233039569
2025-08,linen,26.75693354075872
2025-08,loafers,6.017033339298781
2025-08,magenta,11.655162454859612
2025-08,maxi dress,27.911379055116992
2025-08,mesh,4.556302500767288
2025-08,mini skirt,15.385056480489764
2025-08,minimalist,11.856302500767288
2025-08,mint,6.334453751150931
2025-08,mohair,0.3
2025-08,navy,1.9020599913279626
2025-08,pants,37.28181795004236
2025-08,periwinkle,2.6020599913279625
2025-08,pink,7.0423785981398765
2025-08,plaid,5.334453751150931
2025-08,preppy,8.3
2025-08,quiet luxury,3.6020599913279625
2025-08,red,46.28330122870355
2025-08,sandals,18.22751238194403
2025-08,satin,16.10594649534969
2025-08,shirt,32.63606575282787
2025-08,silk,41.36173999020073
2025-08,silver,2.0
2025-08,skirt,37.32332547475487
2025-08,slip dress,6.803089986991944
2025-08,sneakers,34.6957613023492
2025-08,streetwear,80.39148842709446
2025-08,striped,4.078151250383644
2025-08,suede,2.0
2025-08,sweater,6.778151250383644
2025-08,t-shirt,12.011605317600292
2025-08,trench coat,3.3
2025-08,turquoise,5.390935107103379
2025-08,velvet,30.3
2025-08,vintage,15.088875115775416
2025-08,white,6.0
2025-08,y2k,10.270212632442068
2025-09,animal print,4.431363764158987
2025-09,athleisure,230.77463779431852
2025-09,avant-garde,164.0546883187092
2025-09,beige,16.846578184434826
2025-09,bermuda shorts,0.8999999999999999
2025-09,black,163.32104386288086
2025-09,blazer,3.122471989593555
2025-09,blouse,97.03086189072616
2025-09,blue,13.54509101132719
2025-09,bodysuit,21.036431547817823
2025-09,bohemian,6.897825632407441
2025-09,bomber jacket,51.94584603088036
2025-09,boots,5.638764005203222
2025-09,brown,10.480833729342876
2025-09,burgundy,23.69408722241058
2025-09,cargo pants,19.405657613025134
2025-09,casual,29.338394357450667
2025-09,coat,111.63579679512846
2025-09,coquette,3.7141176480171083
2025-09,corduroy,3.0725455056635944
2025-09,corset,3.2788725117875623
2025-09,cotton,2.3
2025-09,crop top,9.574104633266904
2025-09,denim,6.077121254719662
2025-09,dress,410.13367853548834
2025-09,faux leather,65.13759128258296
2025-09,floral,10.804462756587736
2025-09,gorpcore,4.214117648017108
2025-09,gray,15.843826195360094
2025-09,green,6.722471989593555
2025-09,grunge,1.2
2025-09,handbag,0.8999999999999999
2025-09,heels,76.01853737384347
2025-09,hoodie,23.628984999847976
2025-09,jacket,109.2221833266553
2025-09,jeans,2.1
2025-09,lace,88.46371342854884
2025-09,lavender,7.606829540213862
2025-09,leather,78.93350619180018
2025-09,linen,7.030295287362179
2025-09,magenta,9.1944022552679
2025-09,maxi dress,127.0956742180451
2025-09,mesh,5.814117648017108
2025-09,mini skirt,44.86808242578465
2025-09,minimalist,30.728512945464797
2025-09,mint,6.765707666381407
2025-09,navy,9.994107933883816
2025-09,olive,5.04494397918711
2025-09,pants,20.005657613025136
2025-09,periwinkle,4.496576622860459
2025-09,pink,31.61881396490427
2025-09,plaid,15.279156149342443
2025-09,polka dot,5.234073403221112
2025-09,preppy,33.44400159021712
2025-09,quiet luxury,1.2
2025-09,red,168.73049631871996
2025-09,sandals,1.0
2025-09,satin,15.893707465431639
2025-09,sequins,2.0387640052032223
2025-09,shirt,69.66626207383516
2025-09,silk,12.799999999999999
2025-09,silver,4.0
2025-09,skirt,101.46920754456167
2025-09,slip dress,23.438253172045002
2025-09,sneakers,5.3
2025-09,streetwear,165.47956812682185
2025-09,striped,1.0
2025-09,suede,6.679181246047625
2025-09,sunglasses,18.03809722490803
2025-09,sweater,40.90340449270908
2025-09,t-shirt,7.458806365464128
2025-09,trench coat,70.43460254064706
2025-09,velvet,11.47201714560941
2025-09,vintage,39.926539341025965
2025-09,white,48.547685351707635
2025-09,wool,1.7725455056635948
2025-09,y2k,11.830367038317723
2025-09,yellow,35.629512139731986
2025-10,athleisure,120.74681422856709
2025-10,avant-garde,118.80841149636997
2025-10,beige,1.7781512503836436
2025-10,bermuda shorts,1.7999999999999998
2025-10,black,52.890483529317635
2025-10,blazer,2.0
2025-10,blouse,110.97674733078225
2025-10,blue,2.0
2025-10,bodysuit,18.980069981028603
2025-10,bohemian,13.451584399244345
2025-10,bomber jacket,34.07463768917119
2025-10,boots,8.077528010406445
2025-10,brown,33.10976132202674
2025-10,burgundy,4.840417240844403
2025-10,cargo pants,21.351807091577257
2025-10,casual,30.609544475555413
2025-10,coat,56.12480917402621
2025-10,coquette,11.712506980107854
2025-10,corduroy,2.072545505663595
2025-10,corset,20.51988442333278
2025-10,cotton,16.810681345387156
2025-10,crop top,15.367686246998295
2025-10,denim,26.210613457041383
2025-10,dress,208.17631982919252
2025-10,faux leather,72.66264840368237
2025-10,floral,1.2
2025-10,gray,2.4913616938342726
2025-10,green,2.0
2025-10,grunge,7.550707285627771
2025-10,handbag,12.409003127611719
2025-10,heels,25.55917118691012
2025-10,jacket,86.30322679291959
2025-10,jeans,2.8000000000000003
2025-10,lace,14.279696704744188
2025-10,leather,107.4606736302493
2025-10,linen,11.366629663232754
2025-10,loafers,8.982723387668546
2025-10,magenta,3.2791812460476253
2025-10,maxi dress,67.84143550929988
2025-10,mesh,1.2
2025-10,mini skirt,21.196542941883823
2025-10,minimalist,15.905792696581258
2025-10,navy,25.026615858539977
2025-10,olive,0.3
2025-10,pants,21.351807091577257
2025-10,pink,18.105445752855232
2025-10,polka dot,3.5999999999999996
2025-10,preppy,33.37966113104962
2025-10,quiet luxury,15.50900312761172
2025-10,red,255.75936766979902
2025-10,sandals,5.982723387668545
2025-10,satin,8.89501749525715
2025-10,sequins,3.483707984390332
2025-10,shirt,73.32704117846998
2025-10,silk,22.045042152616357
2025-10,skirt,66.1139970657963
2025-10,slip dress,36.5096553966614
2025-10,sneakers,14.908626933457175
2025-10,streetwear,77.85307608623737
2025-10,striped,4.0
2025-10,suede,1.5612359947967775
2025-10,sunglasses,10.283707984390333
2025-10,sweater,30.419083037909385
2025-10,t-shirt,14.907371696858247
2025-10,trench coat,31.378326617639964
2025-10,velvet,23.149243649858597
2025-10,vintage,54.34089913900825
2025-10,white,56.98802471356569
2025-10,wool,3.69501749525715
2025-10,y2k,5.606517429522861
2025-10,yellow,3.2
2025-11,animal print,7.178879540474629
2025-11,athleisure,222.99998634181966
2025-11,avant-garde,156.20363569081223
2025-11,beige,5.933781500460372
2025-11,bermuda shorts,3.9496712221898704
2025-11,black,56.79910124572932
2025-11,blazer,7.6020599913279625
2025-11,blouse,184.8273794227747
2025-11,blue,18.875837346408932
2025-11,bodysuit,47.75272452177253
2025-11,bohemian,40.303722581817595
2025-11,bomber jacket,49.62929305092294
2025-11,boots,10.602059991327963
2025-11,brown,59.41770793955059
2025-11,burgundy,33.607236070453624
2025-11,cardigan,2.0
2025-11,cargo pants,89.61709404597877
2025-11,casual,67.75726710224578
2025-11,cherry red,2.8367320227682042
2025-11,coat,111.25641372966054
2025-11,coquette,40.26617623431789
2025-11,corduroy,8.406327006123966
2025-11,corset,20.277789063949143
2025-11,cotton,5.0
2025-11,crop top,26.47129714985957
2025-11,denim,67.30603226542699
2025-11,dress,229.02490424525308
2025-11,faux leather,63.85595662171709
2025-11,floral,14.061929635571701
2025-11,gorpcore,4.097968017564982
2025-11,gray,67.83364062804131
2025-11,green,37.793201245826296
2025-11,grunge,12.6619296355717
2025-11,handbag,1.5
2025-11,heels,31.26562096706617
2025-11,hoodie,25.35044445646411
2025-11,jacket,132.26493635873933
2025-11,jeans,100.5234981327056
2025-11,lace,35.066602750219644
2025-11,lavender,1.2
2025-11,leather,98.4926886444853
2025-11,linen,14.506838790309999
2025-11,magenta,10.449766881813927
2025-11,maxi dress,71.24941119071117
2025-11,mesh,25.77124180739454
2025-11,mini skirt,34.27017686039089
2025-11,minimalist,18.209277528431798
2025-11,mint,5.7432494522910655
2025-11,navy,15.955903464538999
2025-11,olive,4.267563000920744
2025-11,pants,115.63357153178548
2025-11,pink,18.746928091072817
2025-11,plaid,20.016477485806703
2025-11,preppy,16.091996540097995
2025-11,quiet luxury,20.320392136609225
2025-11,red,169.79365550529906
2025-11,sandals,12.2567107228898
2025-11,satin,5.240725554786917
2025-11,sequins,6.1367320227682045
2025-11,shirt,67.23367782450879
2025-11,silk,56.03113073270314
2025-11,silver,4.536732022768204
2025-11,skirt,126.1650673910356
2025-11,slip dress,21.621388541755138
2025-11,sneakers,10.50102999566398
2025-11,streetwear,157.50836686886967
2025-11,striped,4.938764005203222
2025-11,suede,10.361235994796777
2025-11,sunglasses,20.817021277001533
2025-11,sweater,26.919799143554606
2025-11,t-shirt,32.768972296705
2025-11,trench coat,68.07909122101378
2025-11,turquoise,2.5367320227682044
2025-11,velvet,27.19980765595306
2025-11,vintage,90.10992522336477
2025-11,white,53.90467311464794
2025-11,wool,19.54509101132719
2025-11,y2k,32.9245192706991
2025-11,yellow,15.009277528431799
2025-12,animal print,45.82412907386327
2025-12,athleisure,141.23794676891032
2025-12,avant-garde,310.3273658284781
2025-12,beige,20.814248377143297
2025-12,bermuda shorts,3.175353642813886
2025-12,black,139.9865305476394
2025-12,blazer,7.477121254719663
2025-12,blouse,203.25118297553556
2025-12,blue,181.79114922614818
2025-12,bodysuit,20.168760470161782
2025-12,bohemian,55.434009781996885
2025-12,bomber jacket,62.53452927642398
2025-12,boots,52.0
2025-12,brown,54.383934151775975
2025-12,burgundy,46.34110744912125
2025-12,camel,19.71643221735496
2025-12,camouflage,10.833687627560089
2025-12,cardigan,23.05821610867748
2025-12,cargo pants,8.84001048515762
2025-12,casual,81.71450835387549
2025-12,cherry red,0.3
2025-12,coat,252.77945013446194
2025-12,cobalt blue,13.956159617153643
2025-12,coquette,20.207794736619306
2025-12,corduroy,11.630761614341075
2025-12,corset,15.667415968780666
2025-12,cotton,2.5612359947967773
2025-12,crop top,11.98021701316868
2025-12,denim,69.53720857906563
2025-12,dress,397.3496212542915
2025-12,faux leather,99.4000928947413
2025-12,floral,83.27394132930114
2025-12,gorpcore,5.767415968780665
2025-12,gray,17.93418351884946
2025-12,green,12.24494397918711
2025-12,grunge,31.247050045470257
2025-12,handbag,17.43368762756009
2025-12,heels,76.70198535820273
2025-12,hoodie,12.25821610867748
2025-12,jacket,193.496000713702
2025-12,jeans,37.65821610867748
2025-12,khaki,2.0
2025-12,lace,71.99838521251715
2025-12,lavender,38.117620363512735
2025-12,leather,155.08891014379105
2025-12,leopard print,0.3
2025-12,linen,52.02314795297007
2025-12,loafers,12.956032268465817
2025-12,magenta,31.97693178219664
2025-12,maxi dress,96.40720046514807
2025-12,mesh,3.5612359947967773
2025-12,mini skirt,104.21528834921789
2025-12,minimalist,78.12895859352109
2025-12,mint,66.67279881320542
2025-12,mohair,0.3
2025-12,navy,83.9765981830431
2025-12,olive,1.922471989593555
2025-12,pants,93.57419400400708
2025-12,periwinkle,12.517268263262595
2025-12,pink,92.75938924728969
2025-12,plaid,13.0804354034114
2025-12,polka dot,49.03125129555315
2025-12,preppy,74.2809243545365
2025-12,quiet luxury,66.73370641037856
2025-12,red,235.76345590674782
2025-12,sandals,23.912064536931634
2025-12,satin,12.394923622356867
2025-12,sequins,10.833687627560089
2025-12,shirt,99.2485893946967
2025-12,silk,29.161923776732333
2025-12,silver,20.83368762756009
2025-12,skirt,205.53658110803326
2025-12,slip dress,8.383707984390334
2025-12,sneakers,18.3
2025-12,streetwear,65.17103265452374
2025-12,striped,13.256032268465818
2025-12,suede,21.217277735881698
2025-12,sunglasses,11.650050105069722
2025-12,sweater,117.00227351383651
2025-12,t-shirt,39.059122255457766
2025-12,tie dye,3.122471989593555
2025-12,trench coat,102.74195154491525
2025-12,turquoise,4.0
2025-12,velvet,43.84395552324646
2025-12,vintage,162.41906090902577
2025-12,white,110.59606816964968
2025-12,wool,16.038764005203223
2025-12,y2k,102.99153331640487
2025-12,yellow,19.93974025285615
2026-01,animal print,37.03677202689002
2026-01,athleisure,809.1665146654482
2026-01,avant-garde,581.6445587279719
2026-01,beige,54.996729948583464
2026-01,bermuda shorts,140.7590060672457
2026-01,black,410.1855337112604
2026-01,blazer,66.49679092420116
2026-01,blouse,236.76165185812863
2026-01,blue,208.83905681066358
2026-01,bodysuit,116.97099561594548
2026-01,bohemian,190.3831124942971
2026-01,bomber jacket,345.82972590097535
2026-01,boots,106.0
2026-01,brown,367.01685718045474
2026-01,burgundy,38.85145585389685
2026-01,camel,49.889783773045004
2026-01,cardigan,32.00793572934429
2026-01,cargo pants,322.4019875719573
2026-01,casual,426.4599192338762
2026-01,cherry red,10.49679092420117
2026-01,coat,309.0949280509966
2026-01,coquette,0.6
2026-01,corduroy,12.378247360079127
2026-01,corset,2.0
2026-01,cotton,70.25746207173313
2026-01,crop top,5.9
2026-01,denim,183.97341320041699
2026-01,dress,700.597758620363
2026-01,faux leather,33.917163380107404
2026-01,floral,29.070066739412496
2026-01,gorpcore,82.48629216677598
2026-01,gray,214.68808088062818
2026-01,green,118.33538035603638
2026-01,grunge,152.30820467667093
2026-01,handbag,8.0
2026-01,heels,117.47903526624873
2026-01,hoodie,394.672386274765
2026-01,jacket,846.2512218648116
2026-01,jeans,129.6609267380737
2026-01,khaki,10.597620796151244
2026-01,lace,248.25854722936543
2026-01,lavender,22.088151481439354
2026-01,leather,79.1171633801074
2026-01,linen,60.10198511716189
2026-01,loafers,40.7965548457365
2026-01,magenta,99.07197978405253
2026-01,maxi dress,200.45517705530924
2026-01,mesh,35.50925912180135
2026-01,mini skirt,234.34664122844885
2026-01,minimalist,188.4501706589266
2026-01,mint,41.77054398368054
2026-01,mohair,2.0
2026-01,navy,397.1244911217512
2026-01,olive,14.597620796151244
2026-01,pants,511.6443765332603
2026-01,periwinkle,32.25064483786488
2026-01,pink,214.90363319563494
2026-01,plaid,113.99308527675046
2026-01,polka dot,54.19039530540265
2026-01,preppy,101.59276041214154
2026-01,quiet luxury,43.769207153560785
2026-01,red,770.0689291110593
2026-01,sandals,278.6960868868568
2026-01,satin,65.9201321163804
2026-01,shirt,518.6920346008349
2026-01,silk,158.80199804469933
2026-01,silver,14.0
2026-01,skirt,490.605206001282
2026-01,slip dress,3.8
2026-01,sneakers,54.216206205039846
2026-01,streetwear,620.9073450308848
2026-01,striped,18.503086373933783
2026-01,suede,195.80252228136752
2026-01,sunglasses,33.61345556444121
2026-01,sweater,236.62008943675022
2026-01,t-shirt,130.61207765675303
2026-01,tie dye,19.197296687828604
2026-01,trench coat,149.01900295983202
2026-01,turquoise,52.179870846342936
2026-01,velvet,104.74314196710175
2026-01,vintage,161.01787281092476
2026-01,white,383.7280576481294
2026-01,wool,48.47244594326125
2026-01,y2k,195.10139439036718
2026-01,yellow,73.39350300998484
2026-02,animal print,94.7894980676608
2026-02,athleisure,1702.8996284748225
2026-02,avant-garde,924.2867662152066
2026-02,beige,190.76929554599462
2026-02,bermuda shorts,2.1
2026-02,black,540.7311189031782
2026-02,blazer,75.0
2026-02,blouse,885.4619379453305
2026-02,blue,251.86526294039484
2026-02,bodysuit,3.5
2026-02,bohemian,183.4388607330676
2026-02,bomber jacket,378.63375952150915
2026-02,boots,98.05893596277035
2026-02,brown,450.07027738818516
2026-02,burgundy,143.54579979836552
2026-02,camel,72.05114233111993
2026-02,camouflage,4.0
2026-02,cardigan,29.629991410258643
2026-02,cargo pants,136.23751119565895
2026-02,casual,452.5871836144009
2026-02,cherry red,0.6
2026-02,chiffon,2.0
2026-02,coat,1259.4222720781427
2026-02,coquette,0.6
2026-02,corduroy,37.736072670113636
2026-02,corset,14.133781500460373
2026-02,cotton,37.73558806557208
2026-02,crop top,7.3999999999999995
2026-02,denim,252.5616138516623
2026-02,dress,1977.2794831100314
2026-02,faux leather,588.5804337748111
2026-02,floral,152.2066276362997
2026-02,gorpcore,6.0
2026-02,gray,148.3913772182151
2026-02,green,86.04754480256705
2026-02,grunge,80.14840891222927
2026-02,handbag,4.6
2026-02,heels,605.1994096381547
2026-02,hoodie,165.48804768360745
2026-02,jacket,986.0455926261873
2026-02,jeans,178.29071278457087
2026-02,khaki,12.47241214496764
2026-02,lace,208.30906029890136
2026-02,lavender,15.803910426315557
2026-02,leather,760.0967050471714
2026-02,leopard print,4.0
2026-02,linen,132.2065958878978
2026-02,loafers,36.31625199356582
2026-02,magenta,123.42076780872557
2026-02,maxi dress,682.0297209994806
2026-02,mesh,6.0
2026-02,mini skirt,487.9122740650066
2026-02,minimalist,322.96379391125896
2026-02,mint,72.90187305550769
2026-02,navy,145.09738082795087
2026-02,olive,26.20243696759426
2026-02,pants,245.05001398671908
2026-02,periwinkle,44.97467768061138
2026-02,pink,351.10145659875604
2026-02,plaid,104.5877712235935
2026-02,polka dot,72.60277057663461
2026-02,preppy,382.2336465672886
2026-02,red,1278.943790671106
2026-02,sandals,213.27144151980139
2026-02,satin,91.80478166790708
2026-02,sequins,2.0
2026-02,shirt,269.5141194663985
2026-02,silk,347.3723019759251
2026-02,silver,16.786663153680703
2026-02,skirt,1159.7905023089309
2026-02,slip dress,5.2
2026-02,sneakers,479.49716688745974
2026-02,streetwear,725.529092529244
2026-02,striped,29.138125703623047
2026-02,suede,67.18096138106152
2026-02,sunglasses,6.0
2026-02,sweater,269.50384367234153
2026-02,t-shirt,85.29944580736219
2026-02,tie dye,11.230448921378274
2026-02,trench coat,666.8249300786234
2026-02,turquoise,22.29194115084491
2026-02,velvet,215.11610649390798
2026-02,vintage,325.1985277739028
2026-02,white,375.7037000027331
2026-02,wool,48.31341969480797
2026-02,y2k,263.08748886052825
2026-02,yellow,128.2395798330044
2026-03,animal print,72.2836412563449
2026-03,athleisure,2088.4797790594766
2026-03,avant-garde,1175.516432582103
2026-03,beige,212.03615334740385
2026-03,bermuda shorts,124.17234663183956
2026-03,black,495.7019597008749
2026-03,blazer,180.41244668316708
2026-03,blouse,1036.9008402156599
2026-03,blue,317.38175601643036
2026-03,bodysuit,584.4118590178579
2026-03,bohemian,156.47605137422988
2026-03,bomber jacket,667.4758192881975
2026-03,boots,81.0711029490926
2026-03,brown,404.8088580728115
2026-03,burgundy,140.63157285028552
2026-03,camel,32.765388633328186
2026-03,camouflage,48.19234572800233
2026-03,cardigan,56.17779573081479
2026-03,cargo pants,426.7388000001242
2026-03,casual,650.9372590245547
2026-03,cherry red,71.43162532032615
2026-03,chiffon,2.0
2026-03,coat,1410.7386687410299
2026-03,cobalt blue,57.467978798662855
2026-03,coquette,533.2715115606663
2026-03,corduroy,39.180172509920126
2026-03,corset,281.30619744837384
2026-03,cotton,35.04483935197007
2026-03,crop top,319.07341829938497
2026-03,denim,561.680072593469
2026-03,dress,3951.821481747589
2026-03,faux leather,491.42978793020666
2026-03,floral,237.2433507473189
2026-03,gorpcore,94.16113638620494
2026-03,gray,252.19031386892036
2026-03,green,212.3300785472692
2026-03,grunge,83.24809352730163
2026-03,handbag,347.95871657324585
2026-03,heels,393.6358859214016
2026-03,hoodie,187.2496535380032
2026-03,jacket,1548.2429377820526
2026-03,jeans,309.0463424144171
2026-03,khaki,29.610193983018398
2026-03,lace,412.02455328307013
2026-03,lavender,27.992734867954532
2026-03,leather,805.0768366977825
2026-03,leopard print,44.25054950893687
2026-03,linen,162.70470227558928
2026-03,loafers,48.48460606986441
2026-03,magenta,89.87170751294033
2026-03,maxi dress,1231.9813884733358
2026-03,mesh,249.61537578004882
2026-03,mini skirt,357.6726706646026
2026-03,minimalist,374.1821759149505
2026-03,mint,152.96951090327545
2026-03,mohair,39.4245467385451
2026-03,navy,251.22895151472164
2026-03,olive,32.25687008303517
2026-03,pants,599.6135029224764
2026-03,periwinkle,37.37453030835558
2026-03,pink,293.8014194287113
2026-03,plaid,64.05960640559141
2026-03,polka dot,35.81274712283227
2026-03,preppy,231.18173408095282
2026-03,quiet luxury,736.4331393397422
2026-03,red,1809.244698134112
2026-03,sandals,195.93993510504808
2026-03,satin,183.581070167794
2026-03,sequins,79.33113046632106
2026-03,shirt,395.7331093899271
2026-03,silk,255.54224071964455
2026-03,silver,118.35940957134508
2026-03,skirt,1156.7301485413552
2026-03,slip dress,924.8747525843232
2026-03,sneakers,421.8208131826391
2026-03,streetwear,1162.5043335116175
2026-03,striped,39.00487607193479
2026-03,suede,90.35248608071643
2026-03,sunglasses,291.6954729053723
2026-03,sweater,344.6652521141822
2026-03,t-shirt,161.29960907366996
2026-03,tie dye,57.49626687346689
2026-03,trench coat,717.7260558598681
2026-03,turquoise,43.13977901642231
2026-03,velvet,130.39596449622923
2026-03,vintage,417.8382951977781
2026-03,white,398.3356673984292
2026-03,wool,14.936732022768204
2026-03,y2k,324.4611962978169
2026-03,yellow,128.45728308256827
2026-04,animal print,38.52147842472017
2026-04,athleisure,879.3290240805919
2026-04,avant-garde,1311.301190866954
2026-04,beige,146.933526930602
2026-04,bermuda shorts,286.72175493283703
2026-04,black,371.92526202505917
2026-04,blazer,107.61699378877599
2026-04,blouse,465.35958179719955
2026-04,blue,153.76364344833124
2026-04,bodysuit,389.7591499805327
2026-04,bohemian,306.28640809706326
2026-04,bomber jacket,300.44079209354226
2026-04,boots,73.39956364681652
2026-04,brown,121.1544268377057
2026-04,burgundy,109.501190387364
2026-04,camel,46.40129675547788
2026-04,camouflage,17.557604962929197
2026-04,cardigan,3.2
2026-04,cargo pants,347.83887458325387
2026-04,casual,419.55532592353785
2026-04,cherry red,147.5780992271189
2026-04,chiffon,16.737129669647864
2026-04,coat,378.9033806393109
2026-04,cobalt blue,21.986673734965507
2026-04,coquette,449.9809184032377
2026-04,corduroy,41.59512221455334
2026-04,corset,206.24418402682173
2026-04,cotton,3.5
2026-04,crop top,264.79898328482534
2026-04,denim,202.32422069482277
2026-04,dress,1696.105129089604
2026-04,faux leather,239.24930625418793
2026-04,floral,278.123664551264
2026-04,gorpcore,120.44023924044377
2026-04,gray,321.9092747687984
2026-04,green,94.59918335330718
2026-04,grunge,207.55118414175035
2026-04,handbag,120.98543357226862
2026-04,heels,170.86940281242838
2026-04,hoodie,1074.4436287926999
2026-04,jacket,578.7212511245083
2026-04,jeans,105.13931491814634
2026-04,khaki,10.407648904548687
2026-04,lace,286.48548571575566
2026-04,lavender,9.024685021880192
2026-04,leather,396.31427102808635
2026-04,leopard print,2.4
2026-04,linen,50.981603216907764
2026-04,loafers,61.076346333727905
2026-04,magenta,160.82223597598542
2026-04,maxi dress,503.40684387209353
2026-04,mesh,148.72234905651294
2026-04,mini skirt,151.75793773977657
2026-04,minimalist,384.8606260819369
2026-04,mint,59.67293880298867
2026-04,mohair,20.422418134407668
2026-04,navy,226.2948396156342
2026-04,pants,450.50244811435476
2026-04,periwinkle,38.732871693784624
2026-04,pink,867.553152667044
2026-04,plaid,33.79267495084731
2026-04,polka dot,75.71891280116161
2026-04,preppy,173.30749623490303
2026-04,quiet luxury,573.5019492352491
2026-04,red,1349.2666783141701
2026-04,sandals,166.02505157435817
2026-04,satin,83.32052752552762
2026-04,sequins,54.06770094208682
2026-04,shirt,125.93435423434963
2026-04,silk,187.67016130131046
2026-04,silver,234.36285492815756
2026-04,skirt,508.38881064665895
2026-04,slip dress,449.4305007953424
2026-04,sneakers,189.0774553603904
2026-04,streetwear,906.5462545058612
2026-04,striped,13.840178576458765
2026-04,suede,553.9141165387935
2026-04,sunglasses,256.51335624894324
2026-04,sweater,133.20707954429315
2026-04,t-shirt,53.48474064282838
2026-04,tie dye,14.29836566444464
2026-04,trench coat,196.79097470363624
2026-04,turquoise,54.178661546020436
2026-04,velvet,89.56718536951657
2026-04,vintage,720.3057846834881
2026-04,white,339.17909483807784
2026-04,wool,40.56671450817887
2026-04,y2k,427.2287187447464
2026-04,yellow,100.64422421122389
