mes,termino,interes,category
2020-01,dress,76.0,prenda
2020-02,dress,74.0,prenda
2020-03,dress,50.0,prenda
2020-04,dress,44.0,prenda
2020-05,dress,52.0,prenda
2020-06,dress,55.0,prenda
2020-07,dress,62.0,prenda
2020-08,dress,64.0,prenda
2020-09,dress,60.0,prenda
2020-10,dress,63.0,prenda
2020-11,dress,58.0,prenda
2020-12,dress,58.0,prenda
2021-01,dress,57.0,prenda
2021-02,dress,58.0,prenda
2021-03,dress,65.0,prenda
2021-04,dress,68.0,prenda
2021-05,dress,72.0,prenda
2021-06,dress,73.0,prenda
2021-07,dress,75.0,prenda
2021-08,dress,77.0,prenda
2021-09,dress,76.0,prenda
2021-10,dress,85.0,prenda
2021-11,dress,80.0,prenda
2021-12,dress,73.0,prenda
2022-01,dress,71.0,prenda
2022-02,dress,80.0,prenda
2022-03,dress,84.0,prenda
2022-04,dress,91.0,prenda
2022-05,dress,90.0,prenda
2022-06,dress,85.0,prenda
2022-07,dress,85.0,prenda
2022-08,dress,84.0,prenda
2022-09,dress,83.0,prenda
2022-10,dress,86.0,prenda
2022-11,dress,79.0,prenda
2022-12,dress,75.0,prenda
2023-01,dress,74.0,prenda
2023-02,dress,79.0,prenda
2023-03,dress,82.0,prenda
2023-04,dress,83.0,prenda
2023-05,dress,82.0,prenda
2023-06,dress,81.0,prenda
2023-07,dress,78.0,prenda
2023-08,dress,77.0,prenda
2023-09,dress,80.0,prenda
2023-10,dress,80.0,prenda
2023-11,dress,78.0,prenda
2023-12,dress,74.0,prenda
2024-01,dress,74.0,prenda
2024-02,dress,73.0,prenda
2024-03,dress,84.0,prenda
2024-04,dress,82.0,prenda
2024-05,dress,87.0,prenda
2024-06,dress,87.0,prenda
2024-07,dress,86.0,prenda
2024-08,dress,89.0,prenda
2024-09,dress,94.0,prenda
2024-10,dress,94.0,prenda
2024-11,dress,88.0,prenda
2024-12,dress,84.0,prenda
2025-01,dress,85.0,prenda
2025-02,dress,87.0,prenda
2025-03,dress,89.0,prenda
2025-04,dress,88.0,prenda
2025-05,dress,92.0,prenda
2025-06,dress,93.0,prenda
2025-07,dress,91.0,prenda
2025-08,dress,100.0,prenda
2025-09,dress,98.0,prenda
2025-10,dress,100.0,prenda
2025-11,dress,95.0,prenda
2025-12,dress,87.0,prenda
2026-01,dress,88.0,prenda
2020-01,coat,21.0,prenda
2020-02,coat,18.0,prenda
2020-03,coat,13.0,prenda
2020-04,coat,11.0,prenda
2020-05,coat,13.0,prenda
2020-06,coat,13.0,prenda
2020-07,coat,13.0,prenda
2020-08,coat,14.0,prenda
2020-09,coat,18.0,prenda
2020-10,coat,22.0,prenda
2020-11,coat,24.0,prenda
2020-12,coat,26.0,prenda
2021-01,coat,21.0,prenda
2021-02,coat,18.0,prenda
2021-03,coat,15.0,prenda
2021-04,coat,13.0,prenda
2021-05,coat,13.0,prenda
2021-06,coat,12.0,prenda
2021-07,coat,12.0,prenda
2021-08,coat,13.0,prenda
2021-09,coat,16.0,prenda
2021-10,coat,24.0,prenda
2021-11,coat,31.0,prenda
2021-12,coat,27.0,prenda
2022-01,coat,23.0,prenda
2022-02,coat,19.0,prenda
2022-03,coat,16.0,prenda
2022-04,coat,15.0,prenda
2022-05,coat,13.0,prenda
2022-06,coat,12.0,prenda
2022-07,coat,13.0,prenda
2022-08,coat,14.0,prenda
2022-09,coat,19.0,prenda
2022-10,coat,22.0,prenda
2022-11,coat,27.0,prenda
2022-12,coat,28.0,prenda
2023-01,coat,22.0,prenda
2023-02,coat,18.0,prenda
2023-03,coat,16.0,prenda
2023-04,coat,15.0,prenda
2023-05,coat,14.0,prenda
2023-06,coat,12.0,prenda
2023-07,coat,13.0,prenda
2023-08,coat,14.0,prenda
2023-09,coat,20.0,prenda
2023-10,coat,24.0,prenda
2023-11,coat,29.0,prenda
2023-12,coat,26.0,prenda
2024-01,coat,24.0,prenda
2024-02,coat,19.0,prenda
2024-03,coat,16.0,prenda
2024-04,coat,15.0,prenda
2024-05,coat,13.0,prenda
2024-06,coat,14.0,prenda
2024-07,coat,14.0,prenda
2024-08,coat,16.0,prenda
2024-09,coat,21.0,prenda
2024-10,coat,25.0,prenda
2024-11,coat,31.0,prenda
2024-12,coat,33.0,prenda
2025-01,coat,27.0,prenda
2025-02,coat,21.0,prenda
2025-03,coat,18.0,prenda
2025-04,coat,16.0,prenda
2025-05,coat,15.0,prenda
2025-06,coat,15.0,prenda
2025-07,coat,15.0,prenda
2025-08,coat,19.0,prenda
2025-09,coat,24.0,prenda
2025-10,coat,29.0,prenda
2025-11,coat,35.0,prenda
2025-12,coat,37.0,prenda
2026-01,coat,29.0,prenda
2020-01,jacket,40.0,prenda
2020-02,jacket,32.0,prenda
2020-03,jacket,23.0,prenda
2020-04,jacket,19.0,prenda
2020-05,jacket,21.0,prenda
2020-06,jacket,22.0,prenda
2020-07,jacket,24.0,prenda
2020-08,jacket,25.0,prenda
2020-09,jacket,31.0,prenda
2020-10,jacket,41.0,prenda
2020-11,jacket,47.0,prenda
2020-12,jacket,50.0,prenda
2021-01,jacket,39.0,prenda
2021-02,jacket,34.0,prenda
2021-03,jacket,28.0,prenda
2021-04,jacket,26.0,prenda
2021-05,jacket,26.0,prenda
2021-06,jacket,22.0,prenda
2021-07,jacket,24.0,prenda
2021-08,jacket,28.0,prenda
2021-09,jacket,33.0,prenda
2021-10,jacket,45.0,prenda
2021-11,jacket,56.0,prenda
2021-12,jacket,57.0,prenda
2022-01,jacket,45.0,prenda
2022-02,jacket,36.0,prenda
2022-03,jacket,32.0,prenda
2022-04,jacket,31.0,prenda
2022-05,jacket,26.0,prenda
2022-06,jacket,26.0,prenda
2022-07,jacket,24.0,prenda
2022-08,jacket,26.0,prenda
2022-09,jacket,37.0,prenda
2022-10,jacket,47.0,prenda
2022-11,jacket,57.0,prenda
2022-12,jacket,57.0,prenda
2023-01,jacket,46.0,prenda
2023-02,jacket,38.0,prenda
2023-03,jacket,32.0,prenda
2023-04,jacket,31.0,prenda
2023-05,jacket,26.0,prenda
2023-06,jacket,24.0,prenda
2023-07,jacket,26.0,prenda
2023-08,jacket,28.0,prenda
2023-09,jacket,34.0,prenda
2023-10,jacket,46.0,prenda
2023-11,jacket,58.0,prenda
2023-12,jacket,56.0,prenda
2024-01,jacket,47.0,prenda
2024-02,jacket,38.0,prenda
2024-03,jacket,34.0,prenda
2024-04,jacket,30.0,prenda
2024-05,jacket,27.0,prenda
2024-06,jacket,26.0,prenda
2024-07,jacket,27.0,prenda
2024-08,jacket,33.0,prenda
2024-09,jacket,41.0,prenda
2024-10,jacket,50.0,prenda
2024-11,jacket,65.0,prenda
2024-12,jacket,71.0,prenda
2025-01,jacket,55.0,prenda
2025-02,jacket,42.0,prenda
2025-03,jacket,37.0,prenda
2025-04,jacket,33.0,prenda
2025-05,jacket,31.0,prenda
2025-06,jacket,29.0,prenda
2025-07,jacket,31.0,prenda
2025-08,jacket,42.0,prenda
2025-09,jacket,51.0,prenda
2025-10,jacket,65.0,prenda
2025-11,jacket,81.0,prenda
2025-12,jacket,77.0,prenda
2026-01,jacket,58.0,prenda
2020-01,skirt,9.0,prenda
2020-02,skirt,9.0,prenda
2020-03,skirt,7.0,prenda
2020-04,skirt,7.0,prenda
2020-05,skirt,9.0,prenda
2020-06,skirt,9.0,prenda
2020-07,skirt,10.0,prenda
2020-08,skirt,10.0,prenda
2020-09,skirt,10.0,prenda
2020-10,skirt,10.0,prenda
2020-11,skirt,10.0,prenda
2020-12,skirt,10.0,prenda
2021-01,skirt,8.0,prenda
2021-02,skirt,8.0,prenda
2021-03,skirt,9.0,prenda
2021-04,skirt,10.0,prenda
2021-05,skirt,10.0,prenda
2021-06,skirt,10.0,prenda
2021-07,skirt,10.0,prenda
2021-08,skirt,10.0,prenda
2021-09,skirt,11.0,prenda
2021-10,skirt,12.0,prenda
2021-11,skirt,12.0,prenda
2021-12,skirt,11.0,prenda
2022-01,skirt,9.0,prenda
2022-02,skirt,10.0,prenda
2022-03,skirt,10.0,prenda
2022-04,skirt,11.0,prenda
2022-05,skirt,11.0,prenda
2022-06,skirt,11.0,prenda
2022-07,skirt,11.0,prenda
2022-08,skirt,11.0,prenda
2022-09,skirt,10.0,prenda
2022-10,skirt,12.0,prenda
2022-11,skirt,11.0,prenda
2022-12,skirt,11.0,prenda
2023-01,skirt,10.0,prenda
2023-02,skirt,10.0,prenda
2023-03,skirt,11.0,prenda
2023-04,skirt,11.0,prenda
2023-05,skirt,11.0,prenda
2023-06,skirt,12.0,prenda
2023-07,skirt,12.0,prenda
2023-08,skirt,12.0,prenda
2023-09,skirt,13.0,prenda
2023-10,skirt,13.0,prenda
2023-11,skirt,13.0,prenda
2023-12,skirt,13.0,prenda
2024-01,skirt,10.0,prenda
2024-02,skirt,12.0,prenda
2024-03,skirt,12.0,prenda
2024-04,skirt,12.0,prenda
2024-05,skirt,13.0,prenda
2024-06,skirt,14.0,prenda
2024-07,skirt,14.0,prenda
2024-08,skirt,14.0,prenda
2024-09,skirt,14.0,prenda
2024-10,skirt,15.0,prenda
2024-11,skirt,14.0,prenda
2024-12,skirt,14.0,prenda
2025-01,skirt,12.0,prenda
2025-02,skirt,12.0,prenda
2025-03,skirt,14.0,prenda
2025-04,skirt,13.0,prenda
2025-05,skirt,14.0,prenda
2025-06,skirt,14.0,prenda
2025-07,skirt,15.0,prenda
2025-08,skirt,16.0,prenda
2025-09,skirt,15.0,prenda
2025-10,skirt,16.0,prenda
2025-11,skirt,18.0,prenda
2025-12,skirt,14.0,prenda
2026-01,skirt,12.0,prenda
2020-01,pants,29.0,prenda
2020-02,pants,29.0,prenda
2020-03,pants,24.0,prenda
2020-04,pants,24.0,prenda
2020-05,pants,26.0,prenda
2020-06,pants,27.0,prenda
2020-07,pants,28.0,prenda
2020-08,pants,27.0,prenda
2020-09,pants,30.0,prenda
2020-10,pants,31.0,prenda
2020-11,pants,31.0,prenda
2020-12,pants,34.0,prenda
2021-01,pants,32.0,prenda
2021-02,pants,30.0,prenda
2021-03,pants,30.0,prenda
2021-04,pants,29.0,prenda
2021-05,pants,29.0,prenda
2021-06,pants,29.0,prenda
2021-07,pants,30.0,prenda
2021-08,pants,33.0,prenda
2021-09,pants,32.0,prenda
2021-10,pants,36.0,prenda
2021-11,pants,40.0,prenda
2021-12,pants,38.0,prenda
2022-01,pants,33.0,prenda
2022-02,pants,33.0,prenda
2022-03,pants,34.0,prenda
2022-04,pants,34.0,prenda
2022-05,pants,32.0,prenda
2022-06,pants,33.0,prenda
2022-07,pants,33.0,prenda
2022-08,pants,34.0,prenda
2022-09,pants,37.0,prenda
2022-10,pants,38.0,prenda
2022-11,pants,38.0,prenda
2022-12,pants,39.0,prenda
2023-01,pants,36.0,prenda
2023-02,pants,37.0,prenda
2023-03,pants,35.0,prenda
2023-04,pants,35.0,prenda
2023-05,pants,33.0,prenda
2023-06,pants,35.0,prenda
2023-07,pants,32.0,prenda
2023-08,pants,35.0,prenda
2023-09,pants,35.0,prenda
2023-10,pants,41.0,prenda
2023-11,pants,41.0,prenda
2023-12,pants,41.0,prenda
2024-01,pants,38.0,prenda
2024-02,pants,36.0,prenda
2024-03,pants,38.0,prenda
2024-04,pants,37.0,prenda
2024-05,pants,36.0,prenda
2024-06,pants,36.0,prenda
2024-07,pants,34.0,prenda
2024-08,pants,37.0,prenda
2024-09,pants,37.0,prenda
2024-10,pants,40.0,prenda
2024-11,pants,44.0,prenda
2024-12,pants,44.0,prenda
2025-01,pants,39.0,prenda
2025-02,pants,40.0,prenda
2025-03,pants,39.0,prenda
2025-04,pants,38.0,prenda
2025-05,pants,37.0,prenda
2025-06,pants,39.0,prenda
2025-07,pants,38.0,prenda
2025-08,pants,43.0,prenda
2025-09,pants,45.0,prenda
2025-10,pants,49.0,prenda
2025-11,pants,53.0,prenda
2025-12,pants,49.0,prenda
2026-01,pants,45.0,prenda
2020-01,shirt,57.0,prenda
2020-02,shirt,58.0,prenda
2020-03,shirt,46.0,prenda
2020-04,shirt,53.0,prenda
2020-05,shirt,67.0,prenda
2020-06,shirt,73.0,prenda
2020-07,shirt,71.0,prenda
2020-08,shirt,67.0,prenda
2020-09,shirt,64.0,prenda
2020-10,shirt,61.0,prenda
2020-11,shirt,58.0,prenda
2020-12,shirt,61.0,prenda
2021-01,shirt,52.0,prenda
2021-02,shirt,55.0,prenda
2021-03,shirt,57.0,prenda
2021-04,shirt,63.0,prenda
2021-05,shirt,67.0,prenda
2021-06,shirt,74.0,prenda
2021-07,shirt,77.0,prenda
2021-08,shirt,70.0,prenda
2021-09,shirt,73.0,prenda
2021-10,shirt,68.0,prenda
2021-11,shirt,66.0,prenda
2021-12,shirt,67.0,prenda
2022-01,shirt,56.0,prenda
2022-02,shirt,60.0,prenda
2022-03,shirt,69.0,prenda
2022-04,shirt,75.0,prenda
2022-05,shirt,79.0,prenda
2022-06,shirt,87.0,prenda
2022-07,shirt,80.0,prenda
2022-08,shirt,82.0,prenda
2022-09,shirt,75.0,prenda
2022-10,shirt,73.0,prenda
2022-11,shirt,67.0,prenda
2022-12,shirt,68.0,prenda
2023-01,shirt,64.0,prenda
2023-02,shirt,66.0,prenda
2023-03,shirt,66.0,prenda
2023-04,shirt,77.0,prenda
2023-05,shirt,79.0,prenda
2023-06,shirt,89.0,prenda
2023-07,shirt,83.0,prenda
2023-08,shirt,83.0,prenda
2023-09,shirt,78.0,prenda
2023-10,shirt,76.0,prenda
2023-11,shirt,72.0,prenda
2023-12,shirt,70.0,prenda
2024-01,shirt,63.0,prenda
2024-02,shirt,69.0,prenda
2024-03,shirt,77.0,prenda
2024-04,shirt,76.0,prenda
2024-05,shirt,85.0,prenda
2024-06,shirt,93.0,prenda
2024-07,shirt,87.0,prenda
2024-08,shirt,87.0,prenda
2024-09,shirt,80.0,prenda
2024-10,shirt,78.0,prenda
2024-11,shirt,75.0,prenda
2024-12,shirt,82.0,prenda
2025-01,shirt,68.0,prenda
2025-02,shirt,71.0,prenda
2025-03,shirt,83.0,prenda
2025-04,shirt,85.0,prenda
2025-05,shirt,91.0,prenda
2025-06,shirt,97.0,prenda
2025-07,shirt,95.0,prenda
2025-08,shirt,100.0,prenda
2025-09,shirt,91.0,prenda
2025-10,shirt,86.0,prenda
2025-11,shirt,88.0,prenda
2025-12,shirt,84.0,prenda
2026-01,shirt,69.0,prenda
2020-01,blouse,10.0,prenda
2020-02,blouse,10.0,prenda
2020-03,blouse,7.0,prenda
2020-04,blouse,5.0,prenda
2020-05,blouse,6.0,prenda
2020-06,blouse,7.0,prenda
2020-07,blouse,8.0,prenda
2020-08,blouse,8.0,prenda
2020-09,blouse,8.0,prenda
2020-10,blouse,10.0,prenda
2020-11,blouse,11.0,prenda
2020-12,blouse,9.0,prenda
2021-01,blouse,9.0,prenda
2021-02,blouse,9.0,prenda
2021-03,blouse,9.0,prenda
2021-04,blouse,10.0,prenda
2021-05,blouse,7.0,prenda
2021-06,blouse,8.0,prenda
2021-07,blouse,8.0,prenda
2021-08,blouse,9.0,prenda
2021-09,blouse,10.0,prenda
2021-10,blouse,11.0,prenda
2021-11,blouse,10.0,prenda
2021-12,blouse,10.0,prenda
2022-01,blouse,11.0,prenda
2022-02,blouse,11.0,prenda
2022-03,blouse,12.0,prenda
2022-04,blouse,13.0,prenda
2022-05,blouse,12.0,prenda
2022-06,blouse,11.0,prenda
2022-07,blouse,10.0,prenda
2022-08,blouse,12.0,prenda
2022-09,blouse,12.0,prenda
2022-10,blouse,13.0,prenda
2022-11,blouse,12.0,prenda
2022-12,blouse,11.0,prenda
2023-01,blouse,12.0,prenda
2023-02,blouse,11.0,prenda
2023-03,blouse,11.0,prenda
2023-04,blouse,12.0,prenda
2023-05,blouse,11.0,prenda
2023-06,blouse,10.0,prenda
2023-07,blouse,9.0,prenda
2023-08,blouse,10.0,prenda
2023-09,blouse,10.0,prenda
2023-10,blouse,12.0,prenda
2023-11,blouse,12.0,prenda
2023-12,blouse,11.0,prenda
2024-01,blouse,10.0,prenda
2024-02,blouse,10.0,prenda
2024-03,blouse,10.0,prenda
2024-04,blouse,9.0,prenda
2024-05,blouse,9.0,prenda
2024-06,blouse,8.0,prenda
2024-07,blouse,8.0,prenda
2024-08,blouse,9.0,prenda
2024-09,blouse,9.0,prenda
2024-10,blouse,10.0,prenda
2024-11,blouse,9.0,prenda
2024-12,blouse,9.0,prenda
2025-01,blouse,9.0,prenda
2025-02,blouse,8.0,prenda
2025-03,blouse,9.0,prenda
2025-04,blouse,10.0,prenda
2025-05,blouse,9.0,prenda
2025-06,blouse,8.0,prenda
2025-07,blouse,8.0,prenda
2025-08,blouse,10.0,prenda
2025-09,blouse,11.0,prenda
2025-10,blouse,10.0,prenda
2025-11,blouse,11.0,prenda
2025-12,blouse,10.0,prenda
2026-01,blouse,10.0,prenda
2020-01,sweater,13.0,prenda
2020-02,sweater,10.0,prenda
2020-03,sweater,7.0,prenda
2020-04,sweater,7.0,prenda
2020-05,sweater,7.0,prenda
2020-06,sweater,7.0,prenda
2020-07,sweater,7.0,prenda
2020-08,sweater,8.0,prenda
2020-09,sweater,11.0,prenda
2020-10,sweater,15.0,prenda
2020-11,sweater,19.0,prenda
2020-12,sweater,24.0,prenda
2021-01,sweater,14.0,prenda
2021-02,sweater,11.0,prenda
2021-03,sweater,9.0,prenda
2021-04,sweater,8.0,prenda
2021-05,sweater,7.0,prenda
2021-06,sweater,6.0,prenda
2021-07,sweater,7.0,prenda
2021-08,sweater,8.0,prenda
2021-09,sweater,11.0,prenda
2021-10,sweater,16.0,prenda
2021-11,sweater,24.0,prenda
2021-12,sweater,28.0,prenda
2022-01,sweater,15.0,prenda
2022-02,sweater,12.0,prenda
2022-03,sweater,9.0,prenda
2022-04,sweater,9.0,prenda
2022-05,sweater,7.0,prenda
2022-06,sweater,7.0,prenda
2022-07,sweater,7.0,prenda
2022-08,sweater,8.0,prenda
2022-09,sweater,12.0,prenda
2022-10,sweater,18.0,prenda
2022-11,sweater,25.0,prenda
2022-12,sweater,28.0,prenda
2023-01,sweater,16.0,prenda
2023-02,sweater,12.0,prenda
2023-03,sweater,10.0,prenda
2023-04,sweater,8.0,prenda
2023-05,sweater,7.0,prenda
2023-06,sweater,7.0,prenda
2023-07,sweater,7.0,prenda
2023-08,sweater,10.0,prenda
2023-09,sweater,12.0,prenda
2023-10,sweater,16.0,prenda
2023-11,sweater,25.0,prenda
2023-12,sweater,32.0,prenda
2024-01,sweater,17.0,prenda
2024-02,sweater,13.0,prenda
2024-03,sweater,10.0,prenda
2024-04,sweater,9.0,prenda
2024-05,sweater,8.0,prenda
2024-06,sweater,8.0,prenda
2024-07,sweater,8.0,prenda
2024-08,sweater,10.0,prenda
2024-09,sweater,15.0,prenda
2024-10,sweater,19.0,prenda
2024-11,sweater,28.0,prenda
2024-12,sweater,38.0,prenda
2025-01,sweater,19.0,prenda
2025-02,sweater,14.0,prenda
2025-03,sweater,11.0,prenda
2025-04,sweater,9.0,prenda
2025-05,sweater,9.0,prenda
2025-06,sweater,8.0,prenda
2025-07,sweater,9.0,prenda
2025-08,sweater,13.0,prenda
2025-09,sweater,16.0,prenda
2025-10,sweater,21.0,prenda
2025-11,sweater,33.0,prenda
2025-12,sweater,35.0,prenda
2026-01,sweater,20.0,prenda
2020-01,cardigan,7.0,prenda
2020-02,cardigan,6.0,prenda
2020-03,cardigan,5.0,prenda
2020-04,cardigan,5.0,prenda
2020-05,cardigan,6.0,prenda
2020-06,cardigan,6.0,prenda
2020-07,cardigan,9.0,prenda
2020-08,cardigan,9.0,prenda
2020-09,cardigan,10.0,prenda
2020-10,cardigan,10.0,prenda
2020-11,cardigan,10.0,prenda
2020-12,cardigan,10.0,prenda
2021-01,cardigan,9.0,prenda
2021-02,cardigan,8.0,prenda
2021-03,cardigan,8.0,prenda
2021-04,cardigan,8.0,prenda
2021-05,cardigan,8.0,prenda
2021-06,cardigan,7.0,prenda
2021-07,cardigan,7.0,prenda
2021-08,cardigan,9.0,prenda
2021-09,cardigan,10.0,prenda
2021-10,cardigan,10.0,prenda
2021-11,cardigan,11.0,prenda
2021-12,cardigan,10.0,prenda
2022-01,cardigan,9.0,prenda
2022-02,cardigan,8.0,prenda
2022-03,cardigan,8.0,prenda
2022-04,cardigan,9.0,prenda
2022-05,cardigan,8.0,prenda
2022-06,cardigan,7.0,prenda
2022-07,cardigan,7.0,prenda
2022-08,cardigan,7.0,prenda
2022-09,cardigan,9.0,prenda
2022-10,cardigan,10.0,prenda
2022-11,cardigan,11.0,prenda
2022-12,cardigan,11.0,prenda
2023-01,cardigan,9.0,prenda
2023-02,cardigan,8.0,prenda
2023-03,cardigan,8.0,prenda
2023-04,cardigan,8.0,prenda
2023-05,cardigan,8.0,prenda
2023-06,cardigan,7.0,prenda
2023-07,cardigan,8.0,prenda
2023-08,cardigan,9.0,prenda
2023-09,cardigan,10.0,prenda
2023-10,cardigan,12.0,prenda
2023-11,cardigan,12.0,prenda
2023-12,cardigan,12.0,prenda
2024-01,cardigan,10.0,prenda
2024-02,cardigan,10.0,prenda
2024-03,cardigan,10.0,prenda
2024-04,cardigan,9.0,prenda
2024-05,cardigan,8.0,prenda
2024-06,cardigan,8.0,prenda
2024-07,cardigan,8.0,prenda
2024-08,cardigan,10.0,prenda
2024-09,cardigan,13.0,prenda
2024-10,cardigan,13.0,prenda
2024-11,cardigan,15.0,prenda
2024-12,cardigan,15.0,prenda
2025-01,cardigan,12.0,prenda
2025-02,cardigan,11.0,prenda
2025-03,cardigan,11.0,prenda
2025-04,cardigan,11.0,prenda
2025-05,cardigan,10.0,prenda
2025-06,cardigan,9.0,prenda
2025-07,cardigan,9.0,prenda
2025-08,cardigan,12.0,prenda
2025-09,cardigan,15.0,prenda
2025-10,cardigan,16.0,prenda
2025-11,cardigan,17.0,prenda
2025-12,cardigan,15.0,prenda
2026-01,cardigan,12.0,prenda
2020-01,trench coat,2.0,prenda
2020-02,trench coat,2.0,prenda
2020-03,trench coat,1.0,prenda
2020-04,trench coat,1.0,prenda
2020-05,trench coat,1.0,prenda
2020-06,trench coat,1.0,prenda
2020-07,trench coat,1.0,prenda
2020-08,trench coat,1.0,prenda
2020-09,trench coat,2.0,prenda
2020-10,trench coat,2.0,prenda
2020-11,trench coat,2.0,prenda
2020-12,trench coat,2.0,prenda
2021-01,trench coat,1.0,prenda
2021-02,trench coat,1.0,prenda
2021-03,trench coat,1.0,prenda
2021-04,trench coat,1.0,prenda
2021-05,trench coat,1.0,prenda
2021-06,trench coat,1.0,prenda
2021-07,trench coat,1.0,prenda
2021-08,trench coat,1.0,prenda
2021-09,trench coat,2.0,prenda
2021-10,trench coat,2.0,prenda
2021-11,trench coat,3.0,prenda
2021-12,trench coat,2.0,prenda
2022-01,trench coat,2.0,prenda
2022-02,trench coat,2.0,prenda
2022-03,trench coat,2.0,prenda
2022-04,trench coat,2.0,prenda
2022-05,trench coat,1.0,prenda
2022-06,trench coat,1.0,prenda
2022-07,trench coat,1.0,prenda
2022-08,trench coat,1.0,prenda
2022-09,trench coat,2.0,prenda
2022-10,trench coat,3.0,prenda
2022-11,trench coat,2.0,prenda
2022-12,trench coat,2.0,prenda
2023-01,trench coat,2.0,prenda
2023-02,trench coat,2.0,prenda
2023-03,trench coat,2.0,prenda
2023-04,trench coat,2.0,prenda
2023-05,trench coat,2.0,prenda
2023-06,trench coat,1.0,prenda
2023-07,trench coat,1.0,prenda
2023-08,trench coat,2.0,prenda
2023-09,trench coat,2.0,prenda
2023-10,trench coat,3.0,prenda
2023-11,trench coat,3.0,prenda
2023-12,trench coat,2.0,prenda
2024-01,trench coat,2.0,prenda
2024-02,trench coat,2.0,prenda
2024-03,trench coat,2.0,prenda
2024-04,trench coat,2.0,prenda
2024-05,trench coat,2.0,prenda
2024-06,trench coat,1.0,prenda
2024-07,trench coat,1.0,prenda
2024-08,trench coat,2.0,prenda
2024-09,trench coat,3.0,prenda
2024-10,trench coat,4.0,prenda
2024-11,trench coat,3.0,prenda
2024-12,trench coat,3.0,prenda
2025-01,trench coat,3.0,prenda
2025-02,trench coat,3.0,prenda
2025-03,trench coat,3.0,prenda
2025-04,trench coat,2.0,prenda
2025-05,trench coat,2.0,prenda
2025-06,trench coat,2.0,prenda
2025-07,trench coat,2.0,prenda
2025-08,trench coat,3.0,prenda
2025-09,trench coat,4.0,prenda
2025-10,trench coat,5.0,prenda
2025-11,trench coat,4.0,prenda
2025-12,trench coat,4.0,prenda
2026-01,trench coat,3.0,prenda
2020-01,bomber jacket,2.0,prenda
2020-02,bomber jacket,2.0,prenda
2020-03,bomber jacket,1.0,prenda
2020-04,bomber jacket,1.0,prenda
2020-05,bomber jacket,1.0,prenda
2020-06,bomber jacket,1.0,prenda
2020-07,bomber jacket,1.0,prenda
2020-08,bomber jacket,2.0,prenda
2020-09,bomber jacket,2.0,prenda
2020-10,bomber jacket,2.0,prenda
2020-11,bomber jacket,2.0,prenda
2020-12,bomber jacket,3.0,prenda
2021-01,bomber jacket,2.0,prenda
2021-02,bomber jacket,2.0,prenda
2021-03,bomber jacket,2.0,prenda
2021-04,bomber jacket,2.0,prenda
2021-05,bomber jacket,2.0,prenda
2021-06,bomber jacket,1.0,prenda
2021-07,bomber jacket,1.0,prenda
2021-08,bomber jacket,1.0,prenda
2021-09,bomber jacket,2.0,prenda
2021-10,bomber jacket,3.0,prenda
2021-11,bomber jacket,3.0,prenda
2021-12,bomber jacket,3.0,prenda
2022-01,bomber jacket,2.0,prenda
2022-02,bomber jacket,2.0,prenda
2022-03,bomber jacket,2.0,prenda
2022-04,bomber jacket,2.0,prenda
2022-05,bomber jacket,2.0,prenda
2022-06,bomber jacket,1.0,prenda
2022-07,bomber jacket,1.0,prenda
2022-08,bomber jacket,1.0,prenda
2022-09,bomber jacket,2.0,prenda
2022-10,bomber jacket,3.0,prenda
2022-11,bomber jacket,3.0,prenda
2022-12,bomber jacket,3.0,prenda
2023-01,bomber jacket,2.0,prenda
2023-02,bomber jacket,2.0,prenda
2023-03,bomber jacket,2.0,prenda
2023-04,bomber jacket,2.0,prenda
2023-05,bomber jacket,2.0,prenda
2023-06,bomber jacket,1.0,prenda
2023-07,bomber jacket,1.0,prenda
2023-08,bomber jacket,2.0,prenda
2023-09,bomber jacket,2.0,prenda
2023-10,bomber jacket,3.0,prenda
2023-11,bomber jacket,3.0,prenda
2023-12,bomber jacket,3.0,prenda
2024-01,bomber jacket,3.0,prenda
2024-02,bomber jacket,2.0,prenda
2024-03,bomber jacket,2.0,prenda
2024-04,bomber jacket,2.0,prenda
2024-05,bomber jacket,2.0,prenda
2024-06,bomber jacket,1.0,prenda
2024-07,bomber jacket,1.0,prenda
2024-08,bomber jacket,2.0,prenda
2024-09,bomber jacket,2.0,prenda
2024-10,bomber jacket,3.0,prenda
2024-11,bomber jacket,4.0,prenda
2024-12,bomber jacket,4.0,prenda
2025-01,bomber jacket,3.0,prenda
2025-02,bomber jacket,2.0,prenda
2025-03,bomber jacket,3.0,prenda
2025-04,bomber jacket,2.0,prenda
2025-05,bomber jacket,2.0,prenda
2025-06,bomber jacket,2.0,prenda
2025-07,bomber jacket,2.0,prenda
2025-08,bomber jacket,3.0,prenda
2025-09,bomber jacket,3.0,prenda
2025-10,bomber jacket,4.0,prenda
2025-11,bomber jacket,4.0,prenda
2025-12,bomber jacket,4.0,prenda
2026-01,bomber jacket,3.0,prenda
2020-01,maxi dress,2.0,prenda
2020-02,maxi dress,3.0,prenda
2020-03,maxi dress,2.0,prenda
2020-04,maxi dress,2.0,prenda
2020-05,maxi dress,3.0,prenda
2020-06,maxi dress,3.0,prenda
2020-07,maxi dress,3.0,prenda
2020-08,maxi dress,3.0,prenda
2020-09,maxi dress,2.0,prenda
2020-10,maxi dress,2.0,prenda
2020-11,maxi dress,2.0,prenda
2020-12,maxi dress,2.0,prenda
2021-01,maxi dress,2.0,prenda
2021-02,maxi dress,2.0,prenda
2021-03,maxi dress,3.0,prenda
2021-04,maxi dress,3.0,prenda
2021-05,maxi dress,4.0,prenda
2021-06,maxi dress,4.0,prenda
2021-07,maxi dress,4.0,prenda
2021-08,maxi dress,3.0,prenda
2021-09,maxi dress,3.0,prenda
2021-10,maxi dress,3.0,prenda
2021-11,maxi dress,3.0,prenda
2021-12,maxi dress,2.0,prenda
2022-01,maxi dress,3.0,prenda
2022-02,maxi dress,3.0,prenda
2022-03,maxi dress,4.0,prenda
2022-04,maxi dress,4.0,prenda
2022-05,maxi dress,5.0,prenda
2022-06,maxi dress,4.0,prenda
2022-07,maxi dress,4.0,prenda
2022-08,maxi dress,3.0,prenda
2022-09,maxi dress,3.0,prenda
2022-10,maxi dress,3.0,prenda
2022-11,maxi dress,3.0,prenda
2022-12,maxi dress,2.0,prenda
2023-01,maxi dress,3.0,prenda
2023-02,maxi dress,3.0,prenda
2023-03,maxi dress,4.0,prenda
2023-04,maxi dress,4.0,prenda
2023-05,maxi dress,5.0,prenda
2023-06,maxi dress,5.0,prenda
2023-07,maxi dress,4.0,prenda
2023-08,maxi dress,4.0,prenda
2023-09,maxi dress,3.0,prenda
2023-10,maxi dress,3.0,prenda
2023-11,maxi dress,3.0,prenda
2023-12,maxi dress,3.0,prenda
2024-01,maxi dress,4.0,prenda
2024-02,maxi dress,4.0,prenda
2024-03,maxi dress,5.0,prenda
2024-04,maxi dress,5.0,prenda
2024-05,maxi dress,6.0,prenda
2024-06,maxi dress,6.0,prenda
2024-07,maxi dress,5.0,prenda
2024-08,maxi dress,5.0,prenda
2024-09,maxi dress,4.0,prenda
2024-10,maxi dress,4.0,prenda
2024-11,maxi dress,4.0,prenda
2024-12,maxi dress,4.0,prenda
2025-01,maxi dress,4.0,prenda
2025-02,maxi dress,5.0,prenda
2025-03,maxi dress,6.0,prenda
2025-04,maxi dress,7.0,prenda
2025-05,maxi dress,7.0,prenda
2025-06,maxi dress,6.0,prenda
2025-07,maxi dress,6.0,prenda
2025-08,maxi dress,6.0,prenda
2025-09,maxi dress,7.0,prenda
2025-10,maxi dress,6.0,prenda
2025-11,maxi dress,5.0,prenda
2025-12,maxi dress,4.0,prenda
2026-01,maxi dress,5.0,prenda
2020-01,mini skirt,1.0,prenda
2020-02,mini skirt,1.0,prenda
2020-03,mini skirt,1.0,prenda
2020-04,mini skirt,1.0,prenda
2020-05,mini skirt,1.0,prenda
2020-06,mini skirt,1.0,prenda
2020-07,mini skirt,1.0,prenda
2020-08,mini skirt,1.0,prenda
2020-09,mini skirt,1.0,prenda
2020-10,mini skirt,1.0,prenda
2020-11,mini skirt,1.0,prenda
2020-12,mini skirt,1.0,prenda
2021-01,mini skirt,1.0,prenda
2021-02,mini skirt,1.0,prenda
2021-03,mini skirt,1.0,prenda
2021-04,mini skirt,1.0,prenda
2021-05,mini skirt,1.0,prenda
2021-06,mini skirt,1.0,prenda
2021-07,mini skirt,1.0,prenda
2021-08,mini skirt,1.0,prenda
2021-09,mini skirt,1.0,prenda
2021-10,mini skirt,2.0,prenda
2021-11,mini skirt,1.0,prenda
2021-12,mini skirt,1.0,prenda
2022-01,mini skirt,1.0,prenda
2022-02,mini skirt,1.0,prenda
2022-03,mini skirt,1.0,prenda
2022-04,mini skirt,1.0,prenda
2022-05,mini skirt,1.0,prenda
2022-06,mini skirt,1.0,prenda
2022-07,mini skirt,1.0,prenda
2022-08,mini skirt,1.0,prenda
2022-09,mini skirt,2.0,prenda
2022-10,mini skirt,2.0,prenda
2022-11,mini skirt,1.0,prenda
2022-12,mini skirt,2.0,prenda
2023-01,mini skirt,1.0,prenda
2023-02,mini skirt,1.0,prenda
2023-03,mini skirt,1.0,prenda
2023-04,mini skirt,1.0,prenda
2023-05,mini skirt,2.0,prenda
2023-06,mini skirt,1.0,prenda
2023-07,mini skirt,2.0,prenda
2023-08,mini skirt,2.0,prenda
2023-09,mini skirt,2.0,prenda
2023-10,mini skirt,2.0,prenda
2023-11,mini skirt,2.0,prenda
2023-12,mini skirt,2.0,prenda
2024-01,mini skirt,2.0,prenda
2024-02,mini skirt,2.0,prenda
2024-03,mini skirt,2.0,prenda
2024-04,mini skirt,2.0,prenda
2024-05,mini skirt,2.0,prenda
2024-06,mini skirt,2.0,prenda
2024-07,mini skirt,2.0,prenda
2024-08,mini skirt,2.0,prenda
2024-09,mini skirt,2.0,prenda
2024-10,mini skirt,3.0,prenda
2024-11,mini skirt,2.0,prenda
2024-12,mini skirt,2.0,prenda
2025-01,mini skirt,2.0,prenda
2025-02,mini skirt,2.0,prenda
2025-03,mini skirt,2.0,prenda
2025-04,mini skirt,2.0,prenda
2025-05,mini skirt,2.0,prenda
2025-06,mini skirt,2.0,prenda
2025-07,mini skirt,2.0,prenda
2025-08,mini skirt,2.0,prenda
2025-09,mini skirt,2.0,prenda
2025-10,mini skirt,3.0,prenda
2025-11,mini skirt,3.0,prenda
2025-12,mini skirt,3.0,prenda
2026-01,mini skirt,2.0,prenda
2020-01,hoodie,29.0,prenda
2020-02,hoodie,28.0,prenda
2020-03,hoodie,24.0,prenda
2020-04,hoodie,26.0,prenda
2020-05,hoodie,24.0,prenda
2020-06,hoodie,22.0,prenda
2020-07,hoodie,22.0,prenda
2020-08,hoodie,24.0,prenda
2020-09,hoodie,29.0,prenda
2020-10,hoodie,33.0,prenda
2020-11,hoodie,43.0,prenda
2020-12,hoodie,46.0,prenda
2021-01,hoodie,35.0,prenda
2021-02,hoodie,32.0,prenda
2021-03,hoodie,27.0,prenda
2021-04,hoodie,25.0,prenda
2021-05,hoodie,24.0,prenda
2021-06,hoodie,19.0,prenda
2021-07,hoodie,20.0,prenda
2021-08,hoodie,25.0,prenda
2021-09,hoodie,30.0,prenda
2021-10,hoodie,37.0,prenda
2021-11,hoodie,48.0,prenda
2021-12,hoodie,52.0,prenda
2022-01,hoodie,35.0,prenda
2022-02,hoodie,30.0,prenda
2022-03,hoodie,28.0,prenda
2022-04,hoodie,26.0,prenda
2022-05,hoodie,22.0,prenda
2022-06,hoodie,20.0,prenda
2022-07,hoodie,21.0,prenda
2022-08,hoodie,22.0,prenda
2022-09,hoodie,32.0,prenda
2022-10,hoodie,38.0,prenda
2022-11,hoodie,48.0,prenda
2022-12,hoodie,52.0,prenda
2023-01,hoodie,37.0,prenda
2023-02,hoodie,32.0,prenda
2023-03,hoodie,28.0,prenda
2023-04,hoodie,28.0,prenda
2023-05,hoodie,23.0,prenda
2023-06,hoodie,20.0,prenda
2023-07,hoodie,24.0,prenda
2023-08,hoodie,27.0,prenda
2023-09,hoodie,31.0,prenda
2023-10,hoodie,40.0,prenda
2023-11,hoodie,53.0,prenda
2023-12,hoodie,57.0,prenda
2024-01,hoodie,40.0,prenda
2024-02,hoodie,34.0,prenda
2024-03,hoodie,31.0,prenda
2024-04,hoodie,27.0,prenda
2024-05,hoodie,23.0,prenda
2024-06,hoodie,22.0,prenda
2024-07,hoodie,22.0,prenda
2024-08,hoodie,26.0,prenda
2024-09,hoodie,34.0,prenda
2024-10,hoodie,41.0,prenda
2024-11,hoodie,58.0,prenda
2024-12,hoodie,67.0,prenda
2025-01,hoodie,45.0,prenda
2025-02,hoodie,36.0,prenda
2025-03,hoodie,32.0,prenda
2025-04,hoodie,30.0,prenda
2025-05,hoodie,26.0,prenda
2025-06,hoodie,21.0,prenda
2025-07,hoodie,26.0,prenda
2025-08,hoodie,34.0,prenda
2025-09,hoodie,38.0,prenda
2025-10,hoodie,46.0,prenda
2025-11,hoodie,59.0,prenda
2025-12,hoodie,63.0,prenda
2026-01,hoodie,42.0,prenda
2020-01,t-shirt,1.0,prenda
2020-02,t-shirt,1.0,prenda
2020-03,t-shirt,1.0,prenda
2020-04,t-shirt,1.0,prenda
2020-05,t-shirt,2.0,prenda
2020-06,t-shirt,2.0,prenda
2020-07,t-shirt,2.0,prenda
2020-08,t-shirt,2.0,prenda
2020-09,t-shirt,2.0,prenda
2020-10,t-shirt,1.0,prenda
2020-11,t-shirt,1.0,prenda
2020-12,t-shirt,1.0,prenda
2021-01,t-shirt,1.0,prenda
2021-02,t-shirt,1.0,prenda
2021-03,t-shirt,1.0,prenda
2021-04,t-shirt,2.0,prenda
2021-05,t-shirt,2.0,prenda
2021-06,t-shirt,2.0,prenda
2021-07,t-shirt,2.0,prenda
2021-08,t-shirt,2.0,prenda
2021-09,t-shirt,2.0,prenda
2021-10,t-shirt,2.0,prenda
2021-11,t-shirt,2.0,prenda
2021-12,t-shirt,2.0,prenda
2022-01,t-shirt,1.0,prenda
2022-02,t-shirt,2.0,prenda
2022-03,t-shirt,2.0,prenda
2022-04,t-shirt,2.0,prenda
2022-05,t-shirt,2.0,prenda
2022-06,t-shirt,2.0,prenda
2022-07,t-shirt,2.0,prenda
2022-08,t-shirt,2.0,prenda
2022-09,t-shirt,2.0,prenda
2022-10,t-shirt,2.0,prenda
2022-11,t-shirt,2.0,prenda
2022-12,t-shirt,2.0,prenda
2023-01,t-shirt,1.0,prenda
2023-02,t-shirt,2.0,prenda
2023-03,t-shirt,2.0,prenda
2023-04,t-shirt,2.0,prenda
2023-05,t-shirt,2.0,prenda
2023-06,t-shirt,2.0,prenda
2023-07,t-shirt,2.0,prenda
2023-08,t-shirt,2.0,prenda
2023-09,t-shirt,2.0,prenda
2023-10,t-shirt,2.0,prenda
2023-11,t-shirt,2.0,prenda
2023-12,t-shirt,2.0,prenda
2024-01,t-shirt,2.0,prenda
2024-02,t-shirt,2.0,prenda
2024-03,t-shirt,2.0,prenda
2024-04,t-shirt,2.0,prenda
2024-05,t-shirt,2.0,prenda
2024-06,t-shirt,2.0,prenda
2024-07,t-shirt,2.0,prenda
2024-08,t-shirt,2.0,prenda
2024-09,t-shirt,2.0,prenda
2024-10,t-shirt,2.0,prenda
2024-11,t-shirt,2.0,prenda
2024-12,t-shirt,2.0,prenda
2025-01,t-shirt,2.0,prenda
2025-02,t-shirt,2.0,prenda
2025-03,t-shirt,2.0,prenda
2025-04,t-shirt,2.0,prenda
2025-05,t-shirt,2.0,prenda
2025-06,t-shirt,3.0,prenda
2025-07,t-shirt,3.0,prenda
2025-08,t-shirt,3.0,prenda
2025-09,t-shirt,3.0,prenda
2025-10,t-shirt,3.0,prenda
2025-11,t-shirt,3.0,prenda
2025-12,t-shirt,2.0,prenda
2026-01,t-shirt,2.0,prenda
2020-01,cargo pants,0.0,prenda
2020-02,cargo pants,0.0,prenda
2020-03,cargo pants,0.0,prenda
2020-04,cargo pants,0.0,prenda
2020-05,cargo pants,0.0,prenda
2020-06,cargo pants,0.0,prenda
2020-07,cargo pants,0.0,prenda
2020-08,cargo pants,0.0,prenda
2020-09,cargo pants,0.0,prenda
2020-10,cargo pants,0.0,prenda
2020-11,cargo pants,0.0,prenda
2020-12,cargo pants,0.0,prenda
2021-01,cargo pants,0.0,prenda
2021-02,cargo pants,0.0,prenda
2021-03,cargo pants,0.0,prenda
2021-04,cargo pants,0.0,prenda
2021-05,cargo pants,0.0,prenda
2021-06,cargo pants,0.0,prenda
2021-07,cargo pants,0.0,prenda
2021-08,cargo pants,0.0,prenda
2021-09,cargo pants,0.0,prenda
2021-10,cargo pants,1.0,prenda
2021-11,cargo pants,1.0,prenda
2021-12,cargo pants,1.0,prenda
2022-01,cargo pants,1.0,prenda
2022-02,cargo pants,1.0,prenda
2022-03,cargo pants,1.0,prenda
2022-04,cargo pants,1.0,prenda
2022-05,cargo pants,1.0,prenda
2022-06,cargo pants,1.0,prenda
2022-07,cargo pants,1.0,prenda
2022-08,cargo pants,1.0,prenda
2022-09,cargo pants,1.0,prenda
2022-10,cargo pants,1.0,prenda
2022-11,cargo pants,1.0,prenda
2022-12,cargo pants,1.0,prenda
2023-01,cargo pants,1.0,prenda
2023-02,cargo pants,1.0,prenda
2023-03,cargo pants,1.0,prenda
2023-04,cargo pants,1.0,prenda
2023-05,cargo pants,1.0,prenda
2023-06,cargo pants,1.0,prenda
2023-07,cargo pants,1.0,prenda
2023-08,cargo pants,1.0,prenda
2023-09,cargo pants,1.0,prenda
2023-10,cargo pants,1.0,prenda
2023-11,cargo pants,1.0,prenda
2023-12,cargo pants,1.0,prenda
2024-01,cargo pants,1.0,prenda
2024-02,cargo pants,1.0,prenda
2024-03,cargo pants,1.0,prenda
2024-04,cargo pants,1.0,prenda
2024-05,cargo pants,1.0,prenda
2024-06,cargo pants,1.0,prenda
2024-07,cargo pants,1.0,prenda
2024-08,cargo pants,1.0,prenda
2024-09,cargo pants,1.0,prenda
2024-10,cargo pants,1.0,prenda
2024-11,cargo pants,1.0,prenda
2024-12,cargo pants,1.0,prenda
2025-01,cargo pants,1.0,prenda
2025-02,cargo pants,1.0,prenda
2025-03,cargo pants,1.0,prenda
2025-04,cargo pants,1.0,prenda
2025-05,cargo pants,1.0,prenda
2025-06,cargo pants,1.0,prenda
2025-07,cargo pants,1.0,prenda
2025-08,cargo pants,1.0,prenda
2025-09,cargo pants,1.0,prenda
2025-10,cargo pants,1.0,prenda
2025-11,cargo pants,1.0,prenda
2025-12,cargo pants,1.0,prenda
2026-01,cargo pants,1.0,prenda
2020-01,red,64.0,color
2020-02,red,66.0,color
2020-03,red,57.0,color
2020-04,red,62.0,color
2020-05,red,64.0,color
2020-06,red,64.0,color
2020-07,red,64.0,color
2020-08,red,64.0,color
2020-09,red,63.0,color
2020-10,red,60.0,color
2020-11,red,59.0,color
2020-12,red,65.0,color
2021-01,red,59.0,color
2021-02,red,61.0,color
2021-03,red,59.0,color
2021-04,red,60.0,color
2021-05,red,64.0,color
2021-06,red,61.0,color
2021-07,red,69.0,color
2021-08,red,64.0,color
2021-09,red,63.0,color
2021-10,red,74.0,color
2021-11,red,69.0,color
2021-12,red,65.0,color
2022-01,red,61.0,color
2022-02,red,63.0,color
2022-03,red,68.0,color
2022-04,red,68.0,color
2022-05,red,65.0,color
2022-06,red,63.0,color
2022-07,red,66.0,color
2022-08,red,64.0,color
2022-09,red,63.0,color
2022-10,red,65.0,color
2022-11,red,62.0,color
2022-12,red,65.0,color
2023-01,red,62.0,color
2023-02,red,66.0,color
2023-03,red,64.0,color
2023-04,red,64.0,color
2023-05,red,59.0,color
2023-06,red,64.0,color
2023-07,red,64.0,color
2023-08,red,67.0,color
2023-09,red,65.0,color
2023-10,red,66.0,color
2023-11,red,62.0,color
2023-12,red,68.0,color
2024-01,red,61.0,color
2024-02,red,68.0,color
2024-03,red,69.0,color
2024-04,red,67.0,color
2024-05,red,68.0,color
2024-06,red,68.0,color
2024-07,red,72.0,color
2024-08,red,66.0,color
2024-09,red,65.0,color
2024-10,red,66.0,color
2024-11,red,68.0,color
2024-12,red,77.0,color
2025-01,red,71.0,color
2025-02,red,70.0,color
2025-03,red,67.0,color
2025-04,red,66.0,color
2025-05,red,67.0,color
2025-06,red,69.0,color
2025-07,red,71.0,color
2025-08,red,75.0,color
2025-09,red,77.0,color
2025-10,red,75.0,color
2025-11,red,76.0,color
2025-12,red,78.0,color
2026-01,red,74.0,color
2020-01,blue,56.0,color
2020-02,blue,58.0,color
2020-03,blue,51.0,color
2020-04,blue,52.0,color
2020-05,blue,58.0,color
2020-06,blue,61.0,color
2020-07,blue,63.0,color
2020-08,blue,63.0,color
2020-09,blue,63.0,color
2020-10,blue,58.0,color
2020-11,blue,57.0,color
2020-12,blue,58.0,color
2021-01,blue,60.0,color
2021-02,blue,55.0,color
2021-03,blue,59.0,color
2021-04,blue,58.0,color
2021-05,blue,62.0,color
2021-06,blue,60.0,color
2021-07,blue,63.0,color
2021-08,blue,61.0,color
2021-09,blue,57.0,color
2021-10,blue,61.0,color
2021-11,blue,56.0,color
2021-12,blue,54.0,color
2022-01,blue,59.0,color
2022-02,blue,59.0,color
2022-03,blue,61.0,color
2022-04,blue,68.0,color
2022-05,blue,65.0,color
2022-06,blue,69.0,color
2022-07,blue,69.0,color
2022-08,blue,66.0,color
2022-09,blue,67.0,color
2022-10,blue,63.0,color
2022-11,blue,62.0,color
2022-12,blue,66.0,color
2023-01,blue,70.0,color
2023-02,blue,64.0,color
2023-03,blue,65.0,color
2023-04,blue,66.0,color
2023-05,blue,68.0,color
2023-06,blue,68.0,color
2023-07,blue,69.0,color
2023-08,blue,80.0,color
2023-09,blue,68.0,color
2023-10,blue,73.0,color
2023-11,blue,63.0,color
2023-12,blue,65.0,color
2024-01,blue,64.0,color
2024-02,blue,65.0,color
2024-03,blue,66.0,color
2024-04,blue,63.0,color
2024-05,blue,68.0,color
2024-06,blue,66.0,color
2024-07,blue,71.0,color
2024-08,blue,70.0,color
2024-09,blue,65.0,color
2024-10,blue,66.0,color
2024-11,blue,69.0,color
2024-12,blue,67.0,color
2025-01,blue,74.0,color
2025-02,blue,73.0,color
2025-03,blue,74.0,color
2025-04,blue,76.0,color
2025-05,blue,74.0,color
2025-06,blue,72.0,color
2025-07,blue,78.0,color
2025-08,blue,83.0,color
2025-09,blue,77.0,color
2025-10,blue,100.0,color
2025-11,blue,85.0,color
2025-12,blue,74.0,color
2026-01,blue,72.0,color
2020-01,green,73.0,color
2020-02,green,67.0,color
2020-03,green,63.0,color
2020-04,green,67.0,color
2020-05,green,74.0,color
2020-06,green,71.0,color
2020-07,green,75.0,color
2020-08,green,73.0,color
2020-09,green,75.0,color
2020-10,green,71.0,color
2020-11,green,70.0,color
2020-12,green,71.0,color
2021-01,green,68.0,color
2021-02,green,65.0,color
2021-03,green,70.0,color
2021-04,green,70.0,color
2021-05,green,75.0,color
2021-06,green,74.0,color
2021-07,green,84.0,color
2021-08,green,86.0,color
2021-09,green,81.0,color
2021-10,green,83.0,color
2021-11,green,80.0,color
2021-12,green,80.0,color
2022-01,green,87.0,color
2022-02,green,78.0,color
2022-03,green,79.0,color
2022-04,green,80.0,color
2022-05,green,77.0,color
2022-06,green,78.0,color
2022-07,green,76.0,color
2022-08,green,76.0,color
2022-09,green,79.0,color
2022-10,green,81.0,color
2022-11,green,75.0,color
2022-12,green,74.0,color
2023-01,green,74.0,color
2023-02,green,78.0,color
2023-03,green,74.0,color
2023-04,green,76.0,color
2023-05,green,75.0,color
2023-06,green,71.0,color
2023-07,green,78.0,color
2023-08,green,75.0,color
2023-09,green,76.0,color
2023-10,green,73.0,color
2023-11,green,77.0,color
2023-12,green,79.0,color
2024-01,green,77.0,color
2024-02,green,77.0,color
2024-03,green,79.0,color
2024-04,green,80.0,color
2024-05,green,78.0,color
2024-06,green,78.0,color
2024-07,green,79.0,color
2024-08,green,81.0,color
2024-09,green,80.0,color
2024-10,green,81.0,color
2024-11,green,87.0,color
2024-12,green,84.0,color
2025-01,green,76.0,color
2025-02,green,78.0,color
2025-03,green,89.0,color
2025-04,green,83.0,color
2025-05,green,81.0,color
2025-06,green,80.0,color
2025-07,green,84.0,color
2025-08,green,94.0,color
2025-09,green,96.0,color
2025-10,green,90.0,color
2025-11,green,100.0,color
2025-12,green,86.0,color
2026-01,green,89.0,color
2020-01,yellow,21.0,color
2020-02,yellow,22.0,color
2020-03,yellow,20.0,color
2020-04,yellow,23.0,color
2020-05,yellow,26.0,color
2020-06,yellow,25.0,color
2020-07,yellow,26.0,color
2020-08,yellow,23.0,color
2020-09,yellow,24.0,color
2020-10,yellow,22.0,color
2020-11,yellow,20.0,color
2020-12,yellow,19.0,color
2021-01,yellow,20.0,color
2021-02,yellow,20.0,color
2021-03,yellow,22.0,color
2021-04,yellow,22.0,color
2021-05,yellow,24.0,color
2021-06,yellow,23.0,color
2021-07,yellow,24.0,color
2021-08,yellow,24.0,color
2021-09,yellow,22.0,color
2021-10,yellow,22.0,color
2021-11,yellow,20.0,color
2021-12,yellow,22.0,color
2022-01,yellow,22.0,color
2022-02,yellow,22.0,color
2022-03,yellow,24.0,color
2022-04,yellow,25.0,color
2022-05,yellow,25.0,color
2022-06,yellow,25.0,color
2022-07,yellow,24.0,color
2022-08,yellow,23.0,color
2022-09,yellow,23.0,color
2022-10,yellow,23.0,color
2022-11,yellow,22.0,color
2022-12,yellow,21.0,color
2023-01,yellow,21.0,color
2023-02,yellow,22.0,color
2023-03,yellow,22.0,color
2023-04,yellow,24.0,color
2023-05,yellow,24.0,color
2023-06,yellow,26.0,color
2023-07,yellow,24.0,color
2023-08,yellow,25.0,color
2023-09,yellow,23.0,color
2023-10,yellow,22.0,color
2023-11,yellow,21.0,color
2023-12,yellow,22.0,color
2024-01,yellow,22.0,color
2024-02,yellow,23.0,color
2024-03,yellow,23.0,color
2024-04,yellow,24.0,color
2024-05,yellow,25.0,color
2024-06,yellow,25.0,color
2024-07,yellow,25.0,color
2024-08,yellow,25.0,color
2024-09,yellow,25.0,color
2024-10,yellow,25.0,color
2024-11,yellow,23.0,color
2024-12,yellow,23.0,color
2025-01,yellow,24.0,color
2025-02,yellow,26.0,color
2025-03,yellow,27.0,color
2025-04,yellow,28.0,color
2025-05,yellow,27.0,color
2025-06,yellow,28.0,color
2025-07,yellow,29.0,color
2025-08,yellow,31.0,color
2025-09,yellow,29.0,color
2025-10,yellow,28.0,color
2025-11,yellow,31.0,color
2025-12,yellow,29.0,color
2026-01,yellow,29.0,color
2020-01,pink,10.0,color
2020-02,pink,10.0,color
2020-03,pink,9.0,color
2020-04,pink,11.0,color
2020-05,pink,11.0,color
2020-06,pink,10.0,color
2020-07,pink,11.0,color
2020-08,pink,10.0,color
2020-09,pink,11.0,color
2020-10,pink,10.0,color
2020-11,pink,10.0,color
2020-12,pink,10.0,color
2021-01,pink,10.0,color
2021-02,pink,11.0,color
2021-03,pink,11.0,color
2021-04,pink,12.0,color
2021-05,pink,12.0,color
2021-06,pink,11.0,color
2021-07,pink,11.0,color
2021-08,pink,11.0,color
2021-09,pink,10.0,color
2021-10,pink,11.0,color
2021-11,pink,11.0,color
2021-12,pink,11.0,color
2022-01,pink,11.0,color
2022-02,pink,11.0,color
2022-03,pink,11.0,color
2022-04,pink,11.0,color
2022-05,pink,11.0,color
2022-06,pink,11.0,color
2022-07,pink,12.0,color
2022-08,pink,11.0,color
2022-09,pink,12.0,color
2022-10,pink,11.0,color
2022-11,pink,11.0,color
2022-12,pink,12.0,color
2023-01,pink,12.0,color
2023-02,pink,13.0,color
2023-03,pink,12.0,color
2023-04,pink,12.0,color
2023-05,pink,12.0,color
2023-06,pink,13.0,color
2023-07,pink,13.0,color
2023-08,pink,12.0,color
2023-09,pink,12.0,color
2023-10,pink,11.0,color
2023-11,pink,12.0,color
2023-12,pink,12.0,color
2024-01,pink,13.0,color
2024-02,pink,13.0,color
2024-03,pink,12.0,color
2024-04,pink,12.0,color
2024-05,pink,12.0,color
2024-06,pink,12.0,color
2024-07,pink,13.0,color
2024-08,pink,13.0,color
2024-09,pink,12.0,color
2024-10,pink,12.0,color
2024-11,pink,14.0,color
2024-12,pink,14.0,color
2025-01,pink,13.0,color
2025-02,pink,13.0,color
2025-03,pink,14.0,color
2025-04,pink,14.0,color
2025-05,pink,14.0,color
2025-06,pink,13.0,color
2025-07,pink,14.0,color
2025-08,pink,15.0,color
2025-09,pink,14.0,color
2025-10,pink,14.0,color
2025-11,pink,15.0,color
2025-12,pink,15.0,color
2026-01,pink,14.0,color
2020-01,brown,12.0,color
2020-02,brown,11.0,color
2020-03,brown,11.0,color
2020-04,brown,11.0,color
2020-05,brown,13.0,color
2020-06,brown,12.0,color
2020-07,brown,12.0,color
2020-08,brown,12.0,color
2020-09,brown,12.0,color
2020-10,brown,12.0,color
2020-11,brown,12.0,color
2020-12,brown,12.0,color
2021-01,brown,12.0,color
2021-02,brown,11.0,color
2021-03,brown,11.0,color
2021-04,brown,11.0,color
2021-05,brown,11.0,color
2021-06,brown,11.0,color
2021-07,brown,11.0,color
2021-08,brown,11.0,color
2021-09,brown,11.0,color
2021-10,brown,12.0,color
2021-11,brown,12.0,color
2021-12,brown,12.0,color
2022-01,brown,15.0,color
2022-02,brown,11.0,color
2022-03,brown,11.0,color
2022-04,brown,12.0,color
2022-05,brown,12.0,color
2022-06,brown,13.0,color
2022-07,brown,13.0,color
2022-08,brown,12.0,color
2022-09,brown,12.0,color
2022-10,brown,12.0,color
2022-11,brown,12.0,color
2022-12,brown,12.0,color
2023-01,brown,12.0,color
2023-02,brown,11.0,color
2023-03,brown,10.0,color
2023-04,brown,12.0,color
2023-05,brown,11.0,color
2023-06,brown,11.0,color
2023-07,brown,11.0,color
2023-08,brown,11.0,color
2023-09,brown,11.0,color
2023-10,brown,12.0,color
2023-11,brown,12.0,color
2023-12,brown,12.0,color
2024-01,brown,11.0,color
2024-02,brown,12.0,color
2024-03,brown,12.0,color
2024-04,brown,12.0,color
2024-05,brown,12.0,color
2024-06,brown,12.0,color
2024-07,brown,12.0,color
2024-08,brown,12.0,color
2024-09,brown,12.0,color
2024-10,brown,13.0,color
2024-11,brown,14.0,color
2024-12,brown,14.0,color
2025-01,brown,13.0,color
2025-02,brown,13.0,color
2025-03,brown,13.0,color
2025-04,brown,13.0,color
2025-05,brown,13.0,color
2025-06,brown,12.0,color
2025-07,brown,13.0,color
2025-08,brown,16.0,color
2025-09,brown,16.0,color
2025-10,brown,16.0,color
2025-11,brown,19.0,color
2025-12,brown,19.0,color
2026-01,brown,15.0,color
2020-01,black,50.0,color
2020-02,black,49.0,color
2020-03,black,44.0,color
2020-04,black,49.0,color
2020-05,black,55.0,color
2020-06,black,65.0,color
2020-07,black,57.0,color
2020-08,black,58.0,color
2020-09,black,53.0,color
2020-10,black,57.0,color
2020-11,black,86.0,color
2020-12,black,57.0,color
2021-01,black,53.0,color
2021-02,black,54.0,color
2021-03,black,50.0,color
2021-04,black,50.0,color
2021-05,black,53.0,color
2021-06,black,51.0,color
2021-07,black,55.0,color
2021-08,black,53.0,color
2021-09,black,51.0,color
2021-10,black,54.0,color
2021-11,black,84.0,color
2021-12,black,53.0,color
2022-01,black,53.0,color
2022-02,black,53.0,color
2022-03,black,49.0,color
2022-04,black,51.0,color
2022-05,black,51.0,color
2022-06,black,51.0,color
2022-07,black,53.0,color
2022-08,black,53.0,color
2022-09,black,55.0,color
2022-10,black,60.0,color
2022-11,black,90.0,color
2022-12,black,53.0,color
2023-01,black,51.0,color
2023-02,black,53.0,color
2023-03,black,47.0,color
2023-04,black,48.0,color
2023-05,black,49.0,color
2023-06,black,54.0,color
2023-07,black,51.0,color
2023-08,black,49.0,color
2023-09,black,49.0,color
2023-10,black,56.0,color
2023-11,black,79.0,color
2023-12,black,53.0,color
2024-01,black,51.0,color
2024-02,black,53.0,color
2024-03,black,50.0,color
2024-04,black,51.0,color
2024-05,black,49.0,color
2024-06,black,51.0,color
2024-07,black,51.0,color
2024-08,black,56.0,color
2024-09,black,53.0,color
2024-10,black,61.0,color
2024-11,black,91.0,color
2024-12,black,63.0,color
2025-01,black,57.0,color
2025-02,black,55.0,color
2025-03,black,53.0,color
2025-04,black,56.0,color
2025-05,black,54.0,color
2025-06,black,53.0,color
2025-07,black,57.0,color
2025-08,black,64.0,color
2025-09,black,64.0,color
2025-10,black,65.0,color
2025-11,black,100.0,color
2025-12,black,68.0,color
2026-01,black,58.0,color
2020-01,white,33.0,color
2020-02,white,33.0,color
2020-03,white,30.0,color
2020-04,white,33.0,color
2020-05,white,37.0,color
2020-06,white,41.0,color
2020-07,white,38.0,color
2020-08,white,39.0,color
2020-09,white,36.0,color
2020-10,white,35.0,color
2020-11,white,35.0,color
2020-12,white,36.0,color
2021-01,white,36.0,color
2021-02,white,34.0,color
2021-03,white,33.0,color
2021-04,white,36.0,color
2021-05,white,36.0,color
2021-06,white,34.0,color
2021-07,white,36.0,color
2021-08,white,38.0,color
2021-09,white,33.0,color
2021-10,white,35.0,color
2021-11,white,33.0,color
2021-12,white,41.0,color
2022-01,white,40.0,color
2022-02,white,35.0,color
2022-03,white,35.0,color
2022-04,white,36.0,color
2022-05,white,35.0,color
2022-06,white,36.0,color
2022-07,white,40.0,color
2022-08,white,35.0,color
2022-09,white,35.0,color
2022-10,white,34.0,color
2022-11,white,34.0,color
2022-12,white,39.0,color
2023-01,white,37.0,color
2023-02,white,34.0,color
2023-03,white,36.0,color
2023-04,white,34.0,color
2023-05,white,35.0,color
2023-06,white,36.0,color
2023-07,white,37.0,color
2023-08,white,37.0,color
2023-09,white,33.0,color
2023-10,white,34.0,color
2023-11,white,35.0,color
2023-12,white,37.0,color
2024-01,white,36.0,color
2024-02,white,37.0,color
2024-03,white,40.0,color
2024-04,white,35.0,color
2024-05,white,37.0,color
2024-06,white,37.0,color
2024-07,white,37.0,color
2024-08,white,38.0,color
2024-09,white,35.0,color
2024-10,white,37.0,color
2024-11,white,38.0,color
2024-12,white,40.0,color
2025-01,white,38.0,color
2025-02,white,41.0,color
2025-03,white,45.0,color
2025-04,white,45.0,color
2025-05,white,42.0,color
2025-06,white,40.0,color
2025-07,white,42.0,color
2025-08,white,46.0,color
2025-09,white,43.0,color
2025-10,white,43.0,color
2025-11,white,43.0,color
2025-12,white,43.0,color
2026-01,white,41.0,color
2020-01,beige,11.0,color
2020-02,beige,11.0,color
2020-03,beige,10.0,color
2020-04,beige,11.0,color
2020-05,beige,13.0,color
2020-06,beige,13.0,color
2020-07,beige,13.0,color
2020-08,beige,13.0,color
2020-09,beige,14.0,color
2020-10,beige,15.0,color
2020-11,beige,16.0,color
2020-12,beige,14.0,color
2021-01,beige,16.0,color
2021-02,beige,16.0,color
2021-03,beige,16.0,color
2021-04,beige,16.0,color
2021-05,beige,17.0,color
2021-06,beige,15.0,color
2021-07,beige,15.0,color
2021-08,beige,17.0,color
2021-09,beige,18.0,color
2021-10,beige,21.0,color
2021-11,beige,21.0,color
2021-12,beige,19.0,color
2022-01,beige,20.0,color
2022-02,beige,18.0,color
2022-03,beige,20.0,color
2022-04,beige,21.0,color
2022-05,beige,19.0,color
2022-06,beige,17.0,color
2022-07,beige,17.0,color
2022-08,beige,19.0,color
2022-09,beige,20.0,color
2022-10,beige,20.0,color
2022-11,beige,21.0,color
2022-12,beige,21.0,color
2023-01,beige,21.0,color
2023-02,beige,21.0,color
2023-03,beige,19.0,color
2023-04,beige,21.0,color
2023-05,beige,21.0,color
2023-06,beige,21.0,color
2023-07,beige,22.0,color
2023-08,beige,21.0,color
2023-09,beige,22.0,color
2023-10,beige,24.0,color
2023-11,beige,25.0,color
2023-12,beige,24.0,color
2024-01,beige,23.0,color
2024-02,beige,22.0,color
2024-03,beige,25.0,color
2024-04,beige,25.0,color
2024-05,beige,24.0,color
2024-06,beige,24.0,color
2024-07,beige,23.0,color
2024-08,beige,24.0,color
2024-09,beige,26.0,color
2024-10,beige,26.0,color
2024-11,beige,28.0,color
2024-12,beige,29.0,color
2025-01,beige,26.0,color
2025-02,beige,26.0,color
2025-03,beige,29.0,color
2025-04,beige,28.0,color
2025-05,beige,29.0,color
2025-06,beige,28.0,color
2025-07,beige,28.0,color
2025-08,beige,33.0,color
2025-09,beige,33.0,color
2025-10,beige,33.0,color
2025-11,beige,37.0,color
2025-12,beige,31.0,color
2026-01,beige,29.0,color
2020-01,gray,31.0,color
2020-02,gray,32.0,color
2020-03,gray,31.0,color
2020-04,gray,35.0,color
2020-05,gray,39.0,color
2020-06,gray,36.0,color
2020-07,gray,41.0,color
2020-08,gray,36.0,color
2020-09,gray,36.0,color
2020-10,gray,34.0,color
2020-11,gray,33.0,color
2020-12,gray,34.0,color
2021-01,gray,35.0,color
2021-02,gray,33.0,color
2021-03,gray,33.0,color
2021-04,gray,34.0,color
2021-05,gray,34.0,color
2021-06,gray,32.0,color
2021-07,gray,34.0,color
2021-08,gray,34.0,color
2021-09,gray,31.0,color
2021-10,gray,32.0,color
2021-11,gray,32.0,color
2021-12,gray,31.0,color
2022-01,gray,34.0,color
2022-02,gray,34.0,color
2022-03,gray,33.0,color
2022-04,gray,33.0,color
2022-05,gray,33.0,color
2022-06,gray,34.0,color
2022-07,gray,56.0,color
2022-08,gray,41.0,color
2022-09,gray,33.0,color
2022-10,gray,32.0,color
2022-11,gray,31.0,color
2022-12,gray,31.0,color
2023-01,gray,33.0,color
2023-02,gray,32.0,color
2023-03,gray,30.0,color
2023-04,gray,30.0,color
2023-05,gray,30.0,color
2023-06,gray,29.0,color
2023-07,gray,31.0,color
2023-08,gray,31.0,color
2023-09,gray,29.0,color
2023-10,gray,29.0,color
2023-11,gray,33.0,color
2023-12,gray,34.0,color
2024-01,gray,32.0,color
2024-02,gray,34.0,color
2024-03,gray,34.0,color
2024-04,gray,34.0,color
2024-05,gray,38.0,color
2024-06,gray,33.0,color
2024-07,gray,33.0,color
2024-08,gray,34.0,color
2024-09,gray,42.0,color
2024-10,gray,34.0,color
2024-11,gray,35.0,color
2024-12,gray,36.0,color
2025-01,gray,37.0,color
2025-02,gray,34.0,color
2025-03,gray,36.0,color
2025-04,gray,35.0,color
2025-05,gray,36.0,color
2025-06,gray,34.0,color
2025-07,gray,34.0,color
2025-08,gray,41.0,color
2025-09,gray,40.0,color
2025-10,gray,38.0,color
2025-11,gray,42.0,color
2025-12,gray,36.0,color
2026-01,gray,36.0,color
2020-01,turquoise,4.0,color
2020-02,turquoise,4.0,color
2020-03,turquoise,4.0,color
2020-04,turquoise,4.0,color
2020-05,turquoise,5.0,color
2020-06,turquoise,5.0,color
2020-07,turquoise,5.0,color
2020-08,turquoise,5.0,color
2020-09,turquoise,4.0,color
2020-10,turquoise,4.0,color
2020-11,turquoise,4.0,color
2020-12,turquoise,4.0,color
2021-01,turquoise,4.0,color
2021-02,turquoise,4.0,color
2021-03,turquoise,5.0,color
2021-04,turquoise,5.0,color
2021-05,turquoise,5.0,color
2021-06,turquoise,5.0,color
2021-07,turquoise,5.0,color
2021-08,turquoise,5.0,color
2021-09,turquoise,4.0,color
2021-10,turquoise,4.0,color
2021-11,turquoise,4.0,color
2021-12,turquoise,4.0,color
2022-01,turquoise,4.0,color
2022-02,turquoise,4.0,color
2022-03,turquoise,5.0,color
2022-04,turquoise,5.0,color
2022-05,turquoise,5.0,color
2022-06,turquoise,5.0,color
2022-07,turquoise,5.0,color
2022-08,turquoise,4.0,color
2022-09,turquoise,4.0,color
2022-10,turquoise,4.0,color
2022-11,turquoise,4.0,color
2022-12,turquoise,4.0,color
2023-01,turquoise,4.0,color
2023-02,turquoise,4.0,color
2023-03,turquoise,4.0,color
2023-04,turquoise,4.0,color
2023-05,turquoise,4.0,color
2023-06,turquoise,5.0,color
2023-07,turquoise,4.0,color
2023-08,turquoise,4.0,color
2023-09,turquoise,4.0,color
2023-10,turquoise,4.0,color
2023-11,turquoise,4.0,color
2023-12,turquoise,4.0,color
2024-01,turquoise,4.0,color
2024-02,turquoise,4.0,color
2024-03,turquoise,4.0,color
2024-04,turquoise,4.0,color
2024-05,turquoise,4.0,color
2024-06,turquoise,4.0,color
2024-07,turquoise,5.0,color
2024-08,turquoise,4.0,color
2024-09,turquoise,4.0,color
2024-10,turquoise,4.0,color
2024-11,turquoise,4.0,color
2024-12,turquoise,4.0,color
2025-01,turquoise,4.0,color
2025-02,turquoise,4.0,color
2025-03,turquoise,4.0,color
2025-04,turquoise,4.0,color
2025-05,turquoise,5.0,color
2025-06,turquoise,4.0,color
2025-07,turquoise,5.0,color
2025-08,turquoise,6.0,color
2025-09,turquoise,5.0,color
2025-10,turquoise,5.0,color
2025-11,turquoise,5.0,color
2025-12,turquoise,5.0,color
2026-01,turquoise,5.0,color
2020-01,navy,58.0,color
2020-02,navy,55.0,color
2020-03,navy,49.0,color
2020-04,navy,53.0,color
2020-05,navy,61.0,color
2020-06,navy,61.0,color
2020-07,navy,64.0,color
2020-08,navy,55.0,color
2020-09,navy,59.0,color
2020-10,navy,61.0,color
2020-11,navy,69.0,color
2020-12,navy,71.0,color
2021-01,navy,52.0,color
2021-02,navy,53.0,color
2021-03,navy,57.0,color
2021-04,navy,61.0,color
2021-05,navy,59.0,color
2021-06,navy,57.0,color
2021-07,navy,63.0,color
2021-08,navy,61.0,color
2021-09,navy,60.0,color
2021-10,navy,62.0,color
2021-11,navy,69.0,color
2021-12,navy,70.0,color
2022-01,navy,51.0,color
2022-02,navy,51.0,color
2022-03,navy,55.0,color
2022-04,navy,58.0,color
2022-05,navy,59.0,color
2022-06,navy,59.0,color
2022-07,navy,61.0,color
2022-08,navy,58.0,color
2022-09,navy,59.0,color
2022-10,navy,60.0,color
2022-11,navy,63.0,color
2022-12,navy,62.0,color
2023-01,navy,50.0,color
2023-02,navy,50.0,color
2023-03,navy,52.0,color
2023-04,navy,53.0,color
2023-05,navy,57.0,color
2023-06,navy,54.0,color
2023-07,navy,54.0,color
2023-08,navy,55.0,color
2023-09,navy,52.0,color
2023-10,navy,57.0,color
2023-11,navy,62.0,color
2023-12,navy,66.0,color
2024-01,navy,53.0,color
2024-02,navy,52.0,color
2024-03,navy,54.0,color
2024-04,navy,54.0,color
2024-05,navy,56.0,color
2024-06,navy,54.0,color
2024-07,navy,55.0,color
2024-08,navy,56.0,color
2024-09,navy,52.0,color
2024-10,navy,60.0,color
2024-11,navy,67.0,color
2024-12,navy,71.0,color
2025-01,navy,54.0,color
2025-02,navy,55.0,color
2025-03,navy,56.0,color
2025-04,navy,59.0,color
2025-05,navy,63.0,color
2025-06,navy,60.0,color
2025-07,navy,59.0,color
2025-08,navy,67.0,color
2025-09,navy,65.0,color
2025-10,navy,68.0,color
2025-11,navy,81.0,color
2025-12,navy,74.0,color
2026-01,navy,60.0,color
2020-01,burgundy,5.0,color
2020-02,burgundy,5.0,color
2020-03,burgundy,4.0,color
2020-04,burgundy,4.0,color
2020-05,burgundy,4.0,color
2020-06,burgundy,4.0,color
2020-07,burgundy,5.0,color
2020-08,burgundy,5.0,color
2020-09,burgundy,5.0,color
2020-10,burgundy,5.0,color
2020-11,burgundy,5.0,color
2020-12,burgundy,5.0,color
2021-01,burgundy,5.0,color
2021-02,burgundy,5.0,color
2021-03,burgundy,4.0,color
2021-04,burgundy,5.0,color
2021-05,burgundy,5.0,color
2021-06,burgundy,4.0,color
2021-07,burgundy,4.0,color
2021-08,burgundy,5.0,color
2021-09,burgundy,5.0,color
2021-10,burgundy,6.0,color
2021-11,burgundy,6.0,color
2021-12,burgundy,5.0,color
2022-01,burgundy,5.0,color
2022-02,burgundy,5.0,color
2022-03,burgundy,5.0,color
2022-04,burgundy,5.0,color
2022-05,burgundy,5.0,color
2022-06,burgundy,4.0,color
2022-07,burgundy,4.0,color
2022-08,burgundy,5.0,color
2022-09,burgundy,5.0,color
2022-10,burgundy,5.0,color
2022-11,burgundy,5.0,color
2022-12,burgundy,5.0,color
2023-01,burgundy,4.0,color
2023-02,burgundy,5.0,color
2023-03,burgundy,4.0,color
2023-04,burgundy,4.0,color
2023-05,burgundy,4.0,color
2023-06,burgundy,4.0,color
2023-07,burgundy,4.0,color
2023-08,burgundy,5.0,color
2023-09,burgundy,5.0,color
2023-10,burgundy,5.0,color
2023-11,burgundy,6.0,color
2023-12,burgundy,6.0,color
2024-01,burgundy,5.0,color
2024-02,burgundy,5.0,color
2024-03,burgundy,5.0,color
2024-04,burgundy,5.0,color
2024-05,burgundy,5.0,color
2024-06,burgundy,5.0,color
2024-07,burgundy,5.0,color
2024-08,burgundy,5.0,color
2024-09,burgundy,8.0,color
2024-10,burgundy,9.0,color
2024-11,burgundy,11.0,color
2024-12,burgundy,10.0,color
2025-01,burgundy,8.0,color
2025-02,burgundy,7.0,color
2025-03,burgundy,7.0,color
2025-04,burgundy,6.0,color
2025-05,burgundy,6.0,color
2025-06,burgundy,6.0,color
2025-07,burgundy,6.0,color
2025-08,burgundy,9.0,color
2025-09,burgundy,11.0,color
2025-10,burgundy,11.0,color
2025-11,burgundy,14.0,color
2025-12,burgundy,13.0,color
2026-01,burgundy,10.0,color
2020-01,khaki,3.0,color
2020-02,khaki,3.0,color
2020-03,khaki,3.0,color
2020-04,khaki,3.0,color
2020-05,khaki,3.0,color
2020-06,khaki,3.0,color
2020-07,khaki,3.0,color
2020-08,khaki,3.0,color
2020-09,khaki,3.0,color
2020-10,khaki,3.0,color
2020-11,khaki,4.0,color
2020-12,khaki,3.0,color
2021-01,khaki,3.0,color
2021-02,khaki,3.0,color
2021-03,khaki,3.0,color
2021-04,khaki,4.0,color
2021-05,khaki,4.0,color
2021-06,khaki,3.0,color
2021-07,khaki,4.0,color
2021-08,khaki,4.0,color
2021-09,khaki,4.0,color
2021-10,khaki,4.0,color
2021-11,khaki,4.0,color
2021-12,khaki,4.0,color
2022-01,khaki,4.0,color
2022-02,khaki,4.0,color
2022-03,khaki,4.0,color
2022-04,khaki,4.0,color
2022-05,khaki,4.0,color
2022-06,khaki,4.0,color
2022-07,khaki,4.0,color
2022-08,khaki,5.0,color
2022-09,khaki,4.0,color
2022-10,khaki,4.0,color
2022-11,khaki,4.0,color
2022-12,khaki,4.0,color
2023-01,khaki,4.0,color
2023-02,khaki,4.0,color
2023-03,khaki,4.0,color
2023-04,khaki,4.0,color
2023-05,khaki,4.0,color
2023-06,khaki,4.0,color
2023-07,khaki,4.0,color
2023-08,khaki,4.0,color
2023-09,khaki,4.0,color
2023-10,khaki,4.0,color
2023-11,khaki,4.0,color
2023-12,khaki,4.0,color
2024-01,khaki,4.0,color
2024-02,khaki,4.0,color
2024-03,khaki,4.0,color
2024-04,khaki,4.0,color
2024-05,khaki,4.0,color
2024-06,khaki,4.0,color
2024-07,khaki,5.0,color
2024-08,khaki,5.0,color
2024-09,khaki,5.0,color
2024-10,khaki,5.0,color
2024-11,khaki,5.0,color
2024-12,khaki,5.0,color
2025-01,khaki,4.0,color
2025-02,khaki,4.0,color
2025-03,khaki,5.0,color
2025-04,khaki,4.0,color
2025-05,khaki,5.0,color
2025-06,khaki,5.0,color
2025-07,khaki,5.0,color
2025-08,khaki,6.0,color
2025-09,khaki,5.0,color
2025-10,khaki,5.0,color
2025-11,khaki,6.0,color
2025-12,khaki,5.0,color
2026-01,khaki,5.0,color
2020-01,olive,35.0,color
2020-02,olive,35.0,color
2020-03,olive,32.0,color
2020-04,olive,39.0,color
2020-05,olive,44.0,color
2020-06,olive,42.0,color
2020-07,olive,36.0,color
2020-08,olive,35.0,color
2020-09,olive,34.0,color
2020-10,olive,35.0,color
2020-11,olive,34.0,color
2020-12,olive,36.0,color
2021-01,olive,36.0,color
2021-02,olive,36.0,color
2021-03,olive,36.0,color
2021-04,olive,36.0,color
2021-05,olive,37.0,color
2021-06,olive,33.0,color
2021-07,olive,34.0,color
2021-08,olive,35.0,color
2021-09,olive,35.0,color
2021-10,olive,36.0,color
2021-11,olive,36.0,color
2021-12,olive,37.0,color
2022-01,olive,35.0,color
2022-02,olive,33.0,color
2022-03,olive,32.0,color
2022-04,olive,33.0,color
2022-05,olive,33.0,color
2022-06,olive,32.0,color
2022-07,olive,33.0,color
2022-08,olive,32.0,color
2022-09,olive,32.0,color
2022-10,olive,34.0,color
2022-11,olive,34.0,color
2022-12,olive,36.0,color
2023-01,olive,35.0,color
2023-02,olive,36.0,color
2023-03,olive,36.0,color
2023-04,olive,35.0,color
2023-05,olive,33.0,color
2023-06,olive,33.0,color
2023-07,olive,34.0,color
2023-08,olive,33.0,color
2023-09,olive,34.0,color
2023-10,olive,37.0,color
2023-11,olive,36.0,color
2023-12,olive,37.0,color
2024-01,olive,38.0,color
2024-02,olive,38.0,color
2024-03,olive,38.0,color
2024-04,olive,35.0,color
2024-05,olive,39.0,color
2024-06,olive,36.0,color
2024-07,olive,33.0,color
2024-08,olive,38.0,color
2024-09,olive,41.0,color
2024-10,olive,40.0,color
2024-11,olive,40.0,color
2024-12,olive,43.0,color
2025-01,olive,38.0,color
2025-02,olive,45.0,color
2025-03,olive,41.0,color
2025-04,olive,39.0,color
2025-05,olive,41.0,color
2025-06,olive,39.0,color
2025-07,olive,40.0,color
2025-08,olive,46.0,color
2025-09,olive,46.0,color
2025-10,olive,45.0,color
2025-11,olive,51.0,color
2025-12,olive,47.0,color
2026-01,olive,44.0,color
2020-01,camel,10.0,color
2020-02,camel,9.0,color
2020-03,camel,8.0,color
2020-04,camel,8.0,color
2020-05,camel,8.0,color
2020-06,camel,8.0,color
2020-07,camel,9.0,color
2020-08,camel,9.0,color
2020-09,camel,9.0,color
2020-10,camel,12.0,color
2020-11,camel,10.0,color
2020-12,camel,10.0,color
2021-01,camel,9.0,color
2021-02,camel,9.0,color
2021-03,camel,8.0,color
2021-04,camel,8.0,color
2021-05,camel,8.0,color
2021-06,camel,8.0,color
2021-07,camel,9.0,color
2021-08,camel,8.0,color
2021-09,camel,9.0,color
2021-10,camel,10.0,color
2021-11,camel,10.0,color
2021-12,camel,10.0,color
2022-01,camel,10.0,color
2022-02,camel,9.0,color
2022-03,camel,9.0,color
2022-04,camel,9.0,color
2022-05,camel,9.0,color
2022-06,camel,9.0,color
2022-07,camel,10.0,color
2022-08,camel,9.0,color
2022-09,camel,10.0,color
2022-10,camel,10.0,color
2022-11,camel,10.0,color
2022-12,camel,10.0,color
2023-01,camel,10.0,color
2023-02,camel,9.0,color
2023-03,camel,9.0,color
2023-04,camel,9.0,color
2023-05,camel,8.0,color
2023-06,camel,9.0,color
2023-07,camel,9.0,color
2023-08,camel,9.0,color
2023-09,camel,9.0,color
2023-10,camel,9.0,color
2023-11,camel,10.0,color
2023-12,camel,10.0,color
2024-01,camel,9.0,color
2024-02,camel,9.0,color
2024-03,camel,9.0,color
2024-04,camel,8.0,color
2024-05,camel,9.0,color
2024-06,camel,10.0,color
2024-07,camel,9.0,color
2024-08,camel,9.0,color
2024-09,camel,9.0,color
2024-10,camel,10.0,color
2024-11,camel,10.0,color
2024-12,camel,10.0,color
2025-01,camel,10.0,color
2025-02,camel,9.0,color
2025-03,camel,9.0,color
2025-04,camel,9.0,color
2025-05,camel,9.0,color
2025-06,camel,9.0,color
2025-07,camel,10.0,color
2025-08,camel,11.0,color
2025-09,camel,11.0,color
2025-10,camel,12.0,color
2025-11,camel,13.0,color
2025-12,camel,12.0,color
2026-01,camel,12.0,color
2020-01,periwinkle,1.0,color
2020-02,periwinkle,1.0,color
2020-03,periwinkle,1.0,color
2020-04,periwinkle,1.0,color
2020-05,periwinkle,1.0,color
2020-06,periwinkle,1.0,color
2020-07,periwinkle,1.0,color
2020-08,periwinkle,1.0,color
2020-09,periwinkle,1.0,color
2020-10,periwinkle,1.0,color
2020-11,periwinkle,1.0,color
2020-12,periwinkle,1.0,color
2021-01,periwinkle,1.0,color
2021-02,periwinkle,1.0,color
2021-03,periwinkle,1.0,color
2021-04,periwinkle,1.0,color
2021-05,periwinkle,1.0,color
2021-06,periwinkle,1.0,color
2021-07,periwinkle,1.0,color
2021-08,periwinkle,1.0,color
2021-09,periwinkle,1.0,color
2021-10,periwinkle,1.0,color
2021-11,periwinkle,1.0,color
2021-12,periwinkle,1.0,color
2022-01,periwinkle,1.0,color
2022-02,periwinkle,1.0,color
2022-03,periwinkle,1.0,color
2022-04,periwinkle,1.0,color
2022-05,periwinkle,1.0,color
2022-06,periwinkle,1.0,color
2022-07,periwinkle,1.0,color
2022-08,periwinkle,1.0,color
2022-09,periwinkle,1.0,color
2022-10,periwinkle,1.0,color
2022-11,periwinkle,1.0,color
2022-12,periwinkle,1.0,color
2023-01,periwinkle,1.0,color
2023-02,periwinkle,1.0,color
2023-03,periwinkle,1.0,color
2023-04,periwinkle,1.0,color
2023-05,periwinkle,1.0,color
2023-06,periwinkle,1.0,color
2023-07,periwinkle,1.0,color
2023-08,periwinkle,1.0,color
2023-09,periwinkle,1.0,color
2023-10,periwinkle,1.0,color
2023-11,periwinkle,1.0,color
2023-12,periwinkle,1.0,color
2024-01,periwinkle,1.0,color
2024-02,periwinkle,1.0,color
2024-03,periwinkle,1.0,color
2024-04,periwinkle,1.0,color
2024-05,periwinkle,1.0,color
2024-06,periwinkle,1.0,color
2024-07,periwinkle,1.0,color
2024-08,periwinkle,1.0,color
2024-09,periwinkle,1.0,color
2024-10,periwinkle,1.0,color
2024-11,periwinkle,1.0,color
2024-12,periwinkle,1.0,color
2025-01,periwinkle,1.0,color
2025-02,periwinkle,1.0,color
2025-03,periwinkle,1.0,color
2025-04,periwinkle,1.0,color
2025-05,periwinkle,1.0,color
2025-06,periwinkle,1.0,color
2025-07,periwinkle,1.0,color
2025-08,periwinkle,1.0,color
2025-09,periwinkle,1.0,color
2025-10,periwinkle,1.0,color
2025-11,periwinkle,1.0,color
2025-12,periwinkle,1.0,color
2026-01,periwinkle,1.0,color
2020-01,magenta,6.0,color
2020-02,magenta,6.0,color
2020-03,magenta,5.0,color
2020-04,magenta,5.0,color
2020-05,magenta,6.0,color
2020-06,magenta,6.0,color
2020-07,magenta,6.0,color
2020-08,magenta,5.0,color
2020-09,magenta,6.0,color
2020-10,magenta,6.0,color
2020-11,magenta,7.0,color
2020-12,magenta,7.0,color
2021-01,magenta,7.0,color
2021-02,magenta,6.0,color
2021-03,magenta,6.0,color
2021-04,magenta,6.0,color
2021-05,magenta,6.0,color
2021-06,magenta,7.0,color
2021-07,magenta,6.0,color
2021-08,magenta,6.0,color
2021-09,magenta,6.0,color
2021-10,magenta,6.0,color
2021-11,magenta,6.0,color
2021-12,magenta,6.0,color
2022-01,magenta,7.0,color
2022-02,magenta,6.0,color
2022-03,magenta,6.0,color
2022-04,magenta,6.0,color
2022-05,magenta,6.0,color
2022-06,magenta,6.0,color
2022-07,magenta,6.0,color
2022-08,magenta,6.0,color
2022-09,magenta,7.0,color
2022-10,magenta,7.0,color
2022-11,magenta,8.0,color
2022-12,magenta,12.0,color
2023-01,magenta,9.0,color
2023-02,magenta,8.0,color
2023-03,magenta,7.0,color
2023-04,magenta,6.0,color
2023-05,magenta,7.0,color
2023-06,magenta,6.0,color
2023-07,magenta,7.0,color
2023-08,magenta,7.0,color
2023-09,magenta,8.0,color
2023-10,magenta,7.0,color
2023-11,magenta,8.0,color
2023-12,magenta,7.0,color
2024-01,magenta,8.0,color
2024-02,magenta,7.0,color
2024-03,magenta,7.0,color
2024-04,magenta,7.0,color
2024-05,magenta,8.0,color
2024-06,magenta,10.0,color
2024-07,magenta,9.0,color
2024-08,magenta,6.0,color
2024-09,magenta,6.0,color
2024-10,magenta,6.0,color
2024-11,magenta,7.0,color
2024-12,magenta,7.0,color
2025-01,magenta,7.0,color
2025-02,magenta,7.0,color
2025-03,magenta,7.0,color
2025-04,magenta,7.0,color
2025-05,magenta,7.0,color
2025-06,magenta,6.0,color
2025-07,magenta,7.0,color
2025-08,magenta,8.0,color
2025-09,magenta,8.0,color
2025-10,magenta,7.0,color
2025-11,magenta,7.0,color
2025-12,magenta,7.0,color
2026-01,magenta,7.0,color
2020-01,lavender,8.0,color
2020-02,lavender,8.0,color
2020-03,lavender,8.0,color
2020-04,lavender,10.0,color
2020-05,lavender,13.0,color
2020-06,lavender,12.0,color
2020-07,lavender,13.0,color
2020-08,lavender,11.0,color
2020-09,lavender,10.0,color
2020-10,lavender,8.0,color
2020-11,lavender,8.0,color
2020-12,lavender,8.0,color
2021-01,lavender,9.0,color
2021-02,lavender,8.0,color
2021-03,lavender,9.0,color
2021-04,lavender,10.0,color
2021-05,lavender,11.0,color
2021-06,lavender,11.0,color
2021-07,lavender,12.0,color
2021-08,lavender,10.0,color
2021-09,lavender,8.0,color
2021-10,lavender,8.0,color
2021-11,lavender,8.0,color
2021-12,lavender,8.0,color
2022-01,lavender,8.0,color
2022-02,lavender,9.0,color
2022-03,lavender,10.0,color
2022-04,lavender,11.0,color
2022-05,lavender,11.0,color
2022-06,lavender,11.0,color
2022-07,lavender,12.0,color
2022-08,lavender,9.0,color
2022-09,lavender,9.0,color
2022-10,lavender,10.0,color
2022-11,lavender,8.0,color
2022-12,lavender,8.0,color
2023-01,lavender,9.0,color
2023-02,lavender,9.0,color
2023-03,lavender,10.0,color
2023-04,lavender,11.0,color
2023-05,lavender,12.0,color
2023-06,lavender,13.0,color
2023-07,lavender,13.0,color
2023-08,lavender,10.0,color
2023-09,lavender,9.0,color
2023-10,lavender,9.0,color
2023-11,lavender,8.0,color
2023-12,lavender,9.0,color
2024-01,lavender,9.0,color
2024-02,lavender,11.0,color
2024-03,lavender,11.0,color
2024-04,lavender,12.0,color
2024-05,lavender,12.0,color
2024-06,lavender,12.0,color
2024-07,lavender,12.0,color
2024-08,lavender,11.0,color
2024-09,lavender,10.0,color
2024-10,lavender,9.0,color
2024-11,lavender,9.0,color
2024-12,lavender,10.0,color
2025-01,lavender,10.0,color
2025-02,lavender,10.0,color
2025-03,lavender,12.0,color
2025-04,lavender,12.0,color
2025-05,lavender,13.0,color
2025-06,lavender,13.0,color
2025-07,lavender,13.0,color
2025-08,lavender,13.0,color
2025-09,lavender,11.0,color
2025-10,lavender,11.0,color
2025-11,lavender,10.0,color
2025-12,lavender,11.0,color
2026-01,lavender,10.0,color
2020-01,mint,22.0,color
2020-02,mint,20.0,color
2020-03,mint,19.0,color
2020-04,mint,22.0,color
2020-05,mint,24.0,color
2020-06,mint,23.0,color
2020-07,mint,23.0,color
2020-08,mint,21.0,color
2020-09,mint,20.0,color
2020-10,mint,18.0,color
2020-11,mint,18.0,color
2020-12,mint,20.0,color
2021-01,mint,20.0,color
2021-02,mint,19.0,color
2021-03,mint,20.0,color
2021-04,mint,21.0,color
2021-05,mint,27.0,color
2021-06,mint,29.0,color
2021-07,mint,31.0,color
2021-08,mint,30.0,color
2021-09,mint,30.0,color
2021-10,mint,29.0,color
2021-11,mint,28.0,color
2021-12,mint,29.0,color
2022-01,mint,27.0,color
2022-02,mint,26.0,color
2022-03,mint,26.0,color
2022-04,mint,25.0,color
2022-05,mint,26.0,color
2022-06,mint,27.0,color
2022-07,mint,27.0,color
2022-08,mint,28.0,color
2022-09,mint,26.0,color
2022-10,mint,24.0,color
2022-11,mint,25.0,color
2022-12,mint,27.0,color
2023-01,mint,26.0,color
2023-02,mint,24.0,color
2023-03,mint,22.0,color
2023-04,mint,23.0,color
2023-05,mint,23.0,color
2023-06,mint,24.0,color
2023-07,mint,24.0,color
2023-08,mint,22.0,color
2023-09,mint,21.0,color
2023-10,mint,20.0,color
2023-11,mint,22.0,color
2023-12,mint,24.0,color
2024-01,mint,22.0,color
2024-02,mint,23.0,color
2024-03,mint,23.0,color
2024-04,mint,23.0,color
2024-05,mint,24.0,color
2024-06,mint,24.0,color
2024-07,mint,24.0,color
2024-08,mint,24.0,color
2024-09,mint,22.0,color
2024-10,mint,22.0,color
2024-11,mint,23.0,color
2024-12,mint,24.0,color
2025-01,mint,24.0,color
2025-02,mint,24.0,color
2025-03,mint,24.0,color
2025-04,mint,24.0,color
2025-05,mint,26.0,color
2025-06,mint,26.0,color
2025-07,mint,27.0,color
2025-08,mint,30.0,color
2025-09,mint,29.0,color
2025-10,mint,28.0,color
2025-11,mint,28.0,color
2025-12,mint,31.0,color
2026-01,mint,29.0,color
2020-01,leather,48.0,material
2020-02,leather,44.0,material
2020-03,leather,34.0,material
2020-04,leather,35.0,material
2020-05,leather,37.0,material
2020-06,leather,40.0,material
2020-07,leather,43.0,material
2020-08,leather,42.0,material
2020-09,leather,45.0,material
2020-10,leather,47.0,material
2020-11,leather,50.0,material
2020-12,leather,51.0,material
2021-01,leather,45.0,material
2021-02,leather,43.0,material
2021-03,leather,39.0,material
2021-04,leather,40.0,material
2021-05,leather,40.0,material
2021-06,leather,37.0,material
2021-07,leather,40.0,material
2021-08,leather,41.0,material
2021-09,leather,46.0,material
2021-10,leather,50.0,material
2021-11,leather,52.0,material
2021-12,leather,56.0,material
2022-01,leather,48.0,material
2022-02,leather,44.0,material
2022-03,leather,44.0,material
2022-04,leather,42.0,material
2022-05,leather,38.0,material
2022-06,leather,39.0,material
2022-07,leather,38.0,material
2022-08,leather,41.0,material
2022-09,leather,44.0,material
2022-10,leather,47.0,material
2022-11,leather,50.0,material
2022-12,leather,52.0,material
2023-01,leather,46.0,material
2023-02,leather,43.0,material
2023-03,leather,40.0,material
2023-04,leather,37.0,material
2023-05,leather,39.0,material
2023-06,leather,38.0,material
2023-07,leather,38.0,material
2023-08,leather,41.0,material
2023-09,leather,43.0,material
2023-10,leather,46.0,material
2023-11,leather,54.0,material
2023-12,leather,54.0,material
2024-01,leather,47.0,material
2024-02,leather,45.0,material
2024-03,leather,44.0,material
2024-04,leather,43.0,material
2024-05,leather,40.0,material
2024-06,leather,42.0,material
2024-07,leather,41.0,material
2024-08,leather,44.0,material
2024-09,leather,48.0,material
2024-10,leather,51.0,material
2024-11,leather,59.0,material
2024-12,leather,62.0,material
2025-01,leather,53.0,material
2025-02,leather,48.0,material
2025-03,leather,48.0,material
2025-04,leather,46.0,material
2025-05,leather,47.0,material
2025-06,leather,45.0,material
2025-07,leather,48.0,material
2025-08,leather,65.0,material
2025-09,leather,65.0,material
2025-10,leather,68.0,material
2025-11,leather,78.0,material
2025-12,leather,73.0,material
2026-01,leather,60.0,material
2020-01,denim,12.0,material
2020-02,denim,12.0,material
2020-03,denim,10.0,material
2020-04,denim,11.0,material
2020-05,denim,12.0,material
2020-06,denim,13.0,material
2020-07,denim,13.0,material
2020-08,denim,12.0,material
2020-09,denim,12.0,material
2020-10,denim,12.0,material
2020-11,denim,12.0,material
2020-12,denim,11.0,material
2021-01,denim,11.0,material
2021-02,denim,11.0,material
2021-03,denim,12.0,material
2021-04,denim,13.0,material
2021-05,denim,13.0,material
2021-06,denim,12.0,material
2021-07,denim,12.0,material
2021-08,denim,12.0,material
2021-09,denim,12.0,material
2021-10,denim,12.0,material
2021-11,denim,12.0,material
2021-12,denim,12.0,material
2022-01,denim,11.0,material
2022-02,denim,12.0,material
2022-03,denim,13.0,material
2022-04,denim,13.0,material
2022-05,denim,13.0,material
2022-06,denim,12.0,material
2022-07,denim,12.0,material
2022-08,denim,12.0,material
2022-09,denim,13.0,material
2022-10,denim,13.0,material
2022-11,denim,12.0,material
2022-12,denim,12.0,material
2023-01,denim,12.0,material
2023-02,denim,14.0,material
2023-03,denim,14.0,material
2023-04,denim,15.0,material
2023-05,denim,16.0,material
2023-06,denim,15.0,material
2023-07,denim,15.0,material
2023-08,denim,15.0,material
2023-09,denim,15.0,material
2023-10,denim,16.0,material
2023-11,denim,15.0,material
2023-12,denim,14.0,material
2024-01,denim,15.0,material
2024-02,denim,16.0,material
2024-03,denim,18.0,material
2024-04,denim,19.0,material
2024-05,denim,19.0,material
2024-06,denim,18.0,material
2024-07,denim,18.0,material
2024-08,denim,18.0,material
2024-09,denim,19.0,material
2024-10,denim,18.0,material
2024-11,denim,19.0,material
2024-12,denim,18.0,material
2025-01,denim,18.0,material
2025-02,denim,20.0,material
2025-03,denim,22.0,material
2025-04,denim,23.0,material
2025-05,denim,22.0,material
2025-06,denim,22.0,material
2025-07,denim,21.0,material
2025-08,denim,23.0,material
2025-09,denim,22.0,material
2025-10,denim,21.0,material
2025-11,denim,23.0,material
2025-12,denim,21.0,material
2026-01,denim,19.0,material
2020-01,lace,15.0,material
2020-02,lace,15.0,material
2020-03,lace,11.0,material
2020-04,lace,11.0,material
2020-05,lace,13.0,material
2020-06,lace,14.0,material
2020-07,lace,14.0,material
2020-08,lace,15.0,material
2020-09,lace,14.0,material
2020-10,lace,15.0,material
2020-11,lace,13.0,material
2020-12,lace,13.0,material
2021-01,lace,13.0,material
2021-02,lace,13.0,material
2021-03,lace,13.0,material
2021-04,lace,14.0,material
2021-05,lace,14.0,material
2021-06,lace,13.0,material
2021-07,lace,14.0,material
2021-08,lace,14.0,material
2021-09,lace,13.0,material
2021-10,lace,15.0,material
2021-11,lace,15.0,material
2021-12,lace,14.0,material
2022-01,lace,14.0,material
2022-02,lace,14.0,material
2022-03,lace,13.0,material
2022-04,lace,14.0,material
2022-05,lace,13.0,material
2022-06,lace,13.0,material
2022-07,lace,13.0,material
2022-08,lace,13.0,material
2022-09,lace,13.0,material
2022-10,lace,13.0,material
2022-11,lace,13.0,material
2022-12,lace,13.0,material
2023-01,lace,14.0,material
2023-02,lace,12.0,material
2023-03,lace,12.0,material
2023-04,lace,13.0,material
2023-05,lace,12.0,material
2023-06,lace,12.0,material
2023-07,lace,12.0,material
2023-08,lace,12.0,material
2023-09,lace,12.0,material
2023-10,lace,13.0,material
2023-11,lace,13.0,material
2023-12,lace,13.0,material
2024-01,lace,13.0,material
2024-02,lace,13.0,material
2024-03,lace,13.0,material
2024-04,lace,13.0,material
2024-05,lace,13.0,material
2024-06,lace,13.0,material
2024-07,lace,13.0,material
2024-08,lace,13.0,material
2024-09,lace,14.0,material
2024-10,lace,14.0,material
2024-11,lace,14.0,material
2024-12,lace,15.0,material
2025-01,lace,15.0,material
2025-02,lace,15.0,material
2025-03,lace,15.0,material
2025-04,lace,15.0,material
2025-05,lace,16.0,material
2025-06,lace,15.0,material
2025-07,lace,16.0,material
2025-08,lace,19.0,material
2025-09,lace,19.0,material
2025-10,lace,20.0,material
2025-11,lace,20.0,material
2025-12,lace,19.0,material
2026-01,lace,19.0,material
2020-01,silk,20.0,material
2020-02,silk,21.0,material
2020-03,silk,16.0,material
2020-04,silk,17.0,material
2020-05,silk,19.0,material
2020-06,silk,19.0,material
2020-07,silk,21.0,material
2020-08,silk,21.0,material
2020-09,silk,21.0,material
2020-10,silk,24.0,material
2020-11,silk,27.0,material
2020-12,silk,23.0,material
2021-01,silk,21.0,material
2021-02,silk,23.0,material
2021-03,silk,22.0,material
2021-04,silk,20.0,material
2021-05,silk,21.0,material
2021-06,silk,21.0,material
2021-07,silk,21.0,material
2021-08,silk,21.0,material
2021-09,silk,21.0,material
2021-10,silk,21.0,material
2021-11,silk,25.0,material
2021-12,silk,23.0,material
2022-01,silk,23.0,material
2022-02,silk,23.0,material
2022-03,silk,22.0,material
2022-04,silk,25.0,material
2022-05,silk,23.0,material
2022-06,silk,22.0,material
2022-07,silk,21.0,material
2022-08,silk,22.0,material
2022-09,silk,22.0,material
2022-10,silk,23.0,material
2022-11,silk,22.0,material
2022-12,silk,22.0,material
2023-01,silk,25.0,material
2023-02,silk,22.0,material
2023-03,silk,21.0,material
2023-04,silk,21.0,material
2023-05,silk,20.0,material
2023-06,silk,20.0,material
2023-07,silk,20.0,material
2023-08,silk,21.0,material
2023-09,silk,22.0,material
2023-10,silk,22.0,material
2023-11,silk,23.0,material
2023-12,silk,24.0,material
2024-01,silk,22.0,material
2024-02,silk,22.0,material
2024-03,silk,23.0,material
2024-04,silk,20.0,material
2024-05,silk,21.0,material
2024-06,silk,21.0,material
2024-07,silk,22.0,material
2024-08,silk,22.0,material
2024-09,silk,22.0,material
2024-10,silk,22.0,material
2024-11,silk,25.0,material
2024-12,silk,25.0,material
2025-01,silk,25.0,material
2025-02,silk,24.0,material
2025-03,silk,23.0,material
2025-04,silk,23.0,material
2025-05,silk,23.0,material
2025-06,silk,22.0,material
2025-07,silk,24.0,material
2025-08,silk,29.0,material
2025-09,silk,33.0,material
2025-10,silk,30.0,material
2025-11,silk,32.0,material
2025-12,silk,31.0,material
2026-01,silk,29.0,material
2020-01,cotton,29.0,material
2020-02,cotton,28.0,material
2020-03,cotton,26.0,material
2020-04,cotton,34.0,material
2020-05,cotton,37.0,material
2020-06,cotton,39.0,material
2020-07,cotton,40.0,material
2020-08,cotton,36.0,material
2020-09,cotton,35.0,material
2020-10,cotton,36.0,material
2020-11,cotton,35.0,material
2020-12,cotton,34.0,material
2021-01,cotton,32.0,material
2021-02,cotton,32.0,material
2021-03,cotton,33.0,material
2021-04,cotton,34.0,material
2021-05,cotton,32.0,material
2021-06,cotton,34.0,material
2021-07,cotton,35.0,material
2021-08,cotton,33.0,material
2021-09,cotton,33.0,material
2021-10,cotton,36.0,material
2021-11,cotton,36.0,material
2021-12,cotton,36.0,material
2022-01,cotton,36.0,material
2022-02,cotton,35.0,material
2022-03,cotton,38.0,material
2022-04,cotton,39.0,material
2022-05,cotton,38.0,material
2022-06,cotton,35.0,material
2022-07,cotton,36.0,material
2022-08,cotton,34.0,material
2022-09,cotton,36.0,material
2022-10,cotton,36.0,material
2022-11,cotton,37.0,material
2022-12,cotton,38.0,material
2023-01,cotton,33.0,material
2023-02,cotton,35.0,material
2023-03,cotton,35.0,material
2023-04,cotton,36.0,material
2023-05,cotton,36.0,material
2023-06,cotton,38.0,material
2023-07,cotton,37.0,material
2023-08,cotton,36.0,material
2023-09,cotton,35.0,material
2023-10,cotton,36.0,material
2023-11,cotton,36.0,material
2023-12,cotton,38.0,material
2024-01,cotton,36.0,material
2024-02,cotton,34.0,material
2024-03,cotton,38.0,material
2024-04,cotton,37.0,material
2024-05,cotton,42.0,material
2024-06,cotton,38.0,material
2024-07,cotton,36.0,material
2024-08,cotton,36.0,material
2024-09,cotton,37.0,material
2024-10,cotton,37.0,material
2024-11,cotton,37.0,material
2024-12,cotton,41.0,material
2025-01,cotton,42.0,material
2025-02,cotton,38.0,material
2025-03,cotton,41.0,material
2025-04,cotton,41.0,material
2025-05,cotton,45.0,material
2025-06,cotton,44.0,material
2025-07,cotton,45.0,material
2025-08,cotton,49.0,material
2025-09,cotton,49.0,material
2025-10,cotton,53.0,material
2025-11,cotton,55.0,material
2025-12,cotton,50.0,material
2026-01,cotton,45.0,material
2020-01,wool,12.0,material
2020-02,wool,10.0,material
2020-03,wool,8.0,material
2020-04,wool,9.0,material
2020-05,wool,10.0,material
2020-06,wool,10.0,material
2020-07,wool,9.0,material
2020-08,wool,9.0,material
2020-09,wool,11.0,material
2020-10,wool,13.0,material
2020-11,wool,14.0,material
2020-12,wool,16.0,material
2021-01,wool,14.0,material
2021-02,wool,12.0,material
2021-03,wool,10.0,material
2021-04,wool,9.0,material
2021-05,wool,9.0,material
2021-06,wool,8.0,material
2021-07,wool,9.0,material
2021-08,wool,9.0,material
2021-09,wool,11.0,material
2021-10,wool,12.0,material
2021-11,wool,16.0,material
2021-12,wool,15.0,material
2022-01,wool,14.0,material
2022-02,wool,11.0,material
2022-03,wool,10.0,material
2022-04,wool,9.0,material
2022-05,wool,9.0,material
2022-06,wool,9.0,material
2022-07,wool,9.0,material
2022-08,wool,9.0,material
2022-09,wool,12.0,material
2022-10,wool,13.0,material
2022-11,wool,16.0,material
2022-12,wool,17.0,material
2023-01,wool,14.0,material
2023-02,wool,11.0,material
2023-03,wool,10.0,material
2023-04,wool,9.0,material
2023-05,wool,9.0,material
2023-06,wool,9.0,material
2023-07,wool,9.0,material
2023-08,wool,10.0,material
2023-09,wool,11.0,material
2023-10,wool,14.0,material
2023-11,wool,18.0,material
2023-12,wool,17.0,material
2024-01,wool,16.0,material
2024-02,wool,13.0,material
2024-03,wool,11.0,material
2024-04,wool,10.0,material
2024-05,wool,10.0,material
2024-06,wool,10.0,material
2024-07,wool,10.0,material
2024-08,wool,10.0,material
2024-09,wool,13.0,material
2024-10,wool,17.0,material
2024-11,wool,20.0,material
2024-12,wool,22.0,material
2025-01,wool,19.0,material
2025-02,wool,15.0,material
2025-03,wool,11.0,material
2025-04,wool,11.0,material
2025-05,wool,11.0,material
2025-06,wool,11.0,material
2025-07,wool,11.0,material
2025-08,wool,16.0,material
2025-09,wool,17.0,material
2025-10,wool,23.0,material
2025-11,wool,30.0,material
2025-12,wool,29.0,material
2026-01,wool,24.0,material
2020-01,velvet,22.0,material
2020-02,velvet,21.0,material
2020-03,velvet,17.0,material
2020-04,velvet,19.0,material
2020-05,velvet,22.0,material
2020-06,velvet,21.0,material
2020-07,velvet,22.0,material
2020-08,velvet,21.0,material
2020-09,velvet,22.0,material
2020-10,velvet,25.0,material
2020-11,velvet,24.0,material
2020-12,velvet,27.0,material
2021-01,velvet,24.0,material
2021-02,velvet,23.0,material
2021-03,velvet,20.0,material
2021-04,velvet,19.0,material
2021-05,velvet,19.0,material
2021-06,velvet,19.0,material
2021-07,velvet,20.0,material
2021-08,velvet,21.0,material
2021-09,velvet,19.0,material
2021-10,velvet,22.0,material
2021-11,velvet,26.0,material
2021-12,velvet,26.0,material
2022-01,velvet,22.0,material
2022-02,velvet,21.0,material
2022-03,velvet,19.0,material
2022-04,velvet,18.0,material
2022-05,velvet,18.0,material
2022-06,velvet,17.0,material
2022-07,velvet,17.0,material
2022-08,velvet,17.0,material
2022-09,velvet,18.0,material
2022-10,velvet,20.0,material
2022-11,velvet,24.0,material
2022-12,velvet,25.0,material
2023-01,velvet,21.0,material
2023-02,velvet,19.0,material
2023-03,velvet,17.0,material
2023-04,velvet,17.0,material
2023-05,velvet,17.0,material
2023-06,velvet,16.0,material
2023-07,velvet,16.0,material
2023-08,velvet,17.0,material
2023-09,velvet,17.0,material
2023-10,velvet,19.0,material
2023-11,velvet,23.0,material
2023-12,velvet,25.0,material
2024-01,velvet,20.0,material
2024-02,velvet,20.0,material
2024-03,velvet,18.0,material
2024-04,velvet,16.0,material
2024-05,velvet,15.0,material
2024-06,velvet,16.0,material
2024-07,velvet,17.0,material
2024-08,velvet,17.0,material
2024-09,velvet,17.0,material
2024-10,velvet,18.0,material
2024-11,velvet,24.0,material
2024-12,velvet,24.0,material
2025-01,velvet,21.0,material
2025-02,velvet,20.0,material
2025-03,velvet,16.0,material
2025-04,velvet,16.0,material
2025-05,velvet,16.0,material
2025-06,velvet,16.0,material
2025-07,velvet,19.0,material
2025-08,velvet,20.0,material
2025-09,velvet,19.0,material
2025-10,velvet,22.0,material
2025-11,velvet,28.0,material
2025-12,velvet,26.0,material
2026-01,velvet,22.0,material
2020-01,linen,7.0,material
2020-02,linen,7.0,material
2020-03,linen,6.0,material
2020-04,linen,8.0,material
2020-05,linen,9.0,material
2020-06,linen,10.0,material
2020-07,linen,10.0,material
2020-08,linen,9.0,material
2020-09,linen,8.0,material
2020-10,linen,8.0,material
2020-11,linen,8.0,material
2020-12,linen,7.0,material
2021-01,linen,8.0,material
2021-02,linen,8.0,material
2021-03,linen,8.0,material
2021-04,linen,10.0,material
2021-05,linen,9.0,material
2021-06,linen,11.0,material
2021-07,linen,11.0,material
2021-08,linen,10.0,material
2021-09,linen,9.0,material
2021-10,linen,9.0,material
2021-11,linen,9.0,material
2021-12,linen,8.0,material
2022-01,linen,9.0,material
2022-02,linen,9.0,material
2022-03,linen,10.0,material
2022-04,linen,11.0,material
2022-05,linen,13.0,material
2022-06,linen,13.0,material
2022-07,linen,13.0,material
2022-08,linen,11.0,material
2022-09,linen,9.0,material
2022-10,linen,8.0,material
2022-11,linen,8.0,material
2022-12,linen,9.0,material
2023-01,linen,10.0,material
2023-02,linen,11.0,material
2023-03,linen,11.0,material
2023-04,linen,13.0,material
2023-05,linen,14.0,material
2023-06,linen,16.0,material
2023-07,linen,15.0,material
2023-08,linen,13.0,material
2023-09,linen,11.0,material
2023-10,linen,9.0,material
2023-11,linen,9.0,material
2023-12,linen,9.0,material
2024-01,linen,10.0,material
2024-02,linen,11.0,material
2024-03,linen,13.0,material
2024-04,linen,14.0,material
2024-05,linen,17.0,material
2024-06,linen,18.0,material
2024-07,linen,17.0,material
2024-08,linen,15.0,material
2024-09,linen,12.0,material
2024-10,linen,10.0,material
2024-11,linen,11.0,material
2024-12,linen,12.0,material
2025-01,linen,11.0,material
2025-02,linen,12.0,material
2025-03,linen,15.0,material
2025-04,linen,17.0,material
2025-05,linen,20.0,material
2025-06,linen,21.0,material
2025-07,linen,21.0,material
2025-08,linen,19.0,material
2025-09,linen,16.0,material
2025-10,linen,15.0,material
2025-11,linen,16.0,material
2025-12,linen,14.0,material
2026-01,linen,14.0,material
2020-01,corduroy,2.0,material
2020-02,corduroy,2.0,material
2020-03,corduroy,1.0,material
2020-04,corduroy,1.0,material
2020-05,corduroy,1.0,material
2020-06,corduroy,1.0,material
2020-07,corduroy,1.0,material
2020-08,corduroy,1.0,material
2020-09,corduroy,2.0,material
2020-10,corduroy,2.0,material
2020-11,corduroy,2.0,material
2020-12,corduroy,2.0,material
2021-01,corduroy,2.0,material
2021-02,corduroy,2.0,material
2021-03,corduroy,1.0,material
2021-04,corduroy,1.0,material
2021-05,corduroy,1.0,material
2021-06,corduroy,1.0,material
2021-07,corduroy,1.0,material
2021-08,corduroy,2.0,material
2021-09,corduroy,2.0,material
2021-10,corduroy,3.0,material
2021-11,corduroy,3.0,material
2021-12,corduroy,3.0,material
2022-01,corduroy,2.0,material
2022-02,corduroy,2.0,material
2022-03,corduroy,2.0,material
2022-04,corduroy,1.0,material
2022-05,corduroy,1.0,material
2022-06,corduroy,1.0,material
2022-07,corduroy,1.0,material
2022-08,corduroy,2.0,material
2022-09,corduroy,2.0,material
2022-10,corduroy,3.0,material
2022-11,corduroy,3.0,material
2022-12,corduroy,3.0,material
2023-01,corduroy,2.0,material
2023-02,corduroy,2.0,material
2023-03,corduroy,2.0,material
2023-04,corduroy,2.0,material
2023-05,corduroy,1.0,material
2023-06,corduroy,1.0,material
2023-07,corduroy,2.0,material
2023-08,corduroy,2.0,material
2023-09,corduroy,2.0,material
2023-10,corduroy,3.0,material
2023-11,corduroy,3.0,material
2023-12,corduroy,3.0,material
2024-01,corduroy,2.0,material
2024-02,corduroy,2.0,material
2024-03,corduroy,2.0,material
2024-04,corduroy,2.0,material
2024-05,corduroy,1.0,material
2024-06,corduroy,1.0,material
2024-07,corduroy,2.0,material
2024-08,corduroy,2.0,material
2024-09,corduroy,3.0,material
2024-10,corduroy,3.0,material
2024-11,corduroy,4.0,material
2024-12,corduroy,4.0,material
2025-01,corduroy,3.0,material
2025-02,corduroy,2.0,material
2025-03,corduroy,2.0,material
2025-04,corduroy,2.0,material
2025-05,corduroy,2.0,material
2025-06,corduroy,2.0,material
2025-07,corduroy,2.0,material
2025-08,corduroy,2.0,material
2025-09,corduroy,3.0,material
2025-10,corduroy,4.0,material
2025-11,corduroy,4.0,material
2025-12,corduroy,4.0,material
2026-01,corduroy,3.0,material
2020-01,satin,10.0,material
2020-02,satin,9.0,material
2020-03,satin,8.0,material
2020-04,satin,9.0,material
2020-05,satin,10.0,material
2020-06,satin,10.0,material
2020-07,satin,10.0,material
2020-08,satin,10.0,material
2020-09,satin,10.0,material
2020-10,satin,10.0,material
2020-11,satin,10.0,material
2020-12,satin,11.0,material
2021-01,satin,10.0,material
2021-02,satin,10.0,material
2021-03,satin,11.0,material
2021-04,satin,11.0,material
2021-05,satin,11.0,material
2021-06,satin,13.0,material
2021-07,satin,14.0,material
2021-08,satin,13.0,material
2021-09,satin,14.0,material
2021-10,satin,14.0,material
2021-11,satin,14.0,material
2021-12,satin,14.0,material
2022-01,satin,13.0,material
2022-02,satin,12.0,material
2022-03,satin,12.0,material
2022-04,satin,12.0,material
2022-05,satin,13.0,material
2022-06,satin,12.0,material
2022-07,satin,13.0,material
2022-08,satin,13.0,material
2022-09,satin,12.0,material
2022-10,satin,11.0,material
2022-11,satin,12.0,material
2022-12,satin,12.0,material
2023-01,satin,12.0,material
2023-02,satin,11.0,material
2023-03,satin,11.0,material
2023-04,satin,11.0,material
2023-05,satin,12.0,material
2023-06,satin,11.0,material
2023-07,satin,11.0,material
2023-08,satin,11.0,material
2023-09,satin,11.0,material
2023-10,satin,11.0,material
2023-11,satin,13.0,material
2023-12,satin,13.0,material
2024-01,satin,12.0,material
2024-02,satin,12.0,material
2024-03,satin,11.0,material
2024-04,satin,12.0,material
2024-05,satin,12.0,material
2024-06,satin,12.0,material
2024-07,satin,11.0,material
2024-08,satin,12.0,material
2024-09,satin,12.0,material
2024-10,satin,12.0,material
2024-11,satin,14.0,material
2024-12,satin,13.0,material
2025-01,satin,12.0,material
2025-02,satin,13.0,material
2025-03,satin,13.0,material
2025-04,satin,13.0,material
2025-05,satin,13.0,material
2025-06,satin,13.0,material
2025-07,satin,13.0,material
2025-08,satin,16.0,material
2025-09,satin,15.0,material
2025-10,satin,16.0,material
2025-11,satin,17.0,material
2025-12,satin,15.0,material
2026-01,satin,14.0,material
2020-01,suede,8.0,material
2020-02,suede,8.0,material
2020-03,suede,6.0,material
2020-04,suede,7.0,material
2020-05,suede,7.0,material
2020-06,suede,6.0,material
2020-07,suede,6.0,material
2020-08,suede,6.0,material
2020-09,suede,9.0,material
2020-10,suede,8.0,material
2020-11,suede,9.0,material
2020-12,suede,7.0,material
2021-01,suede,7.0,material
2021-02,suede,6.0,material
2021-03,suede,6.0,material
2021-04,suede,6.0,material
2021-05,suede,6.0,material
2021-06,suede,9.0,material
2021-07,suede,6.0,material
2021-08,suede,7.0,material
2021-09,suede,7.0,material
2021-10,suede,8.0,material
2021-11,suede,9.0,material
2021-12,suede,8.0,material
2022-01,suede,8.0,material
2022-02,suede,7.0,material
2022-03,suede,7.0,material
2022-04,suede,7.0,material
2022-05,suede,6.0,material
2022-06,suede,6.0,material
2022-07,suede,6.0,material
2022-08,suede,6.0,material
2022-09,suede,7.0,material
2022-10,suede,8.0,material
2022-11,suede,9.0,material
2022-12,suede,8.0,material
2023-01,suede,8.0,material
2023-02,suede,6.0,material
2023-03,suede,6.0,material
2023-04,suede,7.0,material
2023-05,suede,6.0,material
2023-06,suede,6.0,material
2023-07,suede,6.0,material
2023-08,suede,7.0,material
2023-09,suede,7.0,material
2023-10,suede,8.0,material
2023-11,suede,8.0,material
2023-12,suede,9.0,material
2024-01,suede,8.0,material
2024-02,suede,8.0,material
2024-03,suede,7.0,material
2024-04,suede,7.0,material
2024-05,suede,7.0,material
2024-06,suede,7.0,material
2024-07,suede,7.0,material
2024-08,suede,9.0,material
2024-09,suede,11.0,material
2024-10,suede,11.0,material
2024-11,suede,12.0,material
2024-12,suede,12.0,material
2025-01,suede,10.0,material
2025-02,suede,9.0,material
2025-03,suede,10.0,material
2025-04,suede,9.0,material
2025-05,suede,9.0,material
2025-06,suede,9.0,material
2025-07,suede,9.0,material
2025-08,suede,13.0,material
2025-09,suede,15.0,material
2025-10,suede,15.0,material
2025-11,suede,15.0,material
2025-12,suede,13.0,material
2026-01,suede,11.0,material
2020-01,chiffon,2.0,material
2020-02,chiffon,2.0,material
2020-03,chiffon,2.0,material
2020-04,chiffon,2.0,material
2020-05,chiffon,3.0,material
2020-06,chiffon,3.0,material
2020-07,chiffon,3.0,material
2020-08,chiffon,3.0,material
2020-09,chiffon,2.0,material
2020-10,chiffon,3.0,material
2020-11,chiffon,2.0,material
2020-12,chiffon,2.0,material
2021-01,chiffon,2.0,material
2021-02,chiffon,2.0,material
2021-03,chiffon,3.0,material
2021-04,chiffon,2.0,material
2021-05,chiffon,3.0,material
2021-06,chiffon,3.0,material
2021-07,chiffon,3.0,material
2021-08,chiffon,2.0,material
2021-09,chiffon,3.0,material
2021-10,chiffon,2.0,material
2021-11,chiffon,2.0,material
2021-12,chiffon,2.0,material
2022-01,chiffon,2.0,material
2022-02,chiffon,3.0,material
2022-03,chiffon,3.0,material
2022-04,chiffon,3.0,material
2022-05,chiffon,3.0,material
2022-06,chiffon,3.0,material
2022-07,chiffon,3.0,material
2022-08,chiffon,3.0,material
2022-09,chiffon,2.0,material
2022-10,chiffon,2.0,material
2022-11,chiffon,2.0,material
2022-12,chiffon,2.0,material
2023-01,chiffon,2.0,material
2023-02,chiffon,2.0,material
2023-03,chiffon,3.0,material
2023-04,chiffon,3.0,material
2023-05,chiffon,3.0,material
2023-06,chiffon,2.0,material
2023-07,chiffon,2.0,material
2023-08,chiffon,2.0,material
2023-09,chiffon,2.0,material
2023-10,chiffon,2.0,material
2023-11,chiffon,2.0,material
2023-12,chiffon,3.0,material
2024-01,chiffon,2.0,material
2024-02,chiffon,2.0,material
2024-03,chiffon,3.0,material
2024-04,chiffon,2.0,material
2024-05,chiffon,3.0,material
2024-06,chiffon,2.0,material
2024-07,chiffon,2.0,material
2024-08,chiffon,2.0,material
2024-09,chiffon,2.0,material
2024-10,chiffon,2.0,material
2024-11,chiffon,2.0,material
2024-12,chiffon,2.0,material
2025-01,chiffon,2.0,material
2025-02,chiffon,2.0,material
2025-03,chiffon,3.0,material
2025-04,chiffon,3.0,material
2025-05,chiffon,3.0,material
2025-06,chiffon,3.0,material
2025-07,chiffon,3.0,material
2025-08,chiffon,3.0,material
2025-09,chiffon,3.0,material
2025-10,chiffon,3.0,material
2025-11,chiffon,3.0,material
2025-12,chiffon,2.0,material
2026-01,chiffon,3.0,material
2019-12,faux leather,2.0,material
2020-01,faux leather,1.75,material
2020-02,faux leather,1.25,material
2020-03,faux leather,1.0,material
2020-04,faux leather,1.0,material
2020-05,faux leather,1.0,material
2020-06,faux leather,1.0,material
2020-07,faux leather,1.0,material
2020-08,faux leather,1.0,material
2020-09,faux leather,1.75,material
2020-10,faux leather,2.0,material
2020-11,faux leather,2.2,material
2020-12,faux leather,2.0,material
2021-01,faux leather,2.0,material
2021-02,faux leather,1.25,material
2021-03,faux leather,1.0,material
2021-04,faux leather,1.0,material
2021-05,faux leather,1.0,material
2021-06,faux leather,1.0,material
2021-07,faux leather,1.0,material
2021-08,faux leather,1.2,material
2021-09,faux leather,1.75,material
2021-10,faux leather,2.0,material
2021-11,faux leather,2.75,material
2021-12,faux leather,2.25,material
2019-12,floral,12.0,patron
2020-01,floral,13.5,patron
2020-02,floral,15.0,patron
2020-03,floral,11.2,patron
2020-04,floral,12.5,patron
2020-05,floral,15.2,patron
2020-06,floral,14.75,patron
2020-07,floral,15.0,patron
2020-08,floral,14.6,patron
2020-09,floral,13.25,patron
2020-10,floral,12.0,patron
2020-11,floral,11.6,patron
2020-12,floral,12.25,patron
2021-01,floral,12.6,patron
2021-02,floral,14.0,patron
2021-03,floral,15.0,patron
2021-04,floral,15.75,patron
2021-05,floral,15.8,patron
2021-06,floral,14.75,patron
2021-07,floral,15.25,patron
2021-08,floral,14.6,patron
2021-09,floral,13.75,patron
2021-10,floral,12.6,patron
2021-11,floral,13.25,patron
2021-12,floral,12.25,patron
2019-12,striped,5.0,patron
2020-01,striped,5.5,patron
2020-02,striped,5.75,patron
2020-03,striped,5.4,patron
2020-04,striped,6.5,patron
2020-05,striped,7.0,patron
2020-06,striped,7.0,patron
2020-07,striped,7.0,patron
2020-08,striped,6.0,patron
2020-09,striped,6.0,patron
2020-10,striped,5.75,patron
2020-11,striped,5.0,patron
2020-12,striped,4.75,patron
2021-01,striped,5.0,patron
2021-02,striped,5.0,patron
2021-03,striped,5.5,patron
2021-04,striped,5.75,patron
2021-05,striped,6.0,patron
2021-06,striped,6.0,patron
2021-07,striped,5.75,patron
2021-08,striped,5.6,patron
2021-09,striped,6.0,patron
2021-10,striped,5.8,patron
2021-11,striped,5.0,patron
2021-12,striped,4.75,patron
2019-12,plaid,7.0,patron
2020-01,plaid,6.0,patron
2020-02,plaid,4.75,patron
2020-03,plaid,3.4,patron
2020-04,plaid,4.0,patron
2020-05,plaid,4.0,patron
2020-06,plaid,4.0,patron
2020-07,plaid,4.0,patron
2020-08,plaid,4.8,patron
2020-09,plaid,7.25,patron
2020-10,plaid,8.25,patron
2020-11,plaid,11.4,patron
2020-12,plaid,10.5,patron
2021-01,plaid,6.4,patron
2021-02,plaid,5.25,patron
2021-03,plaid,4.5,patron
2021-04,plaid,4.5,patron
2021-05,plaid,4.4,patron
2021-06,plaid,5.75,patron
2021-07,plaid,5.5,patron
2021-08,plaid,5.6,patron
2021-09,plaid,7.25,patron
2021-10,plaid,9.6,patron
2021-11,plaid,13.5,patron
2021-12,plaid,12.25,patron
2022-01,faux leather,2.0,material
2022-02,faux leather,2.0,material
2022-03,faux leather,1.25,material
2022-04,faux leather,1.0,material
2022-05,faux leather,1.0,material
2022-06,faux leather,1.0,material
2022-07,faux leather,1.0,material
2022-08,faux leather,1.0,material
2022-09,faux leather,1.5,material
2022-10,faux leather,2.0,material
2022-11,faux leather,2.0,material
2022-12,faux leather,2.0,material
2023-01,faux leather,2.0,material
2023-02,faux leather,1.0,material
2023-03,faux leather,1.0,material
2023-04,faux leather,1.0,material
2023-05,faux leather,1.0,material
2023-06,faux leather,1.0,material
2023-07,faux leather,1.0,material
2023-08,faux leather,1.0,material
2023-09,faux leather,1.25,material
2023-10,faux leather,2.0,material
2023-11,faux leather,2.0,material
2023-12,faux leather,2.0,material
2022-01,floral,13.0,patron
2022-02,floral,15.0,patron
2022-03,floral,16.25,patron
2022-04,floral,17.0,patron
2022-05,floral,16.6,patron
2022-06,floral,14.5,patron
2022-07,floral,14.2,patron
2022-08,floral,14.0,patron
2022-09,floral,13.25,patron
2022-10,floral,11.8,patron
2022-11,floral,12.0,patron
2022-12,floral,11.75,patron
2023-01,floral,13.2,patron
2023-02,floral,14.0,patron
2023-03,floral,15.0,patron
2023-04,floral,16.0,patron
2023-05,floral,16.0,patron
2023-06,floral,14.5,patron
2023-07,floral,14.2,patron
2023-08,floral,14.0,patron
2023-09,floral,13.25,patron
2023-10,floral,12.2,patron
2023-11,floral,12.25,patron
2023-12,floral,12.2,patron
2022-01,striped,4.8,patron
2022-02,striped,5.0,patron
2022-03,striped,5.25,patron
2022-04,striped,6.0,patron
2022-05,striped,5.6,patron
2022-06,striped,5.75,patron
2022-07,striped,5.6,patron
2022-08,striped,5.25,patron
2022-09,striped,5.0,patron
2022-10,striped,5.4,patron
2022-11,striped,5.0,patron
2022-12,striped,4.75,patron
2023-01,striped,4.8,patron
2023-02,striped,5.0,patron
2023-03,striped,5.25,patron
2023-04,striped,5.4,patron
2023-05,striped,5.75,patron
2023-06,striped,6.0,patron
2023-07,striped,6.0,patron
2023-08,striped,5.75,patron
2023-09,striped,5.25,patron
2023-10,striped,5.8,patron
2023-11,striped,5.25,patron
2023-12,striped,5.2,patron
2022-01,plaid,7.2,patron
2022-02,plaid,6.0,patron
2022-03,plaid,5.0,patron
2022-04,plaid,5.0,patron
2022-05,plaid,4.4,patron
2022-06,plaid,4.25,patron
2022-07,plaid,4.8,patron
2022-08,plaid,5.25,patron
2022-09,plaid,6.75,patron
2022-10,plaid,8.2,patron
2022-11,plaid,10.25,patron
2022-12,plaid,10.5,patron
2023-01,plaid,5.8,patron
2023-02,plaid,5.0,patron
2023-03,plaid,4.5,patron
2023-04,plaid,4.0,patron
2023-05,plaid,4.0,patron
2023-06,plaid,4.0,patron
2023-07,plaid,4.2,patron
2023-08,plaid,5.0,patron
2023-09,plaid,5.5,patron
2023-10,plaid,7.4,patron
2023-11,plaid,9.5,patron
2023-12,plaid,8.8,patron
2024-01,faux leather,1.0,material
2024-02,faux leather,1.0,material
2024-03,faux leather,1.0,material
2024-04,faux leather,1.0,material
2024-05,faux leather,1.0,material
2024-06,faux leather,1.0,material
2024-07,faux leather,1.0,material
2024-08,faux leather,1.0,material
2024-09,faux leather,1.0,material
2024-10,faux leather,1.25,material
2024-11,faux leather,1.75,material
2024-12,faux leather,1.8,material
2025-01,faux leather,1.0,material
2025-02,faux leather,1.0,material
2025-03,faux leather,1.0,material
2025-04,faux leather,1.0,material
2025-05,faux leather,1.0,material
2025-06,faux leather,1.0,material
2025-07,faux leather,1.0,material
2025-08,faux leather,1.6,material
2025-09,faux leather,2.0,material
2025-10,faux leather,2.0,material
2025-11,faux leather,2.0,material
2025-12,faux leather,2.0,material
2024-01,floral,11.5,patron
2024-02,floral,13.75,patron
2024-03,floral,13.8,patron
2024-04,floral,15.0,patron
2024-05,floral,15.25,patron
2024-06,floral,13.2,patron
2024-07,floral,13.0,patron
2024-08,floral,13.25,patron
2024-09,floral,12.0,patron
2024-10,floral,11.25,patron
2024-11,floral,11.5,patron
2024-12,floral,11.6,patron
2025-01,floral,12.75,patron
2025-02,floral,14.25,patron
2025-03,floral,15.6,patron
2025-04,floral,17.0,patron
2025-05,floral,16.25,patron
2025-06,floral,14.6,patron
2025-07,floral,16.0,patron
2025-08,floral,17.6,patron
2025-09,floral,16.5,patron
2025-10,floral,14.75,patron
2025-11,floral,14.8,patron
2025-12,floral,13.5,patron
2024-01,striped,4.25,patron
2024-02,striped,4.5,patron
2024-03,striped,5.0,patron
2024-04,striped,6.0,patron
2024-05,striped,6.0,patron
2024-06,striped,6.0,patron
2024-07,striped,6.0,patron
2024-08,striped,6.0,patron
2024-09,striped,6.0,patron
2024-10,striped,6.0,patron
2024-11,striped,5.5,patron
2024-12,striped,5.0,patron
2025-01,striped,5.25,patron
2025-02,striped,5.75,patron
2025-03,striped,6.4,patron
2025-04,striped,6.5,patron
2025-05,striped,7.0,patron
2025-06,striped,7.0,patron
2025-07,striped,7.5,patron
2025-08,striped,8.4,patron
2025-09,striped,8.0,patron
2025-10,striped,7.75,patron
2025-11,striped,7.2,patron
2025-12,striped,6.25,patron
2024-01,plaid,4.5,patron
2024-02,plaid,4.0,patron
2024-03,plaid,4.0,patron
2024-04,plaid,3.75,patron
2024-05,plaid,3.0,patron
2024-06,plaid,3.8,patron
2024-07,plaid,3.5,patron
2024-08,plaid,4.0,patron
2024-09,plaid,5.4,patron
2024-10,plaid,6.5,patron
2024-11,plaid,8.25,patron
2024-12,plaid,8.4,patron
2025-01,plaid,5.25,patron
2025-02,plaid,4.0,patron
2025-03,plaid,4.0,patron
2025-04,plaid,4.0,patron
2025-05,plaid,4.0,patron
2025-06,plaid,4.4,patron
2025-07,plaid,4.5,patron
2025-08,plaid,6.0,patron
2025-09,plaid,6.75,patron
2025-10,plaid,8.0,patron
2025-11,plaid,10.4,patron
2025-12,plaid,9.0,patron
2019-12,polka dot,2.0,patron
2020-01,polka dot,2.0,patron
2020-02,polka dot,2.0,patron
2020-03,polka dot,1.4,patron
2020-04,polka dot,1.25,patron
2020-05,polka dot,2.0,patron
2020-06,polka dot,2.0,patron
2020-07,polka dot,2.0,patron
2020-08,polka dot,2.2,patron
2020-09,polka dot,2.0,patron
2020-10,polka dot,1.0,patron
2020-11,polka dot,1.0,patron
2020-12,polka dot,1.25,patron
2021-01,polka dot,1.6,patron
2021-02,polka dot,2.0,patron
2021-03,polka dot,2.0,patron
2021-04,polka dot,2.0,patron
2021-05,polka dot,2.0,patron
2021-06,polka dot,2.0,patron
2021-07,polka dot,2.0,patron
2021-08,polka dot,2.8,patron
2021-09,polka dot,2.0,patron
2021-10,polka dot,1.8,patron
2021-11,polka dot,1.5,patron
2021-12,polka dot,1.5,patron
2019-12,animal print,2.0,patron
2020-01,animal print,2.0,patron
2020-02,animal print,1.5,patron
2020-03,animal print,1.0,patron
2020-04,animal print,1.0,patron
2020-05,animal print,1.0,patron
2020-06,animal print,1.25,patron
2020-07,animal print,1.5,patron
2020-08,animal print,2.0,patron
2020-09,animal print,2.0,patron
2020-10,animal print,2.0,patron
2020-11,animal print,1.8,patron
2020-12,animal print,1.5,patron
2021-01,animal print,1.4,patron
2021-02,animal print,1.0,patron
2021-03,animal print,1.0,patron
2021-04,animal print,1.25,patron
2021-05,animal print,1.6,patron
2021-06,animal print,1.25,patron
2021-07,animal print,1.5,patron
2021-08,animal print,1.8,patron
2021-09,animal print,1.75,patron
2021-10,animal print,2.0,patron
2021-11,animal print,2.0,patron
2021-12,animal print,1.75,patron
2019-12,tie dye,2.0,patron
2020-01,tie dye,2.25,patron
2020-02,tie dye,3.0,patron
2020-03,tie dye,4.0,patron
2020-04,tie dye,9.75,patron
2020-05,tie dye,12.6,patron
2020-06,tie dye,13.75,patron
2020-07,tie dye,13.75,patron
2020-08,tie dye,12.2,patron
2020-09,tie dye,9.0,patron
2020-10,tie dye,8.0,patron
2020-11,tie dye,6.2,patron
2020-12,tie dye,5.75,patron
2021-01,tie dye,5.0,patron
2021-02,tie dye,5.0,patron
2021-03,tie dye,5.5,patron
2021-04,tie dye,6.0,patron
2021-05,tie dye,6.2,patron
2021-06,tie dye,6.75,patron
2021-07,tie dye,6.5,patron
2021-08,tie dye,5.6,patron
2021-09,tie dye,4.25,patron
2021-10,tie dye,3.8,patron
2021-11,tie dye,3.25,patron
2021-12,tie dye,3.0,patron
2019-12,sneakers,31.0,calzado
2020-01,sneakers,28.0,calzado
2020-02,sneakers,28.75,calzado
2020-03,sneakers,23.0,calzado
2020-04,sneakers,24.5,calzado
2020-05,sneakers,28.0,calzado
2020-06,sneakers,27.0,calzado
2020-07,sneakers,26.75,calzado
2020-08,sneakers,27.0,calzado
2020-09,sneakers,27.75,calzado
2020-10,sneakers,26.5,calzado
2020-11,sneakers,27.0,calzado
2020-12,sneakers,28.75,calzado
2021-01,sneakers,26.6,calzado
2021-02,sneakers,27.75,calzado
2021-03,sneakers,32.5,calzado
2021-04,sneakers,33.0,calzado
2021-05,sneakers,30.4,calzado
2021-06,sneakers,26.5,calzado
2021-07,sneakers,28.25,calzado
2021-08,sneakers,30.4,calzado
2021-09,sneakers,29.75,calzado
2021-10,sneakers,29.4,calzado
2021-11,sneakers,32.75,calzado
2021-12,sneakers,32.75,calzado
2022-01,polka dot,1.0,patron
2022-02,polka dot,1.0,patron
2022-03,polka dot,1.5,patron
2022-04,polka dot,2.0,patron
2022-05,polka dot,1.6,patron
2022-06,polka dot,1.0,patron
2022-07,polka dot,1.8,patron
2022-08,polka dot,1.0,patron
2022-09,polka dot,1.0,patron
2022-10,polka dot,1.0,patron
2022-11,polka dot,1.0,patron
2022-12,polka dot,1.0,patron
2023-01,polka dot,1.0,patron
2023-02,polka dot,1.0,patron
2023-03,polka dot,1.0,patron
2023-04,polka dot,1.0,patron
2023-05,polka dot,1.0,patron
2023-06,polka dot,1.0,patron
2023-07,polka dot,1.0,patron
2023-08,polka dot,1.0,patron
2023-09,polka dot,1.0,patron
2023-10,polka dot,1.0,patron
2023-11,polka dot,1.0,patron
2023-12,polka dot,1.0,patron
2022-01,animal print,1.8,patron
2022-02,animal print,1.5,patron
2022-03,animal print,2.0,patron
2022-04,animal print,1.75,patron
2022-05,animal print,1.4,patron
2022-06,animal print,1.0,patron
2022-07,animal print,1.0,patron
2022-08,animal print,1.0,patron
2022-09,animal print,1.0,patron
2022-10,animal print,1.0,patron
2022-11,animal print,1.0,patron
2022-12,animal print,1.0,patron
2023-01,animal print,1.0,patron
2023-02,animal print,1.0,patron
2023-03,animal print,1.0,patron
2023-04,animal print,1.0,patron
2023-05,animal print,1.0,patron
2023-06,animal print,1.0,patron
2023-07,animal print,1.0,patron
2023-08,animal print,1.0,patron
2023-09,animal print,1.0,patron
2023-10,animal print,1.0,patron
2023-11,animal print,1.0,patron
2023-12,animal print,1.0,patron
2022-01,tie dye,3.0,patron
2022-02,tie dye,3.0,patron
2022-03,tie dye,3.0,patron
2022-04,tie dye,4.0,patron
2022-05,tie dye,4.0,patron
2022-06,tie dye,4.25,patron
2022-07,tie dye,4.0,patron
2022-08,tie dye,3.5,patron
2022-09,tie dye,3.0,patron
2022-10,tie dye,2.8,patron
2022-11,tie dye,2.0,patron
2022-12,tie dye,2.0,patron
2023-01,tie dye,2.0,patron
2023-02,tie dye,2.25,patron
2023-03,tie dye,2.75,patron
2023-04,tie dye,3.0,patron
2023-05,tie dye,3.0,patron
2023-06,tie dye,3.0,patron
2023-07,tie dye,3.0,patron
2023-08,tie dye,2.75,patron
2023-09,tie dye,2.0,patron
2023-10,tie dye,2.0,patron
2023-11,tie dye,2.0,patron
2023-12,tie dye,1.4,patron
2022-01,sneakers,27.4,calzado
2022-02,sneakers,30.25,calzado
2022-03,sneakers,34.25,calzado
2022-04,sneakers,35.75,calzado
2022-05,sneakers,32.6,calzado
2022-06,sneakers,29.75,calzado
2022-07,sneakers,29.6,calzado
2022-08,sneakers,32.5,calzado
2022-09,sneakers,31.5,calzado
2022-10,sneakers,30.4,calzado
2022-11,sneakers,34.0,calzado
2022-12,sneakers,36.75,calzado
2023-01,sneakers,30.0,calzado
2023-02,sneakers,30.25,calzado
2023-03,sneakers,33.25,calzado
2023-04,sneakers,35.6,calzado
2023-05,sneakers,34.0,calzado
2023-06,sneakers,30.5,calzado
2023-07,sneakers,30.6,calzado
2023-08,sneakers,31.5,calzado
2023-09,sneakers,33.5,calzado
2023-10,sneakers,31.4,calzado
2023-11,sneakers,31.5,calzado
2023-12,sneakers,30.4,calzado
2024-01,polka dot,1.0,patron
2024-02,polka dot,1.0,patron
2024-03,polka dot,1.0,patron
2024-04,polka dot,1.0,patron
2024-05,polka dot,1.0,patron
2024-06,polka dot,1.0,patron
2024-07,polka dot,1.0,patron
2024-08,polka dot,1.0,patron
2024-09,polka dot,1.0,patron
2024-10,polka dot,1.0,patron
2024-11,polka dot,1.0,patron
2024-12,polka dot,1.4,patron
2025-01,polka dot,1.25,patron
2025-02,polka dot,1.0,patron
2025-03,polka dot,1.4,patron
2025-04,polka dot,2.0,patron
2025-05,polka dot,2.0,patron
2025-06,polka dot,2.0,patron
2025-07,polka dot,3.0,patron
2025-08,polka dot,3.0,patron
2025-09,polka dot,2.25,patron
2025-10,polka dot,2.0,patron
2025-11,polka dot,2.8,patron
2025-12,polka dot,2.75,patron
2024-01,animal print,1.0,patron
2024-02,animal print,1.0,patron
2024-03,animal print,1.0,patron
2024-04,animal print,1.0,patron
2024-05,animal print,1.0,patron
2024-06,animal print,1.0,patron
2024-07,animal print,1.0,patron
2024-08,animal print,1.0,patron
2024-09,animal print,1.0,patron
2024-10,animal print,1.0,patron
2024-11,animal print,1.0,patron
2024-12,animal print,1.0,patron
2025-01,animal print,1.0,patron
2025-02,animal print,1.0,patron
2025-03,animal print,1.0,patron
2025-04,animal print,1.0,patron
2025-05,animal print,1.0,patron
2025-06,animal print,1.0,patron
2025-07,animal print,1.0,patron
2025-08,animal print,1.0,patron
2025-09,animal print,1.75,patron
2025-10,animal print,1.75,patron
2025-11,animal print,2.0,patron
2025-12,animal print,1.5,patron
2024-01,tie dye,1.0,patron
2024-02,tie dye,1.0,patron
2024-03,tie dye,1.6,patron
2024-04,tie dye,1.75,patron
2024-05,tie dye,2.0,patron
2024-06,tie dye,2.0,patron
2024-07,tie dye,2.0,patron
2024-08,tie dye,1.75,patron
2024-09,tie dye,1.0,patron
2024-10,tie dye,1.0,patron
2024-11,tie dye,1.0,patron
2024-12,tie dye,1.0,patron
2025-01,tie dye,1.0,patron
2025-02,tie dye,1.0,patron
2025-03,tie dye,1.0,patron
2025-04,tie dye,1.0,patron
2025-05,tie dye,1.75,patron
2025-06,tie dye,2.0,patron
2025-07,tie dye,2.0,patron
2025-08,tie dye,1.6,patron
2025-09,tie dye,1.0,patron
2025-10,tie dye,1.0,patron
2025-11,tie dye,1.0,patron
2025-12,tie dye,1.0,patron
2024-01,sneakers,23.75,calzado
2024-02,sneakers,28.75,calzado
2024-03,sneakers,28.0,calzado
2024-04,sneakers,28.25,calzado
2024-05,sneakers,27.5,calzado
2024-06,sneakers,25.0,calzado
2024-07,sneakers,24.75,calzado
2024-08,sneakers,26.75,calzado
2024-09,sneakers,27.8,calzado
2024-10,sneakers,26.25,calzado
2024-11,sneakers,28.0,calzado
2024-12,sneakers,26.8,calzado
2025-01,sneakers,24.5,calzado
2025-02,sneakers,25.0,calzado
2025-03,sneakers,31.8,calzado
2025-04,sneakers,29.5,calzado
2025-05,sneakers,27.5,calzado
2025-06,sneakers,25.4,calzado
2025-07,sneakers,28.0,calzado
2025-08,sneakers,34.2,calzado
2025-09,sneakers,35.0,calzado
2025-10,sneakers,31.25,calzado
2025-11,sneakers,33.0,calzado
2025-12,sneakers,29.75,calzado
2019-12,boots,69.0,calzado
2020-01,boots,54.0,calzado
2020-02,boots,47.25,calzado
2020-03,boots,39.8,calzado
2020-04,boots,34.5,calzado
2020-05,boots,35.6,calzado
2020-06,boots,36.0,calzado
2020-07,boots,36.25,calzado
2020-08,boots,39.4,calzado
2020-09,boots,53.5,calzado
2020-10,boots,66.75,calzado
2020-11,boots,75.8,calzado
2020-12,boots,76.5,calzado
2021-01,boots,57.4,calzado
2021-02,boots,47.75,calzado
2021-03,boots,39.5,calzado
2021-04,boots,36.5,calzado
2021-05,boots,36.2,calzado
2021-06,boots,35.0,calzado
2021-07,boots,37.0,calzado
2021-08,boots,41.6,calzado
2021-09,boots,54.5,calzado
2021-10,boots,72.6,calzado
2021-11,boots,90.75,calzado
2021-12,boots,85.5,calzado
2019-12,heels,9.0,calzado
2020-01,heels,9.0,calzado
2020-02,heels,9.25,calzado
2020-03,heels,6.8,calzado
2020-04,heels,6.0,calzado
2020-05,heels,6.6,calzado
2020-06,heels,7.0,calzado
2020-07,heels,7.5,calzado
2020-08,heels,7.4,calzado
2020-09,heels,7.25,calzado
2020-10,heels,7.75,calzado
2020-11,heels,7.4,calzado
2020-12,heels,7.75,calzado
2021-01,heels,7.8,calzado
2021-02,heels,8.0,calzado
2021-03,heels,8.5,calzado
2021-04,heels,9.0,calzado
2021-05,heels,9.8,calzado
2021-06,heels,9.5,calzado
2021-07,heels,10.0,calzado
2021-08,heels,11.0,calzado
2021-09,heels,11.25,calzado
2021-10,heels,10.4,calzado
2021-11,heels,11.0,calzado
2021-12,heels,10.25,calzado
2019-12,sandals,8.0,calzado
2020-01,sandals,8.0,calzado
2020-02,sandals,8.5,calzado
2020-03,sandals,7.8,calzado
2020-04,sandals,9.5,calzado
2020-05,sandals,14.4,calzado
2020-06,sandals,16.0,calzado
2020-07,sandals,14.25,calzado
2020-08,sandals,10.6,calzado
2020-09,sandals,7.75,calzado
2020-10,sandals,6.25,calzado
2020-11,sandals,5.8,calzado
2020-12,sandals,6.0,calzado
2021-01,sandals,6.0,calzado
2021-02,sandals,8.0,calzado
2021-03,sandals,12.25,calzado
2021-04,sandals,15.75,calzado
2021-05,sandals,17.2,calzado
2021-06,sandals,19.75,calzado
2021-07,sandals,18.0,calzado
2021-08,sandals,12.8,calzado
2021-09,sandals,9.5,calzado
2021-10,sandals,7.6,calzado
2021-11,sandals,7.5,calzado
2021-12,sandals,7.5,calzado
2019-12,loafers,2.0,calzado
2020-01,loafers,2.0,calzado
2020-02,loafers,2.0,calzado
2020-03,loafers,1.4,calzado
2020-04,loafers,1.0,calzado
2020-05,loafers,1.0,calzado
2020-06,loafers,1.0,calzado
2020-07,loafers,1.0,calzado
2020-08,loafers,1.4,calzado
2020-09,loafers,1.75,calzado
2020-10,loafers,1.75,calzado
2020-11,loafers,1.4,calzado
2020-12,loafers,1.0,calzado
2021-01,loafers,1.0,calzado
2021-02,loafers,1.5,calzado
2021-03,loafers,1.75,calzado
2021-04,loafers,2.0,calzado
2021-05,loafers,2.0,calzado
2021-06,loafers,2.0,calzado
2021-07,loafers,2.0,calzado
2021-08,loafers,2.0,calzado
2021-09,loafers,2.5,calzado
2021-10,loafers,2.0,calzado
2021-11,loafers,2.25,calzado
2021-12,loafers,2.0,calzado
2022-01,boots,67.4,calzado
2022-02,boots,53.75,calzado
2022-03,boots,47.75,calzado
2022-04,boots,42.5,calzado
2022-05,boots,39.6,calzado
2022-06,boots,39.25,calzado
2022-07,boots,39.8,calzado
2022-08,boots,43.5,calzado
2022-09,boots,58.25,calzado
2022-10,boots,71.0,calzado
2022-11,boots,87.25,calzado
2022-12,boots,92.25,calzado
2023-01,boots,78.8,calzado
2023-02,boots,63.0,calzado
2023-03,boots,51.75,calzado
2023-04,boots,44.6,calzado
2023-05,boots,41.25,calzado
2023-06,boots,40.0,calzado
2023-07,boots,43.4,calzado
2023-08,boots,46.25,calzado
2023-09,boots,54.5,calzado
2023-10,boots,70.2,calzado
2023-11,boots,84.25,calzado
2023-12,boots,79.2,calzado
2022-01,heels,11.2,calzado
2022-02,heels,12.5,calzado
2022-03,heels,13.5,calzado
2022-04,heels,14.25,calzado
2022-05,heels,12.8,calzado
2022-06,heels,11.0,calzado
2022-07,heels,11.0,calzado
2022-08,heels,11.0,calzado
2022-09,heels,11.75,calzado
2022-10,heels,10.8,calzado
2022-11,heels,10.75,calzado
2022-12,heels,10.25,calzado
2023-01,heels,10.8,calzado
2023-02,heels,10.75,calzado
2023-03,heels,11.0,calzado
2023-04,heels,12.0,calzado
2023-05,heels,11.5,calzado
2023-06,heels,11.0,calzado
2023-07,heels,11.0,calzado
2023-08,heels,11.0,calzado
2023-09,heels,10.75,calzado
2023-10,heels,10.6,calzado
2023-11,heels,11.25,calzado
2023-12,heels,10.8,calzado
2022-01,sandals,8.6,calzado
2022-02,sandals,11.25,calzado
2022-03,sandals,15.75,calzado
2022-04,sandals,19.0,calzado
2022-05,sandals,23.2,calzado
2022-06,sandals,23.5,calzado
2022-07,sandals,20.8,calzado
2022-08,sandals,15.75,calzado
2022-09,sandals,10.5,calzado
2022-10,sandals,8.0,calzado
2022-11,sandals,8.0,calzado
2022-12,sandals,8.25,calzado
2023-01,sandals,9.2,calzado
2023-02,sandals,11.0,calzado
2023-03,sandals,13.5,calzado
2023-04,sandals,18.0,calzado
2023-05,sandals,22.75,calzado
2023-06,sandals,24.0,calzado
2023-07,sandals,19.6,calzado
2023-08,sandals,14.0,calzado
2023-09,sandals,10.75,calzado
2023-10,sandals,8.2,calzado
2023-11,sandals,8.25,calzado
2023-12,sandals,8.8,calzado
2022-01,loafers,2.4,calzado
2022-02,loafers,2.75,calzado
2022-03,loafers,3.0,calzado
2022-04,loafers,3.0,calzado
2022-05,loafers,3.0,calzado
2022-06,loafers,3.0,calzado
2022-07,loafers,3.0,calzado
2022-08,loafers,3.25,calzado
2022-09,loafers,4.0,calzado
2022-10,loafers,3.4,calzado
2022-11,loafers,3.0,calzado
2022-12,loafers,3.0,calzado
2023-01,loafers,3.0,calzado
2023-02,loafers,3.0,calzado
2023-03,loafers,3.0,calzado
2023-04,loafers,3.8,calzado
2023-05,loafers,3.5,calzado
2023-06,loafers,3.0,calzado
2023-07,loafers,3.0,calzado
2023-08,loafers,3.75,calzado
2023-09,loafers,4.0,calzado
2023-10,loafers,3.8,calzado
2023-11,loafers,3.5,calzado
2023-12,loafers,3.2,calzado
2024-01,boots,57.5,calzado
2024-02,boots,46.25,calzado
2024-03,boots,41.0,calzado
2024-04,boots,38.5,calzado
2024-05,boots,36.5,calzado
2024-06,boots,36.2,calzado
2024-07,boots,38.5,calzado
2024-08,boots,41.75,calzado
2024-09,boots,54.0,calzado
2024-10,boots,61.75,calzado
2024-11,boots,77.75,calzado
2024-12,boots,80.0,calzado
2025-01,boots,60.75,calzado
2025-02,boots,50.0,calzado
2025-03,boots,44.0,calzado
2025-04,boots,42.0,calzado
2025-05,boots,40.0,calzado
2025-06,boots,41.8,calzado
2025-07,boots,43.25,calzado
2025-08,boots,51.6,calzado
2025-09,boots,58.5,calzado
2025-10,boots,78.75,calzado
2025-11,boots,89.6,calzado
2025-12,boots,82.75,calzado
2024-01,heels,10.0,calzado
2024-02,heels,11.0,calzado
2024-03,heels,11.2,calzado
2024-04,heels,11.0,calzado
2024-05,heels,11.0,calzado
2024-06,heels,10.2,calzado
2024-07,heels,10.5,calzado
2024-08,heels,10.5,calzado
2024-09,heels,11.8,calzado
2024-10,heels,11.0,calzado
2024-11,heels,11.0,calzado
2024-12,heels,11.8,calzado
2025-01,heels,11.0,calzado
2025-02,heels,11.0,calzado
2025-03,heels,12.6,calzado
2025-04,heels,12.75,calzado
2025-05,heels,12.25,calzado
2025-06,heels,12.8,calzado
2025-07,heels,18.25,calzado
2025-08,heels,13.6,calzado
2025-09,heels,12.75,calzado
2025-10,heels,12.5,calzado
2025-11,heels,12.6,calzado
2025-12,heels,12.5,calzado
2024-01,sandals,8.0,calzado
2024-02,sandals,9.5,calzado
2024-03,sandals,13.0,calzado
2024-04,sandals,16.0,calzado
2024-05,sandals,20.5,calzado
2024-06,sandals,19.8,calzado
2024-07,sandals,17.0,calzado
2024-08,sandals,13.25,calzado
2024-09,sandals,9.0,calzado
2024-10,sandals,7.25,calzado
2024-11,sandals,7.25,calzado
2024-12,sandals,7.8,calzado
2025-01,sandals,8.0,calzado
2025-02,sandals,9.25,calzado
2025-03,sandals,13.6,calzado
2025-04,sandals,16.75,calzado
2025-05,sandals,19.25,calzado
2025-06,sandals,20.4,calzado
2025-07,sandals,18.5,calzado
2025-08,sandals,14.8,calzado
2025-09,sandals,10.0,calzado
2025-10,sandals,8.75,calzado
2025-11,sandals,8.6,calzado
2025-12,sandals,8.5,calzado
2024-01,loafers,3.0,calzado
2024-02,loafers,3.0,calzado
2024-03,loafers,3.2,calzado
2024-04,loafers,4.0,calzado
2024-05,loafers,3.5,calzado
2024-06,loafers,3.0,calzado
2024-07,loafers,3.0,calzado
2024-08,loafers,3.5,calzado
2024-09,loafers,4.0,calzado
2024-10,loafers,4.0,calzado
2024-11,loafers,4.25,calzado
2024-12,loafers,4.0,calzado
2025-01,loafers,4.0,calzado
2025-02,loafers,4.0,calzado
2025-03,loafers,4.0,calzado
2025-04,loafers,4.0,calzado
2025-05,loafers,4.0,calzado
2025-06,loafers,4.0,calzado
2025-07,loafers,4.0,calzado
2025-08,loafers,5.0,calzado
2025-09,loafers,5.0,calzado
2025-10,loafers,5.0,calzado
2025-11,loafers,5.0,calzado
2025-12,loafers,4.25,calzado
2019-12,casual,18.0,estilo
2020-01,casual,18.5,estilo
2020-02,casual,19.0,estilo
2020-03,casual,13.8,estilo
2020-04,casual,11.75,estilo
2020-05,casual,14.4,estilo
2020-06,casual,15.0,estilo
2020-07,casual,15.5,estilo
2020-08,casual,15.6,estilo
2020-09,casual,16.0,estilo
2020-10,casual,18.0,estilo
2020-11,casual,17.2,estilo
2020-12,casual,15.75,estilo
2021-01,casual,14.8,estilo
2021-02,casual,15.75,estilo
2021-03,casual,16.5,estilo
2021-04,casual,17.0,estilo
2021-05,casual,17.8,estilo
2021-06,casual,17.75,estilo
2021-07,casual,17.75,estilo
2021-08,casual,18.4,estilo
2021-09,casual,19.0,estilo
2021-10,casual,19.2,estilo
2021-11,casual,20.25,estilo
2021-12,casual,19.0,estilo
2019-12,vintage,70.0,estilo
2020-01,vintage,65.75,estilo
2020-02,vintage,64.0,estilo
2020-03,vintage,54.2,estilo
2020-04,vintage,59.75,estilo
2020-05,vintage,64.2,estilo
2020-06,vintage,66.5,estilo
2020-07,vintage,67.5,estilo
2020-08,vintage,66.6,estilo
2020-09,vintage,68.25,estilo
2020-10,vintage,66.0,estilo
2020-11,vintage,67.6,estilo
2020-12,vintage,70.75,estilo
2021-01,vintage,67.4,estilo
2021-02,vintage,65.25,estilo
2021-03,vintage,63.5,estilo
2021-04,vintage,65.5,estilo
2021-05,vintage,64.4,estilo
2021-06,vintage,62.25,estilo
2021-07,vintage,65.25,estilo
2021-08,vintage,65.6,estilo
2021-09,vintage,65.0,estilo
2021-10,vintage,65.2,estilo
2021-11,vintage,69.75,estilo
2021-12,vintage,67.5,estilo
2019-12,minimalist,4.0,estilo
2020-01,minimalist,3.75,estilo
2020-02,minimalist,3.75,estilo
2020-03,minimalist,3.2,estilo
2020-04,minimalist,4.0,estilo
2020-05,minimalist,4.0,estilo
2020-06,minimalist,4.0,estilo
2020-07,minimalist,4.0,estilo
2020-08,minimalist,4.0,estilo
2020-09,minimalist,4.25,estilo
2020-10,minimalist,4.0,estilo
2020-11,minimalist,3.8,estilo
2020-12,minimalist,4.5,estilo
2021-01,minimalist,4.2,estilo
2021-02,minimalist,4.0,estilo
2021-03,minimalist,4.0,estilo
2021-04,minimalist,4.0,estilo
2021-05,minimalist,4.0,estilo
2021-06,minimalist,4.0,estilo
2021-07,minimalist,4.0,estilo
2021-08,minimalist,4.0,estilo
2021-09,minimalist,4.0,estilo
2021-10,minimalist,3.8,estilo
2021-11,minimalist,4.0,estilo
2021-12,minimalist,4.0,estilo
2019-12,avant-garde,0.0,estilo
2020-01,avant-garde,0.0,estilo
2020-02,avant-garde,0.0,estilo
2020-03,avant-garde,0.0,estilo
2020-04,avant-garde,0.0,estilo
2020-05,avant-garde,0.0,estilo
2020-06,avant-garde,0.0,estilo
2020-07,avant-garde,0.0,estilo
2020-08,avant-garde,0.0,estilo
2020-09,avant-garde,0.0,estilo
2020-10,avant-garde,0.0,estilo
2020-11,avant-garde,0.0,estilo
2020-12,avant-garde,0.0,estilo
2021-01,avant-garde,0.0,estilo
2021-02,avant-garde,0.0,estilo
2021-03,avant-garde,0.0,estilo
2021-04,avant-garde,0.0,estilo
2021-05,avant-garde,0.4,estilo
2021-06,avant-garde,0.25,estilo
2021-07,avant-garde,0.5,estilo
2021-08,avant-garde,0.0,estilo
2021-09,avant-garde,0.0,estilo
2021-10,avant-garde,0.0,estilo
2021-11,avant-garde,0.0,estilo
2021-12,avant-garde,0.0,estilo
2022-01,casual,15.8,estilo
2022-02,casual,18.5,estilo
2022-03,casual,19.25,estilo
2022-04,casual,20.75,estilo
2022-05,casual,20.6,estilo
2022-06,casual,20.25,estilo
2022-07,casual,19.2,estilo
2022-08,casual,19.5,estilo
2022-09,casual,20.25,estilo
2022-10,casual,19.4,estilo
2022-11,casual,20.25,estilo
2022-12,casual,19.25,estilo
2023-01,casual,18.2,estilo
2023-02,casual,19.0,estilo
2023-03,casual,19.0,estilo
2023-04,casual,20.4,estilo
2023-05,casual,21.0,estilo
2023-06,casual,19.75,estilo
2023-07,casual,19.2,estilo
2023-08,casual,19.25,estilo
2023-09,casual,19.5,estilo
2023-10,casual,19.6,estilo
2023-11,casual,20.75,estilo
2023-12,casual,19.2,estilo
2022-01,vintage,61.8,estilo
2022-02,vintage,60.25,estilo
2022-03,vintage,59.25,estilo
2022-04,vintage,59.25,estilo
2022-05,vintage,55.6,estilo
2022-06,vintage,56.25,estilo
2022-07,vintage,58.4,estilo
2022-08,vintage,60.0,estilo
2022-09,vintage,58.75,estilo
2022-10,vintage,59.0,estilo
2022-11,vintage,59.5,estilo
2022-12,vintage,60.5,estilo
2023-01,vintage,60.8,estilo
2023-02,vintage,58.5,estilo
2023-03,vintage,58.25,estilo
2023-04,vintage,57.2,estilo
2023-05,vintage,55.5,estilo
2023-06,vintage,57.0,estilo
2023-07,vintage,60.8,estilo
2023-08,vintage,58.75,estilo
2023-09,vintage,59.0,estilo
2023-10,vintage,59.6,estilo
2023-11,vintage,63.25,estilo
2023-12,vintage,64.6,estilo
2022-01,minimalist,4.0,estilo
2022-02,minimalist,4.0,estilo
2022-03,minimalist,4.0,estilo
2022-04,minimalist,4.0,estilo
2022-05,minimalist,4.0,estilo
2022-06,minimalist,4.0,estilo
2022-07,minimalist,4.0,estilo
2022-08,minimalist,4.0,estilo
2022-09,minimalist,4.0,estilo
2022-10,minimalist,4.0,estilo
2022-11,minimalist,4.0,estilo
2022-12,minimalist,4.0,estilo
2023-01,minimalist,4.0,estilo
2023-02,minimalist,4.0,estilo
2023-03,minimalist,4.0,estilo
2023-04,minimalist,4.0,estilo
2023-05,minimalist,4.0,estilo
2023-06,minimalist,4.0,estilo
2023-07,minimalist,4.0,estilo
2023-08,minimalist,4.0,estilo
2023-09,minimalist,4.0,estilo
2023-10,minimalist,4.0,estilo
2023-11,minimalist,4.0,estilo
2023-12,minimalist,4.0,estilo
2022-01,avant-garde,0.0,estilo
2022-02,avant-garde,0.0,estilo
2022-03,avant-garde,0.0,estilo
2022-04,avant-garde,0.0,estilo
2022-05,avant-garde,0.0,estilo
2022-06,avant-garde,0.0,estilo
2022-07,avant-garde,0.0,estilo
2022-08,avant-garde,0.0,estilo
2022-09,avant-garde,0.0,estilo
2022-10,avant-garde,0.0,estilo
2022-11,avant-garde,0.0,estilo
2022-12,avant-garde,0.0,estilo
2023-01,avant-garde,0.0,estilo
2023-02,avant-garde,0.0,estilo
2023-03,avant-garde,0.0,estilo
2023-04,avant-garde,0.0,estilo
2023-05,avant-garde,0.0,estilo
2023-06,avant-garde,0.0,estilo
2023-07,avant-garde,0.0,estilo
2023-08,avant-garde,0.0,estilo
2023-09,avant-garde,0.0,estilo
2023-10,avant-garde,0.0,estilo
2023-11,avant-garde,0.0,estilo
2023-12,avant-garde,0.0,estilo
2024-01,casual,15.25,estilo
2024-02,casual,16.25,estilo
2024-03,casual,16.2,estilo
2024-04,casual,17.0,estilo
2024-05,casual,17.0,estilo
2024-06,casual,16.6,estilo
2024-07,casual,16.5,estilo
2024-08,casual,17.75,estilo
2024-09,casual,18.2,estilo
2024-10,casual,17.75,estilo
2024-11,casual,18.25,estilo
2024-12,casual,17.6,estilo
2025-01,casual,16.0,estilo
2025-02,casual,17.0,estilo
2025-03,casual,18.4,estilo
2025-04,casual,18.5,estilo
2025-05,casual,19.25,estilo
2025-06,casual,18.8,estilo
2025-07,casual,19.5,estilo
2025-08,casual,23.2,estilo
2025-09,casual,22.75,estilo
2025-10,casual,21.0,estilo
2025-11,casual,23.2,estilo
2025-12,casual,20.25,estilo
2024-01,vintage,53.75,estilo
2024-02,vintage,53.25,estilo
2024-03,vintage,52.4,estilo
2024-04,vintage,52.5,estilo
2024-05,vintage,50.25,estilo
2024-06,vintage,51.0,estilo
2024-07,vintage,52.25,estilo
2024-08,vintage,53.75,estilo
2024-09,vintage,54.2,estilo
2024-10,vintage,56.25,estilo
2024-11,vintage,59.0,estilo
2024-12,vintage,61.8,estilo
2025-01,vintage,59.25,estilo
2025-02,vintage,56.75,estilo
2025-03,vintage,57.2,estilo
2025-04,vintage,58.25,estilo
2025-05,vintage,55.0,estilo
2025-06,vintage,56.6,estilo
2025-07,vintage,60.25,estilo
2025-08,vintage,68.8,estilo
2025-09,vintage,66.0,estilo
2025-10,vintage,65.0,estilo
2025-11,vintage,69.0,estilo
2025-12,vintage,69.75,estilo
2024-01,minimalist,3.25,estilo
2024-02,minimalist,4.0,estilo
2024-03,minimalist,3.8,estilo
2024-04,minimalist,3.0,estilo
2024-05,minimalist,3.0,estilo
2024-06,minimalist,3.0,estilo
2024-07,minimalist,3.25,estilo
2024-08,minimalist,3.25,estilo
2024-09,minimalist,3.0,estilo
2024-10,minimalist,3.0,estilo
2024-11,minimalist,3.5,estilo
2024-12,minimalist,3.8,estilo
2025-01,minimalist,4.0,estilo
2025-02,minimalist,3.75,estilo
2025-03,minimalist,3.8,estilo
2025-04,minimalist,3.5,estilo
2025-05,minimalist,3.25,estilo
2025-06,minimalist,3.8,estilo
2025-07,minimalist,5.0,estilo
2025-08,minimalist,7.0,estilo
2025-09,minimalist,7.25,estilo
2025-10,minimalist,6.75,estilo
2025-11,minimalist,7.6,estilo
2025-12,minimalist,6.5,estilo
2024-01,avant-garde,0.0,estilo
2024-02,avant-garde,0.0,estilo
2024-03,avant-garde,0.0,estilo
2024-04,avant-garde,0.0,estilo
2024-05,avant-garde,0.0,estilo
2024-06,avant-garde,0.0,estilo
2024-07,avant-garde,0.0,estilo
2024-08,avant-garde,0.0,estilo
2024-09,avant-garde,0.0,estilo
2024-10,avant-garde,0.0,estilo
2024-11,avant-garde,0.0,estilo
2024-12,avant-garde,0.0,estilo
2025-01,avant-garde,0.0,estilo
2025-02,avant-garde,0.0,estilo
2025-03,avant-garde,0.0,estilo
2025-04,avant-garde,0.0,estilo
2025-05,avant-garde,0.0,estilo
2025-06,avant-garde,0.0,estilo
2025-07,avant-garde,0.0,estilo
2025-08,avant-garde,0.0,estilo
2025-09,avant-garde,0.0,estilo
2025-10,avant-garde,0.0,estilo
2025-11,avant-garde,0.0,estilo
2025-12,avant-garde,0.0,estilo
2019-12,bohemian,12.0,estilo
2020-01,bohemian,8.75,estilo
2020-02,bohemian,8.5,estilo
2020-03,bohemian,9.0,estilo
2020-04,bohemian,10.0,estilo
2020-05,bohemian,8.8,estilo
2020-06,bohemian,8.0,estilo
2020-07,bohemian,8.0,estilo
2020-08,bohemian,7.6,estilo
2020-09,bohemian,6.75,estilo
2020-10,bohemian,6.75,estilo
2020-11,bohemian,6.2,estilo
2020-12,bohemian,7.5,estilo
2021-01,bohemian,6.4,estilo
2021-02,bohemian,6.5,estilo
2021-03,bohemian,6.5,estilo
2021-04,bohemian,6.75,estilo
2021-05,bohemian,7.2,estilo
2021-06,bohemian,6.25,estilo
2021-07,bohemian,6.25,estilo
2021-08,bohemian,6.4,estilo
2021-09,bohemian,6.25,estilo
2021-10,bohemian,5.6,estilo
2021-11,bohemian,6.75,estilo
2021-12,bohemian,6.25,estilo
2019-12,streetwear,1.0,estilo
2020-01,streetwear,1.0,estilo
2020-02,streetwear,1.0,estilo
2020-03,streetwear,1.0,estilo
2020-04,streetwear,1.25,estilo
2020-05,streetwear,1.0,estilo
2020-06,streetwear,1.75,estilo
2020-07,streetwear,2.0,estilo
2020-08,streetwear,2.0,estilo
2020-09,streetwear,2.0,estilo
2020-10,streetwear,1.25,estilo
2020-11,streetwear,1.8,estilo
2020-12,streetwear,2.0,estilo
2021-01,streetwear,2.0,estilo
2021-02,streetwear,1.5,estilo
2021-03,streetwear,1.0,estilo
2021-04,streetwear,1.75,estilo
2021-05,streetwear,1.4,estilo
2021-06,streetwear,1.25,estilo
2021-07,streetwear,1.5,estilo
2021-08,streetwear,2.0,estilo
2021-09,streetwear,2.0,estilo
2021-10,streetwear,1.8,estilo
2021-11,streetwear,2.0,estilo
2021-12,streetwear,2.0,estilo
2019-12,preppy,1.0,estilo
2020-01,preppy,1.0,estilo
2020-02,preppy,1.0,estilo
2020-03,preppy,1.0,estilo
2020-04,preppy,1.0,estilo
2020-05,preppy,1.0,estilo
2020-06,preppy,1.0,estilo
2020-07,preppy,1.0,estilo
2020-08,preppy,1.0,estilo
2020-09,preppy,1.0,estilo
2020-10,preppy,1.0,estilo
2020-11,preppy,1.0,estilo
2020-12,preppy,1.0,estilo
2021-01,preppy,1.0,estilo
2021-02,preppy,1.0,estilo
2021-03,preppy,1.0,estilo
2021-04,preppy,1.0,estilo
2021-05,preppy,1.0,estilo
2021-06,preppy,1.0,estilo
2021-07,preppy,1.75,estilo
2021-08,preppy,2.0,estilo
2021-09,preppy,2.0,estilo
2021-10,preppy,2.0,estilo
2021-11,preppy,2.0,estilo
2021-12,preppy,2.75,estilo
2019-12,y2k,2.0,estilo
2020-01,y2k,1.0,estilo
2020-02,y2k,1.0,estilo
2020-03,y2k,1.0,estilo
2020-04,y2k,1.0,estilo
2020-05,y2k,1.2,estilo
2020-06,y2k,1.0,estilo
2020-07,y2k,1.0,estilo
2020-08,y2k,1.0,estilo
2020-09,y2k,1.0,estilo
2020-10,y2k,1.0,estilo
2020-11,y2k,1.0,estilo
2020-12,y2k,1.0,estilo
2021-01,y2k,1.0,estilo
2021-02,y2k,1.0,estilo
2021-03,y2k,1.0,estilo
2021-04,y2k,1.0,estilo
2021-05,y2k,1.0,estilo
2021-06,y2k,1.25,estilo
2021-07,y2k,2.0,estilo
2021-08,y2k,2.0,estilo
2021-09,y2k,2.0,estilo
2021-10,y2k,2.0,estilo
2021-11,y2k,1.75,estilo
2021-12,y2k,2.0,estilo
2022-01,bohemian,5.4,estilo
2022-02,bohemian,5.5,estilo
2022-03,bohemian,5.25,estilo
2022-04,bohemian,6.25,estilo
2022-05,bohemian,6.2,estilo
2022-06,bohemian,6.5,estilo
2022-07,bohemian,6.2,estilo
2022-08,bohemian,5.5,estilo
2022-09,bohemian,5.5,estilo
2022-10,bohemian,5.0,estilo
2022-11,bohemian,5.0,estilo
2022-12,bohemian,5.0,estilo
2023-01,bohemian,5.2,estilo
2023-02,bohemian,5.0,estilo
2023-03,bohemian,5.0,estilo
2023-04,bohemian,5.2,estilo
2023-05,bohemian,5.0,estilo
2023-06,bohemian,5.5,estilo
2023-07,bohemian,5.4,estilo
2023-08,bohemian,5.0,estilo
2023-09,bohemian,5.0,estilo
2023-10,bohemian,4.0,estilo
2023-11,bohemian,4.5,estilo
2023-12,bohemian,5.2,estilo
2022-01,streetwear,2.0,estilo
2022-02,streetwear,2.0,estilo
2022-03,streetwear,2.0,estilo
2022-04,streetwear,2.0,estilo
2022-05,streetwear,1.6,estilo
2022-06,streetwear,1.25,estilo
2022-07,streetwear,2.0,estilo
2022-08,streetwear,2.0,estilo
2022-09,streetwear,2.0,estilo
2022-10,streetwear,1.8,estilo
2022-11,streetwear,2.0,estilo
2022-12,streetwear,2.0,estilo
2023-01,streetwear,2.0,estilo
2023-02,streetwear,1.75,estilo
2023-03,streetwear,2.0,estilo
2023-04,streetwear,2.0,estilo
2023-05,streetwear,1.0,estilo
2023-06,streetwear,1.25,estilo
2023-07,streetwear,1.6,estilo
2023-08,streetwear,1.75,estilo
2023-09,streetwear,1.25,estilo
2023-10,streetwear,1.6,estilo
2023-11,streetwear,1.75,estilo
2023-12,streetwear,1.8,estilo
2022-01,preppy,3.0,estilo
2022-02,preppy,3.0,estilo
2022-03,preppy,3.0,estilo
2022-04,preppy,3.0,estilo
2022-05,preppy,3.0,estilo
2022-06,preppy,3.0,estilo
2022-07,preppy,3.0,estilo
2022-08,preppy,3.0,estilo
2022-09,preppy,3.0,estilo
2022-10,preppy,3.0,estilo
2022-11,preppy,3.0,estilo
2022-12,preppy,3.5,estilo
2023-01,preppy,4.0,estilo
2023-02,preppy,3.25,estilo
2023-03,preppy,3.0,estilo
2023-04,preppy,3.2,estilo
2023-05,preppy,3.0,estilo
2023-06,preppy,3.0,estilo
2023-07,preppy,3.0,estilo
2023-08,preppy,3.0,estilo
2023-09,preppy,3.0,estilo
2023-10,preppy,3.0,estilo
2023-11,preppy,3.25,estilo
2023-12,preppy,3.4,estilo
2022-01,y2k,2.0,estilo
2022-02,y2k,2.25,estilo
2022-03,y2k,2.5,estilo
2022-04,y2k,2.25,estilo
2022-05,y2k,3.0,estilo
2022-06,y2k,3.0,estilo
2022-07,y2k,3.0,estilo
2022-08,y2k,3.75,estilo
2022-09,y2k,3.75,estilo
2022-10,y2k,3.8,estilo
2022-11,y2k,3.0,estilo
2022-12,y2k,3.5,estilo
2023-01,y2k,4.6,estilo
2023-02,y2k,4.75,estilo
2023-03,y2k,4.0,estilo
2023-04,y2k,4.6,estilo
2023-05,y2k,4.0,estilo
2023-06,y2k,4.0,estilo
2023-07,y2k,4.2,estilo
2023-08,y2k,4.0,estilo
2023-09,y2k,4.25,estilo
2023-10,y2k,4.4,estilo
2023-11,y2k,4.0,estilo
2023-12,y2k,4.8,estilo
2024-01,bohemian,3.75,estilo
2024-02,bohemian,4.0,estilo
2024-03,bohemian,6.6,estilo
2024-04,bohemian,4.0,estilo
2024-05,bohemian,4.0,estilo
2024-06,bohemian,4.0,estilo
2024-07,bohemian,4.0,estilo
2024-08,bohemian,4.0,estilo
2024-09,bohemian,3.8,estilo
2024-10,bohemian,3.0,estilo
2024-11,bohemian,3.25,estilo
2024-12,bohemian,3.6,estilo
2025-01,bohemian,3.0,estilo
2025-02,bohemian,3.5,estilo
2025-03,bohemian,3.4,estilo
2025-04,bohemian,4.25,estilo
2025-05,bohemian,3.75,estilo
2025-06,bohemian,3.4,estilo
2025-07,bohemian,4.0,estilo
2025-08,bohemian,4.0,estilo
2025-09,bohemian,5.25,estilo
2025-10,bohemian,4.0,estilo
2025-11,bohemian,4.0,estilo
2025-12,bohemian,4.25,estilo
2024-01,streetwear,1.0,estilo
2024-02,streetwear,1.0,estilo
2024-03,streetwear,1.0,estilo
2024-04,streetwear,1.0,estilo
2024-05,streetwear,1.0,estilo
2024-06,streetwear,1.0,estilo
2024-07,streetwear,1.0,estilo
2024-08,streetwear,1.0,estilo
2024-09,streetwear,1.0,estilo
2024-10,streetwear,1.0,estilo
2024-11,streetwear,1.75,estilo
2024-12,streetwear,1.8,estilo
2025-01,streetwear,1.0,estilo
2025-02,streetwear,1.0,estilo
2025-03,streetwear,1.2,estilo
2025-04,streetwear,1.25,estilo
2025-05,streetwear,1.0,estilo
2025-06,streetwear,1.0,estilo
2025-07,streetwear,2.0,estilo
2025-08,streetwear,3.0,estilo
2025-09,streetwear,3.75,estilo
2025-10,streetwear,3.0,estilo
2025-11,streetwear,3.4,estilo
2025-12,streetwear,3.0,estilo
2024-01,preppy,3.0,estilo
2024-02,preppy,3.0,estilo
2024-03,preppy,3.0,estilo
2024-04,preppy,3.0,estilo
2024-05,preppy,3.0,estilo
2024-06,preppy,3.0,estilo
2024-07,preppy,3.0,estilo
2024-08,preppy,3.0,estilo
2024-09,preppy,3.4,estilo
2024-10,preppy,3.0,estilo
2024-11,preppy,3.75,estilo
2024-12,preppy,3.6,estilo
2025-01,preppy,3.0,estilo
2025-02,preppy,3.25,estilo
2025-03,preppy,3.0,estilo
2025-04,preppy,3.0,estilo
2025-05,preppy,2.75,estilo
2025-06,preppy,2.0,estilo
2025-07,preppy,2.0,estilo
2025-08,preppy,2.0,estilo
2025-09,preppy,2.0,estilo
2025-10,preppy,2.0,estilo
2025-11,preppy,2.0,estilo
2025-12,preppy,2.0,estilo
2024-01,y2k,3.25,estilo
2024-02,y2k,3.5,estilo
2024-03,y2k,4.0,estilo
2024-04,y2k,4.0,estilo
2024-05,y2k,4.0,estilo
2024-06,y2k,4.0,estilo
2024-07,y2k,4.5,estilo
2024-08,y2k,5.5,estilo
2024-09,y2k,4.2,estilo
2024-10,y2k,4.0,estilo
2024-11,y2k,4.25,estilo
2024-12,y2k,5.4,estilo
2025-01,y2k,4.0,estilo
2025-02,y2k,4.0,estilo
2025-03,y2k,4.2,estilo
2025-04,y2k,4.5,estilo
2025-05,y2k,4.0,estilo
2025-06,y2k,3.8,estilo
2025-07,y2k,4.0,estilo
2025-08,y2k,4.4,estilo
2025-09,y2k,4.75,estilo
2025-10,y2k,4.0,estilo
2025-11,y2k,4.0,estilo
2025-12,y2k,4.0,estilo
2019-12,grunge,2.0,estilo
2020-01,grunge,2.0,estilo
2020-02,grunge,1.75,estilo
2020-03,grunge,2.0,estilo
2020-04,grunge,2.0,estilo
2020-05,grunge,2.0,estilo
2020-06,grunge,2.0,estilo
2020-07,grunge,2.0,estilo
2020-08,grunge,2.0,estilo
2020-09,grunge,2.25,estilo
2020-10,grunge,2.0,estilo
2020-11,grunge,2.0,estilo
2020-12,grunge,2.0,estilo
2021-01,grunge,2.0,estilo
2021-02,grunge,2.0,estilo
2021-03,grunge,2.0,estilo
2021-04,grunge,2.0,estilo
2021-05,grunge,2.0,estilo
2021-06,grunge,2.0,estilo
2021-07,grunge,2.0,estilo
2021-08,grunge,2.0,estilo
2021-09,grunge,2.0,estilo
2021-10,grunge,2.0,estilo
2021-11,grunge,2.0,estilo
2021-12,grunge,2.0,estilo
2019-12,athleisure,0.0,estilo
2020-01,athleisure,0.0,estilo
2020-02,athleisure,0.0,estilo
2020-03,athleisure,0.0,estilo
2020-04,athleisure,0.0,estilo
2020-05,athleisure,0.0,estilo
2020-06,athleisure,0.0,estilo
2020-07,athleisure,0.0,estilo
2020-08,athleisure,0.0,estilo
2020-09,athleisure,0.0,estilo
2020-10,athleisure,0.0,estilo
2020-11,athleisure,0.0,estilo
2020-12,athleisure,0.0,estilo
2021-01,athleisure,0.0,estilo
2021-02,athleisure,0.0,estilo
2021-03,athleisure,0.0,estilo
2021-04,athleisure,0.0,estilo
2021-05,athleisure,0.0,estilo
2021-06,athleisure,0.0,estilo
2021-07,athleisure,0.0,estilo
2021-08,athleisure,0.0,estilo
2021-09,athleisure,0.0,estilo
2021-10,athleisure,0.0,estilo
2021-11,athleisure,0.0,estilo
2021-12,athleisure,0.0,estilo
2019-12,sleeve,23.0,parte_prenda
2020-01,sleeve,23.0,parte_prenda
2020-02,sleeve,23.0,parte_prenda
2020-03,sleeve,17.0,parte_prenda
2020-04,sleeve,17.25,parte_prenda
2020-05,sleeve,20.4,parte_prenda
2020-06,sleeve,22.0,parte_prenda
2020-07,sleeve,22.5,parte_prenda
2020-08,sleeve,23.2,parte_prenda
2020-09,sleeve,23.75,parte_prenda
2020-10,sleeve,24.25,parte_prenda
2020-11,sleeve,23.0,parte_prenda
2020-12,sleeve,22.5,parte_prenda
2021-01,sleeve,21.8,parte_prenda
2021-02,sleeve,21.0,parte_prenda
2021-03,sleeve,23.0,parte_prenda
2021-04,sleeve,23.5,parte_prenda
2021-05,sleeve,24.0,parte_prenda
2021-06,sleeve,24.75,parte_prenda
2021-07,sleeve,24.25,parte_prenda
2021-08,sleeve,24.8,parte_prenda
2021-09,sleeve,27.25,parte_prenda
2021-10,sleeve,29.4,parte_prenda
2021-11,sleeve,32.25,parte_prenda
2021-12,sleeve,33.0,parte_prenda
2019-12,collar,15.0,parte_prenda
2020-01,collar,15.0,parte_prenda
2020-02,collar,14.75,parte_prenda
2020-03,collar,13.2,parte_prenda
2020-04,collar,15.75,parte_prenda
2020-05,collar,16.0,parte_prenda
2020-06,collar,16.25,parte_prenda
2020-07,collar,15.5,parte_prenda
2020-08,collar,15.6,parte_prenda
2020-09,collar,16.25,parte_prenda
2020-10,collar,16.5,parte_prenda
2020-11,collar,17.6,parte_prenda
2020-12,collar,16.0,parte_prenda
2021-01,collar,16.2,parte_prenda
2021-02,collar,16.0,parte_prenda
2021-03,collar,16.75,parte_prenda
2021-04,collar,17.25,parte_prenda
2021-05,collar,16.0,parte_prenda
2021-06,collar,16.25,parte_prenda
2021-07,collar,17.5,parte_prenda
2021-08,collar,16.2,parte_prenda
2021-09,collar,17.0,parte_prenda
2021-10,collar,17.2,parte_prenda
2021-11,collar,19.0,parte_prenda
2021-12,collar,17.0,parte_prenda
2022-01,grunge,2.0,estilo
2022-02,grunge,2.0,estilo
2022-03,grunge,2.0,estilo
2022-04,grunge,2.0,estilo
2022-05,grunge,2.0,estilo
2022-06,grunge,2.0,estilo
2022-07,grunge,2.0,estilo
2022-08,grunge,2.25,estilo
2022-09,grunge,2.0,estilo
2022-10,grunge,2.0,estilo
2022-11,grunge,2.0,estilo
2022-12,grunge,2.0,estilo
2023-01,grunge,2.0,estilo
2023-02,grunge,2.0,estilo
2023-03,grunge,2.0,estilo
2023-04,grunge,2.0,estilo
2023-05,grunge,2.0,estilo
2023-06,grunge,1.75,estilo
2023-07,grunge,2.0,estilo
2023-08,grunge,2.0,estilo
2023-09,grunge,2.0,estilo
2023-10,grunge,1.8,estilo
2023-11,grunge,2.0,estilo
2023-12,grunge,1.8,estilo
2022-01,athleisure,0.0,estilo
2022-02,athleisure,0.0,estilo
2022-03,athleisure,0.0,estilo
2022-04,athleisure,0.0,estilo
2022-05,athleisure,0.0,estilo
2022-06,athleisure,0.0,estilo
2022-07,athleisure,0.0,estilo
2022-08,athleisure,0.0,estilo
2022-09,athleisure,0.0,estilo
2022-10,athleisure,0.0,estilo
2022-11,athleisure,0.0,estilo
2022-12,athleisure,0.0,estilo
2023-01,athleisure,0.0,estilo
2023-02,athleisure,0.0,estilo
2023-03,athleisure,0.0,estilo
2023-04,athleisure,0.0,estilo
2023-05,athleisure,0.0,estilo
2023-06,athleisure,0.0,estilo
2023-07,athleisure,0.0,estilo
2023-08,athleisure,0.0,estilo
2023-09,athleisure,0.0,estilo
2023-10,athleisure,0.0,estilo
2023-11,athleisure,0.0,estilo
2023-12,athleisure,0.0,estilo
2022-01,sleeve,26.2,parte_prenda
2022-02,sleeve,25.75,parte_prenda
2022-03,sleeve,26.25,parte_prenda
2022-04,sleeve,26.5,parte_prenda
2022-05,sleeve,26.0,parte_prenda
2022-06,sleeve,25.25,parte_prenda
2022-07,sleeve,25.4,parte_prenda
2022-08,sleeve,25.75,parte_prenda
2022-09,sleeve,26.75,parte_prenda
2022-10,sleeve,27.2,parte_prenda
2022-11,sleeve,28.25,parte_prenda
2022-12,sleeve,26.5,parte_prenda
2023-01,sleeve,25.8,parte_prenda
2023-02,sleeve,25.25,parte_prenda
2023-03,sleeve,25.75,parte_prenda
2023-04,sleeve,26.8,parte_prenda
2023-05,sleeve,25.75,parte_prenda
2023-06,sleeve,26.0,parte_prenda
2023-07,sleeve,26.4,parte_prenda
2023-08,sleeve,26.25,parte_prenda
2023-09,sleeve,26.75,parte_prenda
2023-10,sleeve,27.8,parte_prenda
2023-11,sleeve,30.75,parte_prenda
2023-12,sleeve,26.8,parte_prenda
2022-01,collar,16.2,parte_prenda
2022-02,collar,16.5,parte_prenda
2022-03,collar,16.75,parte_prenda
2022-04,collar,17.0,parte_prenda
2022-05,collar,16.6,parte_prenda
2022-06,collar,16.5,parte_prenda
2022-07,collar,16.6,parte_prenda
2022-08,collar,16.5,parte_prenda
2022-09,collar,16.75,parte_prenda
2022-10,collar,17.2,parte_prenda
2022-11,collar,17.75,parte_prenda
2022-12,collar,17.0,parte_prenda
2023-01,collar,17.0,parte_prenda
2023-02,collar,16.25,parte_prenda
2023-03,collar,16.25,parte_prenda
2023-04,collar,16.4,parte_prenda
2023-05,collar,16.25,parte_prenda
2023-06,collar,16.75,parte_prenda
2023-07,collar,16.8,parte_prenda
2023-08,collar,16.75,parte_prenda
2023-09,collar,16.5,parte_prenda
2023-10,collar,17.2,parte_prenda
2023-11,collar,18.25,parte_prenda
2023-12,collar,17.6,parte_prenda
2024-01,grunge,1.0,estilo
2024-02,grunge,1.0,estilo
2024-03,grunge,1.0,estilo
2024-04,grunge,1.0,estilo
2024-05,grunge,1.0,estilo
2024-06,grunge,1.0,estilo
2024-07,grunge,1.0,estilo
2024-08,grunge,1.75,estilo
2024-09,grunge,2.0,estilo
2024-10,grunge,1.75,estilo
2024-11,grunge,1.5,estilo
2024-12,grunge,1.6,estilo
2025-01,grunge,1.25,estilo
2025-02,grunge,1.0,estilo
2025-03,grunge,1.0,estilo
2025-04,grunge,1.0,estilo
2025-05,grunge,1.0,estilo
2025-06,grunge,1.0,estilo
2025-07,grunge,1.5,estilo
2025-08,grunge,2.0,estilo
2025-09,grunge,1.75,estilo
2025-10,grunge,1.25,estilo
2025-11,grunge,1.2,estilo
2025-12,grunge,1.0,estilo
2024-01,athleisure,0.0,estilo
2024-02,athleisure,0.0,estilo
2024-03,athleisure,0.0,estilo
2024-04,athleisure,0.0,estilo
2024-05,athleisure,0.0,estilo
2024-06,athleisure,0.0,estilo
2024-07,athleisure,0.0,estilo
2024-08,athleisure,0.0,estilo
2024-09,athleisure,0.0,estilo
2024-10,athleisure,0.0,estilo
2024-11,athleisure,0.0,estilo
2024-12,athleisure,0.0,estilo
2025-01,athleisure,0.0,estilo
2025-02,athleisure,0.0,estilo
2025-03,athleisure,0.0,estilo
2025-04,athleisure,0.0,estilo
2025-05,athleisure,0.0,estilo
2025-06,athleisure,0.0,estilo
2025-07,athleisure,0.0,estilo
2025-08,athleisure,0.2,estilo
2025-09,athleisure,0.25,estilo
2025-10,athleisure,0.0,estilo
2025-11,athleisure,0.4,estilo
2025-12,athleisure,0.0,estilo
2024-01,sleeve,21.5,parte_prenda
2024-02,sleeve,21.75,parte_prenda
2024-03,sleeve,23.0,parte_prenda
2024-04,sleeve,23.0,parte_prenda
2024-05,sleeve,23.25,parte_prenda
2024-06,sleeve,22.6,parte_prenda
2024-07,sleeve,22.5,parte_prenda
2024-08,sleeve,23.25,parte_prenda
2024-09,sleeve,24.8,parte_prenda
2024-10,sleeve,26.5,parte_prenda
2024-11,sleeve,27.25,parte_prenda
2024-12,sleeve,26.8,parte_prenda
2025-01,sleeve,25.0,parte_prenda
2025-02,sleeve,24.0,parte_prenda
2025-03,sleeve,25.4,parte_prenda
2025-04,sleeve,26.25,parte_prenda
2025-05,sleeve,26.0,parte_prenda
2025-06,sleeve,26.4,parte_prenda
2025-07,sleeve,26.5,parte_prenda
2025-08,sleeve,32.8,parte_prenda
2025-09,sleeve,33.75,parte_prenda
2025-10,sleeve,35.0,parte_prenda
2025-11,sleeve,37.0,parte_prenda
2025-12,sleeve,30.0,parte_prenda
2024-01,collar,14.25,parte_prenda
2024-02,collar,14.0,parte_prenda
2024-03,collar,14.4,parte_prenda
2024-04,collar,16.25,parte_prenda
2024-05,collar,16.25,parte_prenda
2024-06,collar,15.6,parte_prenda
2024-07,collar,15.0,parte_prenda
2024-08,collar,15.5,parte_prenda
2024-09,collar,15.4,parte_prenda
2024-10,collar,15.75,parte_prenda
2024-11,collar,16.5,parte_prenda
2024-12,collar,16.6,parte_prenda
2025-01,collar,15.75,parte_prenda
2025-02,collar,15.0,parte_prenda
2025-03,collar,14.8,parte_prenda
2025-04,collar,15.5,parte_prenda
2025-05,collar,15.25,parte_prenda
2025-06,collar,16.0,parte_prenda
2025-07,collar,16.25,parte_prenda
2025-08,collar,18.8,parte_prenda
2025-09,collar,19.0,parte_prenda
2025-10,collar,19.75,parte_prenda
2025-11,collar,20.0,parte_prenda
2025-12,collar,18.5,parte_prenda
2019-12,waistband,0.0,parte_prenda
2020-01,waistband,0.0,parte_prenda
2020-02,waistband,0.0,parte_prenda
2020-03,waistband,0.0,parte_prenda
2020-04,waistband,0.0,parte_prenda
2020-05,waistband,0.0,parte_prenda
2020-06,waistband,0.0,parte_prenda
2020-07,waistband,0.0,parte_prenda
2020-08,waistband,0.0,parte_prenda
2020-09,waistband,0.0,parte_prenda
2020-10,waistband,0.0,parte_prenda
2020-11,waistband,0.0,parte_prenda
2020-12,waistband,0.0,parte_prenda
2021-01,waistband,0.0,parte_prenda
2021-02,waistband,0.0,parte_prenda
2021-03,waistband,0.0,parte_prenda
2021-04,waistband,0.0,parte_prenda
2021-05,waistband,0.0,parte_prenda
2021-06,waistband,0.0,parte_prenda
2021-07,waistband,0.0,parte_prenda
2021-08,waistband,0.0,parte_prenda
2021-09,waistband,0.0,parte_prenda
2021-10,waistband,0.0,parte_prenda
2021-11,waistband,0.0,parte_prenda
2021-12,waistband,0.0,parte_prenda
2019-12,hem,7.0,parte_prenda
2020-01,hem,6.25,parte_prenda
2020-02,hem,6.0,parte_prenda
2020-03,hem,6.0,parte_prenda
2020-04,hem,6.5,parte_prenda
2020-05,hem,7.0,parte_prenda
2020-06,hem,7.0,parte_prenda
2020-07,hem,6.5,parte_prenda
2020-08,hem,6.2,parte_prenda
2020-09,hem,6.5,parte_prenda
2020-10,hem,6.5,parte_prenda
2020-11,hem,6.8,parte_prenda
2020-12,hem,7.0,parte_prenda
2021-01,hem,6.8,parte_prenda
2021-02,hem,6.5,parte_prenda
2021-03,hem,6.75,parte_prenda
2021-04,hem,6.75,parte_prenda
2021-05,hem,6.6,parte_prenda
2021-06,hem,6.75,parte_prenda
2021-07,hem,6.25,parte_prenda
2021-08,hem,6.0,parte_prenda
2021-09,hem,6.0,parte_prenda
2021-10,hem,6.6,parte_prenda
2021-11,hem,7.0,parte_prenda
2021-12,hem,6.5,parte_prenda
2019-12,cuff,5.0,parte_prenda
2020-01,cuff,5.75,parte_prenda
2020-02,cuff,5.5,parte_prenda
2020-03,cuff,4.4,parte_prenda
2020-04,cuff,4.25,parte_prenda
2020-05,cuff,5.0,parte_prenda
2020-06,cuff,5.0,parte_prenda
2020-07,cuff,5.0,parte_prenda
2020-08,cuff,5.0,parte_prenda
2020-09,cuff,5.0,parte_prenda
2020-10,cuff,5.0,parte_prenda
2020-11,cuff,5.0,parte_prenda
2020-12,cuff,5.0,parte_prenda
2021-01,cuff,5.0,parte_prenda
2021-02,cuff,5.0,parte_prenda
2021-03,cuff,5.0,parte_prenda
2021-04,cuff,5.0,parte_prenda
2021-05,cuff,5.0,parte_prenda
2021-06,cuff,5.0,parte_prenda
2021-07,cuff,5.0,parte_prenda
2021-08,cuff,5.0,parte_prenda
2021-09,cuff,5.0,parte_prenda
2021-10,cuff,5.2,parte_prenda
2021-11,cuff,6.25,parte_prenda
2021-12,cuff,6.25,parte_prenda
2019-12,pocket,30.0,parte_prenda
2020-01,pocket,28.25,parte_prenda
2020-02,pocket,26.75,parte_prenda
2020-03,pocket,27.4,parte_prenda
2020-04,pocket,33.5,parte_prenda
2020-05,pocket,31.6,parte_prenda
2020-06,pocket,30.5,parte_prenda
2020-07,pocket,30.75,parte_prenda
2020-08,pocket,30.0,parte_prenda
2020-09,pocket,28.0,parte_prenda
2020-10,pocket,27.0,parte_prenda
2020-11,pocket,29.0,parte_prenda
2020-12,pocket,30.0,parte_prenda
2021-01,pocket,28.2,parte_prenda
2021-02,pocket,27.75,parte_prenda
2021-03,pocket,27.5,parte_prenda
2021-04,pocket,28.0,parte_prenda
2021-05,pocket,27.4,parte_prenda
2021-06,pocket,27.5,parte_prenda
2021-07,pocket,29.75,parte_prenda
2021-08,pocket,29.2,parte_prenda
2021-09,pocket,27.75,parte_prenda
2021-10,pocket,27.6,parte_prenda
2021-11,pocket,30.75,parte_prenda
2021-12,pocket,31.0,parte_prenda
2022-01,waistband,0.0,parte_prenda
2022-02,waistband,0.0,parte_prenda
2022-03,waistband,0.0,parte_prenda
2022-04,waistband,0.0,parte_prenda
2022-05,waistband,0.0,parte_prenda
2022-06,waistband,0.0,parte_prenda
2022-07,waistband,0.0,parte_prenda
2022-08,waistband,0.0,parte_prenda
2022-09,waistband,0.0,parte_prenda
2022-10,waistband,0.0,parte_prenda
2022-11,waistband,0.0,parte_prenda
2022-12,waistband,0.0,parte_prenda
2023-01,waistband,0.0,parte_prenda
2023-02,waistband,0.0,parte_prenda
2023-03,waistband,0.0,parte_prenda
2023-04,waistband,0.0,parte_prenda
2023-05,waistband,0.0,parte_prenda
2023-06,waistband,0.0,parte_prenda
2023-07,waistband,0.0,parte_prenda
2023-08,waistband,0.0,parte_prenda
2023-09,waistband,0.0,parte_prenda
2023-10,waistband,0.0,parte_prenda
2023-11,waistband,0.0,parte_prenda
2023-12,waistband,0.0,parte_prenda
2022-01,hem,6.2,parte_prenda
2022-02,hem,6.5,parte_prenda
2022-03,hem,7.25,parte_prenda
2022-04,hem,6.75,parte_prenda
2022-05,hem,6.6,parte_prenda
2022-06,hem,6.0,parte_prenda
2022-07,hem,5.8,parte_prenda
2022-08,hem,6.25,parte_prenda
2022-09,hem,6.25,parte_prenda
2022-10,hem,6.4,parte_prenda
2022-11,hem,6.0,parte_prenda
2022-12,hem,6.0,parte_prenda
2023-01,hem,6.0,parte_prenda
2023-02,hem,6.0,parte_prenda
2023-03,hem,6.0,parte_prenda
2023-04,hem,6.0,parte_prenda
2023-05,hem,6.0,parte_prenda
2023-06,hem,6.0,parte_prenda
2023-07,hem,6.0,parte_prenda
2023-08,hem,6.0,parte_prenda
2023-09,hem,6.0,parte_prenda
2023-10,hem,6.0,parte_prenda
2023-11,hem,6.0,parte_prenda
2023-12,hem,6.0,parte_prenda
2022-01,cuff,5.2,parte_prenda
2022-02,cuff,5.5,parte_prenda
2022-03,cuff,5.0,parte_prenda
2022-04,cuff,5.25,parte_prenda
2022-05,cuff,5.0,parte_prenda
2022-06,cuff,5.0,parte_prenda
2022-07,cuff,5.0,parte_prenda
2022-08,cuff,5.0,parte_prenda
2022-09,cuff,5.5,parte_prenda
2022-10,cuff,6.8,parte_prenda
2022-11,cuff,6.75,parte_prenda
2022-12,cuff,6.5,parte_prenda
2023-01,cuff,6.4,parte_prenda
2023-02,cuff,6.5,parte_prenda
2023-03,cuff,5.5,parte_prenda
2023-04,cuff,5.0,parte_prenda
2023-05,cuff,5.0,parte_prenda
2023-06,cuff,5.0,parte_prenda
2023-07,cuff,5.0,parte_prenda
2023-08,cuff,5.0,parte_prenda
2023-09,cuff,5.0,parte_prenda
2023-10,cuff,5.2,parte_prenda
2023-11,cuff,5.5,parte_prenda
2023-12,cuff,5.2,parte_prenda
2022-01,pocket,29.0,parte_prenda
2022-02,pocket,29.0,parte_prenda
2022-03,pocket,27.75,parte_prenda
2022-04,pocket,29.75,parte_prenda
2022-05,pocket,28.6,parte_prenda
2022-06,pocket,28.75,parte_prenda
2022-07,pocket,29.0,parte_prenda
2022-08,pocket,29.75,parte_prenda
2022-09,pocket,26.0,parte_prenda
2022-10,pocket,27.0,parte_prenda
2022-11,pocket,27.75,parte_prenda
2022-12,pocket,29.25,parte_prenda
2023-01,pocket,30.0,parte_prenda
2023-02,pocket,26.25,parte_prenda
2023-03,pocket,26.5,parte_prenda
2023-04,pocket,26.8,parte_prenda
2023-05,pocket,26.75,parte_prenda
2023-06,pocket,28.0,parte_prenda
2023-07,pocket,28.8,parte_prenda
2023-08,pocket,28.75,parte_prenda
2023-09,pocket,27.0,parte_prenda
2023-10,pocket,28.4,parte_prenda
2023-11,pocket,31.0,parte_prenda
2023-12,pocket,32.2,parte_prenda
2024-01,waistband,0.0,parte_prenda
2024-02,waistband,0.0,parte_prenda
2024-03,waistband,0.0,parte_prenda
2024-04,waistband,0.0,parte_prenda
2024-05,waistband,0.0,parte_prenda
2024-06,waistband,0.0,parte_prenda
2024-07,waistband,0.0,parte_prenda
2024-08,waistband,0.0,parte_prenda
2024-09,waistband,0.0,parte_prenda
2024-10,waistband,0.25,parte_prenda
2024-11,waistband,0.0,parte_prenda
2024-12,waistband,0.0,parte_prenda
2025-01,waistband,0.0,parte_prenda
2025-02,waistband,0.0,parte_prenda
2025-03,waistband,0.0,parte_prenda
2025-04,waistband,0.0,parte_prenda
2025-05,waistband,0.0,parte_prenda
2025-06,waistband,0.0,parte_prenda
2025-07,waistband,0.5,parte_prenda
2025-08,waistband,1.0,parte_prenda
2025-09,waistband,1.0,parte_prenda
2025-10,waistband,1.0,parte_prenda
2025-11,waistband,1.0,parte_prenda
2025-12,waistband,0.75,parte_prenda
2024-01,hem,5.0,parte_prenda
2024-02,hem,5.0,parte_prenda
2024-03,hem,5.2,parte_prenda
2024-04,hem,5.0,parte_prenda
2024-05,hem,4.75,parte_prenda
2024-06,hem,5.0,parte_prenda
2024-07,hem,5.0,parte_prenda
2024-08,hem,5.0,parte_prenda
2024-09,hem,5.0,parte_prenda
2024-10,hem,5.0,parte_prenda
2024-11,hem,5.0,parte_prenda
2024-12,hem,5.0,parte_prenda
2025-01,hem,5.0,parte_prenda
2025-02,hem,5.0,parte_prenda
2025-03,hem,5.0,parte_prenda
2025-04,hem,5.0,parte_prenda
2025-05,hem,5.0,parte_prenda
2025-06,hem,5.0,parte_prenda
2025-07,hem,5.0,parte_prenda
2025-08,hem,5.4,parte_prenda
2025-09,hem,6.0,parte_prenda
2025-10,hem,5.75,parte_prenda
2025-11,hem,6.2,parte_prenda
2025-12,hem,6.0,parte_prenda
2024-01,cuff,4.75,parte_prenda
2024-02,cuff,5.0,parte_prenda
2024-03,cuff,5.0,parte_prenda
2024-04,cuff,4.75,parte_prenda
2024-05,cuff,4.0,parte_prenda
2024-06,cuff,4.2,parte_prenda
2024-07,cuff,4.0,parte_prenda
2024-08,cuff,4.25,parte_prenda
2024-09,cuff,5.0,parte_prenda
2024-10,cuff,5.0,parte_prenda
2024-11,cuff,5.0,parte_prenda
2024-12,cuff,5.0,parte_prenda
2025-01,cuff,5.25,parte_prenda
2025-02,cuff,5.25,parte_prenda
2025-03,cuff,5.0,parte_prenda
2025-04,cuff,5.0,parte_prenda
2025-05,cuff,5.0,parte_prenda
2025-06,cuff,5.0,parte_prenda
2025-07,cuff,5.0,parte_prenda
2025-08,cuff,6.0,parte_prenda
2025-09,cuff,6.0,parte_prenda
2025-10,cuff,6.0,parte_prenda
2025-11,cuff,6.6,parte_prenda
2025-12,cuff,5.5,parte_prenda
2024-01,pocket,25.0,parte_prenda
2024-02,pocket,25.25,parte_prenda
2024-03,pocket,24.6,parte_prenda
2024-04,pocket,25.25,parte_prenda
2024-05,pocket,24.75,parte_prenda
2024-06,pocket,25.2,parte_prenda
2024-07,pocket,26.0,parte_prenda
2024-08,pocket,27.75,parte_prenda
2024-09,pocket,27.2,parte_prenda
2024-10,pocket,30.5,parte_prenda
2024-11,pocket,41.25,parte_prenda
2024-12,pocket,40.0,parte_prenda
2025-01,pocket,36.75,parte_prenda
2025-02,pocket,34.75,parte_prenda
2025-03,pocket,34.6,parte_prenda
2025-04,pocket,34.25,parte_prenda
2025-05,pocket,33.0,parte_prenda
2025-06,pocket,32.6,parte_prenda
2025-07,pocket,35.75,parte_prenda
2025-08,pocket,39.4,parte_prenda
2025-09,pocket,36.75,parte_prenda
2025-10,pocket,36.75,parte_prenda
2025-11,pocket,42.2,parte_prenda
2025-12,pocket,37.75,parte_prenda
2019-12,lapel,1.0,parte_prenda
2020-01,lapel,1.0,parte_prenda
2020-02,lapel,1.0,parte_prenda
2020-03,lapel,1.0,parte_prenda
2020-04,lapel,1.0,parte_prenda
2020-05,lapel,1.0,parte_prenda
2020-06,lapel,1.0,parte_prenda
2020-07,lapel,1.0,parte_prenda
2020-08,lapel,1.0,parte_prenda
2020-09,lapel,1.0,parte_prenda
2020-10,lapel,1.0,parte_prenda
2020-11,lapel,1.0,parte_prenda
2020-12,lapel,1.0,parte_prenda
2021-01,lapel,1.0,parte_prenda
2021-02,lapel,1.0,parte_prenda
2021-03,lapel,1.0,parte_prenda
2021-04,lapel,1.0,parte_prenda
2021-05,lapel,1.0,parte_prenda
2021-06,lapel,1.0,parte_prenda
2021-07,lapel,1.0,parte_prenda
2021-08,lapel,1.0,parte_prenda
2021-09,lapel,1.0,parte_prenda
2021-10,lapel,1.0,parte_prenda
2021-11,lapel,1.0,parte_prenda
2021-12,lapel,1.0,parte_prenda
2019-12,vestido,33.0,prenda
2020-01,vestido,25.5,prenda
2020-02,vestido,24.75,prenda
2020-03,vestido,18.6,prenda
2020-04,vestido,14.25,prenda
2020-05,vestido,16.2,prenda
2020-06,vestido,18.25,prenda
2020-07,vestido,19.5,prenda
2020-08,vestido,19.4,prenda
2020-09,vestido,21.25,prenda
2020-10,vestido,24.0,prenda
2020-11,vestido,25.8,prenda
2020-12,vestido,28.25,prenda
2021-01,vestido,21.0,prenda
2021-02,vestido,20.25,prenda
2021-03,vestido,19.75,prenda
2021-04,vestido,20.5,prenda
2021-05,vestido,24.0,prenda
2021-06,vestido,25.75,prenda
2021-07,vestido,26.0,prenda
2021-08,vestido,26.8,prenda
2021-09,vestido,28.5,prenda
2021-10,vestido,31.4,prenda
2021-11,vestido,34.5,prenda
2021-12,vestido,33.75,prenda
2019-12,abrigo,4.0,prenda
2020-01,abrigo,3.5,prenda
2020-02,abrigo,2.0,prenda
2020-03,abrigo,1.2,prenda
2020-04,abrigo,1.0,prenda
2020-05,abrigo,2.0,prenda
2020-06,abrigo,1.75,prenda
2020-07,abrigo,1.25,prenda
2020-08,abrigo,1.2,prenda
2020-09,abrigo,1.75,prenda
2020-10,abrigo,2.0,prenda
2020-11,abrigo,2.8,prenda
2020-12,abrigo,3.5,prenda
2021-01,abrigo,3.2,prenda
2021-02,abrigo,1.75,prenda
2021-03,abrigo,1.0,prenda
2021-04,abrigo,1.5,prenda
2021-05,abrigo,2.0,prenda
2021-06,abrigo,1.75,prenda
2021-07,abrigo,1.75,prenda
2021-08,abrigo,1.6,prenda
2021-09,abrigo,1.75,prenda
2021-10,abrigo,2.4,prenda
2021-11,abrigo,4.25,prenda
2021-12,abrigo,3.5,prenda
2019-12,chaqueta,5.0,prenda
2020-01,chaqueta,4.5,prenda
2020-02,chaqueta,3.5,prenda
2020-03,chaqueta,1.8,prenda
2020-04,chaqueta,2.0,prenda
2020-05,chaqueta,2.0,prenda
2020-06,chaqueta,2.5,prenda
2020-07,chaqueta,2.0,prenda
2020-08,chaqueta,2.8,prenda
2020-09,chaqueta,3.25,prenda
2020-10,chaqueta,4.0,prenda
2020-11,chaqueta,4.4,prenda
2020-12,chaqueta,5.25,prenda
2021-01,chaqueta,4.6,prenda
2021-02,chaqueta,3.25,prenda
2021-03,chaqueta,3.25,prenda
2021-04,chaqueta,3.5,prenda
2021-05,chaqueta,3.6,prenda
2021-06,chaqueta,3.0,prenda
2021-07,chaqueta,3.0,prenda
2021-08,chaqueta,3.0,prenda
2021-09,chaqueta,3.75,prenda
2021-10,chaqueta,4.6,prenda
2021-11,chaqueta,5.75,prenda
2021-12,chaqueta,5.25,prenda
2022-01,lapel,1.0,parte_prenda
2022-02,lapel,1.0,parte_prenda
2022-03,lapel,1.0,parte_prenda
2022-04,lapel,1.0,parte_prenda
2022-05,lapel,1.0,parte_prenda
2022-06,lapel,1.0,parte_prenda
2022-07,lapel,1.0,parte_prenda
2022-08,lapel,1.0,parte_prenda
2022-09,lapel,1.0,parte_prenda
2022-10,lapel,1.0,parte_prenda
2022-11,lapel,1.0,parte_prenda
2022-12,lapel,1.0,parte_prenda
2023-01,lapel,1.0,parte_prenda
2023-02,lapel,1.0,parte_prenda
2023-03,lapel,1.0,parte_prenda
2023-04,lapel,1.0,parte_prenda
2023-05,lapel,1.0,parte_prenda
2023-06,lapel,1.0,parte_prenda
2023-07,lapel,1.0,parte_prenda
2023-08,lapel,1.0,parte_prenda
2023-09,lapel,1.0,parte_prenda
2023-10,lapel,1.0,parte_prenda
2023-11,lapel,1.0,parte_prenda
2023-12,lapel,1.0,parte_prenda
2022-01,vestido,26.0,prenda
2022-02,vestido,27.75,prenda
2022-03,vestido,30.0,prenda
2022-04,vestido,31.75,prenda
2022-05,vestido,35.4,prenda
2022-06,vestido,35.75,prenda
2022-07,vestido,33.8,prenda
2022-08,vestido,32.0,prenda
2022-09,vestido,32.0,prenda
2022-10,vestido,33.6,prenda
2022-11,vestido,34.0,prenda
2022-12,vestido,34.25,prenda
2023-01,vestido,27.2,prenda
2023-02,vestido,26.0,prenda
2023-03,vestido,26.75,prenda
2023-04,vestido,28.6,prenda
2023-05,vestido,31.75,prenda
2023-06,vestido,32.5,prenda
2023-07,vestido,30.8,prenda
2023-08,vestido,27.0,prenda
2023-09,vestido,28.0,prenda
2023-10,vestido,30.0,prenda
2023-11,vestido,33.75,prenda
2023-12,vestido,32.8,prenda
2022-01,abrigo,3.4,prenda
2022-02,abrigo,2.5,prenda
2022-03,abrigo,2.0,prenda
2022-04,abrigo,2.0,prenda
2022-05,abrigo,2.0,prenda
2022-06,abrigo,2.0,prenda
2022-07,abrigo,1.8,prenda
2022-08,abrigo,2.0,prenda
2022-09,abrigo,2.25,prenda
2022-10,abrigo,2.2,prenda
2022-11,abrigo,4.0,prenda
2022-12,abrigo,4.25,prenda
2023-01,abrigo,3.8,prenda
2023-02,abrigo,2.75,prenda
2023-03,abrigo,2.0,prenda
2023-04,abrigo,2.0,prenda
2023-05,abrigo,2.0,prenda
2023-06,abrigo,2.0,prenda
2023-07,abrigo,1.4,prenda
2023-08,abrigo,1.75,prenda
2023-09,abrigo,2.0,prenda
2023-10,abrigo,2.8,prenda
2023-11,abrigo,4.5,prenda
2023-12,abrigo,4.8,prenda
2022-01,chaqueta,5.2,prenda
2022-02,chaqueta,4.5,prenda
2022-03,chaqueta,5.0,prenda
2022-04,chaqueta,5.0,prenda
2022-05,chaqueta,4.4,prenda
2022-06,chaqueta,4.0,prenda
2022-07,chaqueta,3.4,prenda
2022-08,chaqueta,3.5,prenda
2022-09,chaqueta,4.75,prenda
2022-10,chaqueta,5.2,prenda
2022-11,chaqueta,6.25,prenda
2022-12,chaqueta,7.0,prenda
2023-01,chaqueta,5.8,prenda
2023-02,chaqueta,5.0,prenda
2023-03,chaqueta,4.75,prenda
2023-04,chaqueta,4.6,prenda
2023-05,chaqueta,4.5,prenda
2023-06,chaqueta,4.0,prenda
2023-07,chaqueta,3.6,prenda
2023-08,chaqueta,3.25,prenda
2023-09,chaqueta,4.25,prenda
2023-10,chaqueta,5.2,prenda
2023-11,chaqueta,7.0,prenda
2023-12,chaqueta,7.0,prenda
2024-01,lapel,1.0,parte_prenda
2024-02,lapel,1.0,parte_prenda
2024-03,lapel,1.0,parte_prenda
2024-04,lapel,1.0,parte_prenda
2024-05,lapel,1.0,parte_prenda
2024-06,lapel,1.0,parte_prenda
2024-07,lapel,1.0,parte_prenda
2024-08,lapel,1.0,parte_prenda
2024-09,lapel,1.0,parte_prenda
2024-10,lapel,1.0,parte_prenda
2024-11,lapel,1.0,parte_prenda
2024-12,lapel,1.0,parte_prenda
2025-01,lapel,1.0,parte_prenda
2025-02,lapel,1.0,parte_prenda
2025-03,lapel,1.0,parte_prenda
2025-04,lapel,1.0,parte_prenda
2025-05,lapel,1.0,parte_prenda
2025-06,lapel,1.0,parte_prenda
2025-07,lapel,1.0,parte_prenda
2025-08,lapel,1.0,parte_prenda
2025-09,lapel,1.0,parte_prenda
2025-10,lapel,1.0,parte_prenda
2025-11,lapel,1.2,parte_prenda
2025-12,lapel,1.0,parte_prenda
2024-01,vestido,20.0,prenda
2024-02,vestido,19.0,prenda
2024-03,vestido,19.2,prenda
2024-04,vestido,21.75,prenda
2024-05,vestido,21.5,prenda
2024-06,vestido,22.4,prenda
2024-07,vestido,20.75,prenda
2024-08,vestido,20.25,prenda
2024-09,vestido,21.6,prenda
2024-10,vestido,23.0,prenda
2024-11,vestido,25.0,prenda
2024-12,vestido,25.4,prenda
2025-01,vestido,19.0,prenda
2025-02,vestido,19.25,prenda
2025-03,vestido,19.0,prenda
2025-04,vestido,20.25,prenda
2025-05,vestido,22.0,prenda
2025-06,vestido,22.0,prenda
2025-07,vestido,21.5,prenda
2025-08,vestido,22.0,prenda
2025-09,vestido,23.0,prenda
2025-10,vestido,24.75,prenda
2025-11,vestido,26.0,prenda
2025-12,vestido,25.5,prenda
2024-01,abrigo,3.0,prenda
2024-02,abrigo,2.0,prenda
2024-03,abrigo,1.2,prenda
2024-04,abrigo,1.25,prenda
2024-05,abrigo,2.0,prenda
2024-06,abrigo,1.4,prenda
2024-07,abrigo,1.25,prenda
2024-08,abrigo,1.0,prenda
2024-09,abrigo,1.6,prenda
2024-10,abrigo,2.25,prenda
2024-11,abrigo,3.0,prenda
2024-12,abrigo,4.0,prenda
2025-01,abrigo,3.0,prenda
2025-02,abrigo,2.0,prenda
2025-03,abrigo,2.0,prenda
2025-04,abrigo,1.5,prenda
2025-05,abrigo,1.5,prenda
2025-06,abrigo,2.0,prenda
2025-07,abrigo,1.0,prenda
2025-08,abrigo,1.8,prenda
2025-09,abrigo,2.0,prenda
2025-10,abrigo,2.25,prenda
2025-11,abrigo,4.0,prenda
2025-12,abrigo,4.0,prenda
2024-01,chaqueta,4.75,prenda
2024-02,chaqueta,3.5,prenda
2024-03,chaqueta,4.0,prenda
2024-04,chaqueta,4.0,prenda
2024-05,chaqueta,3.75,prenda
2024-06,chaqueta,3.2,prenda
2024-07,chaqueta,3.0,prenda
2024-08,chaqueta,3.0,prenda
2024-09,chaqueta,4.2,prenda
2024-10,chaqueta,4.75,prenda
2024-11,chaqueta,5.0,prenda
2024-12,chaqueta,5.8,prenda
2025-01,chaqueta,4.75,prenda
2025-02,chaqueta,4.0,prenda
2025-03,chaqueta,4.2,prenda
2025-04,chaqueta,4.0,prenda
2025-05,chaqueta,3.75,prenda
2025-06,chaqueta,3.2,prenda
2025-07,chaqueta,3.0,prenda
2025-08,chaqueta,3.4,prenda
2025-09,chaqueta,4.5,prenda
2025-10,chaqueta,5.0,prenda
2025-11,chaqueta,6.2,prenda
2025-12,chaqueta,6.0,prenda
2019-12,falda,6.0,prenda
2020-01,falda,6.0,prenda
2020-02,falda,6.0,prenda
2020-03,falda,4.2,prenda
2020-04,falda,3.5,prenda
2020-05,falda,4.2,prenda
2020-06,falda,5.0,prenda
2020-07,falda,5.0,prenda
2020-08,falda,4.8,prenda
2020-09,falda,5.0,prenda
2020-10,falda,5.0,prenda
2020-11,falda,5.0,prenda
2020-12,falda,6.0,prenda
2021-01,falda,5.0,prenda
2021-02,falda,5.25,prenda
2021-03,falda,5.0,prenda
2021-04,falda,5.0,prenda
2021-05,falda,5.0,prenda
2021-06,falda,5.25,prenda
2021-07,falda,5.25,prenda
2021-08,falda,5.0,prenda
2021-09,falda,5.0,prenda
2021-10,falda,6.0,prenda
2021-11,falda,6.0,prenda
2021-12,falda,7.0,prenda
2019-12,pantalones,6.0,prenda
2020-01,pantalones,5.0,prenda
2020-02,pantalones,5.0,prenda
2020-03,pantalones,3.6,prenda
2020-04,pantalones,3.75,prenda
2020-05,pantalones,5.6,prenda
2020-06,pantalones,6.25,prenda
2020-07,pantalones,6.0,prenda
2020-08,pantalones,5.4,prenda
2020-09,pantalones,6.0,prenda
2020-10,pantalones,6.0,prenda
2020-11,pantalones,6.4,prenda
2020-12,pantalones,7.5,prenda
2021-01,pantalones,5.6,prenda
2021-02,pantalones,5.25,prenda
2021-03,pantalones,5.5,prenda
2021-04,pantalones,6.0,prenda
2021-05,pantalones,6.2,prenda
2021-06,pantalones,6.5,prenda
2021-07,pantalones,6.0,prenda
2021-08,pantalones,6.0,prenda
2021-09,pantalones,6.0,prenda
2021-10,pantalones,6.0,prenda
2021-11,pantalones,7.0,prenda
2021-12,pantalones,7.75,prenda
2019-12,camisa,20.0,prenda
2020-01,camisa,17.5,prenda
2020-02,camisa,18.0,prenda
2020-03,camisa,13.6,prenda
2020-04,camisa,11.75,prenda
2020-05,camisa,15.4,prenda
2020-06,camisa,16.5,prenda
2020-07,camisa,17.75,prenda
2020-08,camisa,20.0,prenda
2020-09,camisa,18.0,prenda
2020-10,camisa,18.5,prenda
2020-11,camisa,18.8,prenda
2020-12,camisa,21.5,prenda
2021-01,camisa,16.8,prenda
2021-02,camisa,18.75,prenda
2021-03,camisa,18.0,prenda
2021-04,camisa,19.25,prenda
2021-05,camisa,21.8,prenda
2021-06,camisa,22.25,prenda
2021-07,camisa,23.5,prenda
2021-08,camisa,23.8,prenda
2021-09,camisa,21.0,prenda
2021-10,camisa,22.0,prenda
2021-11,camisa,25.5,prenda
2021-12,camisa,27.25,prenda
2019-12,blusa,8.0,prenda
2020-01,blusa,7.5,prenda
2020-02,blusa,8.5,prenda
2020-03,blusa,6.6,prenda
2020-04,blusa,6.75,prenda
2020-05,blusa,10.4,prenda
2020-06,blusa,9.75,prenda
2020-07,blusa,10.0,prenda
2020-08,blusa,9.8,prenda
2020-09,blusa,8.0,prenda
2020-10,blusa,8.5,prenda
2020-11,blusa,9.2,prenda
2020-12,blusa,10.25,prenda
2021-01,blusa,7.0,prenda
2021-02,blusa,7.5,prenda
2021-03,blusa,7.0,prenda
2021-04,blusa,9.25,prenda
2021-05,blusa,11.0,prenda
2021-06,blusa,12.0,prenda
2021-07,blusa,11.75,prenda
2021-08,blusa,10.4,prenda
2021-09,blusa,9.0,prenda
2021-10,blusa,9.6,prenda
2021-11,blusa,10.5,prenda
2021-12,blusa,11.75,prenda
2022-01,falda,5.0,prenda
2022-02,falda,5.75,prenda
2022-03,falda,6.0,prenda
2022-04,falda,6.0,prenda
2022-05,falda,6.2,prenda
2022-06,falda,6.25,prenda
2022-07,falda,6.4,prenda
2022-08,falda,6.5,prenda
2022-09,falda,6.25,prenda
2022-10,falda,7.2,prenda
2022-11,falda,6.75,prenda
2022-12,falda,7.5,prenda
2023-01,falda,6.0,prenda
2023-02,falda,6.0,prenda
2023-03,falda,6.25,prenda
2023-04,falda,6.4,prenda
2023-05,falda,6.25,prenda
2023-06,falda,6.25,prenda
2023-07,falda,6.4,prenda
2023-08,falda,5.75,prenda
2023-09,falda,6.25,prenda
2023-10,falda,6.6,prenda
2023-11,falda,7.25,prenda
2023-12,falda,7.6,prenda
2022-01,pantalones,5.8,prenda
2022-02,pantalones,6.0,prenda
2022-03,pantalones,6.0,prenda
2022-04,pantalones,6.25,prenda
2022-05,pantalones,7.0,prenda
2022-06,pantalones,6.5,prenda
2022-07,pantalones,6.4,prenda
2022-08,pantalones,6.0,prenda
2022-09,pantalones,6.25,prenda
2022-10,pantalones,6.8,prenda
2022-11,pantalones,7.25,prenda
2022-12,pantalones,8.0,prenda
2023-01,pantalones,6.0,prenda
2023-02,pantalones,6.25,prenda
2023-03,pantalones,6.5,prenda
2023-04,pantalones,6.6,prenda
2023-05,pantalones,6.75,prenda
2023-06,pantalones,7.25,prenda
2023-07,pantalones,6.2,prenda
2023-08,pantalones,5.75,prenda
2023-09,pantalones,6.0,prenda
2023-10,pantalones,6.4,prenda
2023-11,pantalones,7.5,prenda
2023-12,pantalones,8.0,prenda
2022-01,camisa,20.2,prenda
2022-02,camisa,23.75,prenda
2022-03,camisa,25.5,prenda
2022-04,camisa,26.75,prenda
2022-05,camisa,28.0,prenda
2022-06,camisa,29.5,prenda
2022-07,camisa,29.6,prenda
2022-08,camisa,36.75,prenda
2022-09,camisa,34.25,prenda
2022-10,camisa,35.8,prenda
2022-11,camisa,51.25,prenda
2022-12,camisa,35.25,prenda
2023-01,camisa,23.8,prenda
2023-02,camisa,22.5,prenda
2023-03,camisa,25.0,prenda
2023-04,camisa,25.6,prenda
2023-05,camisa,27.75,prenda
2023-06,camisa,28.5,prenda
2023-07,camisa,27.0,prenda
2023-08,camisa,27.75,prenda
2023-09,camisa,26.5,prenda
2023-10,camisa,26.0,prenda
2023-11,camisa,28.25,prenda
2023-12,camisa,33.4,prenda
2022-01,blusa,8.0,prenda
2022-02,blusa,9.75,prenda
2022-03,blusa,11.0,prenda
2022-04,blusa,11.75,prenda
2022-05,blusa,16.2,prenda
2022-06,blusa,15.0,prenda
2022-07,blusa,12.6,prenda
2022-08,blusa,13.5,prenda
2022-09,blusa,12.75,prenda
2022-10,blusa,12.2,prenda
2022-11,blusa,14.0,prenda
2022-12,blusa,11.75,prenda
2023-01,blusa,8.2,prenda
2023-02,blusa,8.75,prenda
2023-03,blusa,9.0,prenda
2023-04,blusa,11.0,prenda
2023-05,blusa,13.25,prenda
2023-06,blusa,13.25,prenda
2023-07,blusa,11.2,prenda
2023-08,blusa,10.0,prenda
2023-09,blusa,9.0,prenda
2023-10,blusa,8.8,prenda
2023-11,blusa,9.75,prenda
2023-12,blusa,9.8,prenda
2024-01,falda,5.0,prenda
2024-02,falda,5.0,prenda
2024-03,falda,5.0,prenda
2024-04,falda,5.25,prenda
2024-05,falda,5.0,prenda
2024-06,falda,5.0,prenda
2024-07,falda,5.0,prenda
2024-08,falda,5.0,prenda
2024-09,falda,5.0,prenda
2024-10,falda,5.75,prenda
2024-11,falda,5.5,prenda
2024-12,falda,5.8,prenda
2025-01,falda,4.75,prenda
2025-02,falda,4.75,prenda
2025-03,falda,4.4,prenda
2025-04,falda,4.75,prenda
2025-05,falda,5.0,prenda
2025-06,falda,5.0,prenda
2025-07,falda,4.75,prenda
2025-08,falda,4.6,prenda
2025-09,falda,5.0,prenda
2025-10,falda,5.25,prenda
2025-11,falda,5.4,prenda
2025-12,falda,5.75,prenda
2024-01,pantalones,4.75,prenda
2024-02,pantalones,4.0,prenda
2024-03,pantalones,4.4,prenda
2024-04,pantalones,5.0,prenda
2024-05,pantalones,5.0,prenda
2024-06,pantalones,5.0,prenda
2024-07,pantalones,4.0,prenda
2024-08,pantalones,4.0,prenda
2024-09,pantalones,4.8,prenda
2024-10,pantalones,5.0,prenda
2024-11,pantalones,5.25,prenda
2024-12,pantalones,6.0,prenda
2025-01,pantalones,4.5,prenda
2025-02,pantalones,4.0,prenda
2025-03,pantalones,4.2,prenda
2025-04,pantalones,4.75,prenda
2025-05,pantalones,5.0,prenda
2025-06,pantalones,5.0,prenda
2025-07,pantalones,5.0,prenda
2025-08,pantalones,5.0,prenda
2025-09,pantalones,4.75,prenda
2025-10,pantalones,5.0,prenda
2025-11,pantalones,5.6,prenda
2025-12,pantalones,6.5,prenda
2024-01,camisa,19.25,prenda
2024-02,camisa,18.75,prenda
2024-03,camisa,19.8,prenda
2024-04,camisa,20.75,prenda
2024-05,camisa,22.5,prenda
2024-06,camisa,23.2,prenda
2024-07,camisa,21.5,prenda
2024-08,camisa,23.25,prenda
2024-09,camisa,24.6,prenda
2024-10,camisa,21.5,prenda
2024-11,camisa,23.25,prenda
2024-12,camisa,23.8,prenda
2025-01,camisa,19.0,prenda
2025-02,camisa,20.5,prenda
2025-03,camisa,20.4,prenda
2025-04,camisa,22.25,prenda
2025-05,camisa,22.0,prenda
2025-06,camisa,23.4,prenda
2025-07,camisa,20.5,prenda
2025-08,camisa,22.4,prenda
2025-09,camisa,20.75,prenda
2025-10,camisa,21.25,prenda
2025-11,camisa,25.0,prenda
2025-12,camisa,25.5,prenda
2024-01,blusa,6.0,prenda
2024-02,blusa,6.0,prenda
2024-03,blusa,7.0,prenda
2024-04,blusa,7.75,prenda
2024-05,blusa,8.75,prenda
2024-06,blusa,9.2,prenda
2024-07,blusa,7.75,prenda
2024-08,blusa,8.0,prenda
2024-09,blusa,7.4,prenda
2024-10,blusa,7.75,prenda
2024-11,blusa,7.75,prenda
2024-12,blusa,8.2,prenda
2025-01,blusa,6.0,prenda
2025-02,blusa,6.75,prenda
2025-03,blusa,6.6,prenda
2025-04,blusa,8.0,prenda
2025-05,blusa,9.5,prenda
2025-06,blusa,10.2,prenda
2025-07,blusa,8.5,prenda
2025-08,blusa,8.4,prenda
2025-09,blusa,7.5,prenda
2025-10,blusa,8.0,prenda
2025-11,blusa,9.0,prenda
2025-12,blusa,9.25,prenda
2019-12,jersey,60.0,prenda
2020-01,jersey,63.25,prenda
2020-02,jersey,60.25,prenda
2020-03,jersey,56.8,prenda
2020-04,jersey,57.25,prenda
2020-05,jersey,57.2,prenda
2020-06,jersey,60.0,prenda
2020-07,jersey,61.75,prenda
2020-08,jersey,61.2,prenda
2020-09,jersey,61.5,prenda
2020-10,jersey,57.75,prenda
2020-11,jersey,57.0,prenda
2020-12,jersey,58.0,prenda
2021-01,jersey,54.8,prenda
2021-02,jersey,53.5,prenda
2021-03,jersey,55.75,prenda
2021-04,jersey,55.75,prenda
2021-05,jersey,60.8,prenda
2021-06,jersey,65.0,prenda
2021-07,jersey,68.25,prenda
2021-08,jersey,66.0,prenda
2021-09,jersey,62.0,prenda
2021-10,jersey,69.8,prenda
2021-11,jersey,63.25,prenda
2021-12,jersey,62.5,prenda
2019-12,cárdigan,0.0,prenda
2020-01,cárdigan,0.0,prenda
2020-02,cárdigan,0.0,prenda
2020-03,cárdigan,0.0,prenda
2020-04,cárdigan,0.0,prenda
2020-05,cárdigan,0.0,prenda
2020-06,cárdigan,0.0,prenda
2020-07,cárdigan,0.0,prenda
2020-08,cárdigan,0.0,prenda
2020-09,cárdigan,0.0,prenda
2020-10,cárdigan,0.0,prenda
2020-11,cárdigan,0.0,prenda
2020-12,cárdigan,0.0,prenda
2021-01,cárdigan,0.0,prenda
2021-02,cárdigan,0.0,prenda
2021-03,cárdigan,0.0,prenda
2021-04,cárdigan,0.0,prenda
2021-05,cárdigan,0.0,prenda
2021-06,cárdigan,0.0,prenda
2021-07,cárdigan,0.0,prenda
2021-08,cárdigan,0.0,prenda
2021-09,cárdigan,0.0,prenda
2021-10,cárdigan,0.0,prenda
2021-11,cárdigan,0.0,prenda
2021-12,cárdigan,0.0,prenda
2019-12,gabardina,0.0,prenda
2020-01,gabardina,0.0,prenda
2020-02,gabardina,0.0,prenda
2020-03,gabardina,0.0,prenda
2020-04,gabardina,0.0,prenda
2020-05,gabardina,0.0,prenda
2020-06,gabardina,0.0,prenda
2020-07,gabardina,0.0,prenda
2020-08,gabardina,0.0,prenda
2020-09,gabardina,0.0,prenda
2020-10,gabardina,0.0,prenda
2020-11,gabardina,0.0,prenda
2020-12,gabardina,0.0,prenda
2021-01,gabardina,0.0,prenda
2021-02,gabardina,0.0,prenda
2021-03,gabardina,0.0,prenda
2021-04,gabardina,0.0,prenda
2021-05,gabardina,0.0,prenda
2021-06,gabardina,0.0,prenda
2021-07,gabardina,0.0,prenda
2021-08,gabardina,0.0,prenda
2021-09,gabardina,0.0,prenda
2021-10,gabardina,0.0,prenda
2021-11,gabardina,0.0,prenda
2021-12,gabardina,0.5,prenda
2019-12,chaqueta bomber,0.0,prenda
2020-01,chaqueta bomber,0.0,prenda
2020-02,chaqueta bomber,0.0,prenda
2020-03,chaqueta bomber,0.0,prenda
2020-04,chaqueta bomber,0.0,prenda
2020-05,chaqueta bomber,0.0,prenda
2020-06,chaqueta bomber,0.0,prenda
2020-07,chaqueta bomber,0.0,prenda
2020-08,chaqueta bomber,0.0,prenda
2020-09,chaqueta bomber,0.0,prenda
2020-10,chaqueta bomber,0.0,prenda
2020-11,chaqueta bomber,0.0,prenda
2020-12,chaqueta bomber,0.0,prenda
2021-01,chaqueta bomber,0.0,prenda
2021-02,chaqueta bomber,0.0,prenda
2021-03,chaqueta bomber,0.0,prenda
2021-04,chaqueta bomber,0.0,prenda
2021-05,chaqueta bomber,0.0,prenda
2021-06,chaqueta bomber,0.0,prenda
2021-07,chaqueta bomber,0.0,prenda
2021-08,chaqueta bomber,0.0,prenda
2021-09,chaqueta bomber,0.0,prenda
2021-10,chaqueta bomber,0.0,prenda
2021-11,chaqueta bomber,0.0,prenda
2021-12,chaqueta bomber,0.0,prenda
2022-01,jersey,76.8,prenda
2022-02,jersey,75.25,prenda
2022-03,jersey,79.5,prenda
2022-04,jersey,87.25,prenda
2022-05,jersey,83.6,prenda
2022-06,jersey,85.5,prenda
2022-07,jersey,87.8,prenda
2022-08,jersey,83.5,prenda
2022-09,jersey,83.0,prenda
2022-10,jersey,82.4,prenda
2022-11,jersey,91.0,prenda
2022-12,jersey,92.25,prenda
2023-01,jersey,78.8,prenda
2023-02,jersey,77.5,prenda
2023-03,jersey,80.75,prenda
2023-04,jersey,79.2,prenda
2023-05,jersey,79.75,prenda
2023-06,jersey,87.5,prenda
2023-07,jersey,87.2,prenda
2023-08,jersey,84.5,prenda
2023-09,jersey,83.0,prenda
2023-10,jersey,84.0,prenda
2023-11,jersey,82.25,prenda
2023-12,jersey,83.2,prenda
2022-01,cárdigan,0.0,prenda
2022-02,cárdigan,0.0,prenda
2022-03,cárdigan,0.0,prenda
2022-04,cárdigan,0.0,prenda
2022-05,cárdigan,0.0,prenda
2022-06,cárdigan,0.0,prenda
2022-07,cárdigan,0.0,prenda
2022-08,cárdigan,0.0,prenda
2022-09,cárdigan,0.0,prenda
2022-10,cárdigan,0.0,prenda
2022-11,cárdigan,0.0,prenda
2022-12,cárdigan,0.0,prenda
2023-01,cárdigan,0.0,prenda
2023-02,cárdigan,0.0,prenda
2023-03,cárdigan,0.0,prenda
2023-04,cárdigan,0.0,prenda
2023-05,cárdigan,0.0,prenda
2023-06,cárdigan,0.0,prenda
2023-07,cárdigan,0.0,prenda
2023-08,cárdigan,0.0,prenda
2023-09,cárdigan,0.0,prenda
2023-10,cárdigan,0.0,prenda
2023-11,cárdigan,0.0,prenda
2023-12,cárdigan,0.0,prenda
2022-01,gabardina,0.0,prenda
2022-02,gabardina,0.5,prenda
2022-03,gabardina,1.0,prenda
2022-04,gabardina,1.0,prenda
2022-05,gabardina,0.2,prenda
2022-06,gabardina,0.0,prenda
2022-07,gabardina,0.0,prenda
2022-08,gabardina,0.25,prenda
2022-09,gabardina,1.0,prenda
2022-10,gabardina,1.0,prenda
2022-11,gabardina,1.0,prenda
2022-12,gabardina,1.0,prenda
2023-01,gabardina,0.6,prenda
2023-02,gabardina,0.25,prenda
2023-03,gabardina,1.0,prenda
2023-04,gabardina,0.4,prenda
2023-05,gabardina,0.5,prenda
2023-06,gabardina,0.25,prenda
2023-07,gabardina,0.0,prenda
2023-08,gabardina,0.25,prenda
2023-09,gabardina,1.0,prenda
2023-10,gabardina,1.0,prenda
2023-11,gabardina,1.0,prenda
2023-12,gabardina,1.0,prenda
2022-01,chaqueta bomber,0.0,prenda
2022-02,chaqueta bomber,0.0,prenda
2022-03,chaqueta bomber,0.0,prenda
2022-04,chaqueta bomber,0.0,prenda
2022-05,chaqueta bomber,0.0,prenda
2022-06,chaqueta bomber,0.0,prenda
2022-07,chaqueta bomber,0.0,prenda
2022-08,chaqueta bomber,0.0,prenda
2022-09,chaqueta bomber,0.0,prenda
2022-10,chaqueta bomber,0.0,prenda
2022-11,chaqueta bomber,0.0,prenda
2022-12,chaqueta bomber,0.0,prenda
2023-01,chaqueta bomber,0.0,prenda
2023-02,chaqueta bomber,0.0,prenda
2023-03,chaqueta bomber,0.0,prenda
2023-04,chaqueta bomber,0.0,prenda
2023-05,chaqueta bomber,0.0,prenda
2023-06,chaqueta bomber,0.0,prenda
2023-07,chaqueta bomber,0.0,prenda
2023-08,chaqueta bomber,0.0,prenda
2023-09,chaqueta bomber,0.0,prenda
2023-10,chaqueta bomber,0.0,prenda
2023-11,chaqueta bomber,0.0,prenda
2023-12,chaqueta bomber,0.0,prenda
2024-01,jersey,64.75,prenda
2024-02,jersey,64.25,prenda
2024-03,jersey,70.2,prenda
2024-04,jersey,70.5,prenda
2024-05,jersey,74.0,prenda
2024-06,jersey,75.6,prenda
2024-07,jersey,76.25,prenda
2024-08,jersey,73.25,prenda
2024-09,jersey,71.8,prenda
2024-10,jersey,70.5,prenda
2024-11,jersey,71.75,prenda
2024-12,jersey,84.2,prenda
2025-01,jersey,69.25,prenda
2025-02,jersey,69.75,prenda
2025-03,jersey,72.6,prenda
2025-04,jersey,75.25,prenda
2025-05,jersey,76.75,prenda
2025-06,jersey,81.2,prenda
2025-07,jersey,85.5,prenda
2025-08,jersey,94.8,prenda
2025-09,jersey,88.0,prenda
2025-10,jersey,84.75,prenda
2025-11,jersey,89.4,prenda
2025-12,jersey,85.0,prenda
2024-01,cárdigan,0.0,prenda
2024-02,cárdigan,0.0,prenda
2024-03,cárdigan,0.0,prenda
2024-04,cárdigan,0.0,prenda
2024-05,cárdigan,0.0,prenda
2024-06,cárdigan,0.0,prenda
2024-07,cárdigan,0.0,prenda
2024-08,cárdigan,0.0,prenda
2024-09,cárdigan,0.0,prenda
2024-10,cárdigan,0.0,prenda
2024-11,cárdigan,0.0,prenda
2024-12,cárdigan,0.0,prenda
2025-01,cárdigan,0.0,prenda
2025-02,cárdigan,0.0,prenda
2025-03,cárdigan,0.0,prenda
2025-04,cárdigan,0.0,prenda
2025-05,cárdigan,0.0,prenda
2025-06,cárdigan,0.0,prenda
2025-07,cárdigan,0.0,prenda
2025-08,cárdigan,0.0,prenda
2025-09,cárdigan,0.0,prenda
2025-10,cárdigan,0.0,prenda
2025-11,cárdigan,0.0,prenda
2025-12,cárdigan,0.0,prenda
2024-01,gabardina,0.0,prenda
2024-02,gabardina,0.0,prenda
2024-03,gabardina,0.0,prenda
2024-04,gabardina,0.0,prenda
2024-05,gabardina,0.0,prenda
2024-06,gabardina,0.0,prenda
2024-07,gabardina,0.0,prenda
2024-08,gabardina,0.0,prenda
2024-09,gabardina,0.4,prenda
2024-10,gabardina,1.0,prenda
2024-11,gabardina,1.0,prenda
2024-12,gabardina,1.0,prenda
2025-01,gabardina,0.0,prenda
2025-02,gabardina,0.0,prenda
2025-03,gabardina,0.0,prenda
2025-04,gabardina,0.0,prenda
2025-05,gabardina,0.0,prenda
2025-06,gabardina,0.0,prenda
2025-07,gabardina,0.0,prenda
2025-08,gabardina,0.0,prenda
2025-09,gabardina,0.5,prenda
2025-10,gabardina,1.0,prenda
2025-11,gabardina,1.0,prenda
2025-12,gabardina,1.0,prenda
2024-01,chaqueta bomber,0.0,prenda
2024-02,chaqueta bomber,0.0,prenda
2024-03,chaqueta bomber,0.0,prenda
2024-04,chaqueta bomber,0.0,prenda
2024-05,chaqueta bomber,0.0,prenda
2024-06,chaqueta bomber,0.0,prenda
2024-07,chaqueta bomber,0.0,prenda
2024-08,chaqueta bomber,0.0,prenda
2024-09,chaqueta bomber,0.0,prenda
2024-10,chaqueta bomber,0.0,prenda
2024-11,chaqueta bomber,0.0,prenda
2024-12,chaqueta bomber,0.0,prenda
2025-01,chaqueta bomber,0.0,prenda
2025-02,chaqueta bomber,0.0,prenda
2025-03,chaqueta bomber,0.0,prenda
2025-04,chaqueta bomber,0.0,prenda
2025-05,chaqueta bomber,0.0,prenda
2025-06,chaqueta bomber,0.0,prenda
2025-07,chaqueta bomber,0.0,prenda
2025-08,chaqueta bomber,0.0,prenda
2025-09,chaqueta bomber,0.0,prenda
2025-10,chaqueta bomber,0.0,prenda
2025-11,chaqueta bomber,0.0,prenda
2025-12,chaqueta bomber,0.0,prenda
2019-12,vaqueros,2.0,prenda
2020-01,vaqueros,1.5,prenda
2020-02,vaqueros,1.5,prenda
2020-03,vaqueros,1.0,prenda
2020-04,vaqueros,1.0,prenda
2020-05,vaqueros,1.0,prenda
2020-06,vaqueros,1.0,prenda
2020-07,vaqueros,1.0,prenda
2020-08,vaqueros,1.0,prenda
2020-09,vaqueros,1.75,prenda
2020-10,vaqueros,1.75,prenda
2020-11,vaqueros,1.4,prenda
2020-12,vaqueros,2.0,prenda
2021-01,vaqueros,1.6,prenda
2021-02,vaqueros,1.25,prenda
2021-03,vaqueros,1.25,prenda
2021-04,vaqueros,1.5,prenda
2021-05,vaqueros,1.4,prenda
2021-06,vaqueros,1.25,prenda
2021-07,vaqueros,1.0,prenda
2021-08,vaqueros,1.0,prenda
2021-09,vaqueros,1.75,prenda
2021-10,vaqueros,2.0,prenda
2021-11,vaqueros,2.0,prenda
2021-12,vaqueros,2.0,prenda
2019-12,vestido largo,1.0,prenda
2020-01,vestido largo,1.0,prenda
2020-02,vestido largo,1.0,prenda
2020-03,vestido largo,0.2,prenda
2020-04,vestido largo,0.0,prenda
2020-05,vestido largo,0.0,prenda
2020-06,vestido largo,0.25,prenda
2020-07,vestido largo,0.5,prenda
2020-08,vestido largo,0.0,prenda
2020-09,vestido largo,0.0,prenda
2020-10,vestido largo,0.0,prenda
2020-11,vestido largo,0.0,prenda
2020-12,vestido largo,0.0,prenda
2021-01,vestido largo,0.0,prenda
2021-02,vestido largo,0.0,prenda
2021-03,vestido largo,0.0,prenda
2021-04,vestido largo,0.5,prenda
2021-05,vestido largo,1.0,prenda
2021-06,vestido largo,1.0,prenda
2021-07,vestido largo,1.0,prenda
2021-08,vestido largo,1.0,prenda
2021-09,vestido largo,1.0,prenda
2021-10,vestido largo,1.0,prenda
2021-11,vestido largo,1.0,prenda
2021-12,vestido largo,1.0,prenda
2019-12,minifalda,1.0,prenda
2020-01,minifalda,1.0,prenda
2020-02,minifalda,1.0,prenda
2020-03,minifalda,1.0,prenda
2020-04,minifalda,1.0,prenda
2020-05,minifalda,1.0,prenda
2020-06,minifalda,1.0,prenda
2020-07,minifalda,1.0,prenda
2020-08,minifalda,1.0,prenda
2020-09,minifalda,1.0,prenda
2020-10,minifalda,1.0,prenda
2020-11,minifalda,1.0,prenda
2020-12,minifalda,1.0,prenda
2021-01,minifalda,1.0,prenda
2021-02,minifalda,1.0,prenda
2021-03,minifalda,1.0,prenda
2021-04,minifalda,1.0,prenda
2021-05,minifalda,1.0,prenda
2021-06,minifalda,1.0,prenda
2021-07,minifalda,1.0,prenda
2021-08,minifalda,1.0,prenda
2021-09,minifalda,1.0,prenda
2021-10,minifalda,1.0,prenda
2021-11,minifalda,1.0,prenda
2021-12,minifalda,1.0,prenda
2019-12,sudadera,4.0,prenda
2020-01,sudadera,3.25,prenda
2020-02,sudadera,2.25,prenda
2020-03,sudadera,1.2,prenda
2020-04,sudadera,1.0,prenda
2020-05,sudadera,1.0,prenda
2020-06,sudadera,1.0,prenda
2020-07,sudadera,1.25,prenda
2020-08,sudadera,2.2,prenda
2020-09,sudadera,3.0,prenda
2020-10,sudadera,3.5,prenda
2020-11,sudadera,4.2,prenda
2020-12,sudadera,5.75,prenda
2021-01,sudadera,3.8,prenda
2021-02,sudadera,2.75,prenda
2021-03,sudadera,2.0,prenda
2021-04,sudadera,2.0,prenda
2021-05,sudadera,1.4,prenda
2021-06,sudadera,1.5,prenda
2021-07,sudadera,2.0,prenda
2021-08,sudadera,2.2,prenda
2021-09,sudadera,2.75,prenda
2021-10,sudadera,3.0,prenda
2021-11,sudadera,4.5,prenda
2021-12,sudadera,5.0,prenda
2022-01,vaqueros,1.6,prenda
2022-02,vaqueros,1.75,prenda
2022-03,vaqueros,1.5,prenda
2022-04,vaqueros,1.75,prenda
2022-05,vaqueros,1.4,prenda
2022-06,vaqueros,1.5,prenda
2022-07,vaqueros,1.0,prenda
2022-08,vaqueros,1.75,prenda
2022-09,vaqueros,1.75,prenda
2022-10,vaqueros,2.0,prenda
2022-11,vaqueros,1.75,prenda
2022-12,vaqueros,2.0,prenda
2023-01,vaqueros,2.0,prenda
2023-02,vaqueros,1.5,prenda
2023-03,vaqueros,1.25,prenda
2023-04,vaqueros,1.8,prenda
2023-05,vaqueros,1.5,prenda
2023-06,vaqueros,1.25,prenda
2023-07,vaqueros,1.0,prenda
2023-08,vaqueros,1.0,prenda
2023-09,vaqueros,1.75,prenda
2023-10,vaqueros,2.0,prenda
2023-11,vaqueros,2.0,prenda
2023-12,vaqueros,2.0,prenda
2022-01,vestido largo,1.0,prenda
2022-02,vestido largo,1.0,prenda
2022-03,vestido largo,1.0,prenda
2022-04,vestido largo,1.0,prenda
2022-05,vestido largo,1.0,prenda
2022-06,vestido largo,1.0,prenda
2022-07,vestido largo,1.0,prenda
2022-08,vestido largo,1.0,prenda
2022-09,vestido largo,1.0,prenda
2022-10,vestido largo,1.0,prenda
2022-11,vestido largo,1.0,prenda
2022-12,vestido largo,1.0,prenda
2023-01,vestido largo,1.0,prenda
2023-02,vestido largo,1.0,prenda
2023-03,vestido largo,1.0,prenda
2023-04,vestido largo,1.0,prenda
2023-05,vestido largo,1.0,prenda
2023-06,vestido largo,1.0,prenda
2023-07,vestido largo,1.0,prenda
2023-08,vestido largo,1.0,prenda
2023-09,vestido largo,1.0,prenda
2023-10,vestido largo,1.0,prenda
2023-11,vestido largo,1.0,prenda
2023-12,vestido largo,1.0,prenda
2022-01,minifalda,1.0,prenda
2022-02,minifalda,1.0,prenda
2022-03,minifalda,1.0,prenda
2022-04,minifalda,1.0,prenda
2022-05,minifalda,1.0,prenda
2022-06,minifalda,1.0,prenda
2022-07,minifalda,1.0,prenda
2022-08,minifalda,1.0,prenda
2022-09,minifalda,1.0,prenda
2022-10,minifalda,1.0,prenda
2022-11,minifalda,1.0,prenda
2022-12,minifalda,1.0,prenda
2023-01,minifalda,1.0,prenda
2023-02,minifalda,1.0,prenda
2023-03,minifalda,1.0,prenda
2023-04,minifalda,1.0,prenda
2023-05,minifalda,1.0,prenda
2023-06,minifalda,1.0,prenda
2023-07,minifalda,1.0,prenda
2023-08,minifalda,1.0,prenda
2023-09,minifalda,1.0,prenda
2023-10,minifalda,1.0,prenda
2023-11,minifalda,1.0,prenda
2023-12,minifalda,1.0,prenda
2022-01,sudadera,4.0,prenda
2022-02,sudadera,3.25,prenda
2022-03,sudadera,3.0,prenda
2022-04,sudadera,2.25,prenda
2022-05,sudadera,1.4,prenda
2022-06,sudadera,1.5,prenda
2022-07,sudadera,2.0,prenda
2022-08,sudadera,2.25,prenda
2022-09,sudadera,3.25,prenda
2022-10,sudadera,4.0,prenda
2022-11,sudadera,4.75,prenda
2022-12,sudadera,6.25,prenda
2023-01,sudadera,4.6,prenda
2023-02,sudadera,3.25,prenda
2023-03,sudadera,2.75,prenda
2023-04,sudadera,2.0,prenda
2023-05,sudadera,2.0,prenda
2023-06,sudadera,1.5,prenda
2023-07,sudadera,2.0,prenda
2023-08,sudadera,2.25,prenda
2023-09,sudadera,3.0,prenda
2023-10,sudadera,3.8,prenda
2023-11,sudadera,5.5,prenda
2023-12,sudadera,6.8,prenda
2024-01,vaqueros,1.5,prenda
2024-02,vaqueros,1.0,prenda
2024-03,vaqueros,1.0,prenda
2024-04,vaqueros,1.0,prenda
2024-05,vaqueros,1.0,prenda
2024-06,vaqueros,1.0,prenda
2024-07,vaqueros,1.0,prenda
2024-08,vaqueros,1.0,prenda
2024-09,vaqueros,1.0,prenda
2024-10,vaqueros,1.0,prenda
2024-11,vaqueros,1.0,prenda
2024-12,vaqueros,1.0,prenda
2025-01,vaqueros,1.0,prenda
2025-02,vaqueros,1.0,prenda
2025-03,vaqueros,1.0,prenda
2025-04,vaqueros,1.0,prenda
2025-05,vaqueros,1.0,prenda
2025-06,vaqueros,1.0,prenda
2025-07,vaqueros,1.0,prenda
2025-08,vaqueros,1.2,prenda
2025-09,vaqueros,1.0,prenda
2025-10,vaqueros,1.0,prenda
2025-11,vaqueros,1.2,prenda
2025-12,vaqueros,1.0,prenda
2024-01,vestido largo,0.75,prenda
2024-02,vestido largo,0.25,prenda
2024-03,vestido largo,1.0,prenda
2024-04,vestido largo,1.0,prenda
2024-05,vestido largo,1.0,prenda
2024-06,vestido largo,1.0,prenda
2024-07,vestido largo,1.0,prenda
2024-08,vestido largo,0.75,prenda
2024-09,vestido largo,1.0,prenda
2024-10,vestido largo,1.0,prenda
2024-11,vestido largo,1.0,prenda
2024-12,vestido largo,1.0,prenda
2025-01,vestido largo,0.0,prenda
2025-02,vestido largo,0.0,prenda
2025-03,vestido largo,0.2,prenda
2025-04,vestido largo,0.75,prenda
2025-05,vestido largo,1.0,prenda
2025-06,vestido largo,1.0,prenda
2025-07,vestido largo,1.0,prenda
2025-08,vestido largo,1.0,prenda
2025-09,vestido largo,1.0,prenda
2025-10,vestido largo,1.0,prenda
2025-11,vestido largo,1.0,prenda
2025-12,vestido largo,1.0,prenda
2024-01,minifalda,0.0,prenda
2024-02,minifalda,0.0,prenda
2024-03,minifalda,0.2,prenda
2024-04,minifalda,0.0,prenda
2024-05,minifalda,0.25,prenda
2024-06,minifalda,0.6,prenda
2024-07,minifalda,0.25,prenda
2024-08,minifalda,0.25,prenda
2024-09,minifalda,0.4,prenda
2024-10,minifalda,0.75,prenda
2024-11,minifalda,0.75,prenda
2024-12,minifalda,1.0,prenda
2025-01,minifalda,0.0,prenda
2025-02,minifalda,0.0,prenda
2025-03,minifalda,0.0,prenda
2025-04,minifalda,0.0,prenda
2025-05,minifalda,0.0,prenda
2025-06,minifalda,0.0,prenda
2025-07,minifalda,0.0,prenda
2025-08,minifalda,0.0,prenda
2025-09,minifalda,0.0,prenda
2025-10,minifalda,0.0,prenda
2025-11,minifalda,0.2,prenda
2025-12,minifalda,1.0,prenda
2024-01,sudadera,3.25,prenda
2024-02,sudadera,2.5,prenda
2024-03,sudadera,2.0,prenda
2024-04,sudadera,1.75,prenda
2024-05,sudadera,1.0,prenda
2024-06,sudadera,1.0,prenda
2024-07,sudadera,1.0,prenda
2024-08,sudadera,1.75,prenda
2024-09,sudadera,2.6,prenda
2024-10,sudadera,3.0,prenda
2024-11,sudadera,4.0,prenda
2024-12,sudadera,4.8,prenda
2025-01,sudadera,3.25,prenda
2025-02,sudadera,2.75,prenda
2025-03,sudadera,2.0,prenda
2025-04,sudadera,2.0,prenda
2025-05,sudadera,1.25,prenda
2025-06,sudadera,1.0,prenda
2025-07,sudadera,1.25,prenda
2025-08,sudadera,2.0,prenda
2025-09,sudadera,2.5,prenda
2025-10,sudadera,3.0,prenda
2025-11,sudadera,4.2,prenda
2025-12,sudadera,4.75,prenda
2019-12,camiseta,8.0,prenda
2020-01,camiseta,9.0,prenda
2020-02,camiseta,8.75,prenda
2020-03,camiseta,6.4,prenda
2020-04,camiseta,6.25,prenda
2020-05,camiseta,7.8,prenda
2020-06,camiseta,8.5,prenda
2020-07,camiseta,9.5,prenda
2020-08,camiseta,9.4,prenda
2020-09,camiseta,8.75,prenda
2020-10,camiseta,8.25,prenda
2020-11,camiseta,9.0,prenda
2020-12,camiseta,10.0,prenda
2021-01,camiseta,7.8,prenda
2021-02,camiseta,7.75,prenda
2021-03,camiseta,8.0,prenda
2021-04,camiseta,8.5,prenda
2021-05,camiseta,9.6,prenda
2021-06,camiseta,10.5,prenda
2021-07,camiseta,10.5,prenda
2021-08,camiseta,11.0,prenda
2021-09,camiseta,9.5,prenda
2021-10,camiseta,9.0,prenda
2021-11,camiseta,9.75,prenda
2021-12,camiseta,10.25,prenda
2019-12,pantalones cargo,0.0,prenda
2020-01,pantalones cargo,0.0,prenda
2020-02,pantalones cargo,0.0,prenda
2020-03,pantalones cargo,0.0,prenda
2020-04,pantalones cargo,0.0,prenda
2020-05,pantalones cargo,0.0,prenda
2020-06,pantalones cargo,0.0,prenda
2020-07,pantalones cargo,0.0,prenda
2020-08,pantalones cargo,0.0,prenda
2020-09,pantalones cargo,0.0,prenda
2020-10,pantalones cargo,0.0,prenda
2020-11,pantalones cargo,0.0,prenda
2020-12,pantalones cargo,0.0,prenda
2021-01,pantalones cargo,0.0,prenda
2021-02,pantalones cargo,0.0,prenda
2021-03,pantalones cargo,0.0,prenda
2021-04,pantalones cargo,0.0,prenda
2021-05,pantalones cargo,0.0,prenda
2021-06,pantalones cargo,0.0,prenda
2021-07,pantalones cargo,0.0,prenda
2021-08,pantalones cargo,0.0,prenda
2021-09,pantalones cargo,0.0,prenda
2021-10,pantalones cargo,0.0,prenda
2021-11,pantalones cargo,0.0,prenda
2021-12,pantalones cargo,0.0,prenda
2019-12,rojo,15.0,color
2020-01,rojo,14.25,color
2020-02,rojo,14.75,color
2020-03,rojo,13.6,color
2020-04,rojo,15.5,color
2020-05,rojo,15.8,color
2020-06,rojo,15.75,color
2020-07,rojo,16.0,color
2020-08,rojo,15.4,color
2020-09,rojo,15.25,color
2020-10,rojo,16.25,color
2020-11,rojo,15.6,color
2020-12,rojo,17.5,color
2021-01,rojo,16.2,color
2021-02,rojo,15.75,color
2021-03,rojo,19.25,color
2021-04,rojo,16.75,color
2021-05,rojo,16.2,color
2021-06,rojo,16.25,color
2021-07,rojo,18.25,color
2021-08,rojo,17.0,color
2021-09,rojo,15.5,color
2021-10,rojo,15.4,color
2021-11,rojo,16.25,color
2021-12,rojo,17.25,color
2019-12,azul,47.0,color
2020-01,azul,47.0,color
2020-02,azul,51.25,color
2020-03,azul,42.0,color
2020-04,azul,34.75,color
2020-05,azul,40.8,color
2020-06,azul,43.75,color
2020-07,azul,50.25,color
2020-08,azul,47.6,color
2020-09,azul,49.75,color
2020-10,azul,49.0,color
2020-11,azul,54.6,color
2020-12,azul,55.75,color
2021-01,azul,45.6,color
2021-02,azul,46.5,color
2021-03,azul,45.75,color
2021-04,azul,50.25,color
2021-05,azul,75.6,color
2021-06,azul,46.0,color
2021-07,azul,49.0,color
2021-08,azul,50.8,color
2021-09,azul,45.25,color
2021-10,azul,48.8,color
2021-11,azul,49.75,color
2021-12,azul,45.5,color
2022-01,camiseta,11.2,prenda
2022-02,camiseta,12.75,prenda
2022-03,camiseta,13.25,prenda
2022-04,camiseta,13.75,prenda
2022-05,camiseta,15.6,prenda
2022-06,camiseta,14.75,prenda
2022-07,camiseta,16.8,prenda
2022-08,camiseta,17.25,prenda
2022-09,camiseta,16.75,prenda
2022-10,camiseta,16.8,prenda
2022-11,camiseta,23.0,prenda
2022-12,camiseta,22.5,prenda
2023-01,camiseta,14.8,prenda
2023-02,camiseta,13.75,prenda
2023-03,camiseta,15.0,prenda
2023-04,camiseta,15.2,prenda
2023-05,camiseta,15.75,prenda
2023-06,camiseta,17.5,prenda
2023-07,camiseta,17.0,prenda
2023-08,camiseta,16.75,prenda
2023-09,camiseta,15.75,prenda
2023-10,camiseta,16.0,prenda
2023-11,camiseta,16.25,prenda
2023-12,camiseta,17.0,prenda
2022-01,pantalones cargo,0.0,prenda
2022-02,pantalones cargo,0.0,prenda
2022-03,pantalones cargo,0.0,prenda
2022-04,pantalones cargo,0.0,prenda
2022-05,pantalones cargo,0.0,prenda
2022-06,pantalones cargo,0.0,prenda
2022-07,pantalones cargo,0.0,prenda
2022-08,pantalones cargo,0.0,prenda
2022-09,pantalones cargo,0.0,prenda
2022-10,pantalones cargo,0.0,prenda
2022-11,pantalones cargo,0.0,prenda
2022-12,pantalones cargo,0.0,prenda
2023-01,pantalones cargo,0.0,prenda
2023-02,pantalones cargo,0.0,prenda
2023-03,pantalones cargo,0.0,prenda
2023-04,pantalones cargo,0.0,prenda
2023-05,pantalones cargo,0.0,prenda
2023-06,pantalones cargo,0.0,prenda
2023-07,pantalones cargo,0.0,prenda
2023-08,pantalones cargo,0.0,prenda
2023-09,pantalones cargo,0.0,prenda
2023-10,pantalones cargo,0.0,prenda
2023-11,pantalones cargo,0.0,prenda
2023-12,pantalones cargo,0.8,prenda
2022-01,rojo,19.4,color
2022-02,rojo,22.5,color
2022-03,rojo,23.5,color
2022-04,rojo,21.75,color
2022-05,rojo,22.4,color
2022-06,rojo,22.75,color
2022-07,rojo,23.0,color
2022-08,rojo,22.25,color
2022-09,rojo,21.75,color
2022-10,rojo,22.8,color
2022-11,rojo,22.75,color
2022-12,rojo,24.0,color
2023-01,rojo,23.0,color
2023-02,rojo,21.0,color
2023-03,rojo,21.0,color
2023-04,rojo,21.4,color
2023-05,rojo,21.25,color
2023-06,rojo,21.5,color
2023-07,rojo,21.0,color
2023-08,rojo,22.25,color
2023-09,rojo,20.75,color
2023-10,rojo,21.4,color
2023-11,rojo,22.75,color
2023-12,rojo,23.2,color
2022-01,azul,61.8,color
2022-02,azul,69.0,color
2022-03,azul,67.0,color
2022-04,azul,70.25,color
2022-05,azul,68.4,color
2022-06,azul,64.5,color
2022-07,azul,70.6,color
2022-08,azul,74.25,color
2022-09,azul,67.5,color
2022-10,azul,69.6,color
2022-11,azul,63.25,color
2022-12,azul,64.5,color
2023-01,azul,63.8,color
2023-02,azul,63.5,color
2023-03,azul,62.75,color
2023-04,azul,67.6,color
2023-05,azul,62.75,color
2023-06,azul,65.25,color
2023-07,azul,75.6,color
2023-08,azul,77.25,color
2023-09,azul,64.25,color
2023-10,azul,64.8,color
2023-11,azul,67.0,color
2023-12,azul,65.4,color
2024-01,camiseta,11.0,prenda
2024-02,camiseta,10.5,prenda
2024-03,camiseta,11.8,prenda
2024-04,camiseta,12.5,prenda
2024-05,camiseta,13.0,prenda
2024-06,camiseta,15.0,prenda
2024-07,camiseta,15.25,prenda
2024-08,camiseta,12.75,prenda
2024-09,camiseta,12.4,prenda
2024-10,camiseta,12.5,prenda
2024-11,camiseta,12.75,prenda
2024-12,camiseta,13.4,prenda
2025-01,camiseta,10.75,prenda
2025-02,camiseta,11.75,prenda
2025-03,camiseta,11.6,prenda
2025-04,camiseta,11.75,prenda
2025-05,camiseta,12.5,prenda
2025-06,camiseta,13.2,prenda
2025-07,camiseta,12.25,prenda
2025-08,camiseta,13.2,prenda
2025-09,camiseta,12.25,prenda
2025-10,camiseta,11.5,prenda
2025-11,camiseta,13.4,prenda
2025-12,camiseta,12.75,prenda
2024-01,pantalones cargo,0.0,prenda
2024-02,pantalones cargo,0.0,prenda
2024-03,pantalones cargo,0.0,prenda
2024-04,pantalones cargo,0.0,prenda
2024-05,pantalones cargo,0.0,prenda
2024-06,pantalones cargo,0.0,prenda
2024-07,pantalones cargo,0.0,prenda
2024-08,pantalones cargo,0.0,prenda
2024-09,pantalones cargo,0.0,prenda
2024-10,pantalones cargo,0.0,prenda
2024-11,pantalones cargo,0.0,prenda
2024-12,pantalones cargo,0.0,prenda
2025-01,pantalones cargo,0.0,prenda
2025-02,pantalones cargo,0.0,prenda
2025-03,pantalones cargo,0.0,prenda
2025-04,pantalones cargo,0.0,prenda
2025-05,pantalones cargo,0.0,prenda
2025-06,pantalones cargo,0.0,prenda
2025-07,pantalones cargo,0.0,prenda
2025-08,pantalones cargo,0.0,prenda
2025-09,pantalones cargo,0.0,prenda
2025-10,pantalones cargo,0.0,prenda
2025-11,pantalones cargo,0.0,prenda
2025-12,pantalones cargo,0.0,prenda
2024-01,rojo,15.75,color
2024-02,rojo,18.0,color
2024-03,rojo,15.6,color
2024-04,rojo,16.25,color
2024-05,rojo,16.25,color
2024-06,rojo,16.4,color
2024-07,rojo,16.25,color
2024-08,rojo,15.5,color
2024-09,rojo,16.0,color
2024-10,rojo,15.75,color
2024-11,rojo,17.0,color
2024-12,rojo,17.8,color
2025-01,rojo,15.25,color
2025-02,rojo,16.25,color
2025-03,rojo,15.0,color
2025-04,rojo,15.75,color
2025-05,rojo,16.0,color
2025-06,rojo,16.4,color
2025-07,rojo,16.0,color
2025-08,rojo,16.6,color
2025-09,rojo,16.25,color
2025-10,rojo,16.5,color
2025-11,rojo,18.8,color
2025-12,rojo,18.75,color
2024-01,azul,49.5,color
2024-02,azul,50.25,color
2024-03,azul,48.2,color
2024-04,azul,47.5,color
2024-05,azul,76.0,color
2024-06,azul,45.8,color
2024-07,azul,53.75,color
2024-08,azul,50.75,color
2024-09,azul,53.2,color
2024-10,azul,50.75,color
2024-11,azul,54.75,color
2024-12,azul,61.2,color
2025-01,azul,51.25,color
2025-02,azul,51.5,color
2025-03,azul,54.2,color
2025-04,azul,66.75,color
2025-05,azul,67.75,color
2025-06,azul,50.2,color
2025-07,azul,53.0,color
2025-08,azul,58.4,color
2025-09,azul,55.25,color
2025-10,azul,56.0,color
2025-11,azul,67.0,color
2025-12,azul,62.75,color
2019-12,verde,71.0,color
2020-01,verde,73.5,color
2020-02,verde,69.75,color
2020-03,verde,66.4,color
2020-04,verde,68.5,color
2020-05,verde,76.0,color
2020-06,verde,79.75,color
2020-07,verde,79.25,color
2020-08,verde,76.2,color
2020-09,verde,72.0,color
2020-10,verde,72.25,color
2020-11,verde,71.2,color
2020-12,verde,72.0,color
2021-01,verde,71.2,color
2021-02,verde,71.0,color
2021-03,verde,72.5,color
2021-04,verde,73.75,color
2021-05,verde,81.6,color
2021-06,verde,86.75,color
2021-07,verde,83.75,color
2021-08,verde,79.0,color
2021-09,verde,75.25,color
2021-10,verde,78.8,color
2021-11,verde,79.5,color
2021-12,verde,75.0,color
2019-12,amarillo,14.0,color
2020-01,amarillo,12.75,color
2020-02,amarillo,13.5,color
2020-03,amarillo,13.4,color
2020-04,amarillo,13.25,color
2020-05,amarillo,15.8,color
2020-06,amarillo,15.25,color
2020-07,amarillo,15.25,color
2020-08,amarillo,15.0,color
2020-09,amarillo,13.75,color
2020-10,amarillo,14.25,color
2020-11,amarillo,13.2,color
2020-12,amarillo,13.25,color
2021-01,amarillo,13.0,color
2021-02,amarillo,14.25,color
2021-03,amarillo,14.25,color
2021-04,amarillo,14.5,color
2021-05,amarillo,15.2,color
2021-06,amarillo,14.5,color
2021-07,amarillo,14.5,color
2021-08,amarillo,13.8,color
2021-09,amarillo,13.25,color
2021-10,amarillo,13.2,color
2021-11,amarillo,13.75,color
2021-12,amarillo,14.0,color
2019-12,rosa,77.0,color
2020-01,rosa,83.75,color
2020-02,rosa,86.25,color
2020-03,rosa,72.2,color
2020-04,rosa,79.5,color
2020-05,rosa,86.8,color
2020-06,rosa,88.25,color
2020-07,rosa,84.5,color
2020-08,rosa,83.8,color
2020-09,rosa,89.0,color
2020-10,rosa,85.0,color
2020-11,rosa,78.0,color
2020-12,rosa,78.5,color
2021-01,rosa,77.4,color
2021-02,rosa,82.25,color
2021-03,rosa,86.5,color
2021-04,rosa,88.0,color
2021-05,rosa,84.6,color
2021-06,rosa,80.75,color
2021-07,rosa,83.75,color
2021-08,rosa,85.2,color
2021-09,rosa,80.75,color
2021-10,rosa,84.2,color
2021-11,rosa,78.5,color
2021-12,rosa,75.75,color
2019-12,marrón,0.0,color
2020-01,marrón,0.0,color
2020-02,marrón,0.0,color
2020-03,marrón,0.0,color
2020-04,marrón,0.75,color
2020-05,marrón,1.0,color
2020-06,marrón,1.0,color
2020-07,marrón,1.0,color
2020-08,marrón,1.0,color
2020-09,marrón,1.0,color
2020-10,marrón,1.0,color
2020-11,marrón,1.0,color
2020-12,marrón,1.0,color
2021-01,marrón,1.0,color
2021-02,marrón,1.0,color
2021-03,marrón,1.0,color
2021-04,marrón,1.0,color
2021-05,marrón,1.0,color
2021-06,marrón,1.0,color
2021-07,marrón,1.0,color
2021-08,marrón,1.0,color
2021-09,marrón,1.0,color
2021-10,marrón,1.0,color
2021-11,marrón,1.0,color
2021-12,marrón,1.0,color
2022-01,verde,49.0,color
2022-02,verde,48.75,color
2022-03,verde,50.75,color
2022-04,verde,49.75,color
2022-05,verde,50.0,color
2022-06,verde,51.5,color
2022-07,verde,50.4,color
2022-08,verde,50.75,color
2022-09,verde,48.5,color
2022-10,verde,48.4,color
2022-11,verde,48.0,color
2022-12,verde,48.25,color
2023-01,verde,53.2,color
2023-02,verde,49.25,color
2023-03,verde,48.5,color
2023-04,verde,48.6,color
2023-05,verde,49.75,color
2023-06,verde,51.5,color
2023-07,verde,50.8,color
2023-08,verde,48.5,color
2023-09,verde,49.0,color
2023-10,verde,47.6,color
2023-11,verde,48.0,color
2023-12,verde,48.6,color
2022-01,amarillo,7.8,color
2022-02,amarillo,8.5,color
2022-03,amarillo,9.0,color
2022-04,amarillo,9.0,color
2022-05,amarillo,9.0,color
2022-06,amarillo,9.25,color
2022-07,amarillo,9.0,color
2022-08,amarillo,9.0,color
2022-09,amarillo,8.5,color
2022-10,amarillo,8.6,color
2022-11,amarillo,8.25,color
2022-12,amarillo,8.25,color
2023-01,amarillo,8.0,color
2023-02,amarillo,8.0,color
2023-03,amarillo,8.25,color
2023-04,amarillo,8.4,color
2023-05,amarillo,8.75,color
2023-06,amarillo,9.25,color
2023-07,amarillo,8.8,color
2023-08,amarillo,8.25,color
2023-09,amarillo,8.25,color
2023-10,amarillo,7.8,color
2023-11,amarillo,8.0,color
2023-12,amarillo,8.0,color
2022-01,rosa,47.0,color
2022-02,rosa,51.5,color
2022-03,rosa,62.75,color
2022-04,rosa,52.25,color
2022-05,rosa,50.4,color
2022-06,rosa,50.5,color
2022-07,rosa,51.2,color
2022-08,rosa,53.25,color
2022-09,rosa,50.0,color
2022-10,rosa,51.2,color
2022-11,rosa,46.0,color
2022-12,rosa,46.25,color
2023-01,rosa,48.2,color
2023-02,rosa,52.25,color
2023-03,rosa,49.0,color
2023-04,rosa,48.2,color
2023-05,rosa,48.75,color
2023-06,rosa,47.0,color
2023-07,rosa,50.0,color
2023-08,rosa,47.5,color
2023-09,rosa,51.0,color
2023-10,rosa,47.2,color
2023-11,rosa,45.75,color
2023-12,rosa,45.4,color
2022-01,marrón,0.0,color
2022-02,marrón,0.5,color
2022-03,marrón,0.75,color
2022-04,marrón,0.75,color
2022-05,marrón,1.0,color
2022-06,marrón,1.0,color
2022-07,marrón,1.0,color
2022-08,marrón,1.0,color
2022-09,marrón,1.0,color
2022-10,marrón,1.0,color
2022-11,marrón,0.75,color
2022-12,marrón,0.25,color
2023-01,marrón,0.2,color
2023-02,marrón,0.25,color
2023-03,marrón,0.0,color
2023-04,marrón,0.0,color
2023-05,marrón,0.5,color
2023-06,marrón,0.5,color
2023-07,marrón,0.0,color
2023-08,marrón,0.0,color
2023-09,marrón,0.0,color
2023-10,marrón,0.4,color
2023-11,marrón,1.0,color
2023-12,marrón,0.8,color
2024-01,verde,76.25,color
2024-02,verde,70.25,color
2024-03,verde,70.0,color
2024-04,verde,72.5,color
2024-05,verde,69.5,color
2024-06,verde,69.6,color
2024-07,verde,72.0,color
2024-08,verde,73.25,color
2024-09,verde,70.4,color
2024-10,verde,67.75,color
2024-11,verde,70.0,color
2024-12,verde,68.6,color
2025-01,verde,68.75,color
2025-02,verde,67.0,color
2025-03,verde,71.4,color
2025-04,verde,70.75,color
2025-05,verde,73.0,color
2025-06,verde,75.6,color
2025-07,verde,76.5,color
2025-08,verde,73.6,color
2025-09,verde,72.0,color
2025-10,verde,76.0,color
2025-11,verde,77.2,color
2025-12,verde,72.25,color
2024-01,amarillo,11.75,color
2024-02,amarillo,11.5,color
2024-03,amarillo,12.0,color
2024-04,amarillo,12.0,color
2024-05,amarillo,12.25,color
2024-06,amarillo,11.8,color
2024-07,amarillo,12.0,color
2024-08,amarillo,11.75,color
2024-09,amarillo,11.6,color
2024-10,amarillo,11.5,color
2024-11,amarillo,11.0,color
2024-12,amarillo,11.2,color
2025-01,amarillo,11.0,color
2025-02,amarillo,11.25,color
2025-03,amarillo,12.2,color
2025-04,amarillo,12.0,color
2025-05,amarillo,12.0,color
2025-06,amarillo,12.2,color
2025-07,amarillo,12.5,color
2025-08,amarillo,13.0,color
2025-09,amarillo,12.75,color
2025-10,amarillo,12.25,color
2025-11,amarillo,12.0,color
2025-12,amarillo,12.25,color
2024-01,rosa,67.75,color
2024-02,rosa,70.25,color
2024-03,rosa,68.6,color
2024-04,rosa,70.5,color
2024-05,rosa,68.0,color
2024-06,rosa,69.0,color
2024-07,rosa,68.75,color
2024-08,rosa,71.5,color
2024-09,rosa,68.8,color
2024-10,rosa,69.0,color
2024-11,rosa,69.5,color
2024-12,rosa,67.4,color
2025-01,rosa,67.5,color
2025-02,rosa,69.25,color
2025-03,rosa,71.6,color
2025-04,rosa,68.25,color
2025-05,rosa,68.25,color
2025-06,rosa,65.8,color
2025-07,rosa,67.0,color
2025-08,rosa,74.2,color
2025-09,rosa,70.5,color
2025-10,rosa,72.0,color
2025-11,rosa,68.8,color
2025-12,rosa,68.25,color
2024-01,marrón,1.0,color
2024-02,marrón,1.0,color
2024-03,marrón,1.0,color
2024-04,marrón,1.0,color
2024-05,marrón,1.0,color
2024-06,marrón,1.0,color
2024-07,marrón,1.0,color
2024-08,marrón,1.0,color
2024-09,marrón,1.0,color
2024-10,marrón,1.0,color
2024-11,marrón,1.0,color
2024-12,marrón,1.0,color
2025-01,marrón,1.0,color
2025-02,marrón,1.0,color
2025-03,marrón,1.0,color
2025-04,marrón,1.0,color
2025-05,marrón,1.0,color
2025-06,marrón,1.0,color
2025-07,marrón,1.0,color
2025-08,marrón,1.0,color
2025-09,marrón,1.0,color
2025-10,marrón,1.0,color
2025-11,marrón,1.2,color
2025-12,marrón,1.0,color
2019-12,negro,52.0,color
2020-01,negro,48.5,color
2020-02,negro,48.25,color
2020-03,negro,48.8,color
2020-04,negro,53.5,color
2020-05,negro,58.2,color
2020-06,negro,57.5,color
2020-07,negro,54.5,color
2020-08,negro,52.8,color
2020-09,negro,50.5,color
2020-10,negro,52.0,color
2020-11,negro,54.6,color
2020-12,negro,54.5,color
2021-01,negro,51.0,color
2021-02,negro,50.25,color
2021-03,negro,50.75,color
2021-04,negro,53.0,color
2021-05,negro,59.8,color
2021-06,negro,57.75,color
2021-07,negro,54.75,color
2021-08,negro,54.2,color
2021-09,negro,50.0,color
2021-10,negro,53.4,color
2021-11,negro,55.75,color
2021-12,negro,54.0,color
2019-12,blanco,36.0,color
2020-01,blanco,33.25,color
2020-02,blanco,34.5,color
2020-03,blanco,33.8,color
2020-04,blanco,38.25,color
2020-05,blanco,40.8,color
2020-06,blanco,40.75,color
2020-07,blanco,39.5,color
2020-08,blanco,38.2,color
2020-09,blanco,40.0,color
2020-10,blanco,37.25,color
2020-11,blanco,39.4,color
2020-12,blanco,38.25,color
2021-01,blanco,38.0,color
2021-02,blanco,39.0,color
2021-03,blanco,38.5,color
2021-04,blanco,41.5,color
2021-05,blanco,40.8,color
2021-06,blanco,39.75,color
2021-07,blanco,40.25,color
2021-08,blanco,39.4,color
2021-09,blanco,39.25,color
2021-10,blanco,38.8,color
2021-11,blanco,39.0,color
2021-12,blanco,40.0,color
2019-12,gris,15.0,color
2020-01,gris,15.75,color
2020-02,gris,14.75,color
2020-03,gris,13.2,color
2020-04,gris,16.0,color
2020-05,gris,17.8,color
2020-06,gris,18.0,color
2020-07,gris,17.5,color
2020-08,gris,16.8,color
2020-09,gris,17.0,color
2020-10,gris,17.0,color
2020-11,gris,18.8,color
2020-12,gris,18.25,color
2021-01,gris,16.8,color
2021-02,gris,17.5,color
2021-03,gris,17.0,color
2021-04,gris,17.5,color
2021-05,gris,16.6,color
2021-06,gris,15.75,color
2021-07,gris,15.75,color
2021-08,gris,16.0,color
2021-09,gris,15.75,color
2021-10,gris,16.2,color
2021-11,gris,17.5,color
2021-12,gris,16.5,color
2019-12,turquesa,2.0,color
2020-01,turquesa,2.0,color
2020-02,turquesa,2.0,color
2020-03,turquesa,1.4,color
2020-04,turquesa,1.75,color
2020-05,turquesa,2.0,color
2020-06,turquesa,2.0,color
2020-07,turquesa,2.0,color
2020-08,turquesa,2.0,color
2020-09,turquesa,2.0,color
2020-10,turquesa,2.0,color
2020-11,turquesa,2.0,color
2020-12,turquesa,2.0,color
2021-01,turquesa,2.0,color
2021-02,turquesa,2.0,color
2021-03,turquesa,2.0,color
2021-04,turquesa,2.0,color
2021-05,turquesa,2.0,color
2021-06,turquesa,2.0,color
2021-07,turquesa,2.0,color
2021-08,turquesa,2.0,color
2021-09,turquesa,2.0,color
2021-10,turquesa,2.0,color
2021-11,turquesa,1.75,color
2021-12,turquesa,2.0,color
2022-01,negro,51.8,color
2022-02,negro,55.0,color
2022-03,negro,56.25,color
2022-04,negro,55.0,color
2022-05,negro,57.0,color
2022-06,negro,59.5,color
2022-07,negro,60.2,color
2022-08,negro,58.0,color
2022-09,negro,55.75,color
2022-10,negro,63.0,color
2022-11,negro,59.75,color
2022-12,negro,56.5,color
2023-01,negro,52.6,color
2023-02,negro,54.0,color
2023-03,negro,54.25,color
2023-04,negro,54.4,color
2023-05,negro,54.0,color
2023-06,negro,54.75,color
2023-07,negro,52.6,color
2023-08,negro,51.5,color
2023-09,negro,52.75,color
2023-10,negro,57.0,color
2023-11,negro,59.0,color
2023-12,negro,56.2,color
2022-01,blanco,44.6,color
2022-02,blanco,50.5,color
2022-03,blanco,43.0,color
2022-04,blanco,43.75,color
2022-05,blanco,45.0,color
2022-06,blanco,45.0,color
2022-07,blanco,45.8,color
2022-08,blanco,43.75,color
2022-09,blanco,43.0,color
2022-10,blanco,42.8,color
2022-11,blanco,43.0,color
2022-12,blanco,42.5,color
2023-01,blanco,40.4,color
2023-02,blanco,50.0,color
2023-03,blanco,41.5,color
2023-04,blanco,42.8,color
2023-05,blanco,43.25,color
2023-06,blanco,44.25,color
2023-07,blanco,43.8,color
2023-08,blanco,42.75,color
2023-09,blanco,40.75,color
2023-10,blanco,41.4,color
2023-11,blanco,45.25,color
2023-12,blanco,50.4,color
2022-01,gris,16.4,color
2022-02,gris,17.25,color
2022-03,gris,16.25,color
2022-04,gris,16.75,color
2022-05,gris,15.2,color
2022-06,gris,15.75,color
2022-07,gris,16.6,color
2022-08,gris,16.5,color
2022-09,gris,16.25,color
2022-10,gris,16.8,color
2022-11,gris,16.75,color
2022-12,gris,16.75,color
2023-01,gris,16.2,color
2023-02,gris,15.75,color
2023-03,gris,15.75,color
2023-04,gris,15.8,color
2023-05,gris,15.75,color
2023-06,gris,15.5,color
2023-07,gris,16.2,color
2023-08,gris,16.25,color
2023-09,gris,16.25,color
2023-10,gris,17.4,color
2023-11,gris,18.5,color
2023-12,gris,18.0,color
2022-01,turquesa,2.0,color
2022-02,turquesa,2.0,color
2022-03,turquesa,2.0,color
2022-04,turquesa,2.0,color
2022-05,turquesa,2.0,color
2022-06,turquesa,2.0,color
2022-07,turquesa,2.0,color
2022-08,turquesa,2.0,color
2022-09,turquesa,2.0,color
2022-10,turquesa,2.0,color
2022-11,turquesa,2.0,color
2022-12,turquesa,2.0,color
2023-01,turquesa,2.0,color
2023-02,turquesa,2.0,color
2023-03,turquesa,2.0,color
2023-04,turquesa,2.0,color
2023-05,turquesa,2.0,color
2023-06,turquesa,2.0,color
2023-07,turquesa,2.0,color
2023-08,turquesa,2.0,color
2023-09,turquesa,2.0,color
2023-10,turquesa,2.0,color
2023-11,turquesa,2.0,color
2023-12,turquesa,2.0,color
2024-01,negro,35.75,color
2024-02,negro,34.75,color
2024-03,negro,35.4,color
2024-04,negro,35.75,color
2024-05,negro,35.75,color
2024-06,negro,35.0,color
2024-07,negro,34.25,color
2024-08,negro,34.5,color
2024-09,negro,35.0,color
2024-10,negro,36.5,color
2024-11,negro,35.75,color
2024-12,negro,36.8,color
2025-01,negro,32.75,color
2025-02,negro,38.25,color
2025-03,negro,34.6,color
2025-04,negro,35.25,color
2025-05,negro,34.75,color
2025-06,negro,34.0,color
2025-07,negro,34.5,color
2025-08,negro,37.0,color
2025-09,negro,35.75,color
2025-10,negro,39.75,color
2025-11,negro,39.6,color
2025-12,negro,37.75,color
2024-01,blanco,57.0,color
2024-02,blanco,47.0,color
2024-03,blanco,30.8,color
2024-04,blanco,30.0,color
2024-05,blanco,31.0,color
2024-06,blanco,29.2,color
2024-07,blanco,30.0,color
2024-08,blanco,28.0,color
2024-09,blanco,28.0,color
2024-10,blanco,28.5,color
2024-11,blanco,30.5,color
2024-12,blanco,32.2,color
2025-01,blanco,28.0,color
2025-02,blanco,28.25,color
2025-03,blanco,32.4,color
2025-04,blanco,30.5,color
2025-05,blanco,30.5,color
2025-06,blanco,29.4,color
2025-07,blanco,30.0,color
2025-08,blanco,30.8,color
2025-09,blanco,31.75,color
2025-10,blanco,31.0,color
2025-11,blanco,32.0,color
2025-12,blanco,32.0,color
2024-01,gris,11.75,color
2024-02,gris,11.25,color
2024-03,gris,11.4,color
2024-04,gris,11.25,color
2024-05,gris,11.0,color
2024-06,gris,11.0,color
2024-07,gris,11.25,color
2024-08,gris,11.75,color
2024-09,gris,11.8,color
2024-10,gris,12.25,color
2024-11,gris,13.25,color
2024-12,gris,13.0,color
2025-01,gris,12.5,color
2025-02,gris,12.0,color
2025-03,gris,12.0,color
2025-04,gris,11.25,color
2025-05,gris,12.0,color
2025-06,gris,11.2,color
2025-07,gris,12.0,color
2025-08,gris,13.0,color
2025-09,gris,12.75,color
2025-10,gris,13.0,color
2025-11,gris,14.0,color
2025-12,gris,13.0,color
2024-01,turquesa,1.0,color
2024-02,turquesa,1.0,color
2024-03,turquesa,1.0,color
2024-04,turquesa,1.0,color
2024-05,turquesa,1.0,color
2024-06,turquesa,1.0,color
2024-07,turquesa,1.0,color
2024-08,turquesa,1.0,color
2024-09,turquesa,1.0,color
2024-10,turquesa,1.0,color
2024-11,turquesa,1.0,color
2024-12,turquesa,1.0,color
2025-01,turquesa,1.0,color
2025-02,turquesa,1.0,color
2025-03,turquesa,1.0,color
2025-04,turquesa,1.0,color
2025-05,turquesa,1.0,color
2025-06,turquesa,1.0,color
2025-07,turquesa,1.0,color
2025-08,turquesa,1.0,color
2025-09,turquesa,1.0,color
2025-10,turquesa,1.0,color
2025-11,turquesa,1.0,color
2025-12,turquesa,1.0,color
2019-12,azul marino,1.0,color
2020-01,azul marino,1.0,color
2020-02,azul marino,1.0,color
2020-03,azul marino,0.6,color
2020-04,azul marino,0.5,color
2020-05,azul marino,1.0,color
2020-06,azul marino,1.0,color
2020-07,azul marino,1.0,color
2020-08,azul marino,1.0,color
2020-09,azul marino,1.0,color
2020-10,azul marino,1.0,color
2020-11,azul marino,1.0,color
2020-12,azul marino,1.0,color
2021-01,azul marino,1.0,color
2021-02,azul marino,1.0,color
2021-03,azul marino,1.0,color
2021-04,azul marino,1.0,color
2021-05,azul marino,1.0,color
2021-06,azul marino,1.0,color
2021-07,azul marino,1.0,color
2021-08,azul marino,1.0,color
2021-09,azul marino,1.0,color
2021-10,azul marino,1.0,color
2021-11,azul marino,1.0,color
2021-12,azul marino,1.0,color
2019-12,burdeos,1.0,color
2020-01,burdeos,1.0,color
2020-02,burdeos,1.0,color
2020-03,burdeos,0.6,color
2020-04,burdeos,0.0,color
2020-05,burdeos,0.0,color
2020-06,burdeos,0.75,color
2020-07,burdeos,1.0,color
2020-08,burdeos,1.0,color
2020-09,burdeos,1.0,color
2020-10,burdeos,1.0,color
2020-11,burdeos,0.8,color
2020-12,burdeos,1.0,color
2021-01,burdeos,1.0,color
2021-02,burdeos,0.25,color
2021-03,burdeos,0.0,color
2021-04,burdeos,0.5,color
2021-05,burdeos,0.2,color
2021-06,burdeos,0.5,color
2021-07,burdeos,1.0,color
2021-08,burdeos,1.0,color
2021-09,burdeos,1.0,color
2021-10,burdeos,1.0,color
2021-11,burdeos,1.0,color
2021-12,burdeos,1.0,color
2019-12,caqui,0.0,color
2020-01,caqui,0.5,color
2020-02,caqui,0.0,color
2020-03,caqui,1.0,color
2020-04,caqui,1.0,color
2020-05,caqui,1.0,color
2020-06,caqui,1.0,color
2020-07,caqui,0.75,color
2020-08,caqui,0.0,color
2020-09,caqui,0.25,color
2020-10,caqui,1.0,color
2020-11,caqui,1.0,color
2020-12,caqui,1.0,color
2021-01,caqui,0.2,color
2021-02,caqui,0.75,color
2021-03,caqui,1.0,color
2021-04,caqui,1.0,color
2021-05,caqui,1.0,color
2021-06,caqui,1.0,color
2021-07,caqui,1.0,color
2021-08,caqui,0.4,color
2021-09,caqui,0.0,color
2021-10,caqui,0.8,color
2021-11,caqui,1.0,color
2021-12,caqui,1.0,color
2019-12,verde oliva,0.0,color
2020-01,verde oliva,0.0,color
2020-02,verde oliva,0.0,color
2020-03,verde oliva,0.0,color
2020-04,verde oliva,0.0,color
2020-05,verde oliva,0.0,color
2020-06,verde oliva,0.0,color
2020-07,verde oliva,0.0,color
2020-08,verde oliva,0.0,color
2020-09,verde oliva,0.0,color
2020-10,verde oliva,0.0,color
2020-11,verde oliva,0.0,color
2020-12,verde oliva,0.0,color
2021-01,verde oliva,0.0,color
2021-02,verde oliva,0.0,color
2021-03,verde oliva,0.0,color
2021-04,verde oliva,0.0,color
2021-05,verde oliva,0.0,color
2021-06,verde oliva,0.0,color
2021-07,verde oliva,0.0,color
2021-08,verde oliva,0.0,color
2021-09,verde oliva,0.0,color
2021-10,verde oliva,0.0,color
2021-11,verde oliva,0.0,color
2021-12,verde oliva,0.0,color
2022-01,azul marino,1.0,color
2022-02,azul marino,1.0,color
2022-03,azul marino,1.0,color
2022-04,azul marino,1.25,color
2022-05,azul marino,1.0,color
2022-06,azul marino,1.0,color
2022-07,azul marino,1.2,color
2022-08,azul marino,1.5,color
2022-09,azul marino,1.25,color
2022-10,azul marino,1.0,color
2022-11,azul marino,1.5,color
2022-12,azul marino,1.25,color
2023-01,azul marino,1.0,color
2023-02,azul marino,1.25,color
2023-03,azul marino,1.25,color
2023-04,azul marino,1.2,color
2023-05,azul marino,1.0,color
2023-06,azul marino,1.25,color
2023-07,azul marino,1.2,color
2023-08,azul marino,1.25,color
2023-09,azul marino,1.0,color
2023-10,azul marino,1.0,color
2023-11,azul marino,2.0,color
2023-12,azul marino,1.4,color
2022-01,burdeos,1.0,color
2022-02,burdeos,1.0,color
2022-03,burdeos,1.0,color
2022-04,burdeos,1.0,color
2022-05,burdeos,1.0,color
2022-06,burdeos,1.0,color
2022-07,burdeos,1.0,color
2022-08,burdeos,1.0,color
2022-09,burdeos,1.0,color
2022-10,burdeos,1.0,color
2022-11,burdeos,1.0,color
2022-12,burdeos,1.0,color
2023-01,burdeos,1.0,color
2023-02,burdeos,1.0,color
2023-03,burdeos,1.0,color
2023-04,burdeos,1.0,color
2023-05,burdeos,1.0,color
2023-06,burdeos,1.0,color
2023-07,burdeos,1.0,color
2023-08,burdeos,1.0,color
2023-09,burdeos,1.0,color
2023-10,burdeos,1.0,color
2023-11,burdeos,1.0,color
2023-12,burdeos,1.0,color
2022-01,caqui,1.0,color
2022-02,caqui,1.0,color
2022-03,caqui,1.0,color
2022-04,caqui,1.0,color
2022-05,caqui,1.0,color
2022-06,caqui,1.0,color
2022-07,caqui,1.0,color
2022-08,caqui,1.0,color
2022-09,caqui,1.0,color
2022-10,caqui,1.0,color
2022-11,caqui,1.0,color
2022-12,caqui,1.0,color
2023-01,caqui,1.0,color
2023-02,caqui,1.0,color
2023-03,caqui,1.0,color
2023-04,caqui,1.0,color
2023-05,caqui,1.0,color
2023-06,caqui,1.0,color
2023-07,caqui,1.0,color
2023-08,caqui,1.0,color
2023-09,caqui,1.0,color
2023-10,caqui,1.0,color
2023-11,caqui,1.0,color
2023-12,caqui,1.0,color
2022-01,verde oliva,0.0,color
2022-02,verde oliva,0.0,color
2022-03,verde oliva,0.0,color
2022-04,verde oliva,0.0,color
2022-05,verde oliva,0.0,color
2022-06,verde oliva,0.0,color
2022-07,verde oliva,0.0,color
2022-08,verde oliva,0.0,color
2022-09,verde oliva,0.0,color
2022-10,verde oliva,0.0,color
2022-11,verde oliva,0.0,color
2022-12,verde oliva,0.0,color
2023-01,verde oliva,0.0,color
2023-02,verde oliva,0.0,color
2023-03,verde oliva,0.0,color
2023-04,verde oliva,0.0,color
2023-05,verde oliva,0.0,color
2023-06,verde oliva,0.25,color
2023-07,verde oliva,0.0,color
2023-08,verde oliva,0.25,color
2023-09,verde oliva,0.5,color
2023-10,verde oliva,1.0,color
2023-11,verde oliva,1.0,color
2023-12,verde oliva,0.4,color
2024-01,azul marino,1.0,color
2024-02,azul marino,1.0,color
2024-03,azul marino,1.0,color
2024-04,azul marino,1.0,color
2024-05,azul marino,1.0,color
2024-06,azul marino,1.0,color
2024-07,azul marino,1.0,color
2024-08,azul marino,1.0,color
2024-09,azul marino,1.0,color
2024-10,azul marino,1.0,color
2024-11,azul marino,1.0,color
2024-12,azul marino,1.0,color
2025-01,azul marino,1.0,color
2025-02,azul marino,1.0,color
2025-03,azul marino,1.0,color
2025-04,azul marino,1.0,color
2025-05,azul marino,1.0,color
2025-06,azul marino,1.0,color
2025-07,azul marino,1.0,color
2025-08,azul marino,1.2,color
2025-09,azul marino,1.0,color
2025-10,azul marino,1.0,color
2025-11,azul marino,1.4,color
2025-12,azul marino,1.25,color
2024-01,burdeos,1.0,color
2024-02,burdeos,1.0,color
2024-03,burdeos,1.0,color
2024-04,burdeos,1.0,color
2024-05,burdeos,0.75,color
2024-06,burdeos,1.0,color
2024-07,burdeos,1.0,color
2024-08,burdeos,1.0,color
2024-09,burdeos,1.0,color
2024-10,burdeos,1.0,color
2024-11,burdeos,1.0,color
2024-12,burdeos,1.0,color
2025-01,burdeos,1.0,color
2025-02,burdeos,1.0,color
2025-03,burdeos,1.0,color
2025-04,burdeos,1.0,color
2025-05,burdeos,0.5,color
2025-06,burdeos,1.0,color
2025-07,burdeos,1.0,color
2025-08,burdeos,1.0,color
2025-09,burdeos,1.0,color
2025-10,burdeos,1.0,color
2025-11,burdeos,1.0,color
2025-12,burdeos,1.0,color
2024-01,caqui,1.0,color
2024-02,caqui,1.0,color
2024-03,caqui,1.0,color
2024-04,caqui,1.0,color
2024-05,caqui,1.0,color
2024-06,caqui,1.0,color
2024-07,caqui,0.75,color
2024-08,caqui,1.0,color
2024-09,caqui,1.0,color
2024-10,caqui,1.0,color
2024-11,caqui,1.0,color
2024-12,caqui,1.0,color
2025-01,caqui,1.0,color
2025-02,caqui,0.75,color
2025-03,caqui,1.0,color
2025-04,caqui,1.0,color
2025-05,caqui,1.0,color
2025-06,caqui,1.0,color
2025-07,caqui,1.0,color
2025-08,caqui,1.0,color
2025-09,caqui,1.0,color
2025-10,caqui,1.0,color
2025-11,caqui,1.0,color
2025-12,caqui,1.0,color
2024-01,verde oliva,0.0,color
2024-02,verde oliva,0.0,color
2024-03,verde oliva,0.0,color
2024-04,verde oliva,0.25,color
2024-05,verde oliva,0.0,color
2024-06,verde oliva,0.2,color
2024-07,verde oliva,0.5,color
2024-08,verde oliva,0.75,color
2024-09,verde oliva,1.0,color
2024-10,verde oliva,1.0,color
2024-11,verde oliva,1.0,color
2024-12,verde oliva,0.4,color
2025-01,verde oliva,1.0,color
2025-02,verde oliva,1.0,color
2025-03,verde oliva,1.0,color
2025-04,verde oliva,1.0,color
2025-05,verde oliva,1.0,color
2025-06,verde oliva,1.0,color
2025-07,verde oliva,1.0,color
2025-08,verde oliva,1.0,color
2025-09,verde oliva,1.0,color
2025-10,verde oliva,1.0,color
2025-11,verde oliva,1.0,color
2025-12,verde oliva,1.0,color
2019-12,bígaro,0.0,color
2020-01,bígaro,0.0,color
2020-02,bígaro,0.0,color
2020-03,bígaro,0.0,color
2020-04,bígaro,0.0,color
2020-05,bígaro,0.0,color
2020-06,bígaro,0.0,color
2020-07,bígaro,0.0,color
2020-08,bígaro,0.0,color
2020-09,bígaro,0.0,color
2020-10,bígaro,0.0,color
2020-11,bígaro,0.0,color
2020-12,bígaro,0.0,color
2021-01,bígaro,0.0,color
2021-02,bígaro,0.0,color
2021-03,bígaro,0.0,color
2021-04,bígaro,0.0,color
2021-05,bígaro,0.0,color
2021-06,bígaro,0.0,color
2021-07,bígaro,0.0,color
2021-08,bígaro,0.0,color
2021-09,bígaro,0.0,color
2021-10,bígaro,0.0,color
2021-11,bígaro,0.0,color
2021-12,bígaro,0.0,color
2019-12,lavanda,1.0,color
2020-01,lavanda,1.75,color
2020-02,lavanda,2.0,color
2020-03,lavanda,2.0,color
2020-04,lavanda,2.75,color
2020-05,lavanda,3.0,color
2020-06,lavanda,3.75,color
2020-07,lavanda,4.0,color
2020-08,lavanda,3.0,color
2020-09,lavanda,2.75,color
2020-10,lavanda,2.0,color
2020-11,lavanda,2.0,color
2020-12,lavanda,2.0,color
2021-01,lavanda,2.0,color
2021-02,lavanda,2.5,color
2021-03,lavanda,3.0,color
2021-04,lavanda,3.0,color
2021-05,lavanda,3.0,color
2021-06,lavanda,3.5,color
2021-07,lavanda,3.75,color
2021-08,lavanda,3.0,color
2021-09,lavanda,2.0,color
2021-10,lavanda,2.0,color
2021-11,lavanda,2.0,color
2021-12,lavanda,2.0,color
2019-12,menta,3.0,color
2020-01,menta,3.0,color
2020-02,menta,3.0,color
2020-03,menta,3.0,color
2020-04,menta,3.75,color
2020-05,menta,4.2,color
2020-06,menta,4.25,color
2020-07,menta,4.0,color
2020-08,menta,3.8,color
2020-09,menta,3.25,color
2020-10,menta,3.25,color
2020-11,menta,3.0,color
2020-12,menta,3.0,color
2021-01,menta,3.0,color
2021-02,menta,3.0,color
2021-03,menta,3.25,color
2021-04,menta,3.5,color
2021-05,menta,4.0,color
2021-06,menta,4.0,color
2021-07,menta,4.0,color
2021-08,menta,3.8,color
2021-09,menta,3.0,color
2021-10,menta,3.0,color
2021-11,menta,3.0,color
2021-12,menta,3.0,color
2019-12,cuero,5.0,material
2020-01,cuero,4.5,material
2020-02,cuero,4.25,material
2020-03,cuero,3.4,material
2020-04,cuero,4.0,material
2020-05,cuero,4.6,material
2020-06,cuero,5.0,material
2020-07,cuero,5.0,material
2020-08,cuero,5.0,material
2020-09,cuero,5.0,material
2020-10,cuero,4.75,material
2020-11,cuero,5.0,material
2020-12,cuero,5.0,material
2021-01,cuero,4.8,material
2021-02,cuero,4.75,material
2021-03,cuero,4.5,material
2021-04,cuero,4.75,material
2021-05,cuero,5.0,material
2021-06,cuero,5.0,material
2021-07,cuero,5.0,material
2021-08,cuero,5.0,material
2021-09,cuero,4.5,material
2021-10,cuero,5.0,material
2021-11,cuero,5.0,material
2021-12,cuero,5.5,material
2022-01,bígaro,0.0,color
2022-02,bígaro,0.0,color
2022-03,bígaro,0.0,color
2022-04,bígaro,0.0,color
2022-05,bígaro,0.0,color
2022-06,bígaro,0.0,color
2022-07,bígaro,0.0,color
2022-08,bígaro,0.0,color
2022-09,bígaro,0.0,color
2022-10,bígaro,0.0,color
2022-11,bígaro,0.0,color
2022-12,bígaro,0.0,color
2023-01,bígaro,0.0,color
2023-02,bígaro,0.0,color
2023-03,bígaro,0.0,color
2023-04,bígaro,0.0,color
2023-05,bígaro,0.0,color
2023-06,bígaro,0.0,color
2023-07,bígaro,0.0,color
2023-08,bígaro,0.0,color
2023-09,bígaro,0.0,color
2023-10,bígaro,0.0,color
2023-11,bígaro,0.0,color
2023-12,bígaro,0.0,color
2022-01,lavanda,2.2,color
2022-02,lavanda,2.75,color
2022-03,lavanda,3.0,color
2022-04,lavanda,3.0,color
2022-05,lavanda,3.0,color
2022-06,lavanda,3.5,color
2022-07,lavanda,3.4,color
2022-08,lavanda,3.0,color
2022-09,lavanda,3.0,color
2022-10,lavanda,2.8,color
2022-11,lavanda,2.5,color
2022-12,lavanda,2.25,color
2023-01,lavanda,2.2,color
2023-02,lavanda,3.0,color
2023-03,lavanda,3.0,color
2023-04,lavanda,3.2,color
2023-05,lavanda,3.0,color
2023-06,lavanda,3.75,color
2023-07,lavanda,3.6,color
2023-08,lavanda,3.0,color
2023-09,lavanda,3.0,color
2023-10,lavanda,2.8,color
2023-11,lavanda,2.25,color
2023-12,lavanda,2.0,color
2022-01,menta,3.2,color
2022-02,menta,3.75,color
2022-03,menta,4.0,color
2022-04,menta,4.0,color
2022-05,menta,4.0,color
2022-06,menta,4.0,color
2022-07,menta,4.0,color
2022-08,menta,4.0,color
2022-09,menta,4.0,color
2022-10,menta,4.2,color
2022-11,menta,3.75,color
2022-12,menta,3.5,color
2023-01,menta,3.8,color
2023-02,menta,3.25,color
2023-03,menta,4.0,color
2023-04,menta,4.0,color
2023-05,menta,4.25,color
2023-06,menta,4.0,color
2023-07,menta,4.0,color
2023-08,menta,4.0,color
2023-09,menta,4.0,color
2023-10,menta,3.6,color
2023-11,menta,3.5,color
2023-12,menta,3.2,color
2022-01,cuero,4.6,material
2022-02,cuero,5.25,material
2022-03,cuero,5.75,material
2022-04,cuero,5.5,material
2022-05,cuero,5.6,material
2022-06,cuero,5.0,material
2022-07,cuero,5.0,material
2022-08,cuero,5.0,material
2022-09,cuero,5.25,material
2022-10,cuero,5.4,material
2022-11,cuero,5.5,material
2022-12,cuero,6.0,material
2023-01,cuero,5.0,material
2023-02,cuero,5.0,material
2023-03,cuero,5.0,material
2023-04,cuero,5.2,material
2023-05,cuero,5.5,material
2023-06,cuero,5.5,material
2023-07,cuero,5.0,material
2023-08,cuero,5.0,material
2023-09,cuero,5.25,material
2023-10,cuero,5.2,material
2023-11,cuero,6.0,material
2023-12,cuero,5.8,material
2024-01,bígaro,0.0,color
2024-02,bígaro,0.0,color
2024-03,bígaro,0.0,color
2024-04,bígaro,0.0,color
2024-05,bígaro,0.0,color
2024-06,bígaro,0.0,color
2024-07,bígaro,0.0,color
2024-08,bígaro,0.0,color
2024-09,bígaro,0.0,color
2024-10,bígaro,0.0,color
2024-11,bígaro,0.0,color
2024-12,bígaro,0.0,color
2025-01,bígaro,0.0,color
2025-02,bígaro,0.0,color
2025-03,bígaro,0.0,color
2025-04,bígaro,0.0,color
2025-05,bígaro,0.0,color
2025-06,bígaro,0.0,color
2025-07,bígaro,0.0,color
2025-08,bígaro,0.0,color
2025-09,bígaro,0.0,color
2025-10,bígaro,0.0,color
2025-11,bígaro,0.0,color
2025-12,bígaro,0.0,color
2024-01,lavanda,2.0,color
2024-02,lavanda,2.0,color
2024-03,lavanda,2.2,color
2024-04,lavanda,2.5,color
2024-05,lavanda,2.5,color
2024-06,lavanda,3.0,color
2024-07,lavanda,2.75,color
2024-08,lavanda,2.0,color
2024-09,lavanda,2.0,color
2024-10,lavanda,2.0,color
2024-11,lavanda,2.0,color
2024-12,lavanda,2.0,color
2025-01,lavanda,2.0,color
2025-02,lavanda,2.0,color
2025-03,lavanda,2.8,color
2025-04,lavanda,3.0,color
2025-05,lavanda,3.0,color
2025-06,lavanda,3.0,color
2025-07,lavanda,2.75,color
2025-08,lavanda,2.6,color
2025-09,lavanda,2.25,color
2025-10,lavanda,2.0,color
2025-11,lavanda,2.2,color
2025-12,lavanda,2.0,color
2024-01,menta,3.0,color
2024-02,menta,3.0,color
2024-03,menta,3.0,color
2024-04,menta,3.0,color
2024-05,menta,3.0,color
2024-06,menta,3.0,color
2024-07,menta,3.0,color
2024-08,menta,3.0,color
2024-09,menta,3.0,color
2024-10,menta,3.0,color
2024-11,menta,3.0,color
2024-12,menta,3.0,color
2025-01,menta,3.0,color
2025-02,menta,3.0,color
2025-03,menta,3.0,color
2025-04,menta,3.0,color
2025-05,menta,3.0,color
2025-06,menta,3.2,color
2025-07,menta,3.0,color
2025-08,menta,3.0,color
2025-09,menta,3.0,color
2025-10,menta,3.0,color
2025-11,menta,3.0,color
2025-12,menta,3.0,color
2024-01,cuero,4.0,material
2024-02,cuero,4.0,material
2024-03,cuero,4.0,material
2024-04,cuero,4.0,material
2024-05,cuero,4.0,material
2024-06,cuero,4.2,material
2024-07,cuero,4.25,material
2024-08,cuero,4.5,material
2024-09,cuero,4.2,material
2024-10,cuero,4.0,material
2024-11,cuero,4.25,material
2024-12,cuero,4.8,material
2025-01,cuero,4.0,material
2025-02,cuero,4.0,material
2025-03,cuero,4.0,material
2025-04,cuero,4.25,material
2025-05,cuero,4.25,material
2025-06,cuero,4.4,material
2025-07,cuero,4.5,material
2025-08,cuero,5.0,material
2025-09,cuero,4.75,material
2025-10,cuero,5.0,material
2025-11,cuero,5.2,material
2025-12,cuero,5.25,material
2019-12,vaquero,1.0,material
2020-01,vaquero,1.0,material
2020-02,vaquero,1.75,material
2020-03,vaquero,1.2,material
2020-04,vaquero,1.75,material
2020-05,vaquero,2.0,material
2020-06,vaquero,1.5,material
2020-07,vaquero,1.25,material
2020-08,vaquero,1.0,material
2020-09,vaquero,1.0,material
2020-10,vaquero,1.5,material
2020-11,vaquero,1.0,material
2020-12,vaquero,1.25,material
2021-01,vaquero,1.2,material
2021-02,vaquero,1.25,material
2021-03,vaquero,1.75,material
2021-04,vaquero,2.0,material
2021-05,vaquero,1.8,material
2021-06,vaquero,1.75,material
2021-07,vaquero,1.75,material
2021-08,vaquero,1.6,material
2021-09,vaquero,1.5,material
2021-10,vaquero,2.0,material
2021-11,vaquero,1.75,material
2021-12,vaquero,2.0,material
2019-12,encaje,1.0,material
2020-01,encaje,1.0,material
2020-02,encaje,1.0,material
2020-03,encaje,1.0,material
2020-04,encaje,1.0,material
2020-05,encaje,1.0,material
2020-06,encaje,1.0,material
2020-07,encaje,1.0,material
2020-08,encaje,1.0,material
2020-09,encaje,1.0,material
2020-10,encaje,1.0,material
2020-11,encaje,1.0,material
2020-12,encaje,1.0,material
2021-01,encaje,1.0,material
2021-02,encaje,1.0,material
2021-03,encaje,1.0,material
2021-04,encaje,1.0,material
2021-05,encaje,1.0,material
2021-06,encaje,1.0,material
2021-07,encaje,1.0,material
2021-08,encaje,1.0,material
2021-09,encaje,1.0,material
2021-10,encaje,1.0,material
2021-11,encaje,1.0,material
2021-12,encaje,1.0,material
2019-12,seda,10.0,material
2020-01,seda,5.5,material
2020-02,seda,5.5,material
2020-03,seda,5.0,material
2020-04,seda,5.5,material
2020-05,seda,5.8,material
2020-06,seda,5.5,material
2020-07,seda,5.25,material
2020-08,seda,5.2,material
2020-09,seda,5.0,material
2020-10,seda,5.25,material
2020-11,seda,5.4,material
2020-12,seda,6.5,material
2021-01,seda,5.2,material
2021-02,seda,5.5,material
2021-03,seda,5.25,material
2021-04,seda,5.5,material
2021-05,seda,5.6,material
2021-06,seda,5.5,material
2021-07,seda,4.75,material
2021-08,seda,4.6,material
2021-09,seda,5.0,material
2021-10,seda,5.0,material
2021-11,seda,5.0,material
2021-12,seda,5.0,material
2019-12,algodón,0.0,material
2020-01,algodón,0.0,material
2020-02,algodón,0.0,material
2020-03,algodón,0.4,material
2020-04,algodón,1.0,material
2020-05,algodón,1.0,material
2020-06,algodón,1.0,material
2020-07,algodón,1.0,material
2020-08,algodón,1.0,material
2020-09,algodón,1.0,material
2020-10,algodón,1.0,material
2020-11,algodón,1.0,material
2020-12,algodón,1.0,material
2021-01,algodón,1.0,material
2021-02,algodón,1.0,material
2021-03,algodón,1.0,material
2021-04,algodón,1.0,material
2021-05,algodón,1.0,material
2021-06,algodón,1.0,material
2021-07,algodón,1.0,material
2021-08,algodón,1.0,material
2021-09,algodón,1.0,material
2021-10,algodón,1.0,material
2021-11,algodón,1.0,material
2021-12,algodón,1.0,material
2022-01,vaquero,2.0,material
2022-02,vaquero,2.0,material
2022-03,vaquero,2.0,material
2022-04,vaquero,2.0,material
2022-05,vaquero,2.0,material
2022-06,vaquero,2.0,material
2022-07,vaquero,2.0,material
2022-08,vaquero,2.0,material
2022-09,vaquero,2.0,material
2022-10,vaquero,2.0,material
2022-11,vaquero,2.0,material
2022-12,vaquero,2.0,material
2023-01,vaquero,2.0,material
2023-02,vaquero,2.0,material
2023-03,vaquero,2.0,material
2023-04,vaquero,2.2,material
2023-05,vaquero,2.0,material
2023-06,vaquero,2.0,material
2023-07,vaquero,2.0,material
2023-08,vaquero,2.25,material
2023-09,vaquero,2.0,material
2023-10,vaquero,2.0,material
2023-11,vaquero,2.0,material
2023-12,vaquero,2.0,material
2022-01,encaje,1.0,material
2022-02,encaje,1.0,material
2022-03,encaje,1.0,material
2022-04,encaje,1.0,material
2022-05,encaje,1.0,material
2022-06,encaje,1.0,material
2022-07,encaje,1.0,material
2022-08,encaje,1.0,material
2022-09,encaje,1.0,material
2022-10,encaje,1.0,material
2022-11,encaje,1.0,material
2022-12,encaje,1.0,material
2023-01,encaje,1.0,material
2023-02,encaje,1.0,material
2023-03,encaje,1.0,material
2023-04,encaje,1.0,material
2023-05,encaje,1.0,material
2023-06,encaje,1.0,material
2023-07,encaje,1.0,material
2023-08,encaje,1.0,material
2023-09,encaje,1.0,material
2023-10,encaje,1.0,material
2023-11,encaje,1.0,material
2023-12,encaje,1.0,material
2022-01,seda,5.8,material
2022-02,seda,6.25,material
2022-03,seda,7.5,material
2022-04,seda,7.75,material
2022-05,seda,7.2,material
2022-06,seda,6.25,material
2022-07,seda,5.8,material
2022-08,seda,5.5,material
2022-09,seda,6.0,material
2022-10,seda,6.0,material
2022-11,seda,5.5,material
2022-12,seda,5.5,material
2023-01,seda,5.0,material
2023-02,seda,5.25,material
2023-03,seda,5.75,material
2023-04,seda,5.6,material
2023-05,seda,6.0,material
2023-06,seda,5.75,material
2023-07,seda,4.8,material
2023-08,seda,5.0,material
2023-09,seda,7.5,material
2023-10,seda,5.6,material
2023-11,seda,5.25,material
2023-12,seda,5.6,material
2022-01,algodón,1.0,material
2022-02,algodón,1.0,material
2022-03,algodón,1.0,material
2022-04,algodón,1.0,material
2022-05,algodón,1.0,material
2022-06,algodón,1.0,material
2022-07,algodón,1.0,material
2022-08,algodón,1.0,material
2022-09,algodón,1.0,material
2022-10,algodón,1.0,material
2022-11,algodón,1.0,material
2022-12,algodón,1.0,material
2023-01,algodón,1.0,material
2023-02,algodón,1.0,material
2023-03,algodón,1.0,material
2023-04,algodón,1.0,material
2023-05,algodón,1.0,material
2023-06,algodón,1.0,material
2023-07,algodón,1.0,material
2023-08,algodón,1.0,material
2023-09,algodón,1.0,material
2023-10,algodón,1.0,material
2023-11,algodón,1.0,material
2023-12,algodón,1.0,material
2024-01,vaquero,2.0,material
2024-02,vaquero,2.0,material
2024-03,vaquero,2.0,material
2024-04,vaquero,2.0,material
2024-05,vaquero,2.25,material
2024-06,vaquero,2.0,material
2024-07,vaquero,1.5,material
2024-08,vaquero,1.25,material
2024-09,vaquero,2.0,material
2024-10,vaquero,2.0,material
2024-11,vaquero,2.0,material
2024-12,vaquero,2.0,material
2025-01,vaquero,1.75,material
2025-02,vaquero,1.75,material
2025-03,vaquero,2.0,material
2025-04,vaquero,2.0,material
2025-05,vaquero,2.0,material
2025-06,vaquero,2.0,material
2025-07,vaquero,2.0,material
2025-08,vaquero,2.0,material
2025-09,vaquero,2.0,material
2025-10,vaquero,2.0,material
2025-11,vaquero,2.0,material
2025-12,vaquero,2.0,material
2024-01,encaje,1.0,material
2024-02,encaje,1.0,material
2024-03,encaje,1.0,material
2024-04,encaje,1.0,material
2024-05,encaje,1.0,material
2024-06,encaje,1.0,material
2024-07,encaje,1.0,material
2024-08,encaje,1.0,material
2024-09,encaje,1.0,material
2024-10,encaje,1.0,material
2024-11,encaje,1.0,material
2024-12,encaje,1.0,material
2025-01,encaje,1.0,material
2025-02,encaje,1.0,material
2025-03,encaje,1.0,material
2025-04,encaje,1.0,material
2025-05,encaje,1.0,material
2025-06,encaje,1.0,material
2025-07,encaje,1.0,material
2025-08,encaje,1.0,material
2025-09,encaje,1.0,material
2025-10,encaje,1.0,material
2025-11,encaje,1.0,material
2025-12,encaje,1.0,material
2024-01,seda,5.0,material
2024-02,seda,5.0,material
2024-03,seda,4.0,material
2024-04,seda,4.5,material
2024-05,seda,5.0,material
2024-06,seda,4.2,material
2024-07,seda,4.25,material
2024-08,seda,4.0,material
2024-09,seda,4.0,material
2024-10,seda,4.0,material
2024-11,seda,4.0,material
2024-12,seda,4.0,material
2025-01,seda,4.0,material
2025-02,seda,4.0,material
2025-03,seda,4.0,material
2025-04,seda,4.0,material
2025-05,seda,4.25,material
2025-06,seda,4.0,material
2025-07,seda,4.0,material
2025-08,seda,4.0,material
2025-09,seda,4.0,material
2025-10,seda,4.0,material
2025-11,seda,4.0,material
2025-12,seda,4.25,material
2024-01,algodón,1.0,material
2024-02,algodón,1.0,material
2024-03,algodón,1.0,material
2024-04,algodón,1.0,material
2024-05,algodón,1.0,material
2024-06,algodón,1.0,material
2024-07,algodón,1.0,material
2024-08,algodón,1.0,material
2024-09,algodón,1.0,material
2024-10,algodón,1.0,material
2024-11,algodón,1.0,material
2024-12,algodón,1.0,material
2025-01,algodón,1.0,material
2025-02,algodón,1.0,material
2025-03,algodón,1.0,material
2025-04,algodón,1.0,material
2025-05,algodón,1.0,material
2025-06,algodón,1.0,material
2025-07,algodón,1.0,material
2025-08,algodón,1.0,material
2025-09,algodón,1.0,material
2025-10,algodón,1.0,material
2025-11,algodón,1.0,material
2025-12,algodón,1.0,material
2019-12,lana,25.0,material
2020-01,lana,28.5,material
2020-02,lana,29.25,material
2020-03,lana,26.8,material
2020-04,lana,31.75,material
2020-05,lana,34.8,material
2020-06,lana,30.75,material
2020-07,lana,30.25,material
2020-08,lana,30.2,material
2020-09,lana,29.25,material
2020-10,lana,30.25,material
2020-11,lana,30.0,material
2020-12,lana,30.5,material
2021-01,lana,34.8,material
2021-02,lana,34.25,material
2021-03,lana,30.75,material
2021-04,lana,29.25,material
2021-05,lana,33.8,material
2021-06,lana,37.25,material
2021-07,lana,29.75,material
2021-08,lana,27.8,material
2021-09,lana,27.5,material
2021-10,lana,29.4,material
2021-11,lana,29.5,material
2021-12,lana,30.0,material
2019-12,terciopelo,1.0,material
2020-01,terciopelo,0.75,material
2020-02,terciopelo,0.0,material
2020-03,terciopelo,0.0,material
2020-04,terciopelo,0.5,material
2020-05,terciopelo,0.0,material
2020-06,terciopelo,0.25,material
2020-07,terciopelo,0.0,material
2020-08,terciopelo,0.0,material
2020-09,terciopelo,0.25,material
2020-10,terciopelo,1.0,material
2020-11,terciopelo,1.0,material
2020-12,terciopelo,1.0,material
2021-01,terciopelo,1.0,material
2021-02,terciopelo,0.25,material
2021-03,terciopelo,0.0,material
2021-04,terciopelo,0.0,material
2021-05,terciopelo,0.0,material
2021-06,terciopelo,0.0,material
2021-07,terciopelo,0.0,material
2021-08,terciopelo,0.0,material
2021-09,terciopelo,0.0,material
2021-10,terciopelo,1.0,material
2021-11,terciopelo,1.0,material
2021-12,terciopelo,1.0,material
2019-12,lino,4.0,material
2020-01,lino,5.25,material
2020-02,lino,4.75,material
2020-03,lino,4.4,material
2020-04,lino,5.0,material
2020-05,lino,5.8,material
2020-06,lino,6.0,material
2020-07,lino,6.25,material
2020-08,lino,5.0,material
2020-09,lino,5.0,material
2020-10,lino,5.0,material
2020-11,lino,4.8,material
2020-12,lino,4.5,material
2021-01,lino,5.0,material
2021-02,lino,5.0,material
2021-03,lino,5.0,material
2021-04,lino,5.25,material
2021-05,lino,5.0,material
2021-06,lino,5.25,material
2021-07,lino,5.25,material
2021-08,lino,5.0,material
2021-09,lino,4.75,material
2021-10,lino,4.4,material
2021-11,lino,4.75,material
2021-12,lino,3.75,material
2019-12,pana,5.0,material
2020-01,pana,5.0,material
2020-02,pana,4.75,material
2020-03,pana,4.6,material
2020-04,pana,5.25,material
2020-05,pana,5.2,material
2020-06,pana,5.75,material
2020-07,pana,5.0,material
2020-08,pana,5.2,material
2020-09,pana,5.25,material
2020-10,pana,6.0,material
2020-11,pana,5.8,material
2020-12,pana,6.0,material
2021-01,pana,5.8,material
2021-02,pana,5.75,material
2021-03,pana,5.75,material
2021-04,pana,5.25,material
2021-05,pana,5.0,material
2021-06,pana,5.5,material
2021-07,pana,5.0,material
2021-08,pana,5.2,material
2021-09,pana,5.0,material
2021-10,pana,6.2,material
2021-11,pana,5.0,material
2021-12,pana,5.0,material
2022-01,lana,28.2,material
2022-02,lana,24.5,material
2022-03,lana,23.75,material
2022-04,lana,26.0,material
2022-05,lana,25.8,material
2022-06,lana,28.0,material
2022-07,lana,28.2,material
2022-08,lana,28.5,material
2022-09,lana,30.0,material
2022-10,lana,29.6,material
2022-11,lana,26.75,material
2022-12,lana,30.5,material
2023-01,lana,31.4,material
2023-02,lana,30.25,material
2023-03,lana,31.0,material
2023-04,lana,29.8,material
2023-05,lana,33.25,material
2023-06,lana,32.25,material
2023-07,lana,34.4,material
2023-08,lana,32.5,material
2023-09,lana,28.0,material
2023-10,lana,27.0,material
2023-11,lana,28.25,material
2023-12,lana,27.2,material
2022-01,terciopelo,1.0,material
2022-02,terciopelo,1.0,material
2022-03,terciopelo,0.75,material
2022-04,terciopelo,0.0,material
2022-05,terciopelo,0.0,material
2022-06,terciopelo,0.0,material
2022-07,terciopelo,0.0,material
2022-08,terciopelo,0.0,material
2022-09,terciopelo,0.5,material
2022-10,terciopelo,1.0,material
2022-11,terciopelo,1.0,material
2022-12,terciopelo,1.0,material
2023-01,terciopelo,1.0,material
2023-02,terciopelo,0.75,material
2023-03,terciopelo,0.0,material
2023-04,terciopelo,0.0,material
2023-05,terciopelo,0.25,material
2023-06,terciopelo,0.0,material
2023-07,terciopelo,0.0,material
2023-08,terciopelo,0.0,material
2023-09,terciopelo,0.5,material
2023-10,terciopelo,1.0,material
2023-11,terciopelo,1.0,material
2023-12,terciopelo,1.0,material
2022-01,lino,5.0,material
2022-02,lino,5.0,material
2022-03,lino,5.0,material
2022-04,lino,5.0,material
2022-05,lino,6.2,material
2022-06,lino,6.0,material
2022-07,lino,6.0,material
2022-08,lino,5.5,material
2022-09,lino,5.0,material
2022-10,lino,5.2,material
2022-11,lino,5.0,material
2022-12,lino,4.0,material
2023-01,lino,4.8,material
2023-02,lino,5.75,material
2023-03,lino,5.25,material
2023-04,lino,5.6,material
2023-05,lino,5.5,material
2023-06,lino,6.25,material
2023-07,lino,6.4,material
2023-08,lino,5.5,material
2023-09,lino,5.25,material
2023-10,lino,5.2,material
2023-11,lino,5.25,material
2023-12,lino,5.0,material
2022-01,pana,5.2,material
2022-02,pana,5.75,material
2022-03,pana,5.25,material
2022-04,pana,5.75,material
2022-05,pana,5.0,material
2022-06,pana,6.0,material
2022-07,pana,5.0,material
2022-08,pana,5.0,material
2022-09,pana,5.25,material
2022-10,pana,5.8,material
2022-11,pana,6.0,material
2022-12,pana,6.0,material
2023-01,pana,5.4,material
2023-02,pana,5.5,material
2023-03,pana,5.0,material
2023-04,pana,5.4,material
2023-05,pana,5.0,material
2023-06,pana,5.5,material
2023-07,pana,5.0,material
2023-08,pana,6.5,material
2023-09,pana,5.25,material
2023-10,pana,5.6,material
2023-11,pana,5.75,material
2023-12,pana,7.4,material
2024-01,lana,22.75,material
2024-02,lana,26.75,material
2024-03,lana,20.0,material
2024-04,lana,26.0,material
2024-05,lana,24.25,material
2024-06,lana,24.4,material
2024-07,lana,22.75,material
2024-08,lana,23.75,material
2024-09,lana,24.8,material
2024-10,lana,23.25,material
2024-11,lana,24.0,material
2024-12,lana,25.2,material
2025-01,lana,24.0,material
2025-02,lana,21.0,material
2025-03,lana,20.0,material
2025-04,lana,21.25,material
2025-05,lana,20.0,material
2025-06,lana,22.6,material
2025-07,lana,20.75,material
2025-08,lana,20.6,material
2025-09,lana,18.75,material
2025-10,lana,20.25,material
2025-11,lana,24.0,material
2025-12,lana,22.75,material
2024-01,terciopelo,0.5,material
2024-02,terciopelo,0.0,material
2024-03,terciopelo,0.0,material
2024-04,terciopelo,0.0,material
2024-05,terciopelo,0.0,material
2024-06,terciopelo,0.0,material
2024-07,terciopelo,0.0,material
2024-08,terciopelo,0.0,material
2024-09,terciopelo,0.2,material
2024-10,terciopelo,1.0,material
2024-11,terciopelo,1.0,material
2024-12,terciopelo,1.0,material
2025-01,terciopelo,0.75,material
2025-02,terciopelo,0.0,material
2025-03,terciopelo,0.0,material
2025-04,terciopelo,0.0,material
2025-05,terciopelo,0.0,material
2025-06,terciopelo,0.0,material
2025-07,terciopelo,0.0,material
2025-08,terciopelo,0.0,material
2025-09,terciopelo,0.25,material
2025-10,terciopelo,1.0,material
2025-11,terciopelo,1.0,material
2025-12,terciopelo,1.0,material
2024-01,lino,4.5,material
2024-02,lino,5.0,material
2024-03,lino,4.6,material
2024-04,lino,5.0,material
2024-05,lino,5.5,material
2024-06,lino,5.4,material
2024-07,lino,5.75,material
2024-08,lino,5.0,material
2024-09,lino,4.6,material
2024-10,lino,4.0,material
2024-11,lino,4.0,material
2024-12,lino,4.0,material
2025-01,lino,4.0,material
2025-02,lino,4.0,material
2025-03,lino,4.8,material
2025-04,lino,5.0,material
2025-05,lino,5.0,material
2025-06,lino,6.0,material
2025-07,lino,6.75,material
2025-08,lino,5.8,material
2025-09,lino,5.0,material
2025-10,lino,4.75,material
2025-11,lino,5.0,material
2025-12,lino,4.5,material
2024-01,pana,6.25,material
2024-02,pana,5.0,material
2024-03,pana,4.4,material
2024-04,pana,4.25,material
2024-05,pana,4.5,material
2024-06,pana,4.4,material
2024-07,pana,4.0,material
2024-08,pana,4.0,material
2024-09,pana,4.0,material
2024-10,pana,5.0,material
2024-11,pana,4.75,material
2024-12,pana,4.4,material
2025-01,pana,4.5,material
2025-02,pana,4.0,material
2025-03,pana,4.0,material
2025-04,pana,4.0,material
2025-05,pana,4.0,material
2025-06,pana,4.0,material
2025-07,pana,4.0,material
2025-08,pana,4.0,material
2025-09,pana,4.0,material
2025-10,pana,4.75,material
2025-11,pana,4.6,material
2025-12,pana,4.75,material
2019-12,satén,0.0,material
2020-01,satén,0.0,material
2020-02,satén,0.0,material
2020-03,satén,0.0,material
2020-04,satén,0.0,material
2020-05,satén,0.0,material
2020-06,satén,0.0,material
2020-07,satén,0.0,material
2020-08,satén,0.0,material
2020-09,satén,0.0,material
2020-10,satén,0.0,material
2020-11,satén,0.0,material
2020-12,satén,0.0,material
2021-01,satén,0.0,material
2021-02,satén,0.0,material
2021-03,satén,0.0,material
2021-04,satén,0.0,material
2021-05,satén,0.0,material
2021-06,satén,0.0,material
2021-07,satén,0.0,material
2021-08,satén,0.0,material
2021-09,satén,0.0,material
2021-10,satén,0.0,material
2021-11,satén,0.0,material
2021-12,satén,0.0,material
2019-12,ante,6.0,material
2020-01,ante,7.75,material
2020-02,ante,7.75,material
2020-03,ante,10.6,material
2020-04,ante,10.75,material
2020-05,ante,11.2,material
2020-06,ante,10.25,material
2020-07,ante,9.5,material
2020-08,ante,9.6,material
2020-09,ante,9.75,material
2020-10,ante,10.25,material
2020-11,ante,10.4,material
2020-12,ante,7.75,material
2021-01,ante,8.2,material
2021-02,ante,9.5,material
2021-03,ante,9.5,material
2021-04,ante,10.25,material
2021-05,ante,10.4,material
2021-06,ante,10.0,material
2021-07,ante,8.25,material
2021-08,ante,8.8,material
2021-09,ante,9.5,material
2021-10,ante,9.2,material
2021-11,ante,9.5,material
2021-12,ante,7.25,material
2019-12,gasa,0.0,material
2020-01,gasa,1.0,material
2020-02,gasa,1.0,material
2020-03,gasa,0.4,material
2020-04,gasa,0.25,material
2020-05,gasa,1.0,material
2020-06,gasa,1.0,material
2020-07,gasa,1.0,material
2020-08,gasa,1.0,material
2020-09,gasa,1.0,material
2020-10,gasa,1.0,material
2020-11,gasa,0.8,material
2020-12,gasa,0.5,material
2021-01,gasa,1.0,material
2021-02,gasa,1.0,material
2021-03,gasa,1.0,material
2021-04,gasa,1.0,material
2021-05,gasa,1.0,material
2021-06,gasa,1.0,material
2021-07,gasa,1.0,material
2021-08,gasa,1.0,material
2021-09,gasa,1.0,material
2021-10,gasa,1.0,material
2021-11,gasa,1.0,material
2021-12,gasa,1.0,material
2019-12,polipiel,0.0,material
2020-01,polipiel,0.0,material
2020-02,polipiel,0.0,material
2020-03,polipiel,0.0,material
2020-04,polipiel,0.0,material
2020-05,polipiel,0.0,material
2020-06,polipiel,0.0,material
2020-07,polipiel,0.0,material
2020-08,polipiel,0.0,material
2020-09,polipiel,0.0,material
2020-10,polipiel,0.0,material
2020-11,polipiel,0.0,material
2020-12,polipiel,0.0,material
2021-01,polipiel,0.0,material
2021-02,polipiel,0.0,material
2021-03,polipiel,0.0,material
2021-04,polipiel,0.0,material
2021-05,polipiel,0.0,material
2021-06,polipiel,0.0,material
2021-07,polipiel,0.0,material
2021-08,polipiel,0.0,material
2021-09,polipiel,0.0,material
2021-10,polipiel,0.0,material
2021-11,polipiel,0.0,material
2021-12,polipiel,0.0,material
2022-01,satén,0.0,material
2022-02,satén,0.0,material
2022-03,satén,0.0,material
2022-04,satén,0.0,material
2022-05,satén,0.0,material
2022-06,satén,0.0,material
2022-07,satén,0.0,material
2022-08,satén,0.0,material
2022-09,satén,0.0,material
2022-10,satén,0.0,material
2022-11,satén,0.0,material
2022-12,satén,0.0,material
2023-01,satén,0.0,material
2023-02,satén,0.0,material
2023-03,satén,0.0,material
2023-04,satén,0.0,material
2023-05,satén,0.0,material
2023-06,satén,0.0,material
2023-07,satén,0.0,material
2023-08,satén,0.0,material
2023-09,satén,0.0,material
2023-10,satén,0.0,material
2023-11,satén,0.0,material
2023-12,satén,0.0,material
2022-01,ante,8.2,material
2022-02,ante,9.75,material
2022-03,ante,10.5,material
2022-04,ante,9.75,material
2022-05,ante,9.6,material
2022-06,ante,11.75,material
2022-07,ante,10.2,material
2022-08,ante,9.0,material
2022-09,ante,9.0,material
2022-10,ante,9.0,material
2022-11,ante,9.0,material
2022-12,ante,7.0,material
2023-01,ante,7.4,material
2023-02,ante,8.0,material
2023-03,ante,9.0,material
2023-04,ante,8.6,material
2023-05,ante,9.0,material
2023-06,ante,8.5,material
2023-07,ante,7.6,material
2023-08,ante,7.5,material
2023-09,ante,8.25,material
2023-10,ante,8.6,material
2023-11,ante,8.75,material
2023-12,ante,6.4,material
2022-01,gasa,1.0,material
2022-02,gasa,1.0,material
2022-03,gasa,1.0,material
2022-04,gasa,1.0,material
2022-05,gasa,1.0,material
2022-06,gasa,1.0,material
2022-07,gasa,1.0,material
2022-08,gasa,1.0,material
2022-09,gasa,1.0,material
2022-10,gasa,1.0,material
2022-11,gasa,1.0,material
2022-12,gasa,1.0,material
2023-01,gasa,1.0,material
2023-02,gasa,1.0,material
2023-03,gasa,1.0,material
2023-04,gasa,1.0,material
2023-05,gasa,1.0,material
2023-06,gasa,1.0,material
2023-07,gasa,1.0,material
2023-08,gasa,1.0,material
2023-09,gasa,1.0,material
2023-10,gasa,1.6,material
2023-11,gasa,1.0,material
2023-12,gasa,1.0,material
2022-01,polipiel,0.0,material
2022-02,polipiel,0.0,material
2022-03,polipiel,0.0,material
2022-04,polipiel,0.0,material
2022-05,polipiel,0.0,material
2022-06,polipiel,0.0,material
2022-07,polipiel,0.0,material
2022-08,polipiel,0.0,material
2022-09,polipiel,0.0,material
2022-10,polipiel,0.0,material
2022-11,polipiel,0.0,material
2022-12,polipiel,0.0,material
2023-01,polipiel,0.0,material
2023-02,polipiel,0.0,material
2023-03,polipiel,0.0,material
2023-04,polipiel,0.0,material
2023-05,polipiel,0.0,material
2023-06,polipiel,0.0,material
2023-07,polipiel,0.0,material
2023-08,polipiel,0.0,material
2023-09,polipiel,0.0,material
2023-10,polipiel,0.0,material
2023-11,polipiel,0.0,material
2023-12,polipiel,0.0,material
2024-01,satén,0.0,material
2024-02,satén,0.0,material
2024-03,satén,0.0,material
2024-04,satén,0.0,material
2024-05,satén,0.0,material
2024-06,satén,0.0,material
2024-07,satén,0.0,material
2024-08,satén,0.0,material
2024-09,satén,0.0,material
2024-10,satén,0.0,material
2024-11,satén,0.0,material
2024-12,satén,0.0,material
2025-01,satén,0.0,material
2025-02,satén,0.0,material
2025-03,satén,0.0,material
2025-04,satén,0.0,material
2025-05,satén,0.0,material
2025-06,satén,0.0,material
2025-07,satén,0.0,material
2025-08,satén,0.0,material
2025-09,satén,0.0,material
2025-10,satén,0.0,material
2025-11,satén,0.0,material
2025-12,satén,0.0,material
2024-01,ante,7.0,material
2024-02,ante,7.0,material
2024-03,ante,7.2,material
2024-04,ante,7.75,material
2024-05,ante,7.25,material
2024-06,ante,7.2,material
2024-07,ante,6.25,material
2024-08,ante,6.75,material
2024-09,ante,7.2,material
2024-10,ante,7.5,material
2024-11,ante,7.5,material
2024-12,ante,6.8,material
2025-01,ante,6.75,material
2025-02,ante,7.5,material
2025-03,ante,7.8,material
2025-04,ante,7.25,material
2025-05,ante,8.0,material
2025-06,ante,7.8,material
2025-07,ante,7.0,material
2025-08,ante,7.8,material
2025-09,ante,8.75,material
2025-10,ante,8.5,material
2025-11,ante,8.4,material
2025-12,ante,6.5,material
2024-01,gasa,1.0,material
2024-02,gasa,1.0,material
2024-03,gasa,1.0,material
2024-04,gasa,1.0,material
2024-05,gasa,1.0,material
2024-06,gasa,1.0,material
2024-07,gasa,1.0,material
2024-08,gasa,1.0,material
2024-09,gasa,1.0,material
2024-10,gasa,1.0,material
2024-11,gasa,1.0,material
2024-12,gasa,1.0,material
2025-01,gasa,1.0,material
2025-02,gasa,1.0,material
2025-03,gasa,1.0,material
2025-04,gasa,1.0,material
2025-05,gasa,1.0,material
2025-06,gasa,1.0,material
2025-07,gasa,1.0,material
2025-08,gasa,1.0,material
2025-09,gasa,1.0,material
2025-10,gasa,1.0,material
2025-11,gasa,1.0,material
2025-12,gasa,1.0,material
2024-01,polipiel,0.0,material
2024-02,polipiel,0.0,material
2024-03,polipiel,0.0,material
2024-04,polipiel,0.0,material
2024-05,polipiel,0.0,material
2024-06,polipiel,0.0,material
2024-07,polipiel,0.0,material
2024-08,polipiel,0.0,material
2024-09,polipiel,0.0,material
2024-10,polipiel,0.0,material
2024-11,polipiel,0.0,material
2024-12,polipiel,0.0,material
2025-01,polipiel,0.0,material
2025-02,polipiel,0.0,material
2025-03,polipiel,0.0,material
2025-04,polipiel,0.0,material
2025-05,polipiel,0.0,material
2025-06,polipiel,0.0,material
2025-07,polipiel,0.0,material
2025-08,polipiel,0.0,material
2025-09,polipiel,0.0,material
2025-10,polipiel,0.0,material
2025-11,polipiel,0.0,material
2025-12,polipiel,0.0,material
2019-12,rayas,2.0,patron
2020-01,rayas,2.0,patron
2020-02,rayas,2.0,patron
2020-03,rayas,1.8,patron
2020-04,rayas,2.0,patron
2020-05,rayas,2.0,patron
2020-06,rayas,2.0,patron
2020-07,rayas,2.0,patron
2020-08,rayas,2.0,patron
2020-09,rayas,2.0,patron
2020-10,rayas,2.0,patron
2020-11,rayas,2.0,patron
2020-12,rayas,2.0,patron
2021-01,rayas,2.0,patron
2021-02,rayas,2.0,patron
2021-03,rayas,2.0,patron
2021-04,rayas,2.0,patron
2021-05,rayas,2.0,patron
2021-06,rayas,2.25,patron
2021-07,rayas,2.0,patron
2021-08,rayas,2.0,patron
2021-09,rayas,2.0,patron
2021-10,rayas,2.0,patron
2021-11,rayas,2.0,patron
2021-12,rayas,2.0,patron
2019-12,cuadros,5.0,patron
2020-01,cuadros,5.75,patron
2020-02,cuadros,6.0,patron
2020-03,cuadros,5.8,patron
2020-04,cuadros,8.25,patron
2020-05,cuadros,8.6,patron
2020-06,cuadros,7.5,patron
2020-07,cuadros,7.0,patron
2020-08,cuadros,7.0,patron
2020-09,cuadros,7.75,patron
2020-10,cuadros,7.5,patron
2020-11,cuadros,7.4,patron
2020-12,cuadros,6.5,patron
2021-01,cuadros,6.8,patron
2021-02,cuadros,7.0,patron
2021-03,cuadros,6.75,patron
2021-04,cuadros,6.75,patron
2021-05,cuadros,6.4,patron
2021-06,cuadros,6.0,patron
2021-07,cuadros,5.25,patron
2021-08,cuadros,5.8,patron
2021-09,cuadros,6.0,patron
2021-10,cuadros,5.8,patron
2021-11,cuadros,6.25,patron
2021-12,cuadros,5.5,patron
2019-12,lunares,1.0,patron
2020-01,lunares,1.5,patron
2020-02,lunares,1.75,patron
2020-03,lunares,1.0,patron
2020-04,lunares,1.5,patron
2020-05,lunares,2.0,patron
2020-06,lunares,2.0,patron
2020-07,lunares,1.75,patron
2020-08,lunares,1.0,patron
2020-09,lunares,1.0,patron
2020-10,lunares,1.0,patron
2020-11,lunares,1.0,patron
2020-12,lunares,1.0,patron
2021-01,lunares,1.0,patron
2021-02,lunares,1.0,patron
2021-03,lunares,1.0,patron
2021-04,lunares,1.0,patron
2021-05,lunares,1.2,patron
2021-06,lunares,1.5,patron
2021-07,lunares,1.5,patron
2021-08,lunares,1.0,patron
2021-09,lunares,1.0,patron
2021-10,lunares,1.0,patron
2021-11,lunares,1.0,patron
2021-12,lunares,1.0,patron
2019-12,zapatillas,16.0,calzado
2020-01,zapatillas,14.25,calzado
2020-02,zapatillas,14.5,calzado
2020-03,zapatillas,9.6,calzado
2020-04,zapatillas,9.75,calzado
2020-05,zapatillas,15.0,calzado
2020-06,zapatillas,15.5,calzado
2020-07,zapatillas,15.25,calzado
2020-08,zapatillas,18.0,calzado
2020-09,zapatillas,17.75,calzado
2020-10,zapatillas,16.75,calzado
2020-11,zapatillas,18.8,calzado
2020-12,zapatillas,21.0,calzado
2021-01,zapatillas,16.4,calzado
2021-02,zapatillas,16.0,calzado
2021-03,zapatillas,16.5,calzado
2021-04,zapatillas,17.0,calzado
2021-05,zapatillas,19.4,calzado
2021-06,zapatillas,17.0,calzado
2021-07,zapatillas,17.25,calzado
2021-08,zapatillas,18.0,calzado
2021-09,zapatillas,17.0,calzado
2021-10,zapatillas,18.2,calzado
2021-11,zapatillas,18.25,calzado
2021-12,zapatillas,18.5,calzado
2022-01,rayas,2.0,patron
2022-02,rayas,2.0,patron
2022-03,rayas,2.5,patron
2022-04,rayas,2.25,patron
2022-05,rayas,2.0,patron
2022-06,rayas,2.0,patron
2022-07,rayas,2.0,patron
2022-08,rayas,2.25,patron
2022-09,rayas,2.0,patron
2022-10,rayas,2.6,patron
2022-11,rayas,2.0,patron
2022-12,rayas,3.0,patron
2023-01,rayas,2.0,patron
2023-02,rayas,2.0,patron
2023-03,rayas,2.0,patron
2023-04,rayas,2.4,patron
2023-05,rayas,2.0,patron
2023-06,rayas,2.0,patron
2023-07,rayas,2.0,patron
2023-08,rayas,2.25,patron
2023-09,rayas,2.0,patron
2023-10,rayas,2.4,patron
2023-11,rayas,2.0,patron
2023-12,rayas,2.4,patron
2022-01,cuadros,5.4,patron
2022-02,cuadros,6.0,patron
2022-03,cuadros,6.0,patron
2022-04,cuadros,5.75,patron
2022-05,cuadros,6.0,patron
2022-06,cuadros,5.25,patron
2022-07,cuadros,5.0,patron
2022-08,cuadros,5.25,patron
2022-09,cuadros,5.5,patron
2022-10,cuadros,6.0,patron
2022-11,cuadros,6.0,patron
2022-12,cuadros,5.5,patron
2023-01,cuadros,4.8,patron
2023-02,cuadros,5.25,patron
2023-03,cuadros,5.0,patron
2023-04,cuadros,4.8,patron
2023-05,cuadros,6.0,patron
2023-06,cuadros,5.25,patron
2023-07,cuadros,5.0,patron
2023-08,cuadros,5.0,patron
2023-09,cuadros,5.0,patron
2023-10,cuadros,5.0,patron
2023-11,cuadros,5.75,patron
2023-12,cuadros,4.6,patron
2022-01,lunares,1.2,patron
2022-02,lunares,1.0,patron
2022-03,lunares,1.0,patron
2022-04,lunares,1.5,patron
2022-05,lunares,1.4,patron
2022-06,lunares,1.0,patron
2022-07,lunares,1.0,patron
2022-08,lunares,1.0,patron
2022-09,lunares,1.0,patron
2022-10,lunares,1.0,patron
2022-11,lunares,1.0,patron
2022-12,lunares,1.0,patron
2023-01,lunares,1.0,patron
2023-02,lunares,1.0,patron
2023-03,lunares,1.0,patron
2023-04,lunares,1.2,patron
2023-05,lunares,1.0,patron
2023-06,lunares,1.0,patron
2023-07,lunares,1.0,patron
2023-08,lunares,1.0,patron
2023-09,lunares,1.0,patron
2023-10,lunares,1.0,patron
2023-11,lunares,1.0,patron
2023-12,lunares,1.0,patron
2022-01,zapatillas,16.0,calzado
2022-02,zapatillas,17.75,calzado
2022-03,zapatillas,17.75,calzado
2022-04,zapatillas,17.75,calzado
2022-05,zapatillas,18.8,calzado
2022-06,zapatillas,16.75,calzado
2022-07,zapatillas,17.4,calzado
2022-08,zapatillas,18.25,calzado
2022-09,zapatillas,18.5,calzado
2022-10,zapatillas,19.8,calzado
2022-11,zapatillas,18.75,calzado
2022-12,zapatillas,21.25,calzado
2023-01,zapatillas,17.4,calzado
2023-02,zapatillas,17.5,calzado
2023-03,zapatillas,18.0,calzado
2023-04,zapatillas,18.4,calzado
2023-05,zapatillas,19.75,calzado
2023-06,zapatillas,18.25,calzado
2023-07,zapatillas,18.0,calzado
2023-08,zapatillas,18.0,calzado
2023-09,zapatillas,19.25,calzado
2023-10,zapatillas,20.2,calzado
2023-11,zapatillas,21.75,calzado
2023-12,zapatillas,22.4,calzado
2024-01,rayas,2.0,patron
2024-02,rayas,2.0,patron
2024-03,rayas,2.0,patron
2024-04,rayas,2.0,patron
2024-05,rayas,2.0,patron
2024-06,rayas,2.0,patron
2024-07,rayas,2.0,patron
2024-08,rayas,2.0,patron
2024-09,rayas,2.0,patron
2024-10,rayas,2.0,patron
2024-11,rayas,2.0,patron
2024-12,rayas,2.0,patron
2025-01,rayas,2.0,patron
2025-02,rayas,2.0,patron
2025-03,rayas,2.0,patron
2025-04,rayas,2.0,patron
2025-05,rayas,2.0,patron
2025-06,rayas,2.0,patron
2025-07,rayas,2.0,patron
2025-08,rayas,2.0,patron
2025-09,rayas,2.0,patron
2025-10,rayas,2.0,patron
2025-11,rayas,2.0,patron
2025-12,rayas,2.0,patron
2024-01,cuadros,4.0,patron
2024-02,cuadros,4.0,patron
2024-03,cuadros,4.0,patron
2024-04,cuadros,4.0,patron
2024-05,cuadros,4.0,patron
2024-06,cuadros,4.0,patron
2024-07,cuadros,3.75,patron
2024-08,cuadros,4.0,patron
2024-09,cuadros,4.0,patron
2024-10,cuadros,4.0,patron
2024-11,cuadros,4.25,patron
2024-12,cuadros,3.8,patron
2025-01,cuadros,4.0,patron
2025-02,cuadros,4.0,patron
2025-03,cuadros,4.0,patron
2025-04,cuadros,3.75,patron
2025-05,cuadros,4.0,patron
2025-06,cuadros,3.6,patron
2025-07,cuadros,3.5,patron
2025-08,cuadros,4.0,patron
2025-09,cuadros,4.0,patron
2025-10,cuadros,4.0,patron
2025-11,cuadros,4.2,patron
2025-12,cuadros,3.5,patron
2024-01,lunares,1.0,patron
2024-02,lunares,1.0,patron
2024-03,lunares,1.0,patron
2024-04,lunares,1.0,patron
2024-05,lunares,1.0,patron
2024-06,lunares,1.0,patron
2024-07,lunares,1.0,patron
2024-08,lunares,1.0,patron
2024-09,lunares,1.0,patron
2024-10,lunares,1.25,patron
2024-11,lunares,1.25,patron
2024-12,lunares,1.0,patron
2025-01,lunares,1.0,patron
2025-02,lunares,1.0,patron
2025-03,lunares,1.0,patron
2025-04,lunares,1.0,patron
2025-05,lunares,1.0,patron
2025-06,lunares,1.0,patron
2025-07,lunares,1.0,patron
2025-08,lunares,1.0,patron
2025-09,lunares,1.0,patron
2025-10,lunares,1.0,patron
2025-11,lunares,1.0,patron
2025-12,lunares,1.0,patron
2024-01,zapatillas,14.5,calzado
2024-02,zapatillas,14.0,calzado
2024-03,zapatillas,14.2,calzado
2024-04,zapatillas,15.0,calzado
2024-05,zapatillas,15.0,calzado
2024-06,zapatillas,15.2,calzado
2024-07,zapatillas,14.0,calzado
2024-08,zapatillas,14.5,calzado
2024-09,zapatillas,16.2,calzado
2024-10,zapatillas,14.25,calzado
2024-11,zapatillas,16.0,calzado
2024-12,zapatillas,17.4,calzado
2025-01,zapatillas,13.5,calzado
2025-02,zapatillas,14.25,calzado
2025-03,zapatillas,14.2,calzado
2025-04,zapatillas,14.25,calzado
2025-05,zapatillas,14.0,calzado
2025-06,zapatillas,14.0,calzado
2025-07,zapatillas,13.5,calzado
2025-08,zapatillas,14.6,calzado
2025-09,zapatillas,14.75,calzado
2025-10,zapatillas,15.5,calzado
2025-11,zapatillas,17.0,calzado
2025-12,zapatillas,17.5,calzado
2019-12,botas,15.0,calzado
2020-01,botas,12.5,calzado
2020-02,botas,9.5,calzado
2020-03,botas,7.2,calzado
2020-04,botas,7.25,calzado
2020-05,botas,10.4,calzado
2020-06,botas,10.5,calzado
2020-07,botas,9.75,calzado
2020-08,botas,9.6,calzado
2020-09,botas,11.25,calzado
2020-10,botas,13.75,calzado
2020-11,botas,15.4,calzado
2020-12,botas,17.5,calzado
2021-01,botas,14.0,calzado
2021-02,botas,9.75,calzado
2021-03,botas,9.25,calzado
2021-04,botas,10.25,calzado
2021-05,botas,11.2,calzado
2021-06,botas,12.0,calzado
2021-07,botas,11.5,calzado
2021-08,botas,10.6,calzado
2021-09,botas,12.0,calzado
2021-10,botas,14.4,calzado
2021-11,botas,19.25,calzado
2021-12,botas,18.5,calzado
2019-12,tacones,1.0,calzado
2020-01,tacones,1.0,calzado
2020-02,tacones,1.0,calzado
2020-03,tacones,1.0,calzado
2020-04,tacones,1.0,calzado
2020-05,tacones,1.0,calzado
2020-06,tacones,1.0,calzado
2020-07,tacones,1.0,calzado
2020-08,tacones,1.0,calzado
2020-09,tacones,1.0,calzado
2020-10,tacones,1.0,calzado
2020-11,tacones,1.0,calzado
2020-12,tacones,1.0,calzado
2021-01,tacones,1.0,calzado
2021-02,tacones,1.0,calzado
2021-03,tacones,1.0,calzado
2021-04,tacones,1.0,calzado
2021-05,tacones,1.0,calzado
2021-06,tacones,1.0,calzado
2021-07,tacones,1.25,calzado
2021-08,tacones,1.0,calzado
2021-09,tacones,1.0,calzado
2021-10,tacones,1.6,calzado
2021-11,tacones,2.0,calzado
2021-12,tacones,2.0,calzado
2019-12,sandalias,3.0,calzado
2020-01,sandalias,3.0,calzado
2020-02,sandalias,3.0,calzado
2020-03,sandalias,2.4,calzado
2020-04,sandalias,2.5,calzado
2020-05,sandalias,6.4,calzado
2020-06,sandalias,6.5,calzado
2020-07,sandalias,5.75,calzado
2020-08,sandalias,4.0,calzado
2020-09,sandalias,3.0,calzado
2020-10,sandalias,3.5,calzado
2020-11,sandalias,4.0,calzado
2020-12,sandalias,4.5,calzado
2021-01,sandalias,3.0,calzado
2021-02,sandalias,3.0,calzado
2021-03,sandalias,3.5,calzado
2021-04,sandalias,4.0,calzado
2021-05,sandalias,5.8,calzado
2021-06,sandalias,7.25,calzado
2021-07,sandalias,6.0,calzado
2021-08,sandalias,4.8,calzado
2021-09,sandalias,3.75,calzado
2021-10,sandalias,4.0,calzado
2021-11,sandalias,4.5,calzado
2021-12,sandalias,5.0,calzado
2019-12,mocasines,0.0,calzado
2020-01,mocasines,0.0,calzado
2020-02,mocasines,0.0,calzado
2020-03,mocasines,0.0,calzado
2020-04,mocasines,0.0,calzado
2020-05,mocasines,0.0,calzado
2020-06,mocasines,0.0,calzado
2020-07,mocasines,0.0,calzado
2020-08,mocasines,0.0,calzado
2020-09,mocasines,0.0,calzado
2020-10,mocasines,0.0,calzado
2020-11,mocasines,0.0,calzado
2020-12,mocasines,0.0,calzado
2021-01,mocasines,0.0,calzado
2021-02,mocasines,0.0,calzado
2021-03,mocasines,0.0,calzado
2021-04,mocasines,0.0,calzado
2021-05,mocasines,0.0,calzado
2021-06,mocasines,0.0,calzado
2021-07,mocasines,0.0,calzado
2021-08,mocasines,0.0,calzado
2021-09,mocasines,0.0,calzado
2021-10,mocasines,0.4,calzado
2021-11,mocasines,0.5,calzado
2021-12,mocasines,0.75,calzado
2022-01,botas,12.6,calzado
2022-02,botas,11.0,calzado
2022-03,botas,11.5,calzado
2022-04,botas,12.0,calzado
2022-05,botas,13.8,calzado
2022-06,botas,14.0,calzado
2022-07,botas,11.6,calzado
2022-08,botas,12.0,calzado
2022-09,botas,13.5,calzado
2022-10,botas,15.2,calzado
2022-11,botas,18.75,calzado
2022-12,botas,23.25,calzado
2023-01,botas,29.2,calzado
2023-02,botas,19.5,calzado
2023-03,botas,15.25,calzado
2023-04,botas,15.0,calzado
2023-05,botas,14.25,calzado
2023-06,botas,14.25,calzado
2023-07,botas,12.6,calzado
2023-08,botas,12.25,calzado
2023-09,botas,13.0,calzado
2023-10,botas,15.4,calzado
2023-11,botas,19.0,calzado
2023-12,botas,19.0,calzado
2022-01,tacones,2.0,calzado
2022-02,tacones,2.0,calzado
2022-03,tacones,2.0,calzado
2022-04,tacones,2.0,calzado
2022-05,tacones,2.0,calzado
2022-06,tacones,2.0,calzado
2022-07,tacones,2.0,calzado
2022-08,tacones,2.0,calzado
2022-09,tacones,2.0,calzado
2022-10,tacones,2.0,calzado
2022-11,tacones,2.0,calzado
2022-12,tacones,2.0,calzado
2023-01,tacones,1.0,calzado
2023-02,tacones,1.0,calzado
2023-03,tacones,1.25,calzado
2023-04,tacones,1.4,calzado
2023-05,tacones,2.0,calzado
2023-06,tacones,2.0,calzado
2023-07,tacones,1.8,calzado
2023-08,tacones,1.0,calzado
2023-09,tacones,1.0,calzado
2023-10,tacones,1.0,calzado
2023-11,tacones,1.75,calzado
2023-12,tacones,1.6,calzado
2022-01,sandalias,3.2,calzado
2022-02,sandalias,3.0,calzado
2022-03,sandalias,4.0,calzado
2022-04,sandalias,4.5,calzado
2022-05,sandalias,7.4,calzado
2022-06,sandalias,7.5,calzado
2022-07,sandalias,6.8,calzado
2022-08,sandalias,4.75,calzado
2022-09,sandalias,3.5,calzado
2022-10,sandalias,3.4,calzado
2022-11,sandalias,4.5,calzado
2022-12,sandalias,5.5,calzado
2023-01,sandalias,3.6,calzado
2023-02,sandalias,3.5,calzado
2023-03,sandalias,4.25,calzado
2023-04,sandalias,5.6,calzado
2023-05,sandalias,6.0,calzado
2023-06,sandalias,8.0,calzado
2023-07,sandalias,7.2,calzado
2023-08,sandalias,5.0,calzado
2023-09,sandalias,3.5,calzado
2023-10,sandalias,3.4,calzado
2023-11,sandalias,4.25,calzado
2023-12,sandalias,5.0,calzado
2022-01,mocasines,0.0,calzado
2022-02,mocasines,0.0,calzado
2022-03,mocasines,0.25,calzado
2022-04,mocasines,0.5,calzado
2022-05,mocasines,0.2,calzado
2022-06,mocasines,0.0,calzado
2022-07,mocasines,0.0,calzado
2022-08,mocasines,0.5,calzado
2022-09,mocasines,1.0,calzado
2022-10,mocasines,1.0,calzado
2022-11,mocasines,1.0,calzado
2022-12,mocasines,1.0,calzado
2023-01,mocasines,1.0,calzado
2023-02,mocasines,0.75,calzado
2023-03,mocasines,1.0,calzado
2023-04,mocasines,1.0,calzado
2023-05,mocasines,1.0,calzado
2023-06,mocasines,0.75,calzado
2023-07,mocasines,0.4,calzado
2023-08,mocasines,1.0,calzado
2023-09,mocasines,1.0,calzado
2023-10,mocasines,1.0,calzado
2023-11,mocasines,1.0,calzado
2023-12,mocasines,1.0,calzado
2024-01,botas,11.75,calzado
2024-02,botas,9.0,calzado
2024-03,botas,8.4,calzado
2024-04,botas,8.75,calzado
2024-05,botas,9.75,calzado
2024-06,botas,10.0,calzado
2024-07,botas,9.25,calzado
2024-08,botas,8.75,calzado
2024-09,botas,10.2,calzado
2024-10,botas,12.0,calzado
2024-11,botas,13.75,calzado
2024-12,botas,14.0,calzado
2025-01,botas,10.5,calzado
2025-02,botas,8.75,calzado
2025-03,botas,9.2,calzado
2025-04,botas,9.0,calzado
2025-05,botas,10.25,calzado
2025-06,botas,10.8,calzado
2025-07,botas,9.25,calzado
2025-08,botas,10.4,calzado
2025-09,botas,10.75,calzado
2025-10,botas,12.0,calzado
2025-11,botas,15.0,calzado
2025-12,botas,15.25,calzado
2024-01,tacones,1.0,calzado
2024-02,tacones,1.0,calzado
2024-03,tacones,1.0,calzado
2024-04,tacones,1.0,calzado
2024-05,tacones,1.0,calzado
2024-06,tacones,1.0,calzado
2024-07,tacones,1.0,calzado
2024-08,tacones,1.0,calzado
2024-09,tacones,1.0,calzado
2024-10,tacones,1.0,calzado
2024-11,tacones,1.0,calzado
2024-12,tacones,1.2,calzado
2025-01,tacones,1.0,calzado
2025-02,tacones,1.0,calzado
2025-03,tacones,1.0,calzado
2025-04,tacones,1.0,calzado
2025-05,tacones,1.0,calzado
2025-06,tacones,1.0,calzado
2025-07,tacones,1.0,calzado
2025-08,tacones,1.0,calzado
2025-09,tacones,1.0,calzado
2025-10,tacones,1.0,calzado
2025-11,tacones,1.0,calzado
2025-12,tacones,1.5,calzado
2024-01,sandalias,3.0,calzado
2024-02,sandalias,3.0,calzado
2024-03,sandalias,3.2,calzado
2024-04,sandalias,4.0,calzado
2024-05,sandalias,4.5,calzado
2024-06,sandalias,5.6,calzado
2024-07,sandalias,5.0,calzado
2024-08,sandalias,3.75,calzado
2024-09,sandalias,2.8,calzado
2024-10,sandalias,2.75,calzado
2024-11,sandalias,3.25,calzado
2024-12,sandalias,3.8,calzado
2025-01,sandalias,3.0,calzado
2025-02,sandalias,2.75,calzado
2025-03,sandalias,3.0,calzado
2025-04,sandalias,3.5,calzado
2025-05,sandalias,4.75,calzado
2025-06,sandalias,6.0,calzado
2025-07,sandalias,5.0,calzado
2025-08,sandalias,3.6,calzado
2025-09,sandalias,2.5,calzado
2025-10,sandalias,2.25,calzado
2025-11,sandalias,3.4,calzado
2025-12,sandalias,4.0,calzado
2024-01,mocasines,0.25,calzado
2024-02,mocasines,0.0,calzado
2024-03,mocasines,0.2,calzado
2024-04,mocasines,0.5,calzado
2024-05,mocasines,0.0,calzado
2024-06,mocasines,0.0,calzado
2024-07,mocasines,0.0,calzado
2024-08,mocasines,0.0,calzado
2024-09,mocasines,0.8,calzado
2024-10,mocasines,0.75,calzado
2024-11,mocasines,0.75,calzado
2024-12,mocasines,0.8,calzado
2025-01,mocasines,0.0,calzado
2025-02,mocasines,0.0,calzado
2025-03,mocasines,0.4,calzado
2025-04,mocasines,0.5,calzado
2025-05,mocasines,0.5,calzado
2025-06,mocasines,0.0,calzado
2025-07,mocasines,0.0,calzado
2025-08,mocasines,0.4,calzado
2025-09,mocasines,1.0,calzado
2025-10,mocasines,1.0,calzado
2025-11,mocasines,1.0,calzado
2025-12,mocasines,1.0,calzado
2019-12,minimalista,1.0,estilo
2020-01,minimalista,1.75,estilo
2020-02,minimalista,1.0,estilo
2020-03,minimalista,1.0,estilo
2020-04,minimalista,1.0,estilo
2020-05,minimalista,1.0,estilo
2020-06,minimalista,1.0,estilo
2020-07,minimalista,1.0,estilo
2020-08,minimalista,1.0,estilo
2020-09,minimalista,1.0,estilo
2020-10,minimalista,1.0,estilo
2020-11,minimalista,1.0,estilo
2020-12,minimalista,1.0,estilo
2021-01,minimalista,1.0,estilo
2021-02,minimalista,1.0,estilo
2021-03,minimalista,1.0,estilo
2021-04,minimalista,1.0,estilo
2021-05,minimalista,1.0,estilo
2021-06,minimalista,1.0,estilo
2021-07,minimalista,1.0,estilo
2021-08,minimalista,1.0,estilo
2021-09,minimalista,1.0,estilo
2021-10,minimalista,1.0,estilo
2021-11,minimalista,1.0,estilo
2021-12,minimalista,1.0,estilo
2019-12,vanguardista,0.0,estilo
2020-01,vanguardista,0.0,estilo
2020-02,vanguardista,0.0,estilo
2020-03,vanguardista,0.0,estilo
2020-04,vanguardista,0.0,estilo
2020-05,vanguardista,0.0,estilo
2020-06,vanguardista,0.0,estilo
2020-07,vanguardista,0.0,estilo
2020-08,vanguardista,0.0,estilo
2020-09,vanguardista,0.0,estilo
2020-10,vanguardista,0.0,estilo
2020-11,vanguardista,0.0,estilo
2020-12,vanguardista,0.0,estilo
2021-01,vanguardista,0.0,estilo
2021-02,vanguardista,0.0,estilo
2021-03,vanguardista,0.0,estilo
2021-04,vanguardista,0.0,estilo
2021-05,vanguardista,0.0,estilo
2021-06,vanguardista,0.0,estilo
2021-07,vanguardista,0.0,estilo
2021-08,vanguardista,0.0,estilo
2021-09,vanguardista,0.0,estilo
2021-10,vanguardista,0.0,estilo
2021-11,vanguardista,0.0,estilo
2021-12,vanguardista,0.0,estilo
2019-12,bohemio,1.0,estilo
2020-01,bohemio,0.0,estilo
2020-02,bohemio,0.0,estilo
2020-03,bohemio,0.0,estilo
2020-04,bohemio,0.0,estilo
2020-05,bohemio,0.0,estilo
2020-06,bohemio,0.0,estilo
2020-07,bohemio,0.0,estilo
2020-08,bohemio,0.0,estilo
2020-09,bohemio,0.0,estilo
2020-10,bohemio,0.0,estilo
2020-11,bohemio,0.0,estilo
2020-12,bohemio,0.0,estilo
2021-01,bohemio,0.0,estilo
2021-02,bohemio,0.0,estilo
2021-03,bohemio,0.0,estilo
2021-04,bohemio,0.0,estilo
2021-05,bohemio,0.0,estilo
2021-06,bohemio,0.0,estilo
2021-07,bohemio,0.0,estilo
2021-08,bohemio,0.0,estilo
2021-09,bohemio,0.0,estilo
2021-10,bohemio,0.0,estilo
2021-11,bohemio,0.0,estilo
2021-12,bohemio,0.0,estilo
2019-12,urbano,9.0,estilo
2020-01,urbano,9.0,estilo
2020-02,urbano,8.25,estilo
2020-03,urbano,7.0,estilo
2020-04,urbano,6.5,estilo
2020-05,urbano,7.0,estilo
2020-06,urbano,7.25,estilo
2020-07,urbano,7.0,estilo
2020-08,urbano,7.2,estilo
2020-09,urbano,8.0,estilo
2020-10,urbano,8.0,estilo
2020-11,urbano,7.6,estilo
2020-12,urbano,5.75,estilo
2021-01,urbano,6.8,estilo
2021-02,urbano,7.0,estilo
2021-03,urbano,6.0,estilo
2021-04,urbano,6.75,estilo
2021-05,urbano,7.0,estilo
2021-06,urbano,6.75,estilo
2021-07,urbano,6.0,estilo
2021-08,urbano,6.0,estilo
2021-09,urbano,6.25,estilo
2021-10,urbano,6.0,estilo
2021-11,urbano,6.25,estilo
2021-12,urbano,4.5,estilo
2022-01,minimalista,1.0,estilo
2022-02,minimalista,1.0,estilo
2022-03,minimalista,1.0,estilo
2022-04,minimalista,1.0,estilo
2022-05,minimalista,1.0,estilo
2022-06,minimalista,1.0,estilo
2022-07,minimalista,1.0,estilo
2022-08,minimalista,1.0,estilo
2022-09,minimalista,1.0,estilo
2022-10,minimalista,1.0,estilo
2022-11,minimalista,1.0,estilo
2022-12,minimalista,1.0,estilo
2023-01,minimalista,1.0,estilo
2023-02,minimalista,1.0,estilo
2023-03,minimalista,1.0,estilo
2023-04,minimalista,1.0,estilo
2023-05,minimalista,1.0,estilo
2023-06,minimalista,1.0,estilo
2023-07,minimalista,1.0,estilo
2023-08,minimalista,1.0,estilo
2023-09,minimalista,1.0,estilo
2023-10,minimalista,1.0,estilo
2023-11,minimalista,1.0,estilo
2023-12,minimalista,1.0,estilo
2022-01,vanguardista,0.0,estilo
2022-02,vanguardista,0.0,estilo
2022-03,vanguardista,0.0,estilo
2022-04,vanguardista,0.0,estilo
2022-05,vanguardista,0.0,estilo
2022-06,vanguardista,0.0,estilo
2022-07,vanguardista,0.0,estilo
2022-08,vanguardista,0.0,estilo
2022-09,vanguardista,0.0,estilo
2022-10,vanguardista,0.0,estilo
2022-11,vanguardista,0.0,estilo
2022-12,vanguardista,0.0,estilo
2023-01,vanguardista,0.0,estilo
2023-02,vanguardista,0.0,estilo
2023-03,vanguardista,0.0,estilo
2023-04,vanguardista,0.0,estilo
2023-05,vanguardista,0.0,estilo
2023-06,vanguardista,0.0,estilo
2023-07,vanguardista,0.0,estilo
2023-08,vanguardista,0.0,estilo
2023-09,vanguardista,0.0,estilo
2023-10,vanguardista,0.0,estilo
2023-11,vanguardista,0.0,estilo
2023-12,vanguardista,0.0,estilo
2022-01,bohemio,0.0,estilo
2022-02,bohemio,0.0,estilo
2022-03,bohemio,0.0,estilo
2022-04,bohemio,0.0,estilo
2022-05,bohemio,0.0,estilo
2022-06,bohemio,0.0,estilo
2022-07,bohemio,0.0,estilo
2022-08,bohemio,0.0,estilo
2022-09,bohemio,0.0,estilo
2022-10,bohemio,0.0,estilo
2022-11,bohemio,0.0,estilo
2022-12,bohemio,0.0,estilo
2023-01,bohemio,0.0,estilo
2023-02,bohemio,0.0,estilo
2023-03,bohemio,0.0,estilo
2023-04,bohemio,0.0,estilo
2023-05,bohemio,0.0,estilo
2023-06,bohemio,0.0,estilo
2023-07,bohemio,0.0,estilo
2023-08,bohemio,0.0,estilo
2023-09,bohemio,0.0,estilo
2023-10,bohemio,0.0,estilo
2023-11,bohemio,0.0,estilo
2023-12,bohemio,0.0,estilo
2022-01,urbano,5.2,estilo
2022-02,urbano,6.0,estilo
2022-03,urbano,7.0,estilo
2022-04,urbano,6.0,estilo
2022-05,urbano,6.4,estilo
2022-06,urbano,6.25,estilo
2022-07,urbano,5.4,estilo
2022-08,urbano,5.75,estilo
2022-09,urbano,6.0,estilo
2022-10,urbano,5.4,estilo
2022-11,urbano,5.25,estilo
2022-12,urbano,4.25,estilo
2023-01,urbano,5.0,estilo
2023-02,urbano,5.0,estilo
2023-03,urbano,5.75,estilo
2023-04,urbano,5.8,estilo
2023-05,urbano,6.0,estilo
2023-06,urbano,5.5,estilo
2023-07,urbano,5.0,estilo
2023-08,urbano,5.0,estilo
2023-09,urbano,5.25,estilo
2023-10,urbano,5.0,estilo
2023-11,urbano,5.0,estilo
2023-12,urbano,4.0,estilo
2024-01,minimalista,1.0,estilo
2024-02,minimalista,1.0,estilo
2024-03,minimalista,1.0,estilo
2024-04,minimalista,1.0,estilo
2024-05,minimalista,1.0,estilo
2024-06,minimalista,1.0,estilo
2024-07,minimalista,1.0,estilo
2024-08,minimalista,1.0,estilo
2024-09,minimalista,1.0,estilo
2024-10,minimalista,1.0,estilo
2024-11,minimalista,1.0,estilo
2024-12,minimalista,1.0,estilo
2025-01,minimalista,1.0,estilo
2025-02,minimalista,1.0,estilo
2025-03,minimalista,1.0,estilo
2025-04,minimalista,1.0,estilo
2025-05,minimalista,1.0,estilo
2025-06,minimalista,1.0,estilo
2025-07,minimalista,1.0,estilo
2025-08,minimalista,1.0,estilo
2025-09,minimalista,1.0,estilo
2025-10,minimalista,1.0,estilo
2025-11,minimalista,1.0,estilo
2025-12,minimalista,1.0,estilo
2024-01,vanguardista,0.0,estilo
2024-02,vanguardista,0.0,estilo
2024-03,vanguardista,0.0,estilo
2024-04,vanguardista,0.0,estilo
2024-05,vanguardista,0.0,estilo
2024-06,vanguardista,0.0,estilo
2024-07,vanguardista,0.0,estilo
2024-08,vanguardista,0.0,estilo
2024-09,vanguardista,0.0,estilo
2024-10,vanguardista,0.0,estilo
2024-11,vanguardista,0.0,estilo
2024-12,vanguardista,0.0,estilo
2025-01,vanguardista,0.0,estilo
2025-02,vanguardista,0.0,estilo
2025-03,vanguardista,0.0,estilo
2025-04,vanguardista,0.0,estilo
2025-05,vanguardista,0.0,estilo
2025-06,vanguardista,0.0,estilo
2025-07,vanguardista,0.0,estilo
2025-08,vanguardista,0.0,estilo
2025-09,vanguardista,0.0,estilo
2025-10,vanguardista,0.0,estilo
2025-11,vanguardista,0.0,estilo
2025-12,vanguardista,0.0,estilo
2024-01,bohemio,0.0,estilo
2024-02,bohemio,0.0,estilo
2024-03,bohemio,0.0,estilo
2024-04,bohemio,0.0,estilo
2024-05,bohemio,0.0,estilo
2024-06,bohemio,0.0,estilo
2024-07,bohemio,0.0,estilo
2024-08,bohemio,0.0,estilo
2024-09,bohemio,0.0,estilo
2024-10,bohemio,0.0,estilo
2024-11,bohemio,0.0,estilo
2024-12,bohemio,0.0,estilo
2025-01,bohemio,0.0,estilo
2025-02,bohemio,0.0,estilo
2025-03,bohemio,0.0,estilo
2025-04,bohemio,0.0,estilo
2025-05,bohemio,0.0,estilo
2025-06,bohemio,0.0,estilo
2025-07,bohemio,0.0,estilo
2025-08,bohemio,0.0,estilo
2025-09,bohemio,0.0,estilo
2025-10,bohemio,0.0,estilo
2025-11,bohemio,0.0,estilo
2025-12,bohemio,0.0,estilo
2024-01,urbano,4.0,estilo
2024-02,urbano,3.75,estilo
2024-03,urbano,4.2,estilo
2024-04,urbano,4.25,estilo
2024-05,urbano,4.0,estilo
2024-06,urbano,4.2,estilo
2024-07,urbano,4.0,estilo
2024-08,urbano,4.0,estilo
2024-09,urbano,4.2,estilo
2024-10,urbano,4.0,estilo
2024-11,urbano,4.0,estilo
2024-12,urbano,3.4,estilo
2025-01,urbano,3.5,estilo
2025-02,urbano,4.0,estilo
2025-03,urbano,4.0,estilo
2025-04,urbano,3.75,estilo
2025-05,urbano,4.25,estilo
2025-06,urbano,4.2,estilo
2025-07,urbano,4.0,estilo
2025-08,urbano,5.2,estilo
2025-09,urbano,5.0,estilo
2025-10,urbano,5.0,estilo
2025-11,urbano,5.0,estilo
2025-12,urbano,3.5,estilo
2019-12,pijo,0.0,estilo
2020-01,pijo,0.0,estilo
2020-02,pijo,0.0,estilo
2020-03,pijo,0.0,estilo
2020-04,pijo,0.0,estilo
2020-05,pijo,0.0,estilo
2020-06,pijo,0.0,estilo
2020-07,pijo,0.0,estilo
2020-08,pijo,0.0,estilo
2020-09,pijo,0.0,estilo
2020-10,pijo,0.0,estilo
2020-11,pijo,0.0,estilo
2020-12,pijo,0.0,estilo
2021-01,pijo,0.0,estilo
2021-02,pijo,0.0,estilo
2021-03,pijo,0.0,estilo
2021-04,pijo,0.0,estilo
2021-05,pijo,0.0,estilo
2021-06,pijo,0.0,estilo
2021-07,pijo,0.0,estilo
2021-08,pijo,0.0,estilo
2021-09,pijo,0.0,estilo
2021-10,pijo,0.0,estilo
2021-11,pijo,0.0,estilo
2021-12,pijo,0.0,estilo
2019-12,deportivo,16.0,estilo
2020-01,deportivo,23.25,estilo
2020-02,deportivo,24.25,estilo
2020-03,deportivo,15.4,estilo
2020-04,deportivo,10.5,estilo
2020-05,deportivo,11.2,estilo
2020-06,deportivo,15.25,estilo
2020-07,deportivo,18.25,estilo
2020-08,deportivo,23.0,estilo
2020-09,deportivo,22.5,estilo
2020-10,deportivo,20.75,estilo
2020-11,deportivo,20.0,estilo
2020-12,deportivo,17.0,estilo
2021-01,deportivo,18.8,estilo
2021-02,deportivo,20.25,estilo
2021-03,deportivo,22.0,estilo
2021-04,deportivo,22.5,estilo
2021-05,deportivo,22.2,estilo
2021-06,deportivo,20.25,estilo
2021-07,deportivo,22.0,estilo
2021-08,deportivo,26.8,estilo
2021-09,deportivo,21.75,estilo
2021-10,deportivo,20.2,estilo
2021-11,deportivo,19.75,estilo
2021-12,deportivo,19.5,estilo
2019-12,manga,61.0,parte_prenda
2020-01,manga,56.25,parte_prenda
2020-02,manga,54.75,parte_prenda
2020-03,manga,57.2,parte_prenda
2020-04,manga,65.75,parte_prenda
2020-05,manga,64.0,parte_prenda
2020-06,manga,65.75,parte_prenda
2020-07,manga,69.25,parte_prenda
2020-08,manga,69.8,parte_prenda
2020-09,manga,64.25,parte_prenda
2020-10,manga,68.75,parte_prenda
2020-11,manga,67.8,parte_prenda
2020-12,manga,81.0,parte_prenda
2021-01,manga,80.6,parte_prenda
2021-02,manga,84.5,parte_prenda
2021-03,manga,86.75,parte_prenda
2021-04,manga,90.75,parte_prenda
2021-05,manga,88.8,parte_prenda
2021-06,manga,89.25,parte_prenda
2021-07,manga,94.0,parte_prenda
2021-08,manga,90.8,parte_prenda
2021-09,manga,83.25,parte_prenda
2021-10,manga,82.2,parte_prenda
2021-11,manga,80.25,parte_prenda
2021-12,manga,85.5,parte_prenda
2019-12,cuello,5.0,parte_prenda
2020-01,cuello,6.0,parte_prenda
2020-02,cuello,5.75,parte_prenda
2020-03,cuello,5.2,parte_prenda
2020-04,cuello,5.75,parte_prenda
2020-05,cuello,6.4,parte_prenda
2020-06,cuello,6.0,parte_prenda
2020-07,cuello,6.0,parte_prenda
2020-08,cuello,6.0,parte_prenda
2020-09,cuello,6.0,parte_prenda
2020-10,cuello,6.25,parte_prenda
2020-11,cuello,6.6,parte_prenda
2020-12,cuello,6.5,parte_prenda
2021-01,cuello,6.0,parte_prenda
2021-02,cuello,6.25,parte_prenda
2021-03,cuello,6.0,parte_prenda
2021-04,cuello,7.0,parte_prenda
2021-05,cuello,7.0,parte_prenda
2021-06,cuello,7.0,parte_prenda
2021-07,cuello,7.0,parte_prenda
2021-08,cuello,6.4,parte_prenda
2021-09,cuello,6.0,parte_prenda
2021-10,cuello,6.4,parte_prenda
2021-11,cuello,7.25,parte_prenda
2021-12,cuello,6.5,parte_prenda
2022-01,pijo,0.0,estilo
2022-02,pijo,0.0,estilo
2022-03,pijo,0.0,estilo
2022-04,pijo,0.0,estilo
2022-05,pijo,0.0,estilo
2022-06,pijo,0.0,estilo
2022-07,pijo,0.0,estilo
2022-08,pijo,0.0,estilo
2022-09,pijo,0.0,estilo
2022-10,pijo,0.0,estilo
2022-11,pijo,0.0,estilo
2022-12,pijo,0.0,estilo
2023-01,pijo,0.0,estilo
2023-02,pijo,0.0,estilo
2023-03,pijo,0.0,estilo
2023-04,pijo,0.0,estilo
2023-05,pijo,0.0,estilo
2023-06,pijo,0.0,estilo
2023-07,pijo,0.0,estilo
2023-08,pijo,0.0,estilo
2023-09,pijo,0.0,estilo
2023-10,pijo,0.0,estilo
2023-11,pijo,0.0,estilo
2023-12,pijo,0.0,estilo
2022-01,deportivo,19.2,estilo
2022-02,deportivo,20.0,estilo
2022-03,deportivo,20.0,estilo
2022-04,deportivo,24.25,estilo
2022-05,deportivo,24.0,estilo
2022-06,deportivo,21.75,estilo
2022-07,deportivo,25.6,estilo
2022-08,deportivo,25.75,estilo
2022-09,deportivo,20.25,estilo
2022-10,deportivo,20.2,estilo
2022-11,deportivo,16.5,estilo
2022-12,deportivo,14.75,estilo
2023-01,deportivo,16.8,estilo
2023-02,deportivo,19.5,estilo
2023-03,deportivo,19.5,estilo
2023-04,deportivo,21.8,estilo
2023-05,deportivo,21.0,estilo
2023-06,deportivo,22.0,estilo
2023-07,deportivo,22.8,estilo
2023-08,deportivo,30.25,estilo
2023-09,deportivo,21.75,estilo
2023-10,deportivo,19.2,estilo
2023-11,deportivo,19.0,estilo
2023-12,deportivo,15.4,estilo
2022-01,manga,84.4,parte_prenda
2022-02,manga,87.0,parte_prenda
2022-03,manga,92.25,parte_prenda
2022-04,manga,91.75,parte_prenda
2022-05,manga,86.2,parte_prenda
2022-06,manga,93.0,parte_prenda
2022-07,manga,93.8,parte_prenda
2022-08,manga,87.25,parte_prenda
2022-09,manga,79.75,parte_prenda
2022-10,manga,81.2,parte_prenda
2022-11,manga,80.5,parte_prenda
2022-12,manga,89.75,parte_prenda
2023-01,manga,84.8,parte_prenda
2023-02,manga,81.0,parte_prenda
2023-03,manga,82.0,parte_prenda
2023-04,manga,88.8,parte_prenda
2023-05,manga,81.75,parte_prenda
2023-06,manga,83.75,parte_prenda
2023-07,manga,94.2,parte_prenda
2023-08,manga,90.25,parte_prenda
2023-09,manga,84.5,parte_prenda
2023-10,manga,83.8,parte_prenda
2023-11,manga,82.25,parte_prenda
2023-12,manga,85.2,parte_prenda
2022-01,cuello,6.2,parte_prenda
2022-02,cuello,6.75,parte_prenda
2022-03,cuello,7.25,parte_prenda
2022-04,cuello,7.0,parte_prenda
2022-05,cuello,7.2,parte_prenda
2022-06,cuello,7.0,parte_prenda
2022-07,cuello,7.2,parte_prenda
2022-08,cuello,7.5,parte_prenda
2022-09,cuello,7.0,parte_prenda
2022-10,cuello,7.6,parte_prenda
2022-11,cuello,7.75,parte_prenda
2022-12,cuello,7.5,parte_prenda
2023-01,cuello,7.0,parte_prenda
2023-02,cuello,7.25,parte_prenda
2023-03,cuello,7.5,parte_prenda
2023-04,cuello,7.6,parte_prenda
2023-05,cuello,8.0,parte_prenda
2023-06,cuello,8.0,parte_prenda
2023-07,cuello,7.4,parte_prenda
2023-08,cuello,7.0,parte_prenda
2023-09,cuello,7.0,parte_prenda
2023-10,cuello,7.4,parte_prenda
2023-11,cuello,7.75,parte_prenda
2023-12,cuello,7.4,parte_prenda
2024-01,pijo,0.0,estilo
2024-02,pijo,0.0,estilo
2024-03,pijo,0.0,estilo
2024-04,pijo,0.0,estilo
2024-05,pijo,0.0,estilo
2024-06,pijo,0.0,estilo
2024-07,pijo,0.0,estilo
2024-08,pijo,0.0,estilo
2024-09,pijo,0.0,estilo
2024-10,pijo,0.0,estilo
2024-11,pijo,0.0,estilo
2024-12,pijo,0.0,estilo
2025-01,pijo,0.0,estilo
2025-02,pijo,0.0,estilo
2025-03,pijo,0.0,estilo
2025-04,pijo,0.0,estilo
2025-05,pijo,0.0,estilo
2025-06,pijo,0.0,estilo
2025-07,pijo,0.0,estilo
2025-08,pijo,0.0,estilo
2025-09,pijo,0.0,estilo
2025-10,pijo,0.0,estilo
2025-11,pijo,0.0,estilo
2025-12,pijo,0.0,estilo
2024-01,deportivo,18.0,estilo
2024-02,deportivo,16.25,estilo
2024-03,deportivo,15.4,estilo
2024-04,deportivo,18.0,estilo
2024-05,deportivo,20.25,estilo
2024-06,deportivo,14.6,estilo
2024-07,deportivo,17.5,estilo
2024-08,deportivo,21.75,estilo
2024-09,deportivo,21.6,estilo
2024-10,deportivo,22.5,estilo
2024-11,deportivo,17.25,estilo
2024-12,deportivo,13.0,estilo
2025-01,deportivo,14.25,estilo
2025-02,deportivo,19.0,estilo
2025-03,deportivo,20.0,estilo
2025-04,deportivo,22.5,estilo
2025-05,deportivo,23.75,estilo
2025-06,deportivo,15.2,estilo
2025-07,deportivo,18.25,estilo
2025-08,deportivo,20.2,estilo
2025-09,deportivo,20.0,estilo
2025-10,deportivo,19.75,estilo
2025-11,deportivo,17.8,estilo
2025-12,deportivo,13.5,estilo
2024-01,manga,92.5,parte_prenda
2024-02,manga,86.0,parte_prenda
2024-03,manga,88.2,parte_prenda
2024-04,manga,91.25,parte_prenda
2024-05,manga,89.0,parte_prenda
2024-06,manga,94.0,parte_prenda
2024-07,manga,94.5,parte_prenda
2024-08,manga,87.25,parte_prenda
2024-09,manga,82.6,parte_prenda
2024-10,manga,82.75,parte_prenda
2024-11,manga,84.0,parte_prenda
2024-12,manga,87.8,parte_prenda
2025-01,manga,83.0,parte_prenda
2025-02,manga,79.25,parte_prenda
2025-03,manga,82.4,parte_prenda
2025-04,manga,82.0,parte_prenda
2025-05,manga,79.0,parte_prenda
2025-06,manga,79.2,parte_prenda
2025-07,manga,86.25,parte_prenda
2025-08,manga,83.4,parte_prenda
2025-09,manga,80.5,parte_prenda
2025-10,manga,79.5,parte_prenda
2025-11,manga,79.8,parte_prenda
2025-12,manga,86.25,parte_prenda
2024-01,cuello,7.75,parte_prenda
2024-02,cuello,7.0,parte_prenda
2024-03,cuello,7.0,parte_prenda
2024-04,cuello,7.25,parte_prenda
2024-05,cuello,7.5,parte_prenda
2024-06,cuello,7.4,parte_prenda
2024-07,cuello,7.0,parte_prenda
2024-08,cuello,7.0,parte_prenda
2024-09,cuello,7.0,parte_prenda
2024-10,cuello,7.75,parte_prenda
2024-11,cuello,7.75,parte_prenda
2024-12,cuello,7.2,parte_prenda
2025-01,cuello,7.0,parte_prenda
2025-02,cuello,7.0,parte_prenda
2025-03,cuello,7.0,parte_prenda
2025-04,cuello,7.0,parte_prenda
2025-05,cuello,7.0,parte_prenda
2025-06,cuello,7.2,parte_prenda
2025-07,cuello,7.0,parte_prenda
2025-08,cuello,7.0,parte_prenda
2025-09,cuello,7.5,parte_prenda
2025-10,cuello,8.0,parte_prenda
2025-11,cuello,8.2,parte_prenda
2025-12,cuello,7.75,parte_prenda
2019-12,cinturilla,0.0,parte_prenda
2020-01,cinturilla,0.0,parte_prenda
2020-02,cinturilla,0.0,parte_prenda
2020-03,cinturilla,0.0,parte_prenda
2020-04,cinturilla,0.0,parte_prenda
2020-05,cinturilla,0.0,parte_prenda
2020-06,cinturilla,0.0,parte_prenda
2020-07,cinturilla,0.0,parte_prenda
2020-08,cinturilla,0.0,parte_prenda
2020-09,cinturilla,0.0,parte_prenda
2020-10,cinturilla,0.0,parte_prenda
2020-11,cinturilla,0.0,parte_prenda
2020-12,cinturilla,0.0,parte_prenda
2021-01,cinturilla,0.0,parte_prenda
2021-02,cinturilla,0.0,parte_prenda
2021-03,cinturilla,0.0,parte_prenda
2021-04,cinturilla,0.0,parte_prenda
2021-05,cinturilla,0.0,parte_prenda
2021-06,cinturilla,0.0,parte_prenda
2021-07,cinturilla,0.0,parte_prenda
2021-08,cinturilla,0.0,parte_prenda
2021-09,cinturilla,0.0,parte_prenda
2021-10,cinturilla,0.0,parte_prenda
2021-11,cinturilla,0.0,parte_prenda
2021-12,cinturilla,0.0,parte_prenda
2019-12,dobladillo,0.0,parte_prenda
2020-01,dobladillo,0.0,parte_prenda
2020-02,dobladillo,0.0,parte_prenda
2020-03,dobladillo,0.0,parte_prenda
2020-04,dobladillo,0.0,parte_prenda
2020-05,dobladillo,0.0,parte_prenda
2020-06,dobladillo,0.0,parte_prenda
2020-07,dobladillo,0.0,parte_prenda
2020-08,dobladillo,0.0,parte_prenda
2020-09,dobladillo,0.0,parte_prenda
2020-10,dobladillo,0.0,parte_prenda
2020-11,dobladillo,0.0,parte_prenda
2020-12,dobladillo,0.0,parte_prenda
2021-01,dobladillo,0.0,parte_prenda
2021-02,dobladillo,0.0,parte_prenda
2021-03,dobladillo,0.0,parte_prenda
2021-04,dobladillo,0.0,parte_prenda
2021-05,dobladillo,0.0,parte_prenda
2021-06,dobladillo,0.0,parte_prenda
2021-07,dobladillo,0.0,parte_prenda
2021-08,dobladillo,0.0,parte_prenda
2021-09,dobladillo,0.0,parte_prenda
2021-10,dobladillo,0.0,parte_prenda
2021-11,dobladillo,0.0,parte_prenda
2021-12,dobladillo,0.0,parte_prenda
2019-12,puño,1.0,parte_prenda
2020-01,puño,1.0,parte_prenda
2020-02,puño,1.0,parte_prenda
2020-03,puño,1.0,parte_prenda
2020-04,puño,1.0,parte_prenda
2020-05,puño,1.4,parte_prenda
2020-06,puño,1.0,parte_prenda
2020-07,puño,1.0,parte_prenda
2020-08,puño,1.0,parte_prenda
2020-09,puño,1.0,parte_prenda
2020-10,puño,1.0,parte_prenda
2020-11,puño,1.0,parte_prenda
2020-12,puño,1.0,parte_prenda
2021-01,puño,1.0,parte_prenda
2021-02,puño,1.0,parte_prenda
2021-03,puño,1.0,parte_prenda
2021-04,puño,1.0,parte_prenda
2021-05,puño,1.0,parte_prenda
2021-06,puño,1.0,parte_prenda
2021-07,puño,1.0,parte_prenda
2021-08,puño,1.0,parte_prenda
2021-09,puño,1.0,parte_prenda
2021-10,puño,1.0,parte_prenda
2021-11,puño,1.0,parte_prenda
2021-12,puño,1.0,parte_prenda
2019-12,bolsillo,1.0,parte_prenda
2020-01,bolsillo,1.0,parte_prenda
2020-02,bolsillo,1.0,parte_prenda
2020-03,bolsillo,1.0,parte_prenda
2020-04,bolsillo,1.0,parte_prenda
2020-05,bolsillo,1.0,parte_prenda
2020-06,bolsillo,1.0,parte_prenda
2020-07,bolsillo,1.0,parte_prenda
2020-08,bolsillo,1.0,parte_prenda
2020-09,bolsillo,1.0,parte_prenda
2020-10,bolsillo,1.0,parte_prenda
2020-11,bolsillo,1.0,parte_prenda
2020-12,bolsillo,1.0,parte_prenda
2021-01,bolsillo,1.0,parte_prenda
2021-02,bolsillo,1.0,parte_prenda
2021-03,bolsillo,1.0,parte_prenda
2021-04,bolsillo,1.0,parte_prenda
2021-05,bolsillo,1.0,parte_prenda
2021-06,bolsillo,1.0,parte_prenda
2021-07,bolsillo,1.0,parte_prenda
2021-08,bolsillo,1.0,parte_prenda
2021-09,bolsillo,1.0,parte_prenda
2021-10,bolsillo,1.0,parte_prenda
2021-11,bolsillo,1.0,parte_prenda
2021-12,bolsillo,1.0,parte_prenda
2022-01,cinturilla,0.0,parte_prenda
2022-02,cinturilla,0.0,parte_prenda
2022-03,cinturilla,0.0,parte_prenda
2022-04,cinturilla,0.0,parte_prenda
2022-05,cinturilla,0.0,parte_prenda
2022-06,cinturilla,0.0,parte_prenda
2022-07,cinturilla,0.0,parte_prenda
2022-08,cinturilla,0.0,parte_prenda
2022-09,cinturilla,0.0,parte_prenda
2022-10,cinturilla,0.0,parte_prenda
2022-11,cinturilla,0.0,parte_prenda
2022-12,cinturilla,0.0,parte_prenda
2023-01,cinturilla,0.0,parte_prenda
2023-02,cinturilla,0.0,parte_prenda
2023-03,cinturilla,0.0,parte_prenda
2023-04,cinturilla,0.0,parte_prenda
2023-05,cinturilla,0.0,parte_prenda
2023-06,cinturilla,0.0,parte_prenda
2023-07,cinturilla,0.0,parte_prenda
2023-08,cinturilla,0.0,parte_prenda
2023-09,cinturilla,0.0,parte_prenda
2023-10,cinturilla,0.0,parte_prenda
2023-11,cinturilla,0.0,parte_prenda
2023-12,cinturilla,0.0,parte_prenda
2022-01,dobladillo,0.0,parte_prenda
2022-02,dobladillo,0.0,parte_prenda
2022-03,dobladillo,0.0,parte_prenda
2022-04,dobladillo,0.0,parte_prenda
2022-05,dobladillo,0.0,parte_prenda
2022-06,dobladillo,0.0,parte_prenda
2022-07,dobladillo,0.0,parte_prenda
2022-08,dobladillo,0.0,parte_prenda
2022-09,dobladillo,0.0,parte_prenda
2022-10,dobladillo,0.0,parte_prenda
2022-11,dobladillo,0.0,parte_prenda
2022-12,dobladillo,0.0,parte_prenda
2023-01,dobladillo,0.0,parte_prenda
2023-02,dobladillo,0.0,parte_prenda
2023-03,dobladillo,0.0,parte_prenda
2023-04,dobladillo,0.0,parte_prenda
2023-05,dobladillo,0.0,parte_prenda
2023-06,dobladillo,0.0,parte_prenda
2023-07,dobladillo,0.0,parte_prenda
2023-08,dobladillo,0.0,parte_prenda
2023-09,dobladillo,0.0,parte_prenda
2023-10,dobladillo,0.0,parte_prenda
2023-11,dobladillo,0.0,parte_prenda
2023-12,dobladillo,0.0,parte_prenda
2022-01,puño,1.0,parte_prenda
2022-02,puño,1.0,parte_prenda
2022-03,puño,1.0,parte_prenda
2022-04,puño,1.0,parte_prenda
2022-05,puño,1.0,parte_prenda
2022-06,puño,1.0,parte_prenda
2022-07,puño,1.0,parte_prenda
2022-08,puño,1.0,parte_prenda
2022-09,puño,1.0,parte_prenda
2022-10,puño,1.0,parte_prenda
2022-11,puño,1.0,parte_prenda
2022-12,puño,1.0,parte_prenda
2023-01,puño,1.0,parte_prenda
2023-02,puño,1.0,parte_prenda
2023-03,puño,1.0,parte_prenda
2023-04,puño,1.0,parte_prenda
2023-05,puño,1.0,parte_prenda
2023-06,puño,1.0,parte_prenda
2023-07,puño,1.0,parte_prenda
2023-08,puño,1.0,parte_prenda
2023-09,puño,1.0,parte_prenda
2023-10,puño,1.0,parte_prenda
2023-11,puño,1.0,parte_prenda
2023-12,puño,1.0,parte_prenda
2022-01,bolsillo,1.0,parte_prenda
2022-02,bolsillo,1.0,parte_prenda
2022-03,bolsillo,1.0,parte_prenda
2022-04,bolsillo,1.0,parte_prenda
2022-05,bolsillo,1.0,parte_prenda
2022-06,bolsillo,1.0,parte_prenda
2022-07,bolsillo,1.0,parte_prenda
2022-08,bolsillo,1.0,parte_prenda
2022-09,bolsillo,1.0,parte_prenda
2022-10,bolsillo,1.0,parte_prenda
2022-11,bolsillo,1.0,parte_prenda
2022-12,bolsillo,1.0,parte_prenda
2023-01,bolsillo,1.0,parte_prenda
2023-02,bolsillo,1.0,parte_prenda
2023-03,bolsillo,1.0,parte_prenda
2023-04,bolsillo,2.4,parte_prenda
2023-05,bolsillo,1.75,parte_prenda
2023-06,bolsillo,1.25,parte_prenda
2023-07,bolsillo,1.2,parte_prenda
2023-08,bolsillo,1.25,parte_prenda
2023-09,bolsillo,1.0,parte_prenda
2023-10,bolsillo,1.0,parte_prenda
2023-11,bolsillo,1.25,parte_prenda
2023-12,bolsillo,1.0,parte_prenda
2024-01,cinturilla,0.0,parte_prenda
2024-02,cinturilla,0.0,parte_prenda
2024-03,cinturilla,0.0,parte_prenda
2024-04,cinturilla,0.0,parte_prenda
2024-05,cinturilla,0.0,parte_prenda
2024-06,cinturilla,0.0,parte_prenda
2024-07,cinturilla,0.0,parte_prenda
2024-08,cinturilla,0.0,parte_prenda
2024-09,cinturilla,0.0,parte_prenda
2024-10,cinturilla,0.0,parte_prenda
2024-11,cinturilla,0.0,parte_prenda
2024-12,cinturilla,0.0,parte_prenda
2025-01,cinturilla,0.0,parte_prenda
2025-02,cinturilla,0.0,parte_prenda
2025-03,cinturilla,0.0,parte_prenda
2025-04,cinturilla,0.0,parte_prenda
2025-05,cinturilla,0.0,parte_prenda
2025-06,cinturilla,0.0,parte_prenda
2025-07,cinturilla,0.0,parte_prenda
2025-08,cinturilla,0.0,parte_prenda
2025-09,cinturilla,0.0,parte_prenda
2025-10,cinturilla,0.0,parte_prenda
2025-11,cinturilla,0.0,parte_prenda
2025-12,cinturilla,0.0,parte_prenda
2024-01,dobladillo,0.0,parte_prenda
2024-02,dobladillo,0.0,parte_prenda
2024-03,dobladillo,0.0,parte_prenda
2024-04,dobladillo,0.0,parte_prenda
2024-05,dobladillo,0.0,parte_prenda
2024-06,dobladillo,0.0,parte_prenda
2024-07,dobladillo,0.0,parte_prenda
2024-08,dobladillo,0.0,parte_prenda
2024-09,dobladillo,0.0,parte_prenda
2024-10,dobladillo,0.0,parte_prenda
2024-11,dobladillo,0.0,parte_prenda
2024-12,dobladillo,0.0,parte_prenda
2025-01,dobladillo,0.0,parte_prenda
2025-02,dobladillo,0.0,parte_prenda
2025-03,dobladillo,0.0,parte_prenda
2025-04,dobladillo,0.0,parte_prenda
2025-05,dobladillo,0.0,parte_prenda
2025-06,dobladillo,0.0,parte_prenda
2025-07,dobladillo,0.0,parte_prenda
2025-08,dobladillo,0.0,parte_prenda
2025-09,dobladillo,0.0,parte_prenda
2025-10,dobladillo,0.0,parte_prenda
2025-11,dobladillo,0.0,parte_prenda
2025-12,dobladillo,0.0,parte_prenda
2024-01,puño,1.0,parte_prenda
2024-02,puño,1.0,parte_prenda
2024-03,puño,1.0,parte_prenda
2024-04,puño,1.0,parte_prenda
2024-05,puño,1.0,parte_prenda
2024-06,puño,1.0,parte_prenda
2024-07,puño,1.0,parte_prenda
2024-08,puño,1.0,parte_prenda
2024-09,puño,1.0,parte_prenda
2024-10,puño,1.0,parte_prenda
2024-11,puño,1.0,parte_prenda
2024-12,puño,1.0,parte_prenda
2025-01,puño,1.0,parte_prenda
2025-02,puño,1.0,parte_prenda
2025-03,puño,1.0,parte_prenda
2025-04,puño,1.0,parte_prenda
2025-05,puño,1.0,parte_prenda
2025-06,puño,1.0,parte_prenda
2025-07,puño,1.0,parte_prenda
2025-08,puño,1.0,parte_prenda
2025-09,puño,1.0,parte_prenda
2025-10,puño,1.0,parte_prenda
2025-11,puño,1.0,parte_prenda
2025-12,puño,1.0,parte_prenda
2024-01,bolsillo,1.25,parte_prenda
2024-02,bolsillo,1.0,parte_prenda
2024-03,bolsillo,1.0,parte_prenda
2024-04,bolsillo,1.0,parte_prenda
2024-05,bolsillo,1.0,parte_prenda
2024-06,bolsillo,1.2,parte_prenda
2024-07,bolsillo,2.25,parte_prenda
2024-08,bolsillo,1.0,parte_prenda
2024-09,bolsillo,1.0,parte_prenda
2024-10,bolsillo,1.0,parte_prenda
2024-11,bolsillo,1.0,parte_prenda
2024-12,bolsillo,1.0,parte_prenda
2025-01,bolsillo,1.0,parte_prenda
2025-02,bolsillo,1.0,parte_prenda
2025-03,bolsillo,1.0,parte_prenda
2025-04,bolsillo,1.0,parte_prenda
2025-05,bolsillo,1.0,parte_prenda
2025-06,bolsillo,1.0,parte_prenda
2025-07,bolsillo,1.0,parte_prenda
2025-08,bolsillo,1.0,parte_prenda
2025-09,bolsillo,1.0,parte_prenda
2025-10,bolsillo,1.0,parte_prenda
2025-11,bolsillo,1.0,parte_prenda
2025-12,bolsillo,1.0,parte_prenda
2019-12,solapa,0.0,parte_prenda
2020-01,solapa,0.0,parte_prenda
2020-02,solapa,0.0,parte_prenda
2020-03,solapa,0.0,parte_prenda
2020-04,solapa,0.0,parte_prenda
2020-05,solapa,0.0,parte_prenda
2020-06,solapa,0.0,parte_prenda
2020-07,solapa,0.0,parte_prenda
2020-08,solapa,0.0,parte_prenda
2020-09,solapa,0.0,parte_prenda
2020-10,solapa,0.0,parte_prenda
2020-11,solapa,0.0,parte_prenda
2020-12,solapa,0.0,parte_prenda
2021-01,solapa,0.0,parte_prenda
2021-02,solapa,0.0,parte_prenda
2021-03,solapa,0.0,parte_prenda
2021-04,solapa,0.0,parte_prenda
2021-05,solapa,0.0,parte_prenda
2021-06,solapa,0.0,parte_prenda
2021-07,solapa,0.0,parte_prenda
2021-08,solapa,0.0,parte_prenda
2021-09,solapa,0.0,parte_prenda
2021-10,solapa,0.0,parte_prenda
2021-11,solapa,0.0,parte_prenda
2021-12,solapa,0.0,parte_prenda
2022-01,solapa,0.0,parte_prenda
2022-02,solapa,0.0,parte_prenda
2022-03,solapa,0.0,parte_prenda
2022-04,solapa,0.0,parte_prenda
2022-05,solapa,0.0,parte_prenda
2022-06,solapa,0.0,parte_prenda
2022-07,solapa,0.0,parte_prenda
2022-08,solapa,0.0,parte_prenda
2022-09,solapa,0.0,parte_prenda
2022-10,solapa,0.0,parte_prenda
2022-11,solapa,0.0,parte_prenda
2022-12,solapa,0.0,parte_prenda
2023-01,solapa,0.0,parte_prenda
2023-02,solapa,0.0,parte_prenda
2023-03,solapa,0.0,parte_prenda
2023-04,solapa,0.0,parte_prenda
2023-05,solapa,0.0,parte_prenda
2023-06,solapa,0.0,parte_prenda
2023-07,solapa,0.0,parte_prenda
2023-08,solapa,0.0,parte_prenda
2023-09,solapa,0.0,parte_prenda
2023-10,solapa,0.0,parte_prenda
2023-11,solapa,0.0,parte_prenda
2023-12,solapa,0.0,parte_prenda
2024-01,solapa,0.0,parte_prenda
2024-02,solapa,0.0,parte_prenda
2024-03,solapa,0.0,parte_prenda
2024-04,solapa,0.0,parte_prenda
2024-05,solapa,0.0,parte_prenda
2024-06,solapa,0.0,parte_prenda
2024-07,solapa,0.0,parte_prenda
2024-08,solapa,0.0,parte_prenda
2024-09,solapa,0.0,parte_prenda
2024-10,solapa,0.0,parte_prenda
2024-11,solapa,0.0,parte_prenda
2024-12,solapa,0.0,parte_prenda
2025-01,solapa,0.0,parte_prenda
2025-02,solapa,0.0,parte_prenda
2025-03,solapa,0.0,parte_prenda
2025-04,solapa,0.0,parte_prenda
2025-05,solapa,0.0,parte_prenda
2025-06,solapa,0.0,parte_prenda
2025-07,solapa,0.0,parte_prenda
2025-08,solapa,0.0,parte_prenda
2025-09,solapa,0.0,parte_prenda
2025-10,solapa,0.0,parte_prenda
2025-11,solapa,0.0,parte_prenda
2025-12,solapa,0.0,parte_prenda
2019-12,cobalt blue,0.0,color
2020-01,cobalt blue,1.0,color
2020-02,cobalt blue,0.75,color
2020-03,cobalt blue,0.2,color
2020-04,cobalt blue,0.5,color
2020-05,cobalt blue,1.0,color
2020-06,cobalt blue,1.0,color
2020-07,cobalt blue,1.0,color
2020-08,cobalt blue,1.0,color
2020-09,cobalt blue,0.75,color
2020-10,cobalt blue,0.0,color
2020-11,cobalt blue,0.4,color
2020-12,cobalt blue,0.25,color
2021-01,cobalt blue,1.0,color
2021-02,cobalt blue,1.0,color
2021-03,cobalt blue,1.0,color
2021-04,cobalt blue,1.0,color
2021-05,cobalt blue,1.0,color
2021-06,cobalt blue,1.0,color
2021-07,cobalt blue,1.0,color
2021-08,cobalt blue,0.8,color
2021-09,cobalt blue,0.75,color
2021-10,cobalt blue,0.8,color
2021-11,cobalt blue,1.0,color
2021-12,cobalt blue,1.0,color
2022-01,cobalt blue,1.0,color
2022-02,cobalt blue,1.0,color
2022-03,cobalt blue,1.0,color
2022-04,cobalt blue,1.25,color
2022-05,cobalt blue,1.0,color
2022-06,cobalt blue,1.0,color
2022-07,cobalt blue,1.0,color
2022-08,cobalt blue,1.0,color
2022-09,cobalt blue,1.0,color
2022-10,cobalt blue,1.0,color
2022-11,cobalt blue,0.75,color
2022-12,cobalt blue,0.5,color
2023-01,cobalt blue,1.0,color
2023-02,cobalt blue,1.0,color
2023-03,cobalt blue,1.0,color
2023-04,cobalt blue,1.0,color
2023-05,cobalt blue,1.0,color
2023-06,cobalt blue,1.0,color
2023-07,cobalt blue,1.0,color
2023-08,cobalt blue,1.0,color
2023-09,cobalt blue,0.5,color
2023-10,cobalt blue,0.0,color
2023-11,cobalt blue,1.0,color
2023-12,cobalt blue,1.0,color
2024-01,cobalt blue,0.0,color
2024-02,cobalt blue,0.0,color
2024-03,cobalt blue,0.2,color
2024-04,cobalt blue,0.0,color
2024-05,cobalt blue,0.0,color
2024-06,cobalt blue,0.0,color
2024-07,cobalt blue,0.0,color
2024-08,cobalt blue,0.0,color
2024-09,cobalt blue,0.0,color
2024-10,cobalt blue,0.25,color
2024-11,cobalt blue,0.0,color
2024-12,cobalt blue,0.0,color
2025-01,cobalt blue,0.0,color
2025-02,cobalt blue,0.0,color
2025-03,cobalt blue,0.4,color
2025-04,cobalt blue,0.25,color
2025-05,cobalt blue,0.0,color
2025-06,cobalt blue,0.4,color
2025-07,cobalt blue,1.25,color
2025-08,cobalt blue,1.0,color
2025-09,cobalt blue,1.0,color
2025-10,cobalt blue,0.75,color
2025-11,cobalt blue,1.0,color
2025-12,cobalt blue,0.25,color
2019-12,mesh,14.0,material
2020-01,mesh,14.5,material
2020-02,mesh,14.5,material
2020-03,mesh,13.6,material
2020-04,mesh,15.75,material
2020-05,mesh,17.4,material
2020-06,mesh,17.75,material
2020-07,mesh,18.5,material
2020-08,mesh,17.6,material
2020-09,mesh,16.25,material
2020-10,mesh,15.5,material
2020-11,mesh,15.8,material
2020-12,mesh,14.5,material
2021-01,mesh,15.8,material
2021-02,mesh,15.75,material
2021-03,mesh,16.0,material
2021-04,mesh,16.5,material
2021-05,mesh,16.8,material
2021-06,mesh,17.0,material
2021-07,mesh,16.75,material
2021-08,mesh,16.0,material
2021-09,mesh,16.0,material
2021-10,mesh,16.2,material
2021-11,mesh,17.25,material
2021-12,mesh,15.5,material
2022-01,mesh,16.4,material
2022-02,mesh,17.25,material
2022-03,mesh,17.0,material
2022-04,mesh,18.0,material
2022-05,mesh,17.4,material
2022-06,mesh,17.0,material
2022-07,mesh,17.4,material
2022-08,mesh,16.25,material
2022-09,mesh,16.25,material
2022-10,mesh,16.2,material
2022-11,mesh,17.0,material
2022-12,mesh,15.5,material
2023-01,mesh,16.6,material
2023-02,mesh,17.0,material
2023-03,mesh,16.75,material
2023-04,mesh,17.4,material
2023-05,mesh,17.5,material
2023-06,mesh,18.0,material
2023-07,mesh,17.8,material
2023-08,mesh,17.25,material
2023-09,mesh,16.75,material
2023-10,mesh,16.6,material
2023-11,mesh,17.25,material
2023-12,mesh,16.8,material
2024-01,mesh,14.0,material
2024-02,mesh,14.75,material
2024-03,mesh,14.6,material
2024-04,mesh,15.5,material
2024-05,mesh,15.25,material
2024-06,mesh,15.0,material
2024-07,mesh,15.5,material
2024-08,mesh,15.25,material
2024-09,mesh,15.2,material
2024-10,mesh,14.75,material
2024-11,mesh,15.75,material
2024-12,mesh,15.4,material
2025-01,mesh,15.25,material
2025-02,mesh,15.5,material
2025-03,mesh,16.4,material
2025-04,mesh,16.75,material
2025-05,mesh,17.25,material
2025-06,mesh,17.6,material
2025-07,mesh,19.25,material
2025-08,mesh,23.6,material
2025-09,mesh,21.5,material
2025-10,mesh,21.0,material
2025-11,mesh,23.2,material
2025-12,mesh,18.5,material
2019-12,blazer,18.0,prenda
2020-01,blazer,18.75,prenda
2020-02,blazer,19.25,prenda
2020-03,blazer,12.8,prenda
2020-04,blazer,10.5,prenda
2020-05,blazer,12.4,prenda
2020-06,blazer,13.75,prenda
2020-07,blazer,15.25,prenda
2020-08,blazer,16.0,prenda
2020-09,blazer,17.0,prenda
2020-10,blazer,17.5,prenda
2020-11,blazer,18.8,prenda
2020-12,blazer,19.0,prenda
2021-01,blazer,17.6,prenda
2021-02,blazer,18.0,prenda
2021-03,blazer,18.75,prenda
2021-04,blazer,18.75,prenda
2021-05,blazer,19.6,prenda
2021-06,blazer,17.75,prenda
2021-07,blazer,18.75,prenda
2021-08,blazer,20.6,prenda
2021-09,blazer,22.25,prenda
2021-10,blazer,23.6,prenda
2021-11,blazer,27.0,prenda
2021-12,blazer,25.25,prenda
2019-12,corset,3.0,prenda
2020-01,corset,3.0,prenda
2020-02,corset,3.0,prenda
2020-03,corset,2.2,prenda
2020-04,corset,2.75,prenda
2020-05,corset,3.0,prenda
2020-06,corset,3.0,prenda
2020-07,corset,3.0,prenda
2020-08,corset,3.0,prenda
2020-09,corset,3.25,prenda
2020-10,corset,4.0,prenda
2020-11,corset,3.2,prenda
2020-12,corset,3.5,prenda
2021-01,corset,5.8,prenda
2021-02,corset,5.0,prenda
2021-03,corset,5.5,prenda
2021-04,corset,5.0,prenda
2021-05,corset,4.6,prenda
2021-06,corset,4.0,prenda
2021-07,corset,4.5,prenda
2021-08,corset,4.4,prenda
2021-09,corset,5.25,prenda
2021-10,corset,7.0,prenda
2021-11,corset,5.0,prenda
2021-12,corset,5.0,prenda
2019-12,bodysuit,3.0,prenda
2020-01,bodysuit,3.0,prenda
2020-02,bodysuit,3.0,prenda
2020-03,bodysuit,2.4,prenda
2020-04,bodysuit,2.25,prenda
2020-05,bodysuit,2.4,prenda
2020-06,bodysuit,2.75,prenda
2020-07,bodysuit,3.0,prenda
2020-08,bodysuit,2.6,prenda
2020-09,bodysuit,3.0,prenda
2020-10,bodysuit,3.0,prenda
2020-11,bodysuit,2.0,prenda
2020-12,bodysuit,2.25,prenda
2021-01,bodysuit,2.2,prenda
2021-02,bodysuit,2.25,prenda
2021-03,bodysuit,2.25,prenda
2021-04,bodysuit,2.25,prenda
2021-05,bodysuit,2.8,prenda
2021-06,bodysuit,2.25,prenda
2021-07,bodysuit,2.5,prenda
2021-08,bodysuit,3.0,prenda
2021-09,bodysuit,3.0,prenda
2021-10,bodysuit,4.0,prenda
2021-11,bodysuit,3.25,prenda
2021-12,bodysuit,3.0,prenda
2019-12,bermuda shorts,0.0,prenda
2020-01,bermuda shorts,0.0,prenda
2020-02,bermuda shorts,0.0,prenda
2020-03,bermuda shorts,0.0,prenda
2020-04,bermuda shorts,0.0,prenda
2020-05,bermuda shorts,0.6,prenda
2020-06,bermuda shorts,1.0,prenda
2020-07,bermuda shorts,1.0,prenda
2020-08,bermuda shorts,0.4,prenda
2020-09,bermuda shorts,0.0,prenda
2020-10,bermuda shorts,0.0,prenda
2020-11,bermuda shorts,0.0,prenda
2020-12,bermuda shorts,0.0,prenda
2021-01,bermuda shorts,0.0,prenda
2021-02,bermuda shorts,0.0,prenda
2021-03,bermuda shorts,0.25,prenda
2021-04,bermuda shorts,1.0,prenda
2021-05,bermuda shorts,1.0,prenda
2021-06,bermuda shorts,1.0,prenda
2021-07,bermuda shorts,1.0,prenda
2021-08,bermuda shorts,0.0,prenda
2021-09,bermuda shorts,0.0,prenda
2021-10,bermuda shorts,0.0,prenda
2021-11,bermuda shorts,0.0,prenda
2021-12,bermuda shorts,0.0,prenda
2022-01,blazer,22.4,prenda
2022-02,blazer,24.75,prenda
2022-03,blazer,26.5,prenda
2022-04,blazer,28.5,prenda
2022-05,blazer,25.4,prenda
2022-06,blazer,22.25,prenda
2022-07,blazer,21.6,prenda
2022-08,blazer,23.25,prenda
2022-09,blazer,24.75,prenda
2022-10,blazer,24.6,prenda
2022-11,blazer,27.5,prenda
2022-12,blazer,26.25,prenda
2023-01,blazer,24.4,prenda
2023-02,blazer,23.25,prenda
2023-03,blazer,23.0,prenda
2023-04,blazer,24.0,prenda
2023-05,blazer,21.75,prenda
2023-06,blazer,18.5,prenda
2023-07,blazer,19.0,prenda
2023-08,blazer,19.25,prenda
2023-09,blazer,20.0,prenda
2023-10,blazer,21.0,prenda
2023-11,blazer,23.75,prenda
2023-12,blazer,22.4,prenda
2022-01,corset,5.0,prenda
2022-02,corset,5.5,prenda
2022-03,corset,5.5,prenda
2022-04,corset,5.75,prenda
2022-05,corset,5.4,prenda
2022-06,corset,5.0,prenda
2022-07,corset,5.0,prenda
2022-08,corset,5.0,prenda
2022-09,corset,5.25,prenda
2022-10,corset,7.0,prenda
2022-11,corset,5.0,prenda
2022-12,corset,4.75,prenda
2023-01,corset,5.4,prenda
2023-02,corset,5.25,prenda
2023-03,corset,5.0,prenda
2023-04,corset,5.2,prenda
2023-05,corset,5.0,prenda
2023-06,corset,5.0,prenda
2023-07,corset,5.0,prenda
2023-08,corset,5.0,prenda
2023-09,corset,5.0,prenda
2023-10,corset,6.8,prenda
2023-11,corset,5.0,prenda
2023-12,corset,4.6,prenda
2022-01,bodysuit,3.0,prenda
2022-02,bodysuit,3.0,prenda
2022-03,bodysuit,3.0,prenda
2022-04,bodysuit,3.0,prenda
2022-05,bodysuit,2.8,prenda
2022-06,bodysuit,3.25,prenda
2022-07,bodysuit,3.0,prenda
2022-08,bodysuit,3.0,prenda
2022-09,bodysuit,3.0,prenda
2022-10,bodysuit,3.8,prenda
2022-11,bodysuit,3.0,prenda
2022-12,bodysuit,3.25,prenda
2023-01,bodysuit,3.0,prenda
2023-02,bodysuit,3.0,prenda
2023-03,bodysuit,3.0,prenda
2023-04,bodysuit,3.0,prenda
2023-05,bodysuit,3.0,prenda
2023-06,bodysuit,3.0,prenda
2023-07,bodysuit,3.0,prenda
2023-08,bodysuit,3.0,prenda
2023-09,bodysuit,3.0,prenda
2023-10,bodysuit,3.4,prenda
2023-11,bodysuit,3.25,prenda
2023-12,bodysuit,3.0,prenda
2022-01,bermuda shorts,0.0,prenda
2022-02,bermuda shorts,0.0,prenda
2022-03,bermuda shorts,0.0,prenda
2022-04,bermuda shorts,0.0,prenda
2022-05,bermuda shorts,0.8,prenda
2022-06,bermuda shorts,1.0,prenda
2022-07,bermuda shorts,1.0,prenda
2022-08,bermuda shorts,0.0,prenda
2022-09,bermuda shorts,0.0,prenda
2022-10,bermuda shorts,0.0,prenda
2022-11,bermuda shorts,0.0,prenda
2022-12,bermuda shorts,0.0,prenda
2023-01,bermuda shorts,0.0,prenda
2023-02,bermuda shorts,0.0,prenda
2023-03,bermuda shorts,0.0,prenda
2023-04,bermuda shorts,0.0,prenda
2023-05,bermuda shorts,1.0,prenda
2023-06,bermuda shorts,1.0,prenda
2023-07,bermuda shorts,0.6,prenda
2023-08,bermuda shorts,0.0,prenda
2023-09,bermuda shorts,0.0,prenda
2023-10,bermuda shorts,0.0,prenda
2023-11,bermuda shorts,0.0,prenda
2023-12,bermuda shorts,0.0,prenda
2024-01,blazer,17.25,prenda
2024-02,blazer,16.75,prenda
2024-03,blazer,16.4,prenda
2024-04,blazer,16.75,prenda
2024-05,blazer,14.75,prenda
2024-06,blazer,13.2,prenda
2024-07,blazer,13.25,prenda
2024-08,blazer,13.5,prenda
2024-09,blazer,15.6,prenda
2024-10,blazer,17.25,prenda
2024-11,blazer,18.5,prenda
2024-12,blazer,17.6,prenda
2025-01,blazer,16.25,prenda
2025-02,blazer,16.25,prenda
2025-03,blazer,16.2,prenda
2025-04,blazer,16.0,prenda
2025-05,blazer,15.25,prenda
2025-06,blazer,13.4,prenda
2025-07,blazer,13.75,prenda
2025-08,blazer,16.2,prenda
2025-09,blazer,18.0,prenda
2025-10,blazer,19.75,prenda
2025-11,blazer,23.6,prenda
2025-12,blazer,18.25,prenda
2024-01,corset,4.0,prenda
2024-02,corset,4.0,prenda
2024-03,corset,4.2,prenda
2024-04,corset,4.0,prenda
2024-05,corset,4.0,prenda
2024-06,corset,4.0,prenda
2024-07,corset,4.0,prenda
2024-08,corset,4.25,prenda
2024-09,corset,5.4,prenda
2024-10,corset,7.5,prenda
2024-11,corset,4.0,prenda
2024-12,corset,4.0,prenda
2025-01,corset,4.0,prenda
2025-02,corset,5.25,prenda
2025-03,corset,4.6,prenda
2025-04,corset,5.0,prenda
2025-05,corset,4.5,prenda
2025-06,corset,4.2,prenda
2025-07,corset,4.25,prenda
2025-08,corset,5.2,prenda
2025-09,corset,6.25,prenda
2025-10,corset,8.5,prenda
2025-11,corset,5.0,prenda
2025-12,corset,4.25,prenda
2024-01,bodysuit,2.75,prenda
2024-02,bodysuit,3.0,prenda
2024-03,bodysuit,2.2,prenda
2024-04,bodysuit,2.0,prenda
2024-05,bodysuit,2.25,prenda
2024-06,bodysuit,2.0,prenda
2024-07,bodysuit,2.0,prenda
2024-08,bodysuit,2.0,prenda
2024-09,bodysuit,2.4,prenda
2024-10,bodysuit,3.0,prenda
2024-11,bodysuit,2.75,prenda
2024-12,bodysuit,2.8,prenda
2025-01,bodysuit,2.0,prenda
2025-02,bodysuit,2.25,prenda
2025-03,bodysuit,2.0,prenda
2025-04,bodysuit,2.0,prenda
2025-05,bodysuit,2.0,prenda
2025-06,bodysuit,2.0,prenda
2025-07,bodysuit,2.0,prenda
2025-08,bodysuit,3.0,prenda
2025-09,bodysuit,3.0,prenda
2025-10,bodysuit,3.25,prenda
2025-11,bodysuit,3.0,prenda
2025-12,bodysuit,2.75,prenda
2024-01,bermuda shorts,0.0,prenda
2024-02,bermuda shorts,0.0,prenda
2024-03,bermuda shorts,0.0,prenda
2024-04,bermuda shorts,0.0,prenda
2024-05,bermuda shorts,0.25,prenda
2024-06,bermuda shorts,0.8,prenda
2024-07,bermuda shorts,0.0,prenda
2024-08,bermuda shorts,0.0,prenda
2024-09,bermuda shorts,0.0,prenda
2024-10,bermuda shorts,0.0,prenda
2024-11,bermuda shorts,0.0,prenda
2024-12,bermuda shorts,0.0,prenda
2025-01,bermuda shorts,0.0,prenda
2025-02,bermuda shorts,0.0,prenda
2025-03,bermuda shorts,0.2,prenda
2025-04,bermuda shorts,0.25,prenda
2025-05,bermuda shorts,0.5,prenda
2025-06,bermuda shorts,1.0,prenda
2025-07,bermuda shorts,1.0,prenda
2025-08,bermuda shorts,0.2,prenda
2025-09,bermuda shorts,0.0,prenda
2025-10,bermuda shorts,0.0,prenda
2025-11,bermuda shorts,0.0,prenda
2025-12,bermuda shorts,0.0,prenda
2019-12,crop top,3.0,prenda
2020-01,crop top,3.0,prenda
2020-02,crop top,3.0,prenda
2020-03,crop top,2.6,prenda
2020-04,crop top,3.0,prenda
2020-05,crop top,3.6,prenda
2020-06,crop top,4.0,prenda
2020-07,crop top,4.0,prenda
2020-08,crop top,3.8,prenda
2020-09,crop top,3.75,prenda
2020-10,crop top,4.0,prenda
2020-11,crop top,3.6,prenda
2020-12,crop top,3.0,prenda
2021-01,crop top,3.0,prenda
2021-02,crop top,3.25,prenda
2021-03,crop top,3.75,prenda
2021-04,crop top,4.0,prenda
2021-05,crop top,3.8,prenda
2021-06,crop top,4.25,prenda
2021-07,crop top,4.0,prenda
2021-08,crop top,4.0,prenda
2021-09,crop top,4.0,prenda
2021-10,crop top,3.8,prenda
2021-11,crop top,3.25,prenda
2021-12,crop top,3.75,prenda
2019-12,slip dress,0.0,prenda
2020-01,slip dress,0.0,prenda
2020-02,slip dress,0.0,prenda
2020-03,slip dress,0.0,prenda
2020-04,slip dress,0.0,prenda
2020-05,slip dress,0.0,prenda
2020-06,slip dress,0.0,prenda
2020-07,slip dress,0.25,prenda
2020-08,slip dress,0.4,prenda
2020-09,slip dress,0.0,prenda
2020-10,slip dress,0.0,prenda
2020-11,slip dress,0.0,prenda
2020-12,slip dress,0.0,prenda
2021-01,slip dress,0.0,prenda
2021-02,slip dress,0.0,prenda
2021-03,slip dress,0.5,prenda
2021-04,slip dress,1.0,prenda
2021-05,slip dress,1.0,prenda
2021-06,slip dress,1.0,prenda
2021-07,slip dress,1.0,prenda
2021-08,slip dress,1.0,prenda
2021-09,slip dress,1.0,prenda
2021-10,slip dress,1.0,prenda
2021-11,slip dress,1.0,prenda
2021-12,slip dress,0.75,prenda
2019-12,silver,66.0,color
2020-01,silver,63.25,color
2020-02,silver,62.5,color
2020-03,silver,61.2,color
2020-04,silver,56.0,color
2020-05,silver,61.4,color
2020-06,silver,62.75,color
2020-07,silver,71.75,color
2020-08,silver,75.4,color
2020-09,silver,66.25,color
2020-10,silver,64.75,color
2020-11,silver,68.4,color
2020-12,silver,67.0,color
2021-01,silver,73.2,color
2021-02,silver,68.75,color
2021-03,silver,66.5,color
2021-04,silver,61.5,color
2021-05,silver,62.8,color
2021-06,silver,62.75,color
2021-07,silver,66.0,color
2021-08,silver,66.4,color
2021-09,silver,60.5,color
2021-10,silver,62.2,color
2021-11,silver,66.75,color
2021-12,silver,67.25,color
2019-12,cherry red,1.0,color
2020-01,cherry red,1.0,color
2020-02,cherry red,1.0,color
2020-03,cherry red,1.0,color
2020-04,cherry red,1.0,color
2020-05,cherry red,1.0,color
2020-06,cherry red,1.0,color
2020-07,cherry red,1.0,color
2020-08,cherry red,1.0,color
2020-09,cherry red,1.0,color
2020-10,cherry red,1.0,color
2020-11,cherry red,1.0,color
2020-12,cherry red,1.0,color
2021-01,cherry red,1.0,color
2021-02,cherry red,1.0,color
2021-03,cherry red,1.0,color
2021-04,cherry red,1.0,color
2021-05,cherry red,1.0,color
2021-06,cherry red,1.0,color
2021-07,cherry red,1.0,color
2021-08,cherry red,1.0,color
2021-09,cherry red,1.0,color
2021-10,cherry red,1.0,color
2021-11,cherry red,1.0,color
2021-12,cherry red,1.0,color
2022-01,crop top,4.6,prenda
2022-02,crop top,5.25,prenda
2022-03,crop top,5.75,prenda
2022-04,crop top,6.0,prenda
2022-05,crop top,6.0,prenda
2022-06,crop top,6.0,prenda
2022-07,crop top,5.8,prenda
2022-08,crop top,5.0,prenda
2022-09,crop top,5.0,prenda
2022-10,crop top,4.8,prenda
2022-11,crop top,5.0,prenda
2022-12,crop top,4.75,prenda
2023-01,crop top,4.4,prenda
2023-02,crop top,5.0,prenda
2023-03,crop top,5.0,prenda
2023-04,crop top,5.2,prenda
2023-05,crop top,5.0,prenda
2023-06,crop top,5.0,prenda
2023-07,crop top,5.0,prenda
2023-08,crop top,5.0,prenda
2023-09,crop top,4.0,prenda
2023-10,crop top,4.0,prenda
2023-11,crop top,4.0,prenda
2023-12,crop top,4.0,prenda
2022-01,slip dress,1.0,prenda
2022-02,slip dress,1.0,prenda
2022-03,slip dress,1.0,prenda
2022-04,slip dress,1.0,prenda
2022-05,slip dress,1.0,prenda
2022-06,slip dress,1.0,prenda
2022-07,slip dress,1.0,prenda
2022-08,slip dress,1.0,prenda
2022-09,slip dress,1.0,prenda
2022-10,slip dress,1.0,prenda
2022-11,slip dress,1.0,prenda
2022-12,slip dress,1.0,prenda
2023-01,slip dress,1.0,prenda
2023-02,slip dress,1.0,prenda
2023-03,slip dress,1.0,prenda
2023-04,slip dress,1.0,prenda
2023-05,slip dress,1.0,prenda
2023-06,slip dress,1.0,prenda
2023-07,slip dress,1.0,prenda
2023-08,slip dress,1.0,prenda
2023-09,slip dress,1.0,prenda
2023-10,slip dress,1.0,prenda
2023-11,slip dress,1.0,prenda
2023-12,slip dress,1.0,prenda
2022-01,silver,83.8,color
2022-02,silver,86.75,color
2022-03,silver,85.5,color
2022-04,silver,86.75,color
2022-05,silver,85.6,color
2022-06,silver,82.0,color
2022-07,silver,86.8,color
2022-08,silver,86.0,color
2022-09,silver,82.75,color
2022-10,silver,87.4,color
2022-11,silver,86.0,color
2022-12,silver,89.0,color
2023-01,silver,85.4,color
2023-02,silver,85.5,color
2023-03,silver,84.0,color
2023-04,silver,86.0,color
2023-05,silver,83.0,color
2023-06,silver,84.5,color
2023-07,silver,86.8,color
2023-08,silver,89.25,color
2023-09,silver,83.0,color
2023-10,silver,82.8,color
2023-11,silver,93.25,color
2023-12,silver,93.0,color
2022-01,cherry red,1.0,color
2022-02,cherry red,1.0,color
2022-03,cherry red,1.0,color
2022-04,cherry red,1.0,color
2022-05,cherry red,1.0,color
2022-06,cherry red,1.0,color
2022-07,cherry red,1.0,color
2022-08,cherry red,1.0,color
2022-09,cherry red,1.0,color
2022-10,cherry red,1.0,color
2022-11,cherry red,1.0,color
2022-12,cherry red,1.25,color
2023-01,cherry red,1.0,color
2023-02,cherry red,1.0,color
2023-03,cherry red,1.0,color
2023-04,cherry red,1.0,color
2023-05,cherry red,1.0,color
2023-06,cherry red,1.0,color
2023-07,cherry red,1.0,color
2023-08,cherry red,1.0,color
2023-09,cherry red,1.0,color
2023-10,cherry red,1.0,color
2023-11,cherry red,1.0,color
2023-12,cherry red,1.0,color
2024-01,crop top,1.25,prenda
2024-02,crop top,1.75,prenda
2024-03,crop top,2.0,prenda
2024-04,crop top,2.0,prenda
2024-05,crop top,2.0,prenda
2024-06,crop top,2.0,prenda
2024-07,crop top,2.0,prenda
2024-08,crop top,2.0,prenda
2024-09,crop top,1.4,prenda
2024-10,crop top,1.25,prenda
2024-11,crop top,1.0,prenda
2024-12,crop top,1.0,prenda
2025-01,crop top,1.0,prenda
2025-02,crop top,1.0,prenda
2025-03,crop top,1.0,prenda
2025-04,crop top,1.25,prenda
2025-05,crop top,1.5,prenda
2025-06,crop top,1.6,prenda
2025-07,crop top,2.0,prenda
2025-08,crop top,2.0,prenda
2025-09,crop top,2.0,prenda
2025-10,crop top,1.0,prenda
2025-11,crop top,1.0,prenda
2025-12,crop top,1.0,prenda
2024-01,slip dress,0.0,prenda
2024-02,slip dress,0.0,prenda
2024-03,slip dress,0.0,prenda
2024-04,slip dress,0.0,prenda
2024-05,slip dress,0.0,prenda
2024-06,slip dress,0.0,prenda
2024-07,slip dress,0.0,prenda
2024-08,slip dress,0.0,prenda
2024-09,slip dress,0.0,prenda
2024-10,slip dress,0.0,prenda
2024-11,slip dress,0.0,prenda
2024-12,slip dress,0.0,prenda
2025-01,slip dress,0.0,prenda
2025-02,slip dress,0.0,prenda
2025-03,slip dress,0.0,prenda
2025-04,slip dress,0.0,prenda
2025-05,slip dress,0.0,prenda
2025-06,slip dress,0.0,prenda
2025-07,slip dress,0.0,prenda
2025-08,slip dress,0.0,prenda
2025-09,slip dress,0.0,prenda
2025-10,slip dress,0.0,prenda
2025-11,slip dress,0.0,prenda
2025-12,slip dress,0.0,prenda
2024-01,silver,33.5,color
2024-02,silver,34.25,color
2024-03,silver,35.2,color
2024-04,silver,37.0,color
2024-05,silver,36.25,color
2024-06,silver,35.0,color
2024-07,silver,38.0,color
2024-08,silver,39.25,color
2024-09,silver,37.6,color
2024-10,silver,41.0,color
2024-11,silver,40.25,color
2024-12,silver,40.8,color
2025-01,silver,37.25,color
2025-02,silver,38.75,color
2025-03,silver,39.4,color
2025-04,silver,43.25,color
2025-05,silver,39.75,color
2025-06,silver,41.0,color
2025-07,silver,45.75,color
2025-08,silver,50.2,color
2025-09,silver,55.0,color
2025-10,silver,72.75,color
2025-11,silver,58.0,color
2025-12,silver,77.5,color
2024-01,cherry red,0.25,color
2024-02,cherry red,0.5,color
2024-03,cherry red,0.6,color
2024-04,cherry red,0.5,color
2024-05,cherry red,0.25,color
2024-06,cherry red,0.2,color
2024-07,cherry red,0.0,color
2024-08,cherry red,1.0,color
2024-09,cherry red,1.0,color
2024-10,cherry red,1.0,color
2024-11,cherry red,1.0,color
2024-12,cherry red,1.0,color
2025-01,cherry red,1.0,color
2025-02,cherry red,1.0,color
2025-03,cherry red,1.0,color
2025-04,cherry red,1.0,color
2025-05,cherry red,1.0,color
2025-06,cherry red,1.0,color
2025-07,cherry red,1.0,color
2025-08,cherry red,1.0,color
2025-09,cherry red,1.0,color
2025-10,cherry red,1.0,color
2025-11,cherry red,1.0,color
2025-12,cherry red,1.0,color
2019-12,sequins,1.0,material
2020-01,sequins,0.75,material
2020-02,sequins,0.25,material
2020-03,sequins,0.0,material
2020-04,sequins,0.0,material
2020-05,sequins,0.0,material
2020-06,sequins,0.0,material
2020-07,sequins,0.0,material
2020-08,sequins,0.0,material
2020-09,sequins,0.0,material
2020-10,sequins,0.0,material
2020-11,sequins,0.4,material
2020-12,sequins,0.25,material
2021-01,sequins,0.0,material
2021-02,sequins,0.0,material
2021-03,sequins,0.0,material
2021-04,sequins,0.0,material
2021-05,sequins,0.0,material
2021-06,sequins,0.75,material
2021-07,sequins,1.0,material
2021-08,sequins,1.0,material
2021-09,sequins,1.0,material
2021-10,sequins,1.0,material
2021-11,sequins,1.0,material
2021-12,sequins,1.0,material
2022-01,sequins,1.0,material
2022-02,sequins,1.0,material
2022-03,sequins,1.0,material
2022-04,sequins,0.5,material
2022-05,sequins,0.2,material
2022-06,sequins,0.5,material
2022-07,sequins,0.4,material
2022-08,sequins,1.0,material
2022-09,sequins,1.0,material
2022-10,sequins,1.0,material
2022-11,sequins,1.0,material
2022-12,sequins,1.0,material
2023-01,sequins,1.0,material
2023-02,sequins,0.25,material
2023-03,sequins,0.0,material
2023-04,sequins,0.0,material
2023-05,sequins,0.0,material
2023-06,sequins,0.0,material
2023-07,sequins,0.0,material
2023-08,sequins,0.0,material
2023-09,sequins,0.0,material
2023-10,sequins,0.6,material
2023-11,sequins,1.0,material
2023-12,sequins,1.0,material
2024-01,sequins,0.0,material
2024-02,sequins,0.0,material
2024-03,sequins,0.0,material
2024-04,sequins,0.0,material
2024-05,sequins,0.0,material
2024-06,sequins,0.0,material
2024-07,sequins,0.0,material
2024-08,sequins,0.0,material
2024-09,sequins,0.0,material
2024-10,sequins,0.0,material
2024-11,sequins,0.75,material
2024-12,sequins,0.8,material
2025-01,sequins,0.0,material
2025-02,sequins,0.25,material
2025-03,sequins,0.0,material
2025-04,sequins,0.0,material
2025-05,sequins,0.0,material
2025-06,sequins,0.0,material
2025-07,sequins,0.0,material
2025-08,sequins,0.0,material
2025-09,sequins,0.5,material
2025-10,sequins,1.0,material
2025-11,sequins,1.0,material
2025-12,sequins,1.0,material
2019-12,mohair,1.0,material
2020-01,mohair,1.0,material
2020-02,mohair,1.0,material
2020-03,mohair,1.0,material
2020-04,mohair,1.0,material
2020-05,mohair,1.0,material
2020-06,mohair,1.0,material
2020-07,mohair,1.0,material
2020-08,mohair,1.0,material
2020-09,mohair,1.0,material
2020-10,mohair,1.0,material
2020-11,mohair,1.0,material
2020-12,mohair,1.0,material
2021-01,mohair,1.0,material
2021-02,mohair,1.0,material
2021-03,mohair,1.0,material
2021-04,mohair,1.0,material
2021-05,mohair,1.0,material
2021-06,mohair,0.75,material
2021-07,mohair,1.0,material
2021-08,mohair,1.0,material
2021-09,mohair,1.0,material
2021-10,mohair,1.0,material
2021-11,mohair,1.0,material
2021-12,mohair,1.0,material
2019-12,camouflage,3.0,patron
2020-01,camouflage,3.0,patron
2020-02,camouflage,3.0,patron
2020-03,camouflage,3.0,patron
2020-04,camouflage,3.5,patron
2020-05,camouflage,4.0,patron
2020-06,camouflage,3.25,patron
2020-07,camouflage,3.0,patron
2020-08,camouflage,3.0,patron
2020-09,camouflage,3.0,patron
2020-10,camouflage,3.0,patron
2020-11,camouflage,3.0,patron
2020-12,camouflage,3.25,patron
2021-01,camouflage,3.0,patron
2021-02,camouflage,3.0,patron
2021-03,camouflage,3.0,patron
2021-04,camouflage,3.0,patron
2021-05,camouflage,3.0,patron
2021-06,camouflage,3.0,patron
2021-07,camouflage,3.0,patron
2021-08,camouflage,3.0,patron
2021-09,camouflage,3.0,patron
2021-10,camouflage,3.0,patron
2021-11,camouflage,3.0,patron
2021-12,camouflage,2.5,patron
2019-12,leopard print,2.0,patron
2020-01,leopard print,2.0,patron
2020-02,leopard print,2.0,patron
2020-03,leopard print,1.4,patron
2020-04,leopard print,1.5,patron
2020-05,leopard print,1.6,patron
2020-06,leopard print,1.75,patron
2020-07,leopard print,2.0,patron
2020-08,leopard print,2.0,patron
2020-09,leopard print,2.0,patron
2020-10,leopard print,2.0,patron
2020-11,leopard print,2.0,patron
2020-12,leopard print,2.0,patron
2021-01,leopard print,2.0,patron
2021-02,leopard print,1.5,patron
2021-03,leopard print,1.75,patron
2021-04,leopard print,1.25,patron
2021-05,leopard print,1.0,patron
2021-06,leopard print,1.0,patron
2021-07,leopard print,1.0,patron
2021-08,leopard print,2.0,patron
2021-09,leopard print,2.0,patron
2021-10,leopard print,2.0,patron
2021-11,leopard print,2.0,patron
2021-12,leopard print,1.75,patron
2019-12,quiet luxury,0.0,estilo
2020-01,quiet luxury,0.0,estilo
2020-02,quiet luxury,0.0,estilo
2020-03,quiet luxury,0.0,estilo
2020-04,quiet luxury,0.0,estilo
2020-05,quiet luxury,0.0,estilo
2020-06,quiet luxury,0.0,estilo
2020-07,quiet luxury,0.0,estilo
2020-08,quiet luxury,0.0,estilo
2020-09,quiet luxury,0.0,estilo
2020-10,quiet luxury,0.0,estilo
2020-11,quiet luxury,0.0,estilo
2020-12,quiet luxury,0.0,estilo
2021-01,quiet luxury,0.0,estilo
2021-02,quiet luxury,0.0,estilo
2021-03,quiet luxury,0.0,estilo
2021-04,quiet luxury,0.0,estilo
2021-05,quiet luxury,0.0,estilo
2021-06,quiet luxury,0.0,estilo
2021-07,quiet luxury,0.0,estilo
2021-08,quiet luxury,0.0,estilo
2021-09,quiet luxury,0.0,estilo
2021-10,quiet luxury,0.0,estilo
2021-11,quiet luxury,0.0,estilo
2021-12,quiet luxury,0.0,estilo
2022-01,mohair,1.0,material
2022-02,mohair,1.0,material
2022-03,mohair,1.0,material
2022-04,mohair,1.0,material
2022-05,mohair,0.8,material
2022-06,mohair,0.75,material
2022-07,mohair,1.0,material
2022-08,mohair,1.0,material
2022-09,mohair,1.0,material
2022-10,mohair,1.0,material
2022-11,mohair,1.0,material
2022-12,mohair,1.0,material
2023-01,mohair,1.0,material
2023-02,mohair,1.0,material
2023-03,mohair,1.0,material
2023-04,mohair,1.0,material
2023-05,mohair,1.0,material
2023-06,mohair,1.0,material
2023-07,mohair,1.0,material
2023-08,mohair,1.0,material
2023-09,mohair,1.0,material
2023-10,mohair,1.0,material
2023-11,mohair,1.0,material
2023-12,mohair,1.0,material
2022-01,camouflage,3.0,patron
2022-02,camouflage,3.0,patron
2022-03,camouflage,3.0,patron
2022-04,camouflage,3.0,patron
2022-05,camouflage,2.8,patron
2022-06,camouflage,2.25,patron
2022-07,camouflage,2.6,patron
2022-08,camouflage,2.5,patron
2022-09,camouflage,3.0,patron
2022-10,camouflage,3.0,patron
2022-11,camouflage,3.0,patron
2022-12,camouflage,2.75,patron
2023-01,camouflage,2.8,patron
2023-02,camouflage,3.0,patron
2023-03,camouflage,2.5,patron
2023-04,camouflage,2.4,patron
2023-05,camouflage,2.25,patron
2023-06,camouflage,2.0,patron
2023-07,camouflage,2.0,patron
2023-08,camouflage,2.0,patron
2023-09,camouflage,2.25,patron
2023-10,camouflage,2.2,patron
2023-11,camouflage,3.0,patron
2023-12,camouflage,2.2,patron
2022-01,leopard print,1.0,patron
2022-02,leopard print,1.0,patron
2022-03,leopard print,1.0,patron
2022-04,leopard print,1.0,patron
2022-05,leopard print,1.0,patron
2022-06,leopard print,1.0,patron
2022-07,leopard print,1.0,patron
2022-08,leopard print,1.0,patron
2022-09,leopard print,1.0,patron
2022-10,leopard print,1.0,patron
2022-11,leopard print,1.0,patron
2022-12,leopard print,1.0,patron
2023-01,leopard print,1.0,patron
2023-02,leopard print,1.0,patron
2023-03,leopard print,1.0,patron
2023-04,leopard print,1.0,patron
2023-05,leopard print,1.0,patron
2023-06,leopard print,1.0,patron
2023-07,leopard print,1.0,patron
2023-08,leopard print,1.0,patron
2023-09,leopard print,1.0,patron
2023-10,leopard print,1.0,patron
2023-11,leopard print,1.0,patron
2023-12,leopard print,1.0,patron
2022-01,quiet luxury,0.0,estilo
2022-02,quiet luxury,0.0,estilo
2022-03,quiet luxury,0.0,estilo
2022-04,quiet luxury,0.0,estilo
2022-05,quiet luxury,0.0,estilo
2022-06,quiet luxury,0.0,estilo
2022-07,quiet luxury,0.0,estilo
2022-08,quiet luxury,0.0,estilo
2022-09,quiet luxury,0.0,estilo
2022-10,quiet luxury,0.0,estilo
2022-11,quiet luxury,0.0,estilo
2022-12,quiet luxury,0.0,estilo
2023-01,quiet luxury,0.0,estilo
2023-02,quiet luxury,0.0,estilo
2023-03,quiet luxury,0.0,estilo
2023-04,quiet luxury,0.0,estilo
2023-05,quiet luxury,0.0,estilo
2023-06,quiet luxury,0.0,estilo
2023-07,quiet luxury,0.0,estilo
2023-08,quiet luxury,0.0,estilo
2023-09,quiet luxury,0.0,estilo
2023-10,quiet luxury,0.0,estilo
2023-11,quiet luxury,0.0,estilo
2023-12,quiet luxury,0.0,estilo
2024-01,mohair,1.0,material
2024-02,mohair,1.0,material
2024-03,mohair,1.0,material
2024-04,mohair,1.0,material
2024-05,mohair,0.5,material
2024-06,mohair,0.8,material
2024-07,mohair,1.0,material
2024-08,mohair,1.0,material
2024-09,mohair,1.0,material
2024-10,mohair,1.0,material
2024-11,mohair,1.0,material
2024-12,mohair,1.0,material
2025-01,mohair,1.0,material
2025-02,mohair,1.0,material
2025-03,mohair,1.0,material
2025-04,mohair,1.0,material
2025-05,mohair,1.0,material
2025-06,mohair,1.0,material
2025-07,mohair,1.0,material
2025-08,mohair,1.0,material
2025-09,mohair,1.0,material
2025-10,mohair,1.0,material
2025-11,mohair,1.6,material
2025-12,mohair,1.0,material
2024-01,camouflage,2.0,patron
2024-02,camouflage,2.0,patron
2024-03,camouflage,2.0,patron
2024-04,camouflage,2.0,patron
2024-05,camouflage,2.0,patron
2024-06,camouflage,2.0,patron
2024-07,camouflage,2.0,patron
2024-08,camouflage,2.0,patron
2024-09,camouflage,2.0,patron
2024-10,camouflage,2.0,patron
2024-11,camouflage,2.0,patron
2024-12,camouflage,2.0,patron
2025-01,camouflage,2.0,patron
2025-02,camouflage,2.0,patron
2025-03,camouflage,2.0,patron
2025-04,camouflage,2.0,patron
2025-05,camouflage,2.0,patron
2025-06,camouflage,2.0,patron
2025-07,camouflage,2.0,patron
2025-08,camouflage,2.0,patron
2025-09,camouflage,2.0,patron
2025-10,camouflage,2.0,patron
2025-11,camouflage,2.0,patron
2025-12,camouflage,2.0,patron
2024-01,leopard print,1.0,patron
2024-02,leopard print,1.0,patron
2024-03,leopard print,1.0,patron
2024-04,leopard print,1.0,patron
2024-05,leopard print,1.0,patron
2024-06,leopard print,1.0,patron
2024-07,leopard print,1.25,patron
2024-08,leopard print,2.0,patron
2024-09,leopard print,2.0,patron
2024-10,leopard print,2.0,patron
2024-11,leopard print,2.0,patron
2024-12,leopard print,2.0,patron
2025-01,leopard print,2.0,patron
2025-02,leopard print,2.0,patron
2025-03,leopard print,2.0,patron
2025-04,leopard print,2.0,patron
2025-05,leopard print,1.75,patron
2025-06,leopard print,1.6,patron
2025-07,leopard print,2.0,patron
2025-08,leopard print,2.0,patron
2025-09,leopard print,2.0,patron
2025-10,leopard print,2.5,patron
2025-11,leopard print,2.4,patron
2025-12,leopard print,2.25,patron
2024-01,quiet luxury,0.0,estilo
2024-02,quiet luxury,0.0,estilo
2024-03,quiet luxury,0.0,estilo
2024-04,quiet luxury,0.0,estilo
2024-05,quiet luxury,0.0,estilo
2024-06,quiet luxury,0.0,estilo
2024-07,quiet luxury,0.0,estilo
2024-08,quiet luxury,0.0,estilo
2024-09,quiet luxury,0.0,estilo
2024-10,quiet luxury,0.0,estilo
2024-11,quiet luxury,0.0,estilo
2024-12,quiet luxury,0.0,estilo
2025-01,quiet luxury,0.0,estilo
2025-02,quiet luxury,0.0,estilo
2025-03,quiet luxury,0.0,estilo
2025-04,quiet luxury,0.0,estilo
2025-05,quiet luxury,0.0,estilo
2025-06,quiet luxury,0.0,estilo
2025-07,quiet luxury,0.0,estilo
2025-08,quiet luxury,0.0,estilo
2025-09,quiet luxury,0.0,estilo
2025-10,quiet luxury,0.0,estilo
2025-11,quiet luxury,0.0,estilo
2025-12,quiet luxury,0.0,estilo
2019-12,coquette,0.0,estilo
2020-01,coquette,0.0,estilo
2020-02,coquette,0.0,estilo
2020-03,coquette,0.0,estilo
2020-04,coquette,0.0,estilo
2020-05,coquette,0.0,estilo
2020-06,coquette,0.0,estilo
2020-07,coquette,0.0,estilo
2020-08,coquette,0.2,estilo
2020-09,coquette,0.25,estilo
2020-10,coquette,0.0,estilo
2020-11,coquette,0.0,estilo
2020-12,coquette,0.5,estilo
2021-01,coquette,0.0,estilo
2021-02,coquette,0.0,estilo
2021-03,coquette,0.0,estilo
2021-04,coquette,0.0,estilo
2021-05,coquette,0.0,estilo
2021-06,coquette,0.0,estilo
2021-07,coquette,0.25,estilo
2021-08,coquette,0.0,estilo
2021-09,coquette,0.25,estilo
2021-10,coquette,0.2,estilo
2021-11,coquette,0.75,estilo
2021-12,coquette,1.0,estilo
2019-12,gorpcore,0.0,estilo
2020-01,gorpcore,0.0,estilo
2020-02,gorpcore,0.0,estilo
2020-03,gorpcore,0.0,estilo
2020-04,gorpcore,0.0,estilo
2020-05,gorpcore,0.0,estilo
2020-06,gorpcore,0.0,estilo
2020-07,gorpcore,0.0,estilo
2020-08,gorpcore,0.0,estilo
2020-09,gorpcore,0.0,estilo
2020-10,gorpcore,0.0,estilo
2020-11,gorpcore,0.0,estilo
2020-12,gorpcore,0.0,estilo
2021-01,gorpcore,0.0,estilo
2021-02,gorpcore,0.0,estilo
2021-03,gorpcore,0.0,estilo
2021-04,gorpcore,0.0,estilo
2021-05,gorpcore,0.0,estilo
2021-06,gorpcore,0.0,estilo
2021-07,gorpcore,0.0,estilo
2021-08,gorpcore,0.0,estilo
2021-09,gorpcore,0.0,estilo
2021-10,gorpcore,0.0,estilo
2021-11,gorpcore,0.0,estilo
2021-12,gorpcore,0.0,estilo
2019-12,handbag,4.0,accesorio
2020-01,handbag,3.75,accesorio
2020-02,handbag,3.25,accesorio
2020-03,handbag,2.4,accesorio
2020-04,handbag,2.0,accesorio
2020-05,handbag,2.8,accesorio
2020-06,handbag,3.0,accesorio
2020-07,handbag,3.0,accesorio
2020-08,handbag,3.0,accesorio
2020-09,handbag,3.0,accesorio
2020-10,handbag,3.0,accesorio
2020-11,handbag,3.4,accesorio
2020-12,handbag,3.75,accesorio
2021-01,handbag,3.0,accesorio
2021-02,handbag,3.0,accesorio
2021-03,handbag,3.0,accesorio
2021-04,handbag,3.0,accesorio
2021-05,handbag,3.0,accesorio
2021-06,handbag,3.0,accesorio
2021-07,handbag,3.0,accesorio
2021-08,handbag,3.6,accesorio
2021-09,handbag,3.0,accesorio
2021-10,handbag,3.0,accesorio
2021-11,handbag,4.0,accesorio
2021-12,handbag,4.25,accesorio
2019-12,sunglasses,18.0,accesorio
2020-01,sunglasses,15.75,accesorio
2020-02,sunglasses,17.25,accesorio
2020-03,sunglasses,15.0,accesorio
2020-04,sunglasses,18.5,accesorio
2020-05,sunglasses,24.6,accesorio
2020-06,sunglasses,27.0,accesorio
2020-07,sunglasses,25.75,accesorio
2020-08,sunglasses,21.6,accesorio
2020-09,sunglasses,16.75,accesorio
2020-10,sunglasses,15.0,accesorio
2020-11,sunglasses,15.6,accesorio
2020-12,sunglasses,16.5,accesorio
2021-01,sunglasses,15.2,accesorio
2021-02,sunglasses,17.25,accesorio
2021-03,sunglasses,22.0,accesorio
2021-04,sunglasses,24.5,accesorio
2021-05,sunglasses,24.2,accesorio
2021-06,sunglasses,26.5,accesorio
2021-07,sunglasses,24.25,accesorio
2021-08,sunglasses,20.8,accesorio
2021-09,sunglasses,18.0,accesorio
2021-10,sunglasses,16.2,accesorio
2021-11,sunglasses,17.25,accesorio
2021-12,sunglasses,16.75,accesorio
2022-01,coquette,1.0,estilo
2022-02,coquette,1.0,estilo
2022-03,coquette,1.0,estilo
2022-04,coquette,1.0,estilo
2022-05,coquette,1.0,estilo
2022-06,coquette,1.0,estilo
2022-07,coquette,1.0,estilo
2022-08,coquette,1.0,estilo
2022-09,coquette,1.0,estilo
2022-10,coquette,1.0,estilo
2022-11,coquette,1.0,estilo
2022-12,coquette,1.0,estilo
2023-01,coquette,1.0,estilo
2023-02,coquette,1.0,estilo
2023-03,coquette,1.0,estilo
2023-04,coquette,1.0,estilo
2023-05,coquette,1.0,estilo
2023-06,coquette,1.0,estilo
2023-07,coquette,1.0,estilo
2023-08,coquette,1.0,estilo
2023-09,coquette,1.0,estilo
2023-10,coquette,1.0,estilo
2023-11,coquette,1.0,estilo
2023-12,coquette,2.6,estilo
2022-01,gorpcore,0.0,estilo
2022-02,gorpcore,0.0,estilo
2022-03,gorpcore,0.0,estilo
2022-04,gorpcore,0.0,estilo
2022-05,gorpcore,0.0,estilo
2022-06,gorpcore,0.0,estilo
2022-07,gorpcore,0.0,estilo
2022-08,gorpcore,0.0,estilo
2022-09,gorpcore,0.0,estilo
2022-10,gorpcore,0.0,estilo
2022-11,gorpcore,0.0,estilo
2022-12,gorpcore,0.0,estilo
2023-01,gorpcore,0.0,estilo
2023-02,gorpcore,0.0,estilo
2023-03,gorpcore,0.0,estilo
2023-04,gorpcore,0.0,estilo
2023-05,gorpcore,0.0,estilo
2023-06,gorpcore,0.0,estilo
2023-07,gorpcore,0.0,estilo
2023-08,gorpcore,0.0,estilo
2023-09,gorpcore,0.0,estilo
2023-10,gorpcore,0.0,estilo
2023-11,gorpcore,0.0,estilo
2023-12,gorpcore,0.0,estilo
2022-01,handbag,3.2,accesorio
2022-02,handbag,3.0,accesorio
2022-03,handbag,3.0,accesorio
2022-04,handbag,3.5,accesorio
2022-05,handbag,3.4,accesorio
2022-06,handbag,3.0,accesorio
2022-07,handbag,3.4,accesorio
2022-08,handbag,3.5,accesorio
2022-09,handbag,3.25,accesorio
2022-10,handbag,3.0,accesorio
2022-11,handbag,3.75,accesorio
2022-12,handbag,4.0,accesorio
2023-01,handbag,3.2,accesorio
2023-02,handbag,3.0,accesorio
2023-03,handbag,3.0,accesorio
2023-04,handbag,3.2,accesorio
2023-05,handbag,3.0,accesorio
2023-06,handbag,3.25,accesorio
2023-07,handbag,3.6,accesorio
2023-08,handbag,3.75,accesorio
2023-09,handbag,3.0,accesorio
2023-10,handbag,3.2,accesorio
2023-11,handbag,3.75,accesorio
2023-12,handbag,4.0,accesorio
2022-01,sunglasses,15.2,accesorio
2022-02,sunglasses,18.0,accesorio
2022-03,sunglasses,22.25,accesorio
2022-04,sunglasses,24.0,accesorio
2022-05,sunglasses,26.6,accesorio
2022-06,sunglasses,29.5,accesorio
2022-07,sunglasses,27.6,accesorio
2022-08,sunglasses,22.5,accesorio
2022-09,sunglasses,17.75,accesorio
2022-10,sunglasses,16.2,accesorio
2022-11,sunglasses,16.5,accesorio
2022-12,sunglasses,17.25,accesorio
2023-01,sunglasses,16.2,accesorio
2023-02,sunglasses,19.25,accesorio
2023-03,sunglasses,21.75,accesorio
2023-04,sunglasses,25.4,accesorio
2023-05,sunglasses,28.25,accesorio
2023-06,sunglasses,29.75,accesorio
2023-07,sunglasses,26.4,accesorio
2023-08,sunglasses,22.0,accesorio
2023-09,sunglasses,20.75,accesorio
2023-10,sunglasses,17.0,accesorio
2023-11,sunglasses,17.5,accesorio
2023-12,sunglasses,18.0,accesorio
2024-01,coquette,7.75,estilo
2024-02,coquette,4.75,estilo
2024-03,coquette,3.2,estilo
2024-04,coquette,3.0,estilo
2024-05,coquette,2.75,estilo
2024-06,coquette,2.0,estilo
2024-07,coquette,2.75,estilo
2024-08,coquette,3.0,estilo
2024-09,coquette,2.4,estilo
2024-10,coquette,2.0,estilo
2024-11,coquette,2.0,estilo
2024-12,coquette,2.0,estilo
2025-01,coquette,2.0,estilo
2025-02,coquette,2.0,estilo
2025-03,coquette,2.0,estilo
2025-04,coquette,1.5,estilo
2025-05,coquette,1.25,estilo
2025-06,coquette,1.0,estilo
2025-07,coquette,1.0,estilo
2025-08,coquette,1.0,estilo
2025-09,coquette,1.0,estilo
2025-10,coquette,1.0,estilo
2025-11,coquette,1.0,estilo
2025-12,coquette,1.0,estilo
2024-01,gorpcore,0.0,estilo
2024-02,gorpcore,0.0,estilo
2024-03,gorpcore,0.0,estilo
2024-04,gorpcore,0.0,estilo
2024-05,gorpcore,0.0,estilo
2024-06,gorpcore,0.0,estilo
2024-07,gorpcore,0.0,estilo
2024-08,gorpcore,0.0,estilo
2024-09,gorpcore,0.0,estilo
2024-10,gorpcore,0.0,estilo
2024-11,gorpcore,0.0,estilo
2024-12,gorpcore,0.0,estilo
2025-01,gorpcore,0.0,estilo
2025-02,gorpcore,0.0,estilo
2025-03,gorpcore,0.0,estilo
2025-04,gorpcore,0.0,estilo
2025-05,gorpcore,0.0,estilo
2025-06,gorpcore,0.0,estilo
2025-07,gorpcore,0.0,estilo
2025-08,gorpcore,0.0,estilo
2025-09,gorpcore,0.0,estilo
2025-10,gorpcore,0.0,estilo
2025-11,gorpcore,0.0,estilo
2025-12,gorpcore,0.0,estilo
2024-01,handbag,3.0,accesorio
2024-02,handbag,3.0,accesorio
2024-03,handbag,3.0,accesorio
2024-04,handbag,3.0,accesorio
2024-05,handbag,3.0,accesorio
2024-06,handbag,3.0,accesorio
2024-07,handbag,3.0,accesorio
2024-08,handbag,3.0,accesorio
2024-09,handbag,3.0,accesorio
2024-10,handbag,3.0,accesorio
2024-11,handbag,3.25,accesorio
2024-12,handbag,4.0,accesorio
2025-01,handbag,3.0,accesorio
2025-02,handbag,3.0,accesorio
2025-03,handbag,3.0,accesorio
2025-04,handbag,3.0,accesorio
2025-05,handbag,3.0,accesorio
2025-06,handbag,3.0,accesorio
2025-07,handbag,3.75,accesorio
2025-08,handbag,5.0,accesorio
2025-09,handbag,4.0,accesorio
2025-10,handbag,4.0,accesorio
2025-11,handbag,4.4,accesorio
2025-12,handbag,5.0,accesorio
2024-01,sunglasses,14.0,accesorio
2024-02,sunglasses,16.25,accesorio
2024-03,sunglasses,19.8,accesorio
2024-04,sunglasses,23.75,accesorio
2024-05,sunglasses,22.75,accesorio
2024-06,sunglasses,23.6,accesorio
2024-07,sunglasses,21.75,accesorio
2024-08,sunglasses,19.25,accesorio
2024-09,sunglasses,15.4,accesorio
2024-10,sunglasses,14.5,accesorio
2024-11,sunglasses,14.75,accesorio
2024-12,sunglasses,15.6,accesorio
2025-01,sunglasses,14.25,accesorio
2025-02,sunglasses,15.75,accesorio
2025-03,sunglasses,20.2,accesorio
2025-04,sunglasses,23.25,accesorio
2025-05,sunglasses,23.25,accesorio
2025-06,sunglasses,25.0,accesorio
2025-07,sunglasses,25.0,accesorio
2025-08,sunglasses,25.4,accesorio
2025-09,sunglasses,20.0,accesorio
2025-10,sunglasses,18.25,accesorio
2025-11,sunglasses,18.4,accesorio
2025-12,sunglasses,18.0,accesorio
2019-12,corsé,0.0,prenda
2020-01,corsé,0.0,prenda
2020-02,corsé,0.0,prenda
2020-03,corsé,0.0,prenda
2020-04,corsé,0.0,prenda
2020-05,corsé,0.0,prenda
2020-06,corsé,0.0,prenda
2020-07,corsé,0.0,prenda
2020-08,corsé,0.0,prenda
2020-09,corsé,0.0,prenda
2020-10,corsé,0.0,prenda
2020-11,corsé,0.0,prenda
2020-12,corsé,0.0,prenda
2021-01,corsé,0.0,prenda
2021-02,corsé,0.0,prenda
2021-03,corsé,0.0,prenda
2021-04,corsé,0.0,prenda
2021-05,corsé,0.0,prenda
2021-06,corsé,0.0,prenda
2021-07,corsé,0.0,prenda
2021-08,corsé,0.0,prenda
2021-09,corsé,0.0,prenda
2021-10,corsé,0.0,prenda
2021-11,corsé,0.0,prenda
2021-12,corsé,0.0,prenda
2022-01,corsé,0.0,prenda
2022-02,corsé,0.0,prenda
2022-03,corsé,0.0,prenda
2022-04,corsé,0.0,prenda
2022-05,corsé,0.0,prenda
2022-06,corsé,0.0,prenda
2022-07,corsé,0.0,prenda
2022-08,corsé,0.0,prenda
2022-09,corsé,0.0,prenda
2022-10,corsé,0.0,prenda
2022-11,corsé,0.0,prenda
2022-12,corsé,0.0,prenda
2023-01,corsé,0.0,prenda
2023-02,corsé,0.0,prenda
2023-03,corsé,0.0,prenda
2023-04,corsé,0.0,prenda
2023-05,corsé,0.0,prenda
2023-06,corsé,0.0,prenda
2023-07,corsé,0.0,prenda
2023-08,corsé,0.0,prenda
2023-09,corsé,0.0,prenda
2023-10,corsé,0.0,prenda
2023-11,corsé,0.0,prenda
2023-12,corsé,0.0,prenda
2024-01,corsé,0.0,prenda
2024-02,corsé,0.0,prenda
2024-03,corsé,0.0,prenda
2024-04,corsé,0.0,prenda
2024-05,corsé,0.0,prenda
2024-06,corsé,0.0,prenda
2024-07,corsé,0.0,prenda
2024-08,corsé,0.0,prenda
2024-09,corsé,0.0,prenda
2024-10,corsé,0.0,prenda
2024-11,corsé,0.0,prenda
2024-12,corsé,0.0,prenda
2025-01,corsé,0.0,prenda
2025-02,corsé,0.0,prenda
2025-03,corsé,0.0,prenda
2025-04,corsé,0.0,prenda
2025-05,corsé,0.0,prenda
2025-06,corsé,0.0,prenda
2025-07,corsé,0.0,prenda
2025-08,corsé,0.0,prenda
2025-09,corsé,0.0,prenda
2025-10,corsé,0.0,prenda
2025-11,corsé,0.0,prenda
2025-12,corsé,0.0,prenda
2019-12,body,81.0,prenda
2020-01,body,75.5,prenda
2020-02,body,74.75,prenda
2020-03,body,78.8,prenda
2020-04,body,85.25,prenda
2020-05,body,85.4,prenda
2020-06,body,86.0,prenda
2020-07,body,83.25,prenda
2020-08,body,80.4,prenda
2020-09,body,87.0,prenda
2020-10,body,81.75,prenda
2020-11,body,86.4,prenda
2020-12,body,85.5,prenda
2021-01,body,78.4,prenda
2021-02,body,77.25,prenda
2021-03,body,76.25,prenda
2021-04,body,80.0,prenda
2021-05,body,79.8,prenda
2021-06,body,79.0,prenda
2021-07,body,78.5,prenda
2021-08,body,77.4,prenda
2021-09,body,81.25,prenda
2021-10,body,79.2,prenda
2021-11,body,86.25,prenda
2021-12,body,83.5,prenda
2019-12,bermudas,0.0,prenda
2020-01,bermudas,0.0,prenda
2020-02,bermudas,0.0,prenda
2020-03,bermudas,0.0,prenda
2020-04,bermudas,0.0,prenda
2020-05,bermudas,0.2,prenda
2020-06,bermudas,0.0,prenda
2020-07,bermudas,0.0,prenda
2020-08,bermudas,0.0,prenda
2020-09,bermudas,0.0,prenda
2020-10,bermudas,0.0,prenda
2020-11,bermudas,0.0,prenda
2020-12,bermudas,0.0,prenda
2021-01,bermudas,0.2,prenda
2021-02,bermudas,0.0,prenda
2021-03,bermudas,0.0,prenda
2021-04,bermudas,0.0,prenda
2021-05,bermudas,0.0,prenda
2021-06,bermudas,0.0,prenda
2021-07,bermudas,0.25,prenda
2021-08,bermudas,0.2,prenda
2021-09,bermudas,0.0,prenda
2021-10,bermudas,0.0,prenda
2021-11,bermudas,0.0,prenda
2021-12,bermudas,0.0,prenda
2019-12,vestido lencero,0.0,prenda
2020-01,vestido lencero,0.0,prenda
2020-02,vestido lencero,0.0,prenda
2020-03,vestido lencero,0.0,prenda
2020-04,vestido lencero,0.0,prenda
2020-05,vestido lencero,0.0,prenda
2020-06,vestido lencero,0.0,prenda
2020-07,vestido lencero,0.0,prenda
2020-08,vestido lencero,0.0,prenda
2020-09,vestido lencero,0.0,prenda
2020-10,vestido lencero,0.0,prenda
2020-11,vestido lencero,0.0,prenda
2020-12,vestido lencero,0.0,prenda
2021-01,vestido lencero,0.0,prenda
2021-02,vestido lencero,0.0,prenda
2021-03,vestido lencero,0.0,prenda
2021-04,vestido lencero,0.0,prenda
2021-05,vestido lencero,0.0,prenda
2021-06,vestido lencero,0.0,prenda
2021-07,vestido lencero,0.0,prenda
2021-08,vestido lencero,0.0,prenda
2021-09,vestido lencero,0.0,prenda
2021-10,vestido lencero,0.0,prenda
2021-11,vestido lencero,0.0,prenda
2021-12,vestido lencero,0.0,prenda
2019-12,plateado,0.0,color
2020-01,plateado,0.0,color
2020-02,plateado,0.0,color
2020-03,plateado,0.0,color
2020-04,plateado,0.0,color
2020-05,plateado,0.0,color
2020-06,plateado,0.0,color
2020-07,plateado,0.0,color
2020-08,plateado,0.0,color
2020-09,plateado,0.0,color
2020-10,plateado,0.0,color
2020-11,plateado,0.0,color
2020-12,plateado,0.0,color
2021-01,plateado,0.0,color
2021-02,plateado,0.0,color
2021-03,plateado,0.0,color
2021-04,plateado,0.0,color
2021-05,plateado,0.0,color
2021-06,plateado,0.0,color
2021-07,plateado,0.0,color
2021-08,plateado,0.0,color
2021-09,plateado,0.0,color
2021-10,plateado,0.0,color
2021-11,plateado,0.0,color
2021-12,plateado,0.0,color
2022-01,body,89.8,prenda
2022-02,body,88.5,prenda
2022-03,body,88.75,prenda
2022-04,body,88.5,prenda
2022-05,body,86.0,prenda
2022-06,body,86.5,prenda
2022-07,body,86.2,prenda
2022-08,body,86.75,prenda
2022-09,body,89.0,prenda
2022-10,body,88.2,prenda
2022-11,body,93.25,prenda
2022-12,body,92.0,prenda
2023-01,body,89.0,prenda
2023-02,body,88.5,prenda
2023-03,body,84.75,prenda
2023-04,body,84.4,prenda
2023-05,body,85.25,prenda
2023-06,body,87.25,prenda
2023-07,body,85.6,prenda
2023-08,body,83.25,prenda
2023-09,body,85.25,prenda
2023-10,body,89.0,prenda
2023-11,body,92.75,prenda
2023-12,body,90.8,prenda
2022-01,bermudas,0.0,prenda
2022-02,bermudas,0.0,prenda
2022-03,bermudas,0.0,prenda
2022-04,bermudas,0.0,prenda
2022-05,bermudas,0.0,prenda
2022-06,bermudas,0.0,prenda
2022-07,bermudas,0.0,prenda
2022-08,bermudas,0.0,prenda
2022-09,bermudas,0.0,prenda
2022-10,bermudas,0.0,prenda
2022-11,bermudas,0.5,prenda
2022-12,bermudas,0.0,prenda
2023-01,bermudas,0.0,prenda
2023-02,bermudas,0.0,prenda
2023-03,bermudas,0.0,prenda
2023-04,bermudas,0.0,prenda
2023-05,bermudas,0.25,prenda
2023-06,bermudas,0.25,prenda
2023-07,bermudas,0.0,prenda
2023-08,bermudas,0.0,prenda
2023-09,bermudas,0.0,prenda
2023-10,bermudas,0.0,prenda
2023-11,bermudas,0.0,prenda
2023-12,bermudas,0.0,prenda
2022-01,vestido lencero,0.0,prenda
2022-02,vestido lencero,0.0,prenda
2022-03,vestido lencero,0.0,prenda
2022-04,vestido lencero,0.0,prenda
2022-05,vestido lencero,0.0,prenda
2022-06,vestido lencero,0.0,prenda
2022-07,vestido lencero,0.0,prenda
2022-08,vestido lencero,0.0,prenda
2022-09,vestido lencero,0.0,prenda
2022-10,vestido lencero,0.0,prenda
2022-11,vestido lencero,0.0,prenda
2022-12,vestido lencero,0.0,prenda
2023-01,vestido lencero,0.0,prenda
2023-02,vestido lencero,0.0,prenda
2023-03,vestido lencero,0.0,prenda
2023-04,vestido lencero,0.0,prenda
2023-05,vestido lencero,0.0,prenda
2023-06,vestido lencero,0.0,prenda
2023-07,vestido lencero,0.0,prenda
2023-08,vestido lencero,0.0,prenda
2023-09,vestido lencero,0.0,prenda
2023-10,vestido lencero,0.0,prenda
2023-11,vestido lencero,0.0,prenda
2023-12,vestido lencero,0.0,prenda
2022-01,plateado,0.0,color
2022-02,plateado,0.0,color
2022-03,plateado,0.0,color
2022-04,plateado,0.0,color
2022-05,plateado,0.0,color
2022-06,plateado,0.0,color
2022-07,plateado,0.0,color
2022-08,plateado,0.0,color
2022-09,plateado,0.0,color
2022-10,plateado,0.0,color
2022-11,plateado,0.0,color
2022-12,plateado,0.0,color
2023-01,plateado,0.0,color
2023-02,plateado,0.0,color
2023-03,plateado,0.0,color
2023-04,plateado,0.0,color
2023-05,plateado,0.0,color
2023-06,plateado,0.0,color
2023-07,plateado,0.0,color
2023-08,plateado,0.0,color
2023-09,plateado,0.0,color
2023-10,plateado,0.0,color
2023-11,plateado,0.5,color
2023-12,plateado,0.4,color
2024-01,body,73.25,prenda
2024-02,body,77.5,prenda
2024-03,body,84.4,prenda
2024-04,body,80.25,prenda
2024-05,body,75.75,prenda
2024-06,body,74.4,prenda
2024-07,body,75.25,prenda
2024-08,body,77.0,prenda
2024-09,body,77.4,prenda
2024-10,body,82.25,prenda
2024-11,body,80.75,prenda
2024-12,body,85.8,prenda
2025-01,body,78.5,prenda
2025-02,body,80.5,prenda
2025-03,body,78.4,prenda
2025-04,body,79.25,prenda
2025-05,body,80.25,prenda
2025-06,body,80.4,prenda
2025-07,body,83.0,prenda
2025-08,body,90.0,prenda
2025-09,body,92.25,prenda
2025-10,body,90.5,prenda
2025-11,body,96.6,prenda
2025-12,body,93.75,prenda
2024-01,bermudas,0.0,prenda
2024-02,bermudas,0.0,prenda
2024-03,bermudas,0.0,prenda
2024-04,bermudas,0.0,prenda
2024-05,bermudas,0.0,prenda
2024-06,bermudas,0.2,prenda
2024-07,bermudas,0.0,prenda
2024-08,bermudas,0.0,prenda
2024-09,bermudas,0.0,prenda
2024-10,bermudas,0.0,prenda
2024-11,bermudas,0.0,prenda
2024-12,bermudas,0.0,prenda
2025-01,bermudas,0.0,prenda
2025-02,bermudas,0.0,prenda
2025-03,bermudas,0.4,prenda
2025-04,bermudas,0.0,prenda
2025-05,bermudas,0.0,prenda
2025-06,bermudas,0.0,prenda
2025-07,bermudas,0.0,prenda
2025-08,bermudas,0.0,prenda
2025-09,bermudas,0.0,prenda
2025-10,bermudas,0.0,prenda
2025-11,bermudas,0.0,prenda
2025-12,bermudas,0.0,prenda
2024-01,vestido lencero,0.0,prenda
2024-02,vestido lencero,0.0,prenda
2024-03,vestido lencero,0.0,prenda
2024-04,vestido lencero,0.0,prenda
2024-05,vestido lencero,0.0,prenda
2024-06,vestido lencero,0.0,prenda
2024-07,vestido lencero,0.0,prenda
2024-08,vestido lencero,0.0,prenda
2024-09,vestido lencero,0.0,prenda
2024-10,vestido lencero,0.0,prenda
2024-11,vestido lencero,0.0,prenda
2024-12,vestido lencero,0.0,prenda
2025-01,vestido lencero,0.0,prenda
2025-02,vestido lencero,0.0,prenda
2025-03,vestido lencero,0.0,prenda
2025-04,vestido lencero,0.0,prenda
2025-05,vestido lencero,0.0,prenda
2025-06,vestido lencero,0.0,prenda
2025-07,vestido lencero,0.0,prenda
2025-08,vestido lencero,0.0,prenda
2025-09,vestido lencero,0.0,prenda
2025-10,vestido lencero,0.0,prenda
2025-11,vestido lencero,0.0,prenda
2025-12,vestido lencero,0.0,prenda
2024-01,plateado,0.0,color
2024-02,plateado,0.0,color
2024-03,plateado,0.0,color
2024-04,plateado,0.0,color
2024-05,plateado,0.0,color
2024-06,plateado,0.0,color
2024-07,plateado,0.0,color
2024-08,plateado,0.0,color
2024-09,plateado,0.0,color
2024-10,plateado,0.0,color
2024-11,plateado,0.0,color
2024-12,plateado,0.0,color
2025-01,plateado,0.0,color
2025-02,plateado,0.0,color
2025-03,plateado,0.0,color
2025-04,plateado,0.0,color
2025-05,plateado,0.0,color
2025-06,plateado,0.0,color
2025-07,plateado,0.0,color
2025-08,plateado,0.0,color
2025-09,plateado,0.0,color
2025-10,plateado,0.0,color
2025-11,plateado,0.4,color
2025-12,plateado,0.5,color
2019-12,rojo cereza,0.0,color
2020-01,rojo cereza,0.0,color
2020-02,rojo cereza,0.0,color
2020-03,rojo cereza,0.0,color
2020-04,rojo cereza,0.0,color
2020-05,rojo cereza,0.0,color
2020-06,rojo cereza,0.0,color
2020-07,rojo cereza,0.0,color
2020-08,rojo cereza,0.0,color
2020-09,rojo cereza,0.0,color
2020-10,rojo cereza,0.0,color
2020-11,rojo cereza,0.0,color
2020-12,rojo cereza,0.0,color
2021-01,rojo cereza,0.0,color
2021-02,rojo cereza,0.0,color
2021-03,rojo cereza,0.0,color
2021-04,rojo cereza,0.0,color
2021-05,rojo cereza,0.0,color
2021-06,rojo cereza,0.0,color
2021-07,rojo cereza,0.0,color
2021-08,rojo cereza,0.0,color
2021-09,rojo cereza,0.0,color
2021-10,rojo cereza,0.0,color
2021-11,rojo cereza,0.0,color
2021-12,rojo cereza,0.0,color
2019-12,azul cobalto,0.0,color
2020-01,azul cobalto,0.0,color
2020-02,azul cobalto,0.0,color
2020-03,azul cobalto,0.0,color
2020-04,azul cobalto,0.0,color
2020-05,azul cobalto,0.0,color
2020-06,azul cobalto,0.0,color
2020-07,azul cobalto,0.0,color
2020-08,azul cobalto,0.0,color
2020-09,azul cobalto,0.0,color
2020-10,azul cobalto,0.0,color
2020-11,azul cobalto,0.0,color
2020-12,azul cobalto,0.0,color
2021-01,azul cobalto,0.0,color
2021-02,azul cobalto,0.0,color
2021-03,azul cobalto,0.0,color
2021-04,azul cobalto,0.0,color
2021-05,azul cobalto,0.0,color
2021-06,azul cobalto,0.0,color
2021-07,azul cobalto,0.0,color
2021-08,azul cobalto,0.0,color
2021-09,azul cobalto,0.0,color
2021-10,azul cobalto,0.0,color
2021-11,azul cobalto,0.0,color
2021-12,azul cobalto,0.0,color
2019-12,rejilla,1.0,material
2020-01,rejilla,1.0,material
2020-02,rejilla,1.0,material
2020-03,rejilla,0.6,material
2020-04,rejilla,1.0,material
2020-05,rejilla,1.0,material
2020-06,rejilla,1.0,material
2020-07,rejilla,1.0,material
2020-08,rejilla,1.0,material
2020-09,rejilla,1.0,material
2020-10,rejilla,1.0,material
2020-11,rejilla,1.0,material
2020-12,rejilla,1.0,material
2021-01,rejilla,1.0,material
2021-02,rejilla,1.0,material
2021-03,rejilla,1.0,material
2021-04,rejilla,1.0,material
2021-05,rejilla,1.0,material
2021-06,rejilla,1.0,material
2021-07,rejilla,1.0,material
2021-08,rejilla,1.0,material
2021-09,rejilla,1.0,material
2021-10,rejilla,1.0,material
2021-11,rejilla,1.0,material
2021-12,rejilla,1.0,material
2019-12,lentejuelas,1.0,material
2020-01,lentejuelas,0.0,material
2020-02,lentejuelas,0.0,material
2020-03,lentejuelas,0.0,material
2020-04,lentejuelas,0.0,material
2020-05,lentejuelas,0.0,material
2020-06,lentejuelas,0.0,material
2020-07,lentejuelas,0.0,material
2020-08,lentejuelas,0.0,material
2020-09,lentejuelas,0.0,material
2020-10,lentejuelas,0.0,material
2020-11,lentejuelas,0.0,material
2020-12,lentejuelas,1.0,material
2021-01,lentejuelas,0.0,material
2021-02,lentejuelas,0.0,material
2021-03,lentejuelas,0.0,material
2021-04,lentejuelas,0.0,material
2021-05,lentejuelas,0.0,material
2021-06,lentejuelas,0.0,material
2021-07,lentejuelas,0.0,material
2021-08,lentejuelas,0.0,material
2021-09,lentejuelas,0.0,material
2021-10,lentejuelas,0.0,material
2021-11,lentejuelas,1.0,material
2021-12,lentejuelas,1.0,material
2022-01,rojo cereza,0.0,color
2022-02,rojo cereza,0.0,color
2022-03,rojo cereza,0.0,color
2022-04,rojo cereza,0.0,color
2022-05,rojo cereza,0.0,color
2022-06,rojo cereza,0.0,color
2022-07,rojo cereza,0.0,color
2022-08,rojo cereza,0.0,color
2022-09,rojo cereza,0.0,color
2022-10,rojo cereza,0.0,color
2022-11,rojo cereza,0.0,color
2022-12,rojo cereza,0.0,color
2023-01,rojo cereza,0.0,color
2023-02,rojo cereza,0.0,color
2023-03,rojo cereza,0.0,color
2023-04,rojo cereza,0.0,color
2023-05,rojo cereza,0.0,color
2023-06,rojo cereza,0.0,color
2023-07,rojo cereza,0.0,color
2023-08,rojo cereza,0.0,color
2023-09,rojo cereza,0.0,color
2023-10,rojo cereza,0.0,color
2023-11,rojo cereza,0.0,color
2023-12,rojo cereza,0.0,color
2022-01,azul cobalto,0.0,color
2022-02,azul cobalto,0.0,color
2022-03,azul cobalto,0.0,color
2022-04,azul cobalto,0.0,color
2022-05,azul cobalto,0.0,color
2022-06,azul cobalto,0.0,color
2022-07,azul cobalto,0.0,color
2022-08,azul cobalto,0.0,color
2022-09,azul cobalto,0.0,color
2022-10,azul cobalto,0.0,color
2022-11,azul cobalto,0.0,color
2022-12,azul cobalto,0.0,color
2023-01,azul cobalto,0.0,color
2023-02,azul cobalto,0.0,color
2023-03,azul cobalto,0.0,color
2023-04,azul cobalto,0.0,color
2023-05,azul cobalto,0.0,color
2023-06,azul cobalto,0.0,color
2023-07,azul cobalto,0.0,color
2023-08,azul cobalto,0.0,color
2023-09,azul cobalto,0.0,color
2023-10,azul cobalto,0.0,color
2023-11,azul cobalto,0.0,color
2023-12,azul cobalto,0.0,color
2022-01,rejilla,1.0,material
2022-02,rejilla,1.0,material
2022-03,rejilla,1.0,material
2022-04,rejilla,1.0,material
2022-05,rejilla,1.0,material
2022-06,rejilla,1.0,material
2022-07,rejilla,1.0,material
2022-08,rejilla,1.0,material
2022-09,rejilla,1.0,material
2022-10,rejilla,1.0,material
2022-11,rejilla,1.0,material
2022-12,rejilla,1.0,material
2023-01,rejilla,1.0,material
2023-02,rejilla,1.0,material
2023-03,rejilla,1.0,material
2023-04,rejilla,1.0,material
2023-05,rejilla,1.0,material
2023-06,rejilla,1.0,material
2023-07,rejilla,1.0,material
2023-08,rejilla,1.0,material
2023-09,rejilla,1.0,material
2023-10,rejilla,1.0,material
2023-11,rejilla,1.0,material
2023-12,rejilla,1.0,material
2022-01,lentejuelas,0.0,material
2022-02,lentejuelas,0.0,material
2022-03,lentejuelas,0.0,material
2022-04,lentejuelas,0.0,material
2022-05,lentejuelas,0.0,material
2022-06,lentejuelas,0.0,material
2022-07,lentejuelas,0.0,material
2022-08,lentejuelas,0.0,material
2022-09,lentejuelas,0.0,material
2022-10,lentejuelas,0.6,material
2022-11,lentejuelas,1.0,material
2022-12,lentejuelas,1.0,material
2023-01,lentejuelas,0.0,material
2023-02,lentejuelas,0.0,material
2023-03,lentejuelas,0.0,material
2023-04,lentejuelas,0.0,material
2023-05,lentejuelas,0.0,material
2023-06,lentejuelas,0.0,material
2023-07,lentejuelas,0.0,material
2023-08,lentejuelas,0.0,material
2023-09,lentejuelas,0.0,material
2023-10,lentejuelas,0.4,material
2023-11,lentejuelas,1.0,material
2023-12,lentejuelas,1.0,material
2024-01,rojo cereza,0.0,color
2024-02,rojo cereza,0.0,color
2024-03,rojo cereza,0.0,color
2024-04,rojo cereza,0.0,color
2024-05,rojo cereza,0.0,color
2024-06,rojo cereza,0.0,color
2024-07,rojo cereza,0.0,color
2024-08,rojo cereza,0.0,color
2024-09,rojo cereza,0.0,color
2024-10,rojo cereza,0.0,color
2024-11,rojo cereza,0.0,color
2024-12,rojo cereza,0.0,color
2025-01,rojo cereza,0.0,color
2025-02,rojo cereza,0.0,color
2025-03,rojo cereza,0.0,color
2025-04,rojo cereza,0.0,color
2025-05,rojo cereza,0.0,color
2025-06,rojo cereza,0.0,color
2025-07,rojo cereza,0.0,color
2025-08,rojo cereza,0.0,color
2025-09,rojo cereza,0.0,color
2025-10,rojo cereza,0.0,color
2025-11,rojo cereza,0.0,color
2025-12,rojo cereza,0.0,color
2024-01,azul cobalto,0.0,color
2024-02,azul cobalto,0.0,color
2024-03,azul cobalto,0.0,color
2024-04,azul cobalto,0.0,color
2024-05,azul cobalto,0.0,color
2024-06,azul cobalto,0.0,color
2024-07,azul cobalto,0.0,color
2024-08,azul cobalto,0.0,color
2024-09,azul cobalto,0.0,color
2024-10,azul cobalto,0.0,color
2024-11,azul cobalto,0.0,color
2024-12,azul cobalto,0.0,color
2025-01,azul cobalto,0.0,color
2025-02,azul cobalto,0.0,color
2025-03,azul cobalto,0.0,color
2025-04,azul cobalto,0.0,color
2025-05,azul cobalto,0.0,color
2025-06,azul cobalto,0.0,color
2025-07,azul cobalto,0.0,color
2025-08,azul cobalto,0.0,color
2025-09,azul cobalto,0.0,color
2025-10,azul cobalto,0.0,color
2025-11,azul cobalto,0.0,color
2025-12,azul cobalto,0.0,color
2024-01,rejilla,1.0,material
2024-02,rejilla,1.0,material
2024-03,rejilla,1.0,material
2024-04,rejilla,1.0,material
2024-05,rejilla,1.0,material
2024-06,rejilla,1.0,material
2024-07,rejilla,1.0,material
2024-08,rejilla,1.0,material
2024-09,rejilla,1.0,material
2024-10,rejilla,1.0,material
2024-11,rejilla,1.0,material
2024-12,rejilla,1.0,material
2025-01,rejilla,1.0,material
2025-02,rejilla,1.0,material
2025-03,rejilla,1.0,material
2025-04,rejilla,1.0,material
2025-05,rejilla,1.0,material
2025-06,rejilla,1.0,material
2025-07,rejilla,1.0,material
2025-08,rejilla,1.0,material
2025-09,rejilla,1.0,material
2025-10,rejilla,1.0,material
2025-11,rejilla,1.0,material
2025-12,rejilla,1.0,material
2024-01,lentejuelas,0.0,material
2024-02,lentejuelas,0.0,material
2024-03,lentejuelas,0.0,material
2024-04,lentejuelas,0.0,material
2024-05,lentejuelas,0.0,material
2024-06,lentejuelas,0.0,material
2024-07,lentejuelas,0.0,material
2024-08,lentejuelas,0.0,material
2024-09,lentejuelas,0.0,material
2024-10,lentejuelas,0.0,material
2024-11,lentejuelas,0.5,material
2024-12,lentejuelas,1.0,material
2025-01,lentejuelas,0.0,material
2025-02,lentejuelas,0.0,material
2025-03,lentejuelas,0.0,material
2025-04,lentejuelas,0.0,material
2025-05,lentejuelas,0.0,material
2025-06,lentejuelas,0.0,material
2025-07,lentejuelas,0.0,material
2025-08,lentejuelas,0.0,material
2025-09,lentejuelas,0.0,material
2025-10,lentejuelas,0.0,material
2025-11,lentejuelas,0.6,material
2025-12,lentejuelas,1.0,material
2019-12,camuflaje,0.0,patron
2020-01,camuflaje,0.0,patron
2020-02,camuflaje,0.0,patron
2020-03,camuflaje,0.0,patron
2020-04,camuflaje,0.5,patron
2020-05,camuflaje,0.8,patron
2020-06,camuflaje,0.5,patron
2020-07,camuflaje,0.0,patron
2020-08,camuflaje,0.6,patron
2020-09,camuflaje,0.0,patron
2020-10,camuflaje,0.5,patron
2020-11,camuflaje,0.0,patron
2020-12,camuflaje,0.25,patron
2021-01,camuflaje,0.6,patron
2021-02,camuflaje,0.25,patron
2021-03,camuflaje,0.0,patron
2021-04,camuflaje,0.25,patron
2021-05,camuflaje,0.0,patron
2021-06,camuflaje,0.0,patron
2021-07,camuflaje,0.0,patron
2021-08,camuflaje,0.0,patron
2021-09,camuflaje,0.0,patron
2021-10,camuflaje,0.0,patron
2021-11,camuflaje,0.0,patron
2021-12,camuflaje,0.0,patron
2022-01,camuflaje,0.0,patron
2022-02,camuflaje,0.0,patron
2022-03,camuflaje,0.0,patron
2022-04,camuflaje,0.0,patron
2022-05,camuflaje,0.0,patron
2022-06,camuflaje,0.0,patron
2022-07,camuflaje,0.0,patron
2022-08,camuflaje,0.0,patron
2022-09,camuflaje,0.0,patron
2022-10,camuflaje,0.0,patron
2022-11,camuflaje,0.0,patron
2022-12,camuflaje,0.0,patron
2023-01,camuflaje,0.0,patron
2023-02,camuflaje,0.0,patron
2023-03,camuflaje,0.0,patron
2023-04,camuflaje,0.0,patron
2023-05,camuflaje,0.0,patron
2023-06,camuflaje,0.0,patron
2023-07,camuflaje,0.0,patron
2023-08,camuflaje,0.0,patron
2023-09,camuflaje,0.0,patron
2023-10,camuflaje,0.0,patron
2023-11,camuflaje,0.0,patron
2023-12,camuflaje,0.0,patron
2024-01,camuflaje,0.0,patron
2024-02,camuflaje,0.0,patron
2024-03,camuflaje,0.0,patron
2024-04,camuflaje,0.0,patron
2024-05,camuflaje,0.0,patron
2024-06,camuflaje,0.0,patron
2024-07,camuflaje,0.0,patron
2024-08,camuflaje,0.0,patron
2024-09,camuflaje,0.0,patron
2024-10,camuflaje,0.0,patron
2024-11,camuflaje,0.0,patron
2024-12,camuflaje,0.0,patron
2025-01,camuflaje,0.0,patron
2025-02,camuflaje,0.0,patron
2025-03,camuflaje,0.0,patron
2025-04,camuflaje,0.0,patron
2025-05,camuflaje,0.0,patron
2025-06,camuflaje,0.0,patron
2025-07,camuflaje,0.0,patron
2025-08,camuflaje,0.0,patron
2025-09,camuflaje,0.0,patron
2025-10,camuflaje,0.0,patron
2025-11,camuflaje,0.0,patron
2025-12,camuflaje,0.0,patron
2019-12,leopardo,1.0,patron
2020-01,leopardo,1.0,patron
2020-02,leopardo,1.25,patron
2020-03,leopardo,1.8,patron
2020-04,leopardo,2.0,patron
2020-05,leopardo,1.6,patron
2020-06,leopardo,1.25,patron
2020-07,leopardo,1.25,patron
2020-08,leopardo,1.0,patron
2020-09,leopardo,1.0,patron
2020-10,leopardo,1.0,patron
2020-11,leopardo,1.0,patron
2020-12,leopardo,1.0,patron
2021-01,leopardo,1.0,patron
2021-02,leopardo,1.0,patron
2021-03,leopardo,1.0,patron
2021-04,leopardo,1.0,patron
2021-05,leopardo,1.0,patron
2021-06,leopardo,1.0,patron
2021-07,leopardo,1.0,patron
2021-08,leopardo,1.0,patron
2021-09,leopardo,1.0,patron
2021-10,leopardo,1.0,patron
2021-11,leopardo,1.0,patron
2021-12,leopardo,1.0,patron
2019-12,lujo silencioso,0.0,estilo
2020-01,lujo silencioso,0.0,estilo
2020-02,lujo silencioso,0.0,estilo
2020-03,lujo silencioso,0.0,estilo
2020-04,lujo silencioso,0.0,estilo
2020-05,lujo silencioso,0.0,estilo
2020-06,lujo silencioso,0.0,estilo
2020-07,lujo silencioso,0.0,estilo
2020-08,lujo silencioso,0.0,estilo
2020-09,lujo silencioso,0.0,estilo
2020-10,lujo silencioso,0.0,estilo
2020-11,lujo silencioso,0.0,estilo
2020-12,lujo silencioso,0.0,estilo
2021-01,lujo silencioso,0.0,estilo
2021-02,lujo silencioso,0.0,estilo
2021-03,lujo silencioso,0.0,estilo
2021-04,lujo silencioso,0.0,estilo
2021-05,lujo silencioso,0.0,estilo
2021-06,lujo silencioso,0.0,estilo
2021-07,lujo silencioso,0.0,estilo
2021-08,lujo silencioso,0.0,estilo
2021-09,lujo silencioso,0.0,estilo
2021-10,lujo silencioso,0.0,estilo
2021-11,lujo silencioso,0.0,estilo
2021-12,lujo silencioso,0.0,estilo
2019-12,bolso,4.0,accesorio
2020-01,bolso,4.25,accesorio
2020-02,bolso,3.5,accesorio
2020-03,bolso,2.6,accesorio
2020-04,bolso,2.5,accesorio
2020-05,bolso,3.6,accesorio
2020-06,bolso,4.0,accesorio
2020-07,bolso,4.0,accesorio
2020-08,bolso,3.8,accesorio
2020-09,bolso,3.25,accesorio
2020-10,bolso,3.25,accesorio
2020-11,bolso,3.6,accesorio
2020-12,bolso,4.0,accesorio
2021-01,bolso,3.8,accesorio
2021-02,bolso,3.0,accesorio
2021-03,bolso,3.25,accesorio
2021-04,bolso,4.0,accesorio
2021-05,bolso,4.0,accesorio
2021-06,bolso,4.0,accesorio
2021-07,bolso,4.0,accesorio
2021-08,bolso,4.0,accesorio
2021-09,bolso,4.0,accesorio
2021-10,bolso,4.0,accesorio
2021-11,bolso,4.0,accesorio
2021-12,bolso,4.5,accesorio
2019-12,gafas de sol,1.0,accesorio
2020-01,gafas de sol,1.0,accesorio
2020-02,gafas de sol,1.0,accesorio
2020-03,gafas de sol,0.4,accesorio
2020-04,gafas de sol,0.5,accesorio
2020-05,gafas de sol,1.0,accesorio
2020-06,gafas de sol,1.0,accesorio
2020-07,gafas de sol,1.0,accesorio
2020-08,gafas de sol,1.0,accesorio
2020-09,gafas de sol,1.0,accesorio
2020-10,gafas de sol,0.25,accesorio
2020-11,gafas de sol,1.0,accesorio
2020-12,gafas de sol,1.0,accesorio
2021-01,gafas de sol,1.0,accesorio
2021-02,gafas de sol,1.0,accesorio
2021-03,gafas de sol,1.0,accesorio
2021-04,gafas de sol,1.0,accesorio
2021-05,gafas de sol,1.0,accesorio
2021-06,gafas de sol,1.0,accesorio
2021-07,gafas de sol,1.0,accesorio
2021-08,gafas de sol,1.0,accesorio
2021-09,gafas de sol,0.75,accesorio
2021-10,gafas de sol,0.2,accesorio
2021-11,gafas de sol,0.75,accesorio
2021-12,gafas de sol,1.0,accesorio
2022-01,leopardo,1.0,patron
2022-02,leopardo,1.0,patron
2022-03,leopardo,1.0,patron
2022-04,leopardo,1.0,patron
2022-05,leopardo,1.0,patron
2022-06,leopardo,1.0,patron
2022-07,leopardo,1.0,patron
2022-08,leopardo,1.0,patron
2022-09,leopardo,1.0,patron
2022-10,leopardo,1.0,patron
2022-11,leopardo,1.0,patron
2022-12,leopardo,1.0,patron
2023-01,leopardo,1.0,patron
2023-02,leopardo,1.0,patron
2023-03,leopardo,1.0,patron
2023-04,leopardo,1.0,patron
2023-05,leopardo,1.0,patron
2023-06,leopardo,1.0,patron
2023-07,leopardo,1.0,patron
2023-08,leopardo,1.0,patron
2023-09,leopardo,1.0,patron
2023-10,leopardo,1.0,patron
2023-11,leopardo,1.0,patron
2023-12,leopardo,1.0,patron
2022-01,lujo silencioso,0.0,estilo
2022-02,lujo silencioso,0.0,estilo
2022-03,lujo silencioso,0.0,estilo
2022-04,lujo silencioso,0.0,estilo
2022-05,lujo silencioso,0.0,estilo
2022-06,lujo silencioso,0.0,estilo
2022-07,lujo silencioso,0.0,estilo
2022-08,lujo silencioso,0.0,estilo
2022-09,lujo silencioso,0.0,estilo
2022-10,lujo silencioso,0.0,estilo
2022-11,lujo silencioso,0.0,estilo
2022-12,lujo silencioso,0.0,estilo
2023-01,lujo silencioso,0.0,estilo
2023-02,lujo silencioso,0.0,estilo
2023-03,lujo silencioso,0.0,estilo
2023-04,lujo silencioso,0.0,estilo
2023-05,lujo silencioso,0.0,estilo
2023-06,lujo silencioso,0.0,estilo
2023-07,lujo silencioso,0.0,estilo
2023-08,lujo silencioso,0.0,estilo
2023-09,lujo silencioso,0.0,estilo
2023-10,lujo silencioso,0.0,estilo
2023-11,lujo silencioso,0.0,estilo
2023-12,lujo silencioso,0.0,estilo
2022-01,bolso,5.0,accesorio
2022-02,bolso,4.75,accesorio
2022-03,bolso,4.75,accesorio
2022-04,bolso,4.75,accesorio
2022-05,bolso,5.0,accesorio
2022-06,bolso,5.0,accesorio
2022-07,bolso,5.0,accesorio
2022-08,bolso,5.5,accesorio
2022-09,bolso,5.0,accesorio
2022-10,bolso,5.2,accesorio
2022-11,bolso,5.0,accesorio
2022-12,bolso,6.0,accesorio
2023-01,bolso,5.6,accesorio
2023-02,bolso,5.0,accesorio
2023-03,bolso,5.0,accesorio
2023-04,bolso,5.2,accesorio
2023-05,bolso,5.25,accesorio
2023-06,bolso,5.75,accesorio
2023-07,bolso,5.8,accesorio
2023-08,bolso,5.5,accesorio
2023-09,bolso,5.5,accesorio
2023-10,bolso,5.0,accesorio
2023-11,bolso,5.5,accesorio
2023-12,bolso,6.4,accesorio
2022-01,gafas de sol,1.0,accesorio
2022-02,gafas de sol,1.0,accesorio
2022-03,gafas de sol,1.0,accesorio
2022-04,gafas de sol,1.0,accesorio
2022-05,gafas de sol,1.0,accesorio
2022-06,gafas de sol,1.0,accesorio
2022-07,gafas de sol,1.0,accesorio
2022-08,gafas de sol,1.0,accesorio
2022-09,gafas de sol,1.0,accesorio
2022-10,gafas de sol,0.8,accesorio
2022-11,gafas de sol,1.0,accesorio
2022-12,gafas de sol,1.0,accesorio
2023-01,gafas de sol,1.0,accesorio
2023-02,gafas de sol,1.0,accesorio
2023-03,gafas de sol,1.0,accesorio
2023-04,gafas de sol,1.0,accesorio
2023-05,gafas de sol,1.0,accesorio
2023-06,gafas de sol,1.0,accesorio
2023-07,gafas de sol,1.0,accesorio
2023-08,gafas de sol,1.0,accesorio
2023-09,gafas de sol,1.0,accesorio
2023-10,gafas de sol,0.8,accesorio
2023-11,gafas de sol,1.0,accesorio
2023-12,gafas de sol,1.0,accesorio
2024-01,leopardo,1.0,patron
2024-02,leopardo,1.0,patron
2024-03,leopardo,1.0,patron
2024-04,leopardo,1.0,patron
2024-05,leopardo,1.0,patron
2024-06,leopardo,1.0,patron
2024-07,leopardo,1.0,patron
2024-08,leopardo,1.0,patron
2024-09,leopardo,1.4,patron
2024-10,leopardo,2.0,patron
2024-11,leopardo,1.0,patron
2024-12,leopardo,1.0,patron
2025-01,leopardo,1.0,patron
2025-02,leopardo,1.0,patron
2025-03,leopardo,1.0,patron
2025-04,leopardo,1.0,patron
2025-05,leopardo,1.0,patron
2025-06,leopardo,1.0,patron
2025-07,leopardo,1.0,patron
2025-08,leopardo,1.0,patron
2025-09,leopardo,1.0,patron
2025-10,leopardo,1.25,patron
2025-11,leopardo,1.0,patron
2025-12,leopardo,1.0,patron
2024-01,lujo silencioso,0.0,estilo
2024-02,lujo silencioso,0.0,estilo
2024-03,lujo silencioso,0.0,estilo
2024-04,lujo silencioso,0.0,estilo
2024-05,lujo silencioso,0.0,estilo
2024-06,lujo silencioso,0.0,estilo
2024-07,lujo silencioso,0.0,estilo
2024-08,lujo silencioso,0.0,estilo
2024-09,lujo silencioso,0.0,estilo
2024-10,lujo silencioso,0.0,estilo
2024-11,lujo silencioso,0.0,estilo
2024-12,lujo silencioso,0.0,estilo
2025-01,lujo silencioso,0.0,estilo
2025-02,lujo silencioso,0.0,estilo
2025-03,lujo silencioso,0.0,estilo
2025-04,lujo silencioso,0.0,estilo
2025-05,lujo silencioso,0.0,estilo
2025-06,lujo silencioso,0.0,estilo
2025-07,lujo silencioso,0.0,estilo
2025-08,lujo silencioso,0.0,estilo
2025-09,lujo silencioso,0.0,estilo
2025-10,lujo silencioso,0.0,estilo
2025-11,lujo silencioso,0.0,estilo
2025-12,lujo silencioso,0.0,estilo
2024-01,bolso,5.0,accesorio
2024-02,bolso,4.0,accesorio
2024-03,bolso,4.0,accesorio
2024-04,bolso,4.25,accesorio
2024-05,bolso,4.0,accesorio
2024-06,bolso,4.6,accesorio
2024-07,bolso,5.0,accesorio
2024-08,bolso,5.0,accesorio
2024-09,bolso,5.0,accesorio
2024-10,bolso,4.5,accesorio
2024-11,bolso,4.5,accesorio
2024-12,bolso,5.6,accesorio
2025-01,bolso,5.25,accesorio
2025-02,bolso,4.5,accesorio
2025-03,bolso,4.2,accesorio
2025-04,bolso,4.25,accesorio
2025-05,bolso,4.75,accesorio
2025-06,bolso,4.8,accesorio
2025-07,bolso,5.0,accesorio
2025-08,bolso,5.6,accesorio
2025-09,bolso,5.0,accesorio
2025-10,bolso,4.75,accesorio
2025-11,bolso,5.4,accesorio
2025-12,bolso,6.25,accesorio
2024-01,gafas de sol,1.0,accesorio
2024-02,gafas de sol,1.0,accesorio
2024-03,gafas de sol,1.0,accesorio
2024-04,gafas de sol,1.0,accesorio
2024-05,gafas de sol,1.0,accesorio
2024-06,gafas de sol,1.0,accesorio
2024-07,gafas de sol,1.0,accesorio
2024-08,gafas de sol,1.0,accesorio
2024-09,gafas de sol,0.2,accesorio
2024-10,gafas de sol,0.0,accesorio
2024-11,gafas de sol,0.25,accesorio
2024-12,gafas de sol,0.6,accesorio
2025-01,gafas de sol,0.5,accesorio
2025-02,gafas de sol,0.5,accesorio
2025-03,gafas de sol,0.6,accesorio
2025-04,gafas de sol,1.0,accesorio
2025-05,gafas de sol,1.0,accesorio
2025-06,gafas de sol,1.0,accesorio
2025-07,gafas de sol,1.0,accesorio
2025-08,gafas de sol,1.0,accesorio
2025-09,gafas de sol,1.0,accesorio
2025-10,gafas de sol,0.75,accesorio
2025-11,gafas de sol,0.6,accesorio
2025-12,gafas de sol,1.0,accesorio
2026-01,blazer,10.451612903225806,prenda
2026-02,blazer,13.464285714285714,prenda
2026-03,blazer,16.322580645161292,prenda
2026-01,corset,2.903225806451613,prenda
2026-02,corset,3.7857142857142856,prenda
2026-03,corset,3.645161290322581,prenda
2026-01,bodysuit,1.2258064516129032,prenda
2026-02,bodysuit,3.1785714285714284,prenda
2026-03,bodysuit,1.967741935483871,prenda
2026-01,bermuda shorts,0.0,prenda
2026-02,bermuda shorts,0.1071428571428571,prenda
2026-03,bermuda shorts,0.2258064516129032,prenda
2026-01,crop top,0.7096774193548387,prenda
2026-02,crop top,1.2857142857142858,prenda
2026-03,crop top,1.0,prenda
2026-01,slip dress,0.0,prenda
2026-02,slip dress,0.1428571428571428,prenda
2026-03,slip dress,0.0967741935483871,prenda
2026-01,silver,42.74193548387097,color
2026-02,silver,47.25,color
2026-03,silver,32.38709677419355,color
2026-01,cherry red,0.0,color
2026-02,cherry red,0.2142857142857142,color
2026-03,cherry red,0.064516129032258,color
2026-01,cobalt blue,0.0,color
2026-02,cobalt blue,0.75,color
2026-03,cobalt blue,0.1935483870967742,color
2026-01,faux leather,1.0,material
2026-02,faux leather,2.9642857142857144,material
2026-03,faux leather,2.3548387096774195,material
2026-01,mesh,11.32258064516129,material
2026-02,mesh,18.928571428571427,material
2026-03,mesh,16.838709677419356,material
2026-01,sequins,0.0,material
2026-02,sequins,2.6785714285714284,material
2026-03,sequins,0.1290322580645161,material
2026-01,mohair,1.0,material
2026-02,mohair,1.0,material
2026-03,mohair,1.0,material
2026-01,floral,8.935483870967742,patron
2026-02,floral,32.857142857142854,patron
2026-03,floral,14.67741935483871,patron
2026-01,striped,4.096774193548387,patron
2026-02,striped,10.642857142857142,patron
2026-03,striped,5.935483870967742,patron
2026-01,plaid,3.548387096774193,patron
2026-02,plaid,10.392857142857142,patron
2026-03,plaid,4.32258064516129,patron
2026-01,polka dot,1.7419354838709675,patron
2026-02,polka dot,3.5,patron
2026-03,polka dot,2.7096774193548385,patron
2026-01,animal print,1.0,patron
2026-02,animal print,2.7142857142857144,patron
2026-03,animal print,1.032258064516129,patron
2026-01,camouflage,1.1290322580645162,patron
2026-02,camouflage,3.0,patron
2026-03,camouflage,1.870967741935484,patron
2026-01,leopard print,1.4193548387096775,patron
2026-02,leopard print,3.2142857142857144,patron
2026-03,leopard print,1.7096774193548387,patron
2026-01,tie dye,0.9032258064516128,patron
2026-02,tie dye,3.2142857142857144,patron
2026-03,tie dye,1.0,patron
2026-01,sneakers,16.129032258064516,calzado
2026-02,sneakers,24.821428571428573,calzado
2026-03,sneakers,29.032258064516128,calzado
2026-01,boots,58.193548387096776,calzado
2026-02,boots,58.96428571428572,calzado
2026-03,boots,53.45161290322581,calzado
2026-01,heels,10.709677419354838,calzado
2026-02,heels,13.928571428571429,calzado
2026-03,heels,14.387096774193548,calzado
2026-01,sandals,7.451612903225806,calzado
2026-02,sandals,14.607142857142858,calzado
2026-03,sandals,20.032258064516128,calzado
2026-01,loafers,3.3870967741935485,calzado
2026-02,loafers,4.607142857142857,calzado
2026-03,loafers,5.032258064516129,calzado
2026-01,casual,12.35483870967742,estilo
2026-02,casual,45.92857142857143,estilo
2026-03,casual,17.93548387096774,estilo
2026-01,vintage,19.93548387096774,estilo
2026-02,vintage,51.892857142857146,estilo
2026-03,vintage,25.548387096774192,estilo
2026-01,minimalist,2.0,estilo
2026-02,minimalist,3.821428571428572,estilo
2026-03,minimalist,2.870967741935484,estilo
2026-01,avant-garde,0.0,estilo
2026-02,avant-garde,0.0,estilo
2026-03,avant-garde,0.0,estilo
2026-01,bohemian,1.0,estilo
2026-02,bohemian,2.2142857142857144,estilo
2026-03,bohemian,1.1290322580645162,estilo
2026-01,streetwear,1.6129032258064515,estilo
2026-02,streetwear,3.607142857142857,estilo
2026-03,streetwear,2.096774193548387,estilo
2026-01,preppy,1.0,estilo
2026-02,preppy,1.75,estilo
2026-03,preppy,1.096774193548387,estilo
2026-01,quiet luxury,0.0,estilo
2026-02,quiet luxury,0.0,estilo
2026-03,quiet luxury,0.0,estilo
2026-01,coquette,1.0,estilo
2026-02,coquette,1.2857142857142858,estilo
2026-03,coquette,1.0,estilo
2026-01,gorpcore,0.0,estilo
2026-02,gorpcore,0.0,estilo
2026-03,gorpcore,0.0,estilo
2026-01,y2k,2.0,estilo
2026-02,y2k,3.107142857142857,estilo
2026-03,y2k,2.225806451612903,estilo
2026-01,grunge,1.0,estilo
2026-02,grunge,1.3214285714285714,estilo
2026-03,grunge,1.0,estilo
2026-01,athleisure,0.0,estilo
2026-02,athleisure,0.0,estilo
2026-03,athleisure,0.0,estilo
2026-01,sleeve,12.612903225806452,parte_prenda
2026-02,sleeve,52.46428571428572,parte_prenda
2026-03,sleeve,21.35483870967742,parte_prenda
2026-01,collar,10.387096774193548,parte_prenda
2026-02,collar,17.678571428571427,parte_prenda
2026-03,collar,14.935483870967742,parte_prenda
2026-01,waistband,0.0,parte_prenda
2026-02,waistband,0.7142857142857143,parte_prenda
2026-03,waistband,0.3548387096774194,parte_prenda
2026-01,hem,3.5161290322580645,parte_prenda
2026-02,hem,6.892857142857143,parte_prenda
2026-03,hem,4.258064516129032,parte_prenda
2026-01,cuff,3.3225806451612905,parte_prenda
2026-02,cuff,5.0,parte_prenda
2026-03,cuff,4.483870967741935,parte_prenda
2026-01,pocket,21.90322580645161,parte_prenda
2026-02,pocket,30.5,parte_prenda
2026-03,pocket,26.741935483870968,parte_prenda
2026-01,lapel,0.9032258064516128,parte_prenda
2026-02,lapel,3.4642857142857144,parte_prenda
2026-03,lapel,1.5806451612903225,parte_prenda
2026-01,handbag,2.5161290322580645,accesorio
2026-02,handbag,5.142857142857143,accesorio
2026-03,handbag,4.32258064516129,accesorio
2026-01,sunglasses,10.548387096774194,accesorio
2026-02,sunglasses,15.785714285714286,accesorio
2026-03,sunglasses,23.61290322580645,accesorio
2026-01,vestido,11.709677419354838,prenda
2026-02,vestido,12.178571428571429,prenda
2026-03,vestido,12.419354838709678,prenda
2026-01,abrigo,2.161290322580645,prenda
2026-02,abrigo,1.25,prenda
2026-03,abrigo,1.0,prenda
2026-01,chaqueta,3.2580645161290325,prenda
2026-02,chaqueta,3.0357142857142856,prenda
2026-03,chaqueta,2.903225806451613,prenda
2026-01,falda,2.6129032258064515,prenda
2026-02,falda,2.7142857142857144,prenda
2026-03,falda,2.677419354838709,prenda
2026-01,pantalones,3.0,prenda
2026-02,pantalones,3.25,prenda
2026-03,pantalones,3.0,prenda
2026-01,camisa,12.290322580645162,prenda
2026-02,camisa,12.25,prenda
2026-03,camisa,15.709677419354838,prenda
2026-01,blusa,3.935483870967742,prenda
2026-02,blusa,4.071428571428571,prenda
2026-03,blusa,4.741935483870968,prenda
2026-01,jersey,49.064516129032256,prenda
2026-02,jersey,57.142857142857146,prenda
2026-03,jersey,57.096774193548384,prenda
2026-01,cárdigan,0.0,prenda
2026-02,cárdigan,0.0,prenda
2026-03,cárdigan,0.0,prenda
2026-01,gabardina,0.0,prenda
2026-02,gabardina,0.0,prenda
2026-03,gabardina,0.0,prenda
2026-01,chaqueta bomber,0.0,prenda
2026-02,chaqueta bomber,0.0,prenda
2026-03,chaqueta bomber,0.0,prenda
2026-01,vaqueros,1.0,prenda
2026-02,vaqueros,1.0,prenda
2026-03,vaqueros,1.0,prenda
2026-01,vestido largo,0.0,prenda
2026-02,vestido largo,0.0357142857142857,prenda
2026-03,vestido largo,0.0,prenda
2026-01,minifalda,0.0,prenda
2026-02,minifalda,0.0,prenda
2026-03,minifalda,0.0,prenda
2026-01,sudadera,2.064516129032258,prenda
2026-02,sudadera,1.821428571428572,prenda
2026-03,sudadera,1.096774193548387,prenda
2026-01,camiseta,8.193548387096774,prenda
2026-02,camiseta,8.821428571428571,prenda
2026-03,camiseta,10.225806451612904,prenda
2026-01,pantalones cargo,0.0,prenda
2026-02,pantalones cargo,0.0,prenda
2026-03,pantalones cargo,0.0,prenda
2026-01,corsé,0.0,prenda
2026-02,corsé,0.0,prenda
2026-03,corsé,0.0,prenda
2026-01,body,68.41935483870968,prenda
2026-02,body,74.89285714285714,prenda
2026-03,body,78.06451612903226,prenda
2026-01,bermudas,0.0,prenda
2026-02,bermudas,0.0,prenda
2026-03,bermudas,0.0,prenda
2026-01,vestido lencero,0.0,prenda
2026-02,vestido lencero,0.0,prenda
2026-03,vestido lencero,0.0,prenda
2026-01,rojo,12.129032258064516,color
2026-02,rojo,13.928571428571429,color
2026-03,rojo,12.870967741935484,color
2026-01,azul,39.74193548387097,color
2026-02,azul,42.35714285714285,color
2026-03,azul,44.12903225806452,color
2026-01,verde,43.41935483870968,color
2026-02,verde,44.42857142857143,color
2026-03,verde,46.12903225806452,color
2026-01,amarillo,7.290322580645161,color
2026-02,amarillo,7.964285714285714,color
2026-03,amarillo,7.903225806451613,color
2026-01,rosa,41.64516129032258,color
2026-02,rosa,45.5,color
2026-03,rosa,44.774193548387096,color
2026-01,marrón,1.0,color
2026-02,marrón,1.0,color
2026-03,marrón,1.0,color
2026-01,negro,25.70967741935484,color
2026-02,negro,28.75,color
2026-03,negro,26.12903225806452,color
2026-01,blanco,21.06451612903226,color
2026-02,blanco,24.428571428571427,color
2026-03,blanco,23.161290322580644,color
2026-01,gris,8.96774193548387,color
2026-02,gris,8.821428571428571,color
2026-03,gris,9.161290322580646,color
2026-01,turquesa,1.0,color
2026-02,turquesa,1.0,color
2026-03,turquesa,1.0,color
2026-01,azul marino,1.0,color
2026-02,azul marino,1.0,color
2026-03,azul marino,1.0,color
2026-01,burdeos,0.2258064516129032,color
2026-02,burdeos,0.1071428571428571,color
2026-03,burdeos,0.064516129032258,color
2026-01,caqui,0.0,color
2026-02,caqui,0.0,color
2026-03,caqui,0.4193548387096774,color
2026-01,verde oliva,0.0,color
2026-02,verde oliva,0.0,color
2026-03,verde oliva,0.2580645161290322,color
2026-01,plateado,1.0,color
2026-02,plateado,1.0,color
2026-03,plateado,1.0,color
2026-01,rojo cereza,0.0,color
2026-02,rojo cereza,0.0,color
2026-03,rojo cereza,0.0,color
2026-01,azul cobalto,0.0,color
2026-02,azul cobalto,0.0,color
2026-03,azul cobalto,0.0,color
2026-01,bígaro,0.0,color
2026-02,bígaro,0.0,color
2026-03,bígaro,0.0,color
2026-01,lavanda,1.064516129032258,color
2026-02,lavanda,1.0,color
2026-03,lavanda,1.6129032258064515,color
2026-01,menta,1.935483870967742,color
2026-02,menta,2.0,color
2026-03,menta,2.0,color
2026-01,cuero,2.967741935483871,material
2026-02,cuero,3.5357142857142856,material
2026-03,cuero,3.0,material
2026-01,vaquero,1.0,material
2026-02,vaquero,1.0,material
2026-03,vaquero,1.064516129032258,material
2026-01,encaje,0.7096774193548387,material
2026-02,encaje,1.0,material
2026-03,encaje,1.0,material
2026-01,seda,2.6129032258064515,material
2026-02,seda,2.857142857142857,material
2026-03,seda,2.548387096774193,material
2026-01,algodón,0.967741935483871,material
2026-02,algodón,1.5357142857142858,material
2026-03,algodón,1.0,material
2026-01,lana,13.193548387096774,material
2026-02,lana,12.535714285714286,material
2026-03,lana,11.935483870967742,material
2026-01,terciopelo,0.0,material
2026-02,terciopelo,0.2857142857142857,material
2026-03,terciopelo,0.0,material
2026-01,lino,2.967741935483871,material
2026-02,lino,3.0357142857142856,material
2026-03,lino,3.2580645161290325,material
2026-01,pana,2.806451612903226,material
2026-02,pana,2.6785714285714284,material
2026-03,pana,2.806451612903226,material
2026-01,satén,0.0,material
2026-02,satén,0.0,material
2026-03,satén,0.0,material
2026-01,ante,4.193548387096774,material
2026-02,ante,4.5,material
2026-03,ante,4.741935483870968,material
2026-01,gasa,0.032258064516129,material
2026-02,gasa,0.5357142857142857,material
2026-03,gasa,0.4193548387096774,material
2026-01,polipiel,0.0,material
2026-02,polipiel,0.0,material
2026-03,polipiel,0.0,material
2026-01,rejilla,0.4838709677419355,material
2026-02,rejilla,0.9285714285714286,material
2026-03,rejilla,0.7419354838709677,material
2026-01,lentejuelas,0.0,material
2026-02,lentejuelas,0.0,material
2026-03,lentejuelas,0.0,material
2026-01,rayas,1.0,patron
2026-02,rayas,1.0,patron
2026-03,rayas,1.0,patron
2026-01,cuadros,2.0,patron
2026-02,cuadros,2.071428571428572,patron
2026-03,cuadros,2.0,patron
2026-01,lunares,0.967741935483871,patron
2026-02,lunares,1.0,patron
2026-03,lunares,1.0,patron
2026-01,camuflaje,0.0,patron
2026-02,camuflaje,0.0,patron
2026-03,camuflaje,0.0,patron
2026-01,leopardo,1.0,patron
2026-02,leopardo,1.0,patron
2026-03,leopardo,1.0,patron
2026-01,zapatillas,7.67741935483871,calzado
2026-02,zapatillas,8.25,calzado
2026-03,zapatillas,8.516129032258064,calzado
2026-01,botas,6.354838709677419,calzado
2026-02,botas,5.214285714285714,calzado
2026-03,botas,4.935483870967742,calzado
2026-01,tacones,1.0,calzado
2026-02,tacones,1.0,calzado
2026-03,tacones,1.0,calzado
2026-01,sandalias,1.935483870967742,calzado
2026-02,sandalias,1.8928571428571428,calzado
2026-03,sandalias,2.0,calzado
2026-01,mocasines,0.0,calzado
2026-02,mocasines,0.0,calzado
2026-03,mocasines,0.0,calzado
2026-01,minimalista,0.967741935483871,estilo
2026-02,minimalista,1.0,estilo
2026-03,minimalista,1.0,estilo
2026-01,vanguardista,0.0,estilo
2026-02,vanguardista,0.0,estilo
2026-03,vanguardista,0.0,estilo
2026-01,bohemio,0.032258064516129,estilo
2026-02,bohemio,0.0,estilo
2026-03,bohemio,0.0,estilo
2026-01,urbano,2.5806451612903225,estilo
2026-02,urbano,2.892857142857143,estilo
2026-03,urbano,2.806451612903226,estilo
2026-01,pijo,0.0,estilo
2026-02,pijo,0.0,estilo
2026-03,pijo,0.0,estilo
2026-01,lujo silencioso,0.0,estilo
2026-02,lujo silencioso,0.0,estilo
2026-03,lujo silencioso,0.0,estilo
2026-01,deportivo,9.290322580645162,estilo
2026-02,deportivo,12.571428571428571,estilo
2026-03,deportivo,12.483870967741936,estilo
2026-01,manga,53.516129032258064,parte_prenda
2026-02,manga,49.96428571428572,parte_prenda
2026-03,manga,50.70967741935484,parte_prenda
2026-01,cuello,4.451612903225806,parte_prenda
2026-02,cuello,4.785714285714286,parte_prenda
2026-03,cuello,4.548387096774194,parte_prenda
2026-01,cinturilla,0.0,parte_prenda
2026-02,cinturilla,0.0,parte_prenda
2026-03,cinturilla,0.0,parte_prenda
2026-01,dobladillo,0.0,parte_prenda
2026-02,dobladillo,0.0,parte_prenda
2026-03,dobladillo,0.0,parte_prenda
2026-01,puño,0.0,parte_prenda
2026-02,puño,0.0,parte_prenda
2026-03,puño,0.0,parte_prenda
2026-01,bolsillo,0.2258064516129032,parte_prenda
2026-02,bolsillo,0.8214285714285714,parte_prenda
2026-03,bolsillo,0.3870967741935484,parte_prenda
2026-01,solapa,0.0,parte_prenda
2026-02,solapa,0.0,parte_prenda
2026-03,solapa,0.0,parte_prenda
2026-01,bolso,3.225806451612903,accesorio
2026-02,bolso,3.392857142857143,accesorio
2026-03,bolso,3.0,accesorio
2026-01,gafas de sol,0.0,accesorio
2026-02,gafas de sol,0.6785714285714286,accesorio
2026-03,gafas de sol,0.2903225806451613,accesorio
